{"status": "OK", "copyright": "Copyright (c) 2017 The New York Times Company. All Rights Reserved.", "has_more": true, "num_results": 20, "results": [{"display_title": "Big Town Czar", "mpaa_rating": "", "critics_pick": 0, "byline": "FRANK S. NUGENT", "headline": "Big Town Czar", "summary_short": "", "publication_date": "1939-05-04", "opening_date": "1939-05-11", "date_updated": "2016-03-30 07:16:56", "link": {"type": "article", "url": "http://www.nytimes.com/movie/review?res=9903E3DB1F3CE533A25757C0A9639C946894D6CF", "suggested_link_text": "Read the New York Times Review of Big Town Czar"}, "multimedia": null}, {"display_title": "Escape from Yesterday", "mpaa_rating": "", "critics_pick": 0, "byline": "FRANK S. NUGENT", "headline": "Escape From Yesterday", "summary_short": "", "publication_date": "1939-05-03", "opening_date": "1939-05-02", "date_updated": "2016-03-30 06:46:47", "link": {"type": "article", "url": "http://www.nytimes.com/movie/review?res=9F03E2DA123AE532A25750C0A9639C946894D6CF", "suggested_link_text": "Read the New York Times Review of Escape from Yesterday"}, "multimedia": null}, {"display_title": "The Return of the Cisco Kid", "mpaa_rating": "", "critics_pick": 0, "byline": "FRANK S. NUGENT", "headline": "Return of the Cisco Kid, The", "summary_short": "", "publication_date": "1939-04-29", "opening_date": "1939-04-28", "date_updated": "2016-03-30 06:45:32", "link": {"type": "article", "url": "http://www.nytimes.com/movie/review?res=9801E0DC113EE33ABC4151DFB2668382629EDE", "suggested_link_text": "Read the New York Times Review of The Return of the Cisco Kid"}, "multimedia": null}, {"display_title": "The Family Next Door", "mpaa_rating": "", "critics_pick": 0, "byline": "FRANK S. NUGENT", "headline": "Family Next Door, The", "summary_short": "", "publication_date": "1939-04-28", "opening_date": "1939-05-15", "date_updated": "2016-03-30 07:29:45", "link": {"type": "article", "url": "http://www.nytimes.com/movie/review?res=9E0DEEDB113CE73ABC4051DFB2668382629EDE", "suggested_link_text": "Read the New York Times Review of The Family Next Door"}, "multimedia": null}, {"display_title": "Blondie Meets the Boss", "mpaa_rating": "", "critics_pick": 0, "byline": "FRANK S. NUGENT", "headline": "Blondie Meets the Boss", "summary_short": "For those who care.", "publication_date": "1939-04-27", "opening_date": "1939-03-08", "date_updated": "2016-03-30 07:14:27", "link": {"type": "article", "url": "http://www.nytimes.com/movie/review?res=9B04E5DB113CE73ABC4F51DFB2668382629EDE", "suggested_link_text": "Read the New York Times Review of Blondie Meets the Boss"}, "multimedia": null}, {"display_title": "Juarez", "mpaa_rating": "", "critics_pick": 0, "byline": "FRANK S. NUGENT", "headline": "Juarez", "summary_short": "Mexican Revolution. Big, bulging and beautifully played.", "publication_date": "1939-04-26", "opening_date": "1939-06-10", "date_updated": "2016-03-30 07:29:49", "link": {"type": "article", "url": "http://www.nytimes.com/movie/review?res=9907E2DC113CE73ABC4E51DFB2668382629EDE", "suggested_link_text": "Read the New York Times Review of Juarez"}, "multimedia": null}, {"display_title": "Les Trois Valses", "mpaa_rating": "", "critics_pick": 0, "byline": "FRANK S. NUGENT", "headline": "Three Waltzes", "summary_short": "", "publication_date": "1939-04-25", "opening_date": "1939-04-24", "date_updated": "2016-03-30 06:50:43", "link": {"type": "article", "url": "http://www.nytimes.com/movie/review?res=9F02E0DD113CE73ABC4D51DFB2668382629EDE", "suggested_link_text": "Read the New York Times Review of Les Trois Valses"}, "multimedia": null}, {"display_title": "Entree des Artistes", "mpaa_rating": "", "critics_pick": 0, "byline": "FRANK S. NUGENT", "headline": "Curtain Rises, The", "summary_short": "A professor and a judge try to decipher a gigolo's role in an admirer's death.", "publication_date": "1939-04-22", "opening_date": "1939-04-21", "date_updated": "2016-03-30 07:30:26", "link": {"type": "article", "url": "http://www.nytimes.com/movie/review?res=9A02E1DE113CE73ABC4A51DFB2668382629EDE", "suggested_link_text": "Read the New York Times Review of Entree des Artistes"}, "multimedia": null}, {"display_title": "Dark Victory", "mpaa_rating": "", "critics_pick": 1, "byline": "FRANK S. NUGENT", "headline": "Dark Victory", "summary_short": "Stricken rich girl. Tour de force.", "publication_date": "1939-04-21", "opening_date": "1939-04-22", "date_updated": "2016-03-30 07:21:48", "link": {"type": "article", "url": "http://www.nytimes.com/movie/review?res=9E03E7DE113CE73ABC4951DFB2668382629EDE", "suggested_link_text": "Read the New York Times Review of Dark Victory"}, "multimedia": null}, {"display_title": "Back Door to Heaven", "mpaa_rating": "", "critics_pick": 0, "byline": "FRANK S. NUGENT", "headline": "Back Door to Heaven", "summary_short": "Case of a wayward boy. Earnest but heavy, heavy.", "publication_date": "1939-04-20", "opening_date": null, "date_updated": "2016-03-30 06:52:17", "link": {"type": "article", "url": "http://www.nytimes.com/movie/review?res=9804E4DF113CE73ABC4851DFB2668382629EDE", "suggested_link_text": "Read the New York Times Review of Back Door to Heaven"}, "multimedia": null}, {"display_title": "Wuthering Heights", "mpaa_rating": "", "critics_pick": 1, "byline": "FRANK S. NUGENT", "headline": "Wuthering Heights", "summary_short": "Heathcliff and Cathy on the moors. The heights, truly. And oh, that music!", "publication_date": "1939-04-14", "opening_date": "1939-04-07", "date_updated": "2016-03-30 07:16:26", "link": {"type": "article", "url": "http://www.nytimes.com/movie/review?res=9D00E7DA103CE73ABC4C52DFB2668382629EDE", "suggested_link_text": "Read the New York Times Review of Wuthering Heights"}, "multimedia": null}, {"display_title": "Women in the Wind", "mpaa_rating": "", "critics_pick": 0, "byline": "FRANK S. NUGENT", "headline": "Women in the Wind", "summary_short": "Miss Francis pilots a plane, period.", "publication_date": "1939-04-13", "opening_date": "1939-04-15", "date_updated": "2016-03-30 07:27:21", "link": {"type": "article", "url": "http://www.nytimes.com/movie/review?res=9E07E5D71F3FE23ABC4B52DFB2668382629EDE", "suggested_link_text": "Read the New York Times Review of Women in the Wind"}, "multimedia": null}, {"display_title": "The Flying Irishman", "mpaa_rating": "", "critics_pick": 0, "byline": "FRANK S. NUGENT", "headline": "Flying Irishman, The", "summary_short": "``Wrong Way'' Corrigan and his reverse Atlantic flight.", "publication_date": "1939-04-12", "opening_date": "1939-04-07", "date_updated": "2016-03-30 06:46:09", "link": {"type": "article", "url": "http://www.nytimes.com/movie/review?res=9801E4DB103CE73ABC4A52DFB2668382629EDE", "suggested_link_text": "Read the New York Times Review of The Flying Irishman"}, "multimedia": null}, {"display_title": "Housemaster", "mpaa_rating": "", "critics_pick": 0, "byline": "FRANK S. NUGENT", "headline": "Housemaster", "summary_short": "", "publication_date": "1939-04-10", "opening_date": "1939-04-09", "date_updated": "2016-03-30 07:17:02", "link": {"type": "article", "url": "http://www.nytimes.com/movie/review?res=9501E7DE1439E03ABC4852DFB2668382629EDE", "suggested_link_text": "Read the New York Times Review of Housemaster"}, "multimedia": null}, {"display_title": "Dodge City", "mpaa_rating": "", "critics_pick": 0, "byline": "FRANK S. NUGENT", "headline": "Dodge City", "summary_short": "Lawless cattle town needs new leadership. Warner stock company on a worn path.", "publication_date": "1939-04-08", "opening_date": "1939-04-08", "date_updated": "2016-03-30 06:46:03", "link": {"type": "article", "url": "http://www.nytimes.com/movie/review?res=9A06E6DD103CE73ABC4053DFB2668382629EDE", "suggested_link_text": "Read the New York Times Review of Dodge City"}, "multimedia": null}, {"display_title": "Broadway Serenade", "mpaa_rating": "", "critics_pick": 0, "byline": "FRANK S. NUGENT", "headline": "Broadway Serenade", "summary_short": "On the frail side but some nice music.", "publication_date": "1939-04-07", "opening_date": "1939-04-07", "date_updated": "2016-03-30 07:19:02", "link": {"type": "article", "url": "http://www.nytimes.com/movie/review?res=9E0CE2DE103CE73ABC4F53DFB2668382629EDE", "suggested_link_text": "Read the New York Times Review of Broadway Serenade"}, "multimedia": null}, {"display_title": "Midnight", "mpaa_rating": "Not Rated", "critics_pick": 1, "byline": "FRANK S. NUGENT", "headline": "Midnight", "summary_short": "Pretty but poor American among French worldlings. Delicious, swank fun.", "publication_date": "1939-04-06", "opening_date": "1939-03-24", "date_updated": "2016-03-30 06:55:38", "link": {"type": "article", "url": "http://www.nytimes.com/movie/review?res=9B05E2DE113EE33ABC4E53DFB2668382629EDE", "suggested_link_text": "Read the New York Times Review of Midnight"}, "multimedia": null}, {"display_title": "On Trial", "mpaa_rating": "", "critics_pick": 0, "byline": "FRANK S. NUGENT", "headline": "On Trial", "summary_short": "Lawyer must prove his uncooperative client's innocence. Brisk, with competent performances. ", "publication_date": "1939-04-05", "opening_date": "1939-04-01", "date_updated": "2016-03-30 06:55:55", "link": {"type": "article", "url": "http://www.nytimes.com/movie/review?res=950CE4D81F3FE23ABC4D53DFB2668382629EDE", "suggested_link_text": "Read the New York Times Review of On Trial"}, "multimedia": null}, {"display_title": "The Story of Alexander Graham Bell", "mpaa_rating": "", "critics_pick": 0, "byline": "FRANK S. NUGENT", "headline": "Story of Alexander Graham Bell, The", "summary_short": "Good, popularized biography but take that climax with a barrel of salt.", "publication_date": "1939-04-01", "opening_date": "1939-04-14", "date_updated": "2016-03-30 07:12:00", "link": {"type": "article", "url": "http://www.nytimes.com/movie/review?res=9504E3D6133CE73ABC4953DFB2668382629EDE", "suggested_link_text": "Read the New York Times Review of The Story of Alexander Graham Bell"}, "multimedia": null}, {"display_title": "The Story of Vernon and Irene Castle", "mpaa_rating": "", "critics_pick": 0, "byline": "FRANK S. NUGENT", "headline": "Story of Vernon and Irene Castle, The", "summary_short": "Nostalgic, warm and charming. Delightful period dancing.", "publication_date": "1939-03-31", "opening_date": "1939-03-29", "date_updated": "2016-03-30 07:19:43", "link": {"type": "article", "url": "http://www.nytimes.com/movie/review?res=9A04EFD7133CE73ABC4950DFB5668382629EDE", "suggested_link_text": "Read the New York Times Review of The Story of Vernon and Irene Castle"}, "multimedia": null}]}