{"status": "OK", "copyright": "Copyright (c) 2017 The New York Times Company. All Rights Reserved.", "has_more": true, "num_results": 20, "results": [{"display_title": "Bulldog Drummond's Secret Police", "mpaa_rating": "Not Rated", "critics_pick": 0, "byline": "FRANK S. NUGENT", "headline": "Bulldog Drummond's Secret Police", "summary_short": "", "publication_date": "1939-03-30", "opening_date": "1939-04-14", "date_updated": "2016-03-30 06:57:23", "link": {"type": "article", "url": "http://www.nytimes.com/movie/review?res=9C07EFD7103EE33ABC4850DFB5668382629EDE", "suggested_link_text": "Read the New York Times Review of Bulldog Drummond's Secret Police"}, "multimedia": null}, {"display_title": "They Made Her a Spy", "mpaa_rating": "", "critics_pick": 0, "byline": "FRANK S. NUGENT", "headline": "They Made Her a Spy", "summary_short": "Reporter helps Army agent catch spies who killed her brother.", "publication_date": "1939-03-29", "opening_date": "1939-04-14", "date_updated": "2016-03-30 06:44:37", "link": {"type": "article", "url": "http://www.nytimes.com/movie/review?res=9E07E6D7133CE73ABC4151DFB5668382629EDE", "suggested_link_text": "Read the New York Times Review of They Made Her a Spy"}, "multimedia": null}, {"display_title": "Un Homme et sa Femme", "mpaa_rating": "", "critics_pick": 0, "byline": "FRANK S. NUGENT", "headline": "Man and his Wife, A", "summary_short": "", "publication_date": "1939-03-28", "opening_date": "1939-03-27", "date_updated": "2016-03-30 06:48:22", "link": {"type": "article", "url": "http://www.nytimes.com/movie/review?res=9902E3D8133CE73ABC4051DFB5668382629EDE", "suggested_link_text": "Read the New York Times Review of Un Homme et sa Femme"}, "multimedia": null}, {"display_title": "Sergeant Madden", "mpaa_rating": "", "critics_pick": 0, "byline": "FRANK S. NUGENT", "headline": "Sergeant Madden", "summary_short": "Veteran cop resigns when son becomes gangland czar.", "publication_date": "1939-03-24", "opening_date": "1939-03-24", "date_updated": "2016-03-30 07:09:58", "link": {"type": "article", "url": "http://www.nytimes.com/movie/review?res=9C04E4D9133CE73ABC4C51DFB5668382629EDE", "suggested_link_text": "Read the New York Times Review of Sergeant Madden"}, "multimedia": null}, {"display_title": "Aleksandr Nevski", "mpaa_rating": "Not Rated", "critics_pick": 1, "byline": "FRANK S. NUGENT", "headline": "Alexander Nevsky", "summary_short": "Eisenstein's magnificent salute to Russia's medieval warrior-leader. Highlight: battle on the ice. Striking Prokofiev score.", "publication_date": "1939-03-23", "opening_date": "1939-03-22", "date_updated": "2016-03-30 06:51:35", "link": {"type": "article", "url": "http://www.nytimes.com/movie/review?res=9D06E1DA1F3FE23ABC4B51DFB5668382629EDE", "suggested_link_text": "Read the New York Times Review of Aleksandr Nevski"}, "multimedia": null}, {"display_title": "Asi Es Mi Tierra", "mpaa_rating": "", "critics_pick": 0, "byline": "FRANK S. NUGENT", "headline": "Asi es mi Tierra", "summary_short": "", "publication_date": "1939-03-18", "opening_date": "1939-03-17", "date_updated": "2016-03-30 07:16:24", "link": {"type": "article", "url": "http://www.nytimes.com/movie/review?res=9D03EFDD1438E133A2575BC1A9659C946894D6CF", "suggested_link_text": "Read the New York Times Review of Asi Es Mi Tierra"}, "multimedia": null}, {"display_title": "Love Affair", "mpaa_rating": "", "critics_pick": 1, "byline": "FRANK S. NUGENT", "headline": "Love Affair", "summary_short": "That shipboard romance. A truly golden oldie.", "publication_date": "1939-03-17", "opening_date": "1939-04-07", "date_updated": "2016-03-30 07:22:42", "link": {"type": "article", "url": "http://www.nytimes.com/movie/review?res=9E0DEFDE1F3FE23ABC4F52DFB5668382629EDE", "suggested_link_text": "Read the New York Times Review of Love Affair"}, "multimedia": null}, {"display_title": "King of Chinatown", "mpaa_rating": "", "critics_pick": 0, "byline": "FRANK S. NUGENT", "headline": "King of Chinatown", "summary_short": "Old but amusing won ton soup.", "publication_date": "1939-03-16", "opening_date": "1939-03-17", "date_updated": "2016-03-30 07:26:38", "link": {"type": "article", "url": "http://www.nytimes.com/movie/review?res=9B0CEFDF1F3FE23ABC4E52DFB5668382629EDE", "suggested_link_text": "Read the New York Times Review of King of Chinatown"}, "multimedia": null}, {"display_title": "Carrefour", "mpaa_rating": "", "critics_pick": 0, "byline": "FRANK S. NUGENT", "headline": "Crossroads", "summary_short": "", "publication_date": "1939-03-14", "opening_date": "1939-03-13", "date_updated": "2016-03-30 06:44:57", "link": {"type": "article", "url": "http://www.nytimes.com/movie/review?res=9803E1D61E3FE23ABC4C52DFB5668382629EDE", "suggested_link_text": "Read the New York Times Review of Carrefour"}, "multimedia": null}, {"display_title": "Diskretion - Ehrensache", "mpaa_rating": "", "critics_pick": 0, "byline": "FRANK S. NUGENT", "headline": "Diskretion-Ehrensache", "summary_short": "", "publication_date": "1939-03-13", "opening_date": "1939-03-12", "date_updated": "2016-03-30 06:54:22", "link": {"type": "article", "url": "http://www.nytimes.com/movie/review?res=9F05EFD71E3FE23ABC4B52DFB5668382629EDE", "suggested_link_text": "Read the New York Times Review of Diskretion - Ehrensache"}, "multimedia": null}, {"display_title": "The Oklahoma Kid", "mpaa_rating": "", "critics_pick": 0, "byline": "FRANK S. NUGENT", "headline": "Oklahoma Kid, The", "summary_short": "Punchy, racy old-fashioned western. Few lulls.", "publication_date": "1939-03-11", "opening_date": "1939-03-11", "date_updated": "2016-03-30 07:27:10", "link": {"type": "article", "url": "http://www.nytimes.com/movie/review?res=9804E4D71E3FE23ABC4952DFB5668382629EDE", "suggested_link_text": "Read the New York Times Review of The Oklahoma Kid"}, "multimedia": null}, {"display_title": "Let Freedom Ring", "mpaa_rating": "", "critics_pick": 0, "byline": "FRANK S. NUGENT", "headline": "Let Freedom Ring", "summary_short": "Crusading lawyer vs. crooked railroad execs. Good cast raises the tone.", "publication_date": "1939-03-10", "opening_date": "1939-02-24", "date_updated": "2016-03-30 07:20:59", "link": {"type": "article", "url": "http://www.nytimes.com/movie/review?res=9A00E2DA133CE73ABC4852DFB5668382629EDE", "suggested_link_text": "Read the New York Times Review of Let Freedom Ring"}, "multimedia": null}, {"display_title": "The Saint Strikes Back", "mpaa_rating": "", "critics_pick": 0, "byline": "FRANK S. NUGENT", "headline": "Saint Strikes Back, The", "summary_short": "Smooth and mild.", "publication_date": "1939-03-09", "opening_date": "1939-03-10", "date_updated": "2016-03-30 07:19:52", "link": {"type": "article", "url": "http://www.nytimes.com/movie/review?res=9803EFDB133CE73ABC4153DFB5668382629EDE", "suggested_link_text": "Read the New York Times Review of The Saint Strikes Back"}, "multimedia": null}, {"display_title": "The Adventures of Huckleberry Finn", "mpaa_rating": "", "critics_pick": 0, "byline": "FRANK S. NUGENT", "headline": "Huckleberry Finn", "summary_short": "Sturdy old version of Twain.", "publication_date": "1939-03-03", "opening_date": "1939-02-10", "date_updated": "2016-03-30 06:52:51", "link": {"type": "article", "url": "http://www.nytimes.com/movie/review?res=9801E1DB173BE533A25750C0A9659C946894D6CF", "suggested_link_text": "Read the New York Times Review of The Adventures of Huckleberry Finn"}, "multimedia": null}, {"display_title": "Blackwell's Island", "mpaa_rating": "", "critics_pick": 0, "byline": "FRANK S. NUGENT", "headline": "Blackwell's Island", "summary_short": "Reporter poses as convict. Lively, entertaining crime caper.", "publication_date": "1939-03-02", "opening_date": "1939-03-25", "date_updated": "2016-03-30 07:16:46", "link": {"type": "article", "url": "http://www.nytimes.com/movie/review?res=9F06E6DC133CE73ABC4A53DFB5668382629EDE", "suggested_link_text": "Read the New York Times Review of Blackwell's Island"}, "multimedia": null}, {"display_title": "Yes, My Darling Daughter", "mpaa_rating": "", "critics_pick": 0, "byline": "FRANK S. NUGENT", "headline": "Yes, My Darling Daughter", "summary_short": "Girl plans weekend with fiance. Considered racy back when, now ever so mild.", "publication_date": "1939-02-27", "opening_date": "1939-02-25", "date_updated": "2016-03-30 06:50:27", "link": {"type": "article", "url": "http://www.nytimes.com/movie/review?res=9A0CE6DD103EE33ABC4F51DFB4668382629EDE", "suggested_link_text": "Read the New York Times Review of Yes, My Darling Daughter"}, "multimedia": null}, {"display_title": "Wife, Husband and Friend", "mpaa_rating": "", "critics_pick": 0, "byline": "FRANK S. NUGENT", "headline": "Wife, Husband and Friend", "summary_short": "Brightly amusing romantic comedy.", "publication_date": "1939-02-25", "opening_date": "1939-03-03", "date_updated": "2016-03-30 06:45:50", "link": {"type": "article", "url": "http://www.nytimes.com/movie/review?res=9504E0DD133CE73ABC4D51DFB4668382629EDE", "suggested_link_text": "Read the New York Times Review of Wife, Husband and Friend"}, "multimedia": null}, {"display_title": "Fisherman's Wharf", "mpaa_rating": "", "critics_pick": 0, "byline": "FRANK S. NUGENT", "headline": "Fisherman's Wharf", "summary_short": "", "publication_date": "1939-02-24", "opening_date": "1939-02-03", "date_updated": "2016-03-30 07:23:07", "link": {"type": "article", "url": "http://www.nytimes.com/movie/review?res=9A00E2DD1E3FE23ABC4C51DFB4668382629EDE", "suggested_link_text": "Read the New York Times Review of Fisherman's Wharf"}, "multimedia": null}, {"display_title": "Honolulu", "mpaa_rating": "", "critics_pick": 0, "byline": "FRANK S. NUGENT", "headline": "Honolulu", "summary_short": "Movie star on vacation switches identities with local. Mildly entertaining musical.", "publication_date": "1939-02-23", "opening_date": "1939-02-03", "date_updated": "2016-03-30 07:28:14", "link": {"type": "article", "url": "http://www.nytimes.com/movie/review?res=9B01EEDE1E3FE23ABC4B51DFB4668382629EDE", "suggested_link_text": "Read the New York Times Review of Honolulu"}, "multimedia": null}, {"display_title": "You Can't Cheat an Honest Man", "mpaa_rating": "", "critics_pick": 0, "byline": "FRANK S. NUGENT", "headline": "You Can't Cheat an Honest Man", "summary_short": "Bill as circus man Larson E. Whipsnade. Best for Fields fans.", "publication_date": "1939-02-20", "opening_date": "1939-02-19", "date_updated": "2016-03-30 06:47:42", "link": {"type": "article", "url": "http://www.nytimes.com/movie/review?res=9B01E1DF1E3FE23ABC4851DFB4668382629EDE", "suggested_link_text": "Read the New York Times Review of You Can't Cheat an Honest Man"}, "multimedia": null}]}