{"status": "OK", "copyright": "Copyright (c) 2017 The New York Times Company. All Rights Reserved.", "has_more": true, "num_results": 20, "results": [{"display_title": "Little Miss Marker", "mpaa_rating": "", "critics_pick": 0, "byline": "MORDAUNT HALL.", "headline": "Little Miss Marker", "summary_short": "Tot leads a bunch of Runyon knockabouts. Raffish and flavorsome.", "publication_date": "1934-05-19", "opening_date": "1934-06-01", "date_updated": "2016-03-30 07:29:47", "link": {"type": "article", "url": "http://www.nytimes.com/movie/review?res=9402E7DF153CE23ABC4152DFB366838F629EDE", "suggested_link_text": "Read the New York Times Review of Little Miss Marker"}, "multimedia": null}, {"display_title": "The Black Cat", "mpaa_rating": "", "critics_pick": 0, "byline": "A.D.S.", "headline": "Black Cat, The", "summary_short": "Menaced honeymooners. Trim, often stylish thriller.", "publication_date": "1934-05-19", "opening_date": "1934-05-07", "date_updated": "2016-03-30 07:18:49", "link": {"type": "article", "url": "http://www.nytimes.com/movie/review?res=9C0DE7DF153CE23ABC4152DFB366838F629EDE", "suggested_link_text": "Read the New York Times Review of The Black Cat"}, "multimedia": null}, {"display_title": "Beyond Bengal", "mpaa_rating": "", "critics_pick": 0, "byline": "A.D.S.", "headline": "Beyond Bengal", "summary_short": "", "publication_date": "1934-05-18", "opening_date": "1934-05-18", "date_updated": "2016-03-30 07:06:16", "link": {"type": "article", "url": "http://www.nytimes.com/movie/review?res=950DE3D6143CE23ABC4052DFB366838F629EDE", "suggested_link_text": "Read the New York Times Review of Beyond Bengal"}, "multimedia": null}, {"display_title": "Stingaree", "mpaa_rating": "", "critics_pick": 0, "byline": "MORDAUNT HALL.", "headline": "Stingaree", "summary_short": "Bandit finances career of Australian opera singer. Improbable but entertaining.", "publication_date": "1934-05-18", "opening_date": "1934-05-25", "date_updated": "2016-03-30 07:21:02", "link": {"type": "article", "url": "http://www.nytimes.com/movie/review?res=940DE3D6143CE23ABC4052DFB366838F629EDE", "suggested_link_text": "Read the New York Times Review of Stingaree"}, "multimedia": null}, {"display_title": "He Was Her Man", "mpaa_rating": "", "critics_pick": 0, "byline": "MODAUNT HALL.", "headline": "He Was her Man", "summary_short": "Fleeing safecracker swipes girlfriend of San Francisco fisherman.", "publication_date": "1934-05-17", "opening_date": "1934-06-16", "date_updated": "2016-03-30 06:56:21", "link": {"type": "article", "url": "http://www.nytimes.com/movie/review?res=9E05EED7143CE23ABC4F52DFB366838F629EDE", "suggested_link_text": "Read the New York Times Review of He Was Her Man"}, "multimedia": null}, {"display_title": "Murder in Trinidad", "mpaa_rating": "", "critics_pick": 0, "byline": "MORDAUNT HALL.", "headline": "Murder in Trinidad", "summary_short": "", "publication_date": "1934-05-16", "opening_date": "1934-05-16", "date_updated": "2016-03-30 06:45:15", "link": {"type": "article", "url": "http://www.nytimes.com/movie/review?res=980CE5D7143CE23ABC4E52DFB366838F629EDE", "suggested_link_text": "Read the New York Times Review of Murder in Trinidad"}, "multimedia": null}, {"display_title": "Friday the 13th", "mpaa_rating": "", "critics_pick": 0, "byline": "MORDAUNT HALL.", "headline": "Friday the 13th", "summary_short": "", "publication_date": "1934-05-15", "opening_date": null, "date_updated": "2016-03-30 06:56:47", "link": {"type": "article", "url": "http://www.nytimes.com/movie/review?res=9A03EFD8143FE53ABC4D52DFB366838F629EDE", "suggested_link_text": "Read the New York Times Review of Friday the 13th"}, "multimedia": null}, {"display_title": "Thirty-Day Princess", "mpaa_rating": "", "critics_pick": 0, "byline": "MORDAUNT HALL.", "headline": "Thirty Day Princess", "summary_short": "Entertaining, old-style fluff of bogus royalty.", "publication_date": "1934-05-12", "opening_date": "1934-05-18", "date_updated": "2016-03-30 07:13:54", "link": {"type": "article", "url": "http://www.nytimes.com/movie/review?res=9C0DE0DA143CE23ABC4A52DFB366838F629EDE", "suggested_link_text": "Read the New York Times Review of Thirty-Day Princess"}, "multimedia": null}, {"display_title": "In Love with Life", "mpaa_rating": "", "critics_pick": 0, "byline": "A.D.S.", "headline": "In Love With Life", "summary_short": "", "publication_date": "1934-05-12", "opening_date": "1934-05-12", "date_updated": "2016-03-30 07:29:13", "link": {"type": "article", "url": "http://www.nytimes.com/movie/review?res=9E0DE0DA143CE23ABC4A52DFB366838F629EDE", "suggested_link_text": "Read the New York Times Review of In Love with Life"}, "multimedia": null}, {"display_title": "Glamour", "mpaa_rating": "", "critics_pick": 0, "byline": "M.H.", "headline": "Glamour", "summary_short": "", "publication_date": "1934-05-12", "opening_date": "1934-04-09", "date_updated": "2016-03-30 06:56:35", "link": {"type": "article", "url": "http://www.nytimes.com/movie/review?res=9D0DE0DA143CE23ABC4A52DFB366838F629EDE", "suggested_link_text": "Read the New York Times Review of Glamour"}, "multimedia": null}, {"display_title": "Cheaters", "mpaa_rating": "", "critics_pick": 0, "byline": "A.D.S.", "headline": "Cheaters", "summary_short": "", "publication_date": "1934-05-12", "opening_date": "1934-05-11", "date_updated": "2016-03-30 07:18:01", "link": {"type": "article", "url": "http://www.nytimes.com/movie/review?res=9F0DE0DA143CE23ABC4A52DFB366838F629EDE", "suggested_link_text": "Read the New York Times Review of Cheaters"}, "multimedia": null}, {"display_title": "The Crime Doctor", "mpaa_rating": "", "critics_pick": 0, "byline": "A.D.S.", "headline": "Crime Doctor, The", "summary_short": "", "publication_date": "1934-05-11", "opening_date": "1934-03-14", "date_updated": "2016-03-30 06:43:37", "link": {"type": "article", "url": "http://www.nytimes.com/movie/review?res=9D07EFD9143FE53ABC4952DFB366838F629EDE", "suggested_link_text": "Read the New York Times Review of The Crime Doctor"}, "multimedia": null}, {"display_title": "Change of Heart", "mpaa_rating": "", "critics_pick": 0, "byline": "MORDAUNT HALL.", "headline": "Change of Heart", "summary_short": "Four college friends pursue careers in New York. Innocuous little romance.", "publication_date": "1934-05-11", "opening_date": "1934-05-18", "date_updated": "2016-03-30 07:12:23", "link": {"type": "article", "url": "http://www.nytimes.com/movie/review?res=9C07EFD9143FE53ABC4952DFB366838F629EDE", "suggested_link_text": "Read the New York Times Review of Change of Heart"}, "multimedia": null}, {"display_title": "The Last Round-Up", "mpaa_rating": "", "critics_pick": 0, "byline": "MORDAUNT HALL.", "headline": "Last Round-Up, The", "summary_short": "", "publication_date": "1934-05-10", "opening_date": "1934-05-01", "date_updated": "2016-03-30 07:21:02", "link": {"type": "article", "url": "http://www.nytimes.com/movie/review?res=9B06E6DA143CE23ABC4852DFB366838F629EDE", "suggested_link_text": "Read the New York Times Review of The Last Round-Up"}, "multimedia": null}, {"display_title": "Pesti Szerelem", "mpaa_rating": "", "critics_pick": 0, "byline": "H.T.S.", "headline": "Pesti Szerelem", "summary_short": "", "publication_date": "1934-05-10", "opening_date": "1934-05-09", "date_updated": "2016-03-30 07:25:09", "link": {"type": "article", "url": "http://www.nytimes.com/movie/review?res=9406E6DA143CE23ABC4852DFB366838F629EDE", "suggested_link_text": "Read the New York Times Review of Pesti Szerelem"}, "multimedia": null}, {"display_title": "Das Blaue Licht", "mpaa_rating": "", "critics_pick": 0, "byline": "H.T.S.", "headline": "Blue Light, The", "summary_short": "", "publication_date": "1934-05-09", "opening_date": "1934-05-08", "date_updated": "2016-03-30 07:13:08", "link": {"type": "article", "url": "http://www.nytimes.com/movie/review?res=990CE7DA1239E33ABC4153DFB366838F629EDE", "suggested_link_text": "Read the New York Times Review of Das Blaue Licht"}, "multimedia": null}, {"display_title": "Orders Is Orders", "mpaa_rating": "", "critics_pick": 0, "byline": "MORDAUNT HALL.", "headline": "Orders Is Orders", "summary_short": "", "publication_date": "1934-05-07", "opening_date": null, "date_updated": "2016-03-30 06:43:31", "link": {"type": "article", "url": "http://www.nytimes.com/movie/review?res=9502E5DB1E3DE33ABC4F53DFB366838F629EDE", "suggested_link_text": "Read the New York Times Review of Orders Is Orders"}, "multimedia": null}, {"display_title": "La Croisiere Jaune", "mpaa_rating": "", "critics_pick": 0, "byline": "HERBERT L. MATTHEWS", "headline": "Croisiere Jaune, La", "summary_short": "", "publication_date": "1934-05-06", "opening_date": "1936-11-17", "date_updated": "2016-03-30 07:09:13", "link": {"type": "article", "url": "http://www.nytimes.com/movie/review?res=9400E1DC143CE23ABC4E53DFB366838F629EDE", "suggested_link_text": "Read the New York Times Review of La Croisiere Jaune"}, "multimedia": null}, {"display_title": "Whirlpool", "mpaa_rating": "", "critics_pick": 0, "byline": "A.D.S.", "headline": "Whirlpool", "summary_short": "Blackmail spoils ex- convict's reunion with daughter.", "publication_date": "1934-05-05", "opening_date": "1934-04-10", "date_updated": "2016-03-30 06:50:27", "link": {"type": "article", "url": "http://www.nytimes.com/movie/review?res=9B0DEEDE143CE23ABC4D53DFB366838F629EDE", "suggested_link_text": "Read the New York Times Review of Whirlpool"}, "multimedia": null}, {"display_title": "No Greater Glory", "mpaa_rating": "", "critics_pick": 0, "byline": "MORDAUNT HALL.", "headline": "No Greater Glory", "summary_short": "", "publication_date": "1934-05-05", "opening_date": "1934-03-30", "date_updated": "2016-03-30 07:06:07", "link": {"type": "article", "url": "http://www.nytimes.com/movie/review?res=980DEEDE143CE23ABC4D53DFB366838F629EDE", "suggested_link_text": "Read the New York Times Review of No Greater Glory"}, "multimedia": null}]}