{"status": "OK", "copyright": "Copyright (c) 2017 The New York Times Company. All Rights Reserved.", "has_more": true, "num_results": 20, "results": [{"display_title": "Tender Comrade", "mpaa_rating": "", "critics_pick": 0, "byline": "BOSLEY CROWTHER", "headline": "Tender Comrade", "summary_short": "Salute to war wives. Some poignancy but generally rather sticky.", "publication_date": "1944-06-02", "opening_date": "1944-06-01", "date_updated": "2016-03-30 07:23:15", "link": {"type": "article", "url": "http://www.nytimes.com/movie/review?res=9B00E5DC133DE13BBC4A53DFB066838F659EDE", "suggested_link_text": "Read the New York Times Review of Tender Comrade"}, "multimedia": null}, {"display_title": "Ghost Catchers", "mpaa_rating": "", "critics_pick": 0, "byline": "T.M.P.", "headline": "Ghost Catchers", "summary_short": "", "publication_date": "1944-05-31", "opening_date": "1944-06-16", "date_updated": "2016-03-30 06:50:41", "link": {"type": "article", "url": "http://www.nytimes.com/movie/review?res=9D05EFDE1E30E53BBC4950DFB366838F659EDE", "suggested_link_text": "Read the New York Times Review of Ghost Catchers"}, "multimedia": null}, {"display_title": "The Eve of St. Mark", "mpaa_rating": "", "critics_pick": 0, "byline": "BOSLEY CROWTHER", "headline": "Eve of St Mark, The", "summary_short": "World War II. Often moving but arty-tarty.", "publication_date": "1944-05-31", "opening_date": "1944-05-22", "date_updated": "2016-03-30 07:22:55", "link": {"type": "article", "url": "http://www.nytimes.com/movie/review?res=940CE0DE1E30E53BBC4950DFB366838F659EDE", "suggested_link_text": "Read the New York Times Review of The Eve of St. Mark"}, "multimedia": null}, {"display_title": "It Happened Tomorrow", "mpaa_rating": "", "critics_pick": 0, "byline": "P.P.K.", "headline": "It Happened Tomorrow", "summary_short": "", "publication_date": "1944-05-29", "opening_date": "1944-05-28", "date_updated": "2016-03-30 06:48:13", "link": {"type": "article", "url": "http://www.nytimes.com/movie/review?res=9907EEDB143EE03BBC4151DFB366838F659EDE", "suggested_link_text": "Read the New York Times Review of It Happened Tomorrow"}, "multimedia": null}, {"display_title": "Goyescas", "mpaa_rating": "", "critics_pick": 0, "byline": "A.W.", "headline": "Goyescas", "summary_short": "", "publication_date": "1944-05-29", "opening_date": "1944-05-28", "date_updated": "2016-03-30 06:53:01", "link": {"type": "article", "url": "http://www.nytimes.com/movie/review?res=9A07EEDB143EE03BBC4151DFB366838F659EDE", "suggested_link_text": "Read the New York Times Review of Goyescas"}, "multimedia": null}, {"display_title": "Make Your Own Bed", "mpaa_rating": "", "critics_pick": 0, "byline": "BOSLEY CROWTHER", "headline": "Make Your own Bed", "summary_short": "Private eye doubles as butler for man fearing Nazi spies. Silly and strained.", "publication_date": "1944-05-27", "opening_date": "1944-06-10", "date_updated": "2016-03-30 06:47:41", "link": {"type": "article", "url": "http://www.nytimes.com/movie/review?res=9F03E1D81331E03BBC4F51DFB366838F659EDE", "suggested_link_text": "Read the New York Times Review of Make Your Own Bed"}, "multimedia": null}, {"display_title": "Three Men in White", "mpaa_rating": "", "critics_pick": 0, "byline": "P.P.K.", "headline": "Three Men in White", "summary_short": "The Kildare hospital crowd. Typical.", "publication_date": "1944-05-26", "opening_date": null, "date_updated": "2016-03-30 06:46:00", "link": {"type": "article", "url": "http://www.nytimes.com/movie/review?res=9F0CEEDA1338E33BBC4E51DFB366838F659EDE", "suggested_link_text": "Read the New York Times Review of Three Men in White"}, "multimedia": null}, {"display_title": "Mr. Skeffington", "mpaa_rating": "", "critics_pick": 0, "byline": "BOSLEY CROWTHER", "headline": "Mr Skeffington", "summary_short": "Vain society belle over the years. Compelling, probing drama. One of Bette's beauties.", "publication_date": "1944-05-26", "opening_date": "1944-05-25", "date_updated": "2016-03-30 06:55:49", "link": {"type": "article", "url": "http://www.nytimes.com/movie/review?res=9E0CEEDA1338E33BBC4E51DFB366838F659EDE", "suggested_link_text": "Read the New York Times Review of Mr. Skeffington"}, "multimedia": null}, {"display_title": "Vozdushny Izvozchik", "mpaa_rating": "", "critics_pick": 0, "byline": "B.C.", "headline": "Taxi to Heaven", "summary_short": "", "publication_date": "1944-05-25", "opening_date": "1944-05-24", "date_updated": "2016-03-30 06:57:01", "link": {"type": "article", "url": "http://www.nytimes.com/movie/review?res=980DE4D91130E53BBC4D51DFB366838F659EDE", "suggested_link_text": "Read the New York Times Review of Vozdushny Izvozchik"}, "multimedia": null}, {"display_title": "Cobra Woman", "mpaa_rating": "", "critics_pick": 0, "byline": "BOSLEY CROWTHER", "headline": "Cobra Woman", "summary_short": "Kidnapped bride on jungle island.", "publication_date": "1944-05-18", "opening_date": "1944-05-12", "date_updated": "2016-03-30 07:26:52", "link": {"type": "article", "url": "http://www.nytimes.com/movie/review?res=9902E7DA1331E03BBC4052DFB366838F659EDE", "suggested_link_text": "Read the New York Times Review of Cobra Woman"}, "multimedia": null}, {"display_title": "Bermuda Mystery", "mpaa_rating": "", "critics_pick": 0, "byline": "B.C.", "headline": "Bermuda Mystery", "summary_short": "An open book.", "publication_date": "1944-05-13", "opening_date": "1944-05-01", "date_updated": "2016-03-30 07:19:12", "link": {"type": "article", "url": "http://www.nytimes.com/movie/review?res=9E04E5DD163FEE3BBC4B52DFB366838F659EDE", "suggested_link_text": "Read the New York Times Review of Bermuda Mystery"}, "multimedia": null}, {"display_title": "The White Cliffs of Dover", "mpaa_rating": "", "critics_pick": 0, "byline": "BOSLEY CROWTHER", "headline": "White Cliffs of Dover, The", "summary_short": "Briton's American wife, through two wars. Lavish, often moving.", "publication_date": "1944-05-12", "opening_date": "1944-06-01", "date_updated": "2016-03-30 07:22:34", "link": {"type": "article", "url": "http://www.nytimes.com/movie/review?res=9401EED9123DE13BBC4A52DFB366838F659EDE", "suggested_link_text": "Read the New York Times Review of The White Cliffs of Dover"}, "multimedia": null}, {"display_title": "Show Business", "mpaa_rating": "", "critics_pick": 0, "byline": "P.P.K.", "headline": "Show Business", "summary_short": "Joan helps. Some.", "publication_date": "1944-05-11", "opening_date": null, "date_updated": "2016-03-30 07:25:16", "link": {"type": "article", "url": "http://www.nytimes.com/movie/review?res=9B03E0DB1331E03BBC4952DFB366838F659EDE", "suggested_link_text": "Read the New York Times Review of Show Business"}, "multimedia": null}, {"display_title": "Pin-Up Girl", "mpaa_rating": "", "critics_pick": 0, "byline": "BOSLEY CROWTHER", "headline": "Pin Up Girl", "summary_short": "Medium musical. Better Betty later.", "publication_date": "1944-05-11", "opening_date": "1944-04-25", "date_updated": "2016-03-30 06:51:25", "link": {"type": "article", "url": "http://www.nytimes.com/movie/review?res=9903E0DB1331E03BBC4952DFB366838F659EDE", "suggested_link_text": "Read the New York Times Review of Pin-Up Girl"}, "multimedia": null}, {"display_title": "The Hour Before the Dawn", "mpaa_rating": "", "critics_pick": 0, "byline": "T.M.P.", "headline": "Hour Before the Dawn, The", "summary_short": "Nazi girl rocks British household, via Maugham novel. Farfetched but good, chilling moments.", "publication_date": "1944-05-11", "opening_date": null, "date_updated": "2016-03-30 07:10:37", "link": {"type": "article", "url": "http://www.nytimes.com/movie/review?res=9A03E0DB1331E03BBC4952DFB366838F659EDE", "suggested_link_text": "Read the New York Times Review of The Hour Before the Dawn"}, "multimedia": null}, {"display_title": "The Hitler Gang", "mpaa_rating": "", "critics_pick": 0, "byline": "P.P.K.", "headline": "Hitler Gang, The", "summary_short": "You know, the boys in the band. Lousy.", "publication_date": "1944-05-08", "opening_date": null, "date_updated": "2016-03-30 07:24:04", "link": {"type": "article", "url": "http://www.nytimes.com/movie/review?res=990DE5DC1331E03BBC4053DFB366838F659EDE", "suggested_link_text": "Read the New York Times Review of The Hitler Gang"}, "multimedia": null}, {"display_title": "Between Two Worlds", "mpaa_rating": "", "critics_pick": 0, "byline": "BOSLEY CROWTHER", "headline": "Between Two Worlds", "summary_short": "Ghost ship headed for heaven or hell. Twaddle.", "publication_date": "1944-05-06", "opening_date": "1944-05-20", "date_updated": "2016-03-30 06:49:03", "link": {"type": "article", "url": "http://www.nytimes.com/movie/review?res=980CE0DC1338E33BBC4E53DFB366838F659EDE", "suggested_link_text": "Read the New York Times Review of Between Two Worlds"}, "multimedia": null}, {"display_title": "Gaslight", "mpaa_rating": "", "critics_pick": 1, "byline": "BOSLEY CROWTHER", "headline": "Gaslight", "summary_short": "Newlywed is going mad -- or is she? Good Victorian suspense, Bergman's Oscar.", "publication_date": "1944-05-05", "opening_date": "1944-05-01", "date_updated": "2016-03-30 07:09:20", "link": {"type": "article", "url": "http://www.nytimes.com/movie/review?res=9907E6DE173DE03ABC4D53DFB366838F659EDE", "suggested_link_text": "Read the New York Times Review of Gaslight"}, "multimedia": null}, {"display_title": "Andy Hardy's Blonde Trouble", "mpaa_rating": "", "critics_pick": 0, "byline": "P.P.K.", "headline": "Andy Hardy's Blonde Trouble", "summary_short": "Cute or a pain in the neck. Up to you.", "publication_date": "1944-05-05", "opening_date": null, "date_updated": "2016-03-30 06:55:00", "link": {"type": "article", "url": "http://www.nytimes.com/movie/review?res=9A07E6DE173DE03ABC4D53DFB366838F659EDE", "suggested_link_text": "Read the New York Times Review of Andy Hardy's Blonde Trouble"}, "multimedia": null}, {"display_title": "The Adventures of Mark Twain", "mpaa_rating": "", "critics_pick": 0, "byline": "BOSLEY CROWTHER", "headline": "Adventures of Mark Twain, The", "summary_short": "Samuel Clemens finds fame and fortune. Workmanlike biodrama.", "publication_date": "1944-05-04", "opening_date": "1944-07-22", "date_updated": "2016-03-30 06:46:19", "link": {"type": "article", "url": "http://www.nytimes.com/movie/review?res=9407E4DE163FEE3BBC4C53DFB366838F659EDE", "suggested_link_text": "Read the New York Times Review of The Adventures of Mark Twain"}, "multimedia": null}]}