{"status": "OK", "copyright": "Copyright (c) 2017 The New York Times Company. All Rights Reserved.", "has_more": true, "num_results": 20, "results": [{"display_title": "Menace", "mpaa_rating": "", "critics_pick": 0, "byline": "F.S.N.", "headline": "Menace", "summary_short": "", "publication_date": "1934-11-22", "opening_date": "1934-11-22", "date_updated": "2016-03-30 06:58:15", "link": {"type": "article", "url": "http://www.nytimes.com/movie/review?res=9F06EEDC133FE53ABC4A51DFB767838F629EDE", "suggested_link_text": "Read the New York Times Review of Menace"}, "multimedia": null}, {"display_title": "Gentlemen Are Born", "mpaa_rating": "", "critics_pick": 0, "byline": "ANDRE SENNWALD.", "headline": "Gentlemen are Born", "summary_short": "Four college grads face realities.", "publication_date": "1934-11-22", "opening_date": "1934-11-17", "date_updated": "2016-03-30 06:41:56", "link": {"type": "article", "url": "http://www.nytimes.com/movie/review?res=9E06EEDC133FE53ABC4A51DFB767838F629EDE", "suggested_link_text": "Read the New York Times Review of Gentlemen Are Born"}, "multimedia": null}, {"display_title": "Marie Galante", "mpaa_rating": "", "critics_pick": 0, "byline": "ANDRE SENNWALD.", "headline": "Marie Galante", "summary_short": "Bomb plot in Panama Canal zone. Atmospheric but not very credible.", "publication_date": "1934-11-21", "opening_date": "1934-10-26", "date_updated": "2016-03-30 06:45:33", "link": {"type": "article", "url": "http://www.nytimes.com/movie/review?res=990DE4DC173CE733A25752C2A9679D946594D6CF", "suggested_link_text": "Read the New York Times Review of Marie Galante"}, "multimedia": null}, {"display_title": "Madame Bovary", "mpaa_rating": "", "critics_pick": 0, "byline": "H. T. S.", "headline": "Madame Bovary", "summary_short": "", "publication_date": "1934-11-19", "opening_date": "1934-11-17", "date_updated": "2016-03-30 06:55:12", "link": {"type": "article", "url": "http://www.nytimes.com/movie/review?res=9F06E1DC1238E13ABC4152DFB767838F629EDE", "suggested_link_text": "Read the New York Times Review of Madame Bovary"}, "multimedia": null}, {"display_title": "El Compadre Mendoza", "mpaa_rating": "", "critics_pick": 0, "byline": "Harry T. Smith", "headline": "Compadre Mendoza, El", "summary_short": "Landowner survives Mexican Revolution by supporting both sides. Directed by Fernando de Fuentes.", "publication_date": "1934-11-19", "opening_date": "1934-11-18", "date_updated": "2016-03-30 06:47:06", "link": {"type": "article", "url": "http://www.nytimes.com/movie/review?res=9806E1DC1238E13ABC4152DFB767838F629EDE", "suggested_link_text": "Read the New York Times Review of El Compadre Mendoza"}, "multimedia": null}, {"display_title": "Lady by Choice", "mpaa_rating": "", "critics_pick": 0, "byline": "F.S.N.", "headline": "Lady by Choice", "summary_short": "Well-rounded story, good cast and clever dialogue.", "publication_date": "1934-11-17", "opening_date": "1934-10-15", "date_updated": "2016-03-30 07:05:23", "link": {"type": "article", "url": "http://www.nytimes.com/movie/review?res=9406E5D91F3DE33ABC4F52DFB767838F629EDE", "suggested_link_text": "Read the New York Times Review of Lady by Choice"}, "multimedia": null}, {"display_title": "Evensong", "mpaa_rating": "", "critics_pick": 0, "byline": "ANDRE SENNWALD.", "headline": "Evensong", "summary_short": "", "publication_date": "1934-11-17", "opening_date": "1934-12-15", "date_updated": "2016-03-30 07:29:36", "link": {"type": "article", "url": "http://www.nytimes.com/movie/review?res=9B06E5D91F3DE33ABC4F52DFB767838F629EDE", "suggested_link_text": "Read the New York Times Review of Evensong"}, "multimedia": null}, {"display_title": "The Gay Divorcee", "mpaa_rating": "", "critics_pick": 0, "byline": "ANDRE SENNWALD.", "headline": "Gay Divorcee, The", "summary_short": "Handsome dancer mistaken for paid divorce correspondent. The cream is a divinely subdued ``Night and Day.''", "publication_date": "1934-11-16", "opening_date": "1934-10-12", "date_updated": "2016-03-30 07:19:33", "link": {"type": "article", "url": "http://www.nytimes.com/movie/review?res=9402EFDD173CE733A25755C1A9679D946594D6CF", "suggested_link_text": "Read the New York Times Review of The Gay Divorcee"}, "multimedia": null}, {"display_title": "The Firebird", "mpaa_rating": "", "critics_pick": 0, "byline": "ANDRE SENNWALD.", "headline": "Firebird, The", "summary_short": "Upstairs neighbors suspected of killing Romeo who played loud classical music. Stravinsky?", "publication_date": "1934-11-15", "opening_date": "1934-11-03", "date_updated": "2016-03-30 06:43:52", "link": {"type": "article", "url": "http://www.nytimes.com/movie/review?res=9803EFDE133FE53ABC4D52DFB767838F629EDE", "suggested_link_text": "Read the New York Times Review of The Firebird"}, "multimedia": null}, {"display_title": "Man of Courage", "mpaa_rating": "", "critics_pick": 0, "byline": "F. S. N.", "headline": "Man of Courage", "summary_short": "", "publication_date": "1934-11-14", "opening_date": "1943-01-04", "date_updated": "2016-03-30 07:13:43", "link": {"type": "article", "url": "http://www.nytimes.com/movie/review?res=9404E0D9143DEE3ABC4C52DFB767838F629EDE", "suggested_link_text": "Read the New York Times Review of Man of Courage"}, "multimedia": null}, {"display_title": "Big Hearted Herbert", "mpaa_rating": "", "critics_pick": 0, "byline": "ANDRE SENNWALD.", "headline": "Big Hearted Herbert", "summary_short": "Family grouch meets his match. Entertaining hearthside comedy.", "publication_date": "1934-11-14", "opening_date": "1934-10-06", "date_updated": "2016-03-30 07:28:16", "link": {"type": "article", "url": "http://www.nytimes.com/movie/review?res=9B04E0D9143DEE3ABC4C52DFB767838F629EDE", "suggested_link_text": "Read the New York Times Review of Big Hearted Herbert"}, "multimedia": null}, {"display_title": "Kid Millions", "mpaa_rating": "", "critics_pick": 0, "byline": "ANDRE SENNWALD.", "headline": "Kid Millions", "summary_short": "Freshest, most tuneful of the Cantor capers, and Ethel is plain yummy.", "publication_date": "1934-11-12", "opening_date": "1934-11-10", "date_updated": "2016-03-30 07:17:00", "link": {"type": "article", "url": "http://www.nytimes.com/movie/review?res=9F05E3DC153DE53ABC4A52DFB767838F629EDE", "suggested_link_text": "Read the New York Times Review of Kid Millions"}, "multimedia": null}, {"display_title": "I'll Fix It", "mpaa_rating": "", "critics_pick": 0, "byline": "F.S.N.", "headline": "I'll Fix It", "summary_short": "", "publication_date": "1934-11-12", "opening_date": "1934-11-10", "date_updated": "2016-03-30 06:46:29", "link": {"type": "article", "url": "http://www.nytimes.com/movie/review?res=9805E3DC153DE53ABC4A52DFB767838F629EDE", "suggested_link_text": "Read the New York Times Review of I'll Fix It"}, "multimedia": null}, {"display_title": "The White Parade", "mpaa_rating": "", "critics_pick": 0, "byline": "A.S.", "headline": "White Parade, The", "summary_short": "", "publication_date": "1934-11-10", "opening_date": "1934-11-16", "date_updated": "2016-03-30 06:58:53", "link": {"type": "article", "url": "http://www.nytimes.com/movie/review?res=9E01E6DE1E3CE23ABC4852DFB767838F629EDE", "suggested_link_text": "Read the New York Times Review of The White Parade"}, "multimedia": null}, {"display_title": "There's Always Tomorrow", "mpaa_rating": "", "critics_pick": 0, "byline": "F.S.N.", "headline": "There's Always Tomorrow", "summary_short": "", "publication_date": "1934-11-10", "opening_date": "1934-11-01", "date_updated": "2016-03-30 06:55:52", "link": {"type": "article", "url": "http://www.nytimes.com/movie/review?res=9F01E6DE1E3CE23ABC4852DFB767838F629EDE", "suggested_link_text": "Read the New York Times Review of There's Always Tomorrow"}, "multimedia": null}, {"display_title": "Evelyn Prentice", "mpaa_rating": "", "critics_pick": 0, "byline": "ANDRE SENNWALD.", "headline": "Evelyn Prentice", "summary_short": "Lawyer's wife involved in murder case. Contrived.", "publication_date": "1934-11-10", "opening_date": "1934-11-09", "date_updated": "2016-03-30 07:05:46", "link": {"type": "article", "url": "http://www.nytimes.com/movie/review?res=9D01E6DE1E3CE23ABC4852DFB767838F629EDE", "suggested_link_text": "Read the New York Times Review of Evelyn Prentice"}, "multimedia": null}, {"display_title": "A Girl of the Limberlost", "mpaa_rating": "", "critics_pick": 0, "byline": "ANDRE SENNWALD.", "headline": "Girl of the Limberlost, A", "summary_short": "", "publication_date": "1934-11-09", "opening_date": "1934-10-15", "date_updated": "2016-03-30 07:23:51", "link": {"type": "article", "url": "http://www.nytimes.com/movie/review?res=9F07E0DF133FE53ABC4153DFB767838F629EDE", "suggested_link_text": "Read the New York Times Review of A Girl of the Limberlost"}, "multimedia": null}, {"display_title": "First World War", "mpaa_rating": "", "critics_pick": 0, "byline": "ANDRE SENNWALD.", "headline": "First World War, The", "summary_short": "", "publication_date": "1934-11-08", "opening_date": null, "date_updated": "2016-03-30 06:57:40", "link": {"type": "article", "url": "http://www.nytimes.com/movie/review?res=9F03E2DF1E3CE23ABC4053DFB767838F629EDE", "suggested_link_text": "Read the New York Times Review of First World War"}, "multimedia": null}, {"display_title": "Blue Danube", "mpaa_rating": "", "critics_pick": 0, "byline": "F.S.N.", "headline": "Blue Danube", "summary_short": "", "publication_date": "1934-11-08", "opening_date": "1934-11-07", "date_updated": "2016-03-30 06:52:02", "link": {"type": "article", "url": "http://www.nytimes.com/movie/review?res=9803E2DF1E3CE23ABC4053DFB767838F629EDE", "suggested_link_text": "Read the New York Times Review of Blue Danube"}, "multimedia": null}, {"display_title": "Three Songs About Lenin", "mpaa_rating": "", "critics_pick": 0, "byline": "ANDRE SENNWALD.", "headline": "Three Songs About Lenin", "summary_short": "", "publication_date": "1934-11-07", "opening_date": "1934-11-06", "date_updated": "2016-03-30 07:20:22", "link": {"type": "article", "url": "http://www.nytimes.com/movie/review?res=9401EFD6113CE23ABC4F53DFB767838F629EDE", "suggested_link_text": "Read the New York Times Review of Three Songs About Lenin"}, "multimedia": null}]}