{"status": "OK", "copyright": "Copyright (c) 2017 The New York Times Company. All Rights Reserved.", "has_more": true, "num_results": 20, "results": [{"display_title": "Wonder Bar", "mpaa_rating": "", "critics_pick": 0, "byline": "MORDAUNT HALL.", "headline": "Wonder Bar", "summary_short": "Smooth, spirited old Warner musical.", "publication_date": "1934-03-01", "opening_date": "1934-03-31", "date_updated": "2016-03-30 06:51:27", "link": {"type": "article", "url": "http://www.nytimes.com/movie/review?res=940CE6D71F3DE23ABC4953DFB566838F629EDE", "suggested_link_text": "Read the New York Times Review of Wonder Bar"}, "multimedia": null}, {"display_title": "Palooka", "mpaa_rating": "Not Rated", "critics_pick": 0, "byline": "MORDAUNT HALL.", "headline": "Palooka", "summary_short": "Grand, full-rigged old adventure from the Dumas classic. One of the real champs. Pounce.", "publication_date": "1934-02-28", "opening_date": "1934-01-26", "date_updated": "2016-03-30 06:44:34", "link": {"type": "article", "url": "http://www.nytimes.com/movie/review?res=980CE5D81F3DE23ABC4051DFB466838F629EDE", "suggested_link_text": "Read the New York Times Review of Palooka"}, "multimedia": null}, {"display_title": "Orient Express", "mpaa_rating": "", "critics_pick": 0, "byline": "A.D.S.", "headline": "Orient Express", "summary_short": "", "publication_date": "1934-02-28", "opening_date": "1934-02-28", "date_updated": "2016-03-30 07:30:09", "link": {"type": "article", "url": "http://www.nytimes.com/movie/review?res=990CE5D81F3DE23ABC4051DFB466838F629EDE", "suggested_link_text": "Read the New York Times Review of Orient Express"}, "multimedia": null}, {"display_title": "La Ciudad de Carton", "mpaa_rating": "", "critics_pick": 0, "byline": "H.T.S.", "headline": "Ciudad de Carton, La", "summary_short": "", "publication_date": "1934-02-28", "opening_date": "1934-02-27", "date_updated": "2016-03-30 07:14:26", "link": {"type": "article", "url": "http://www.nytimes.com/movie/review?res=9A0CE5D81F3DE23ABC4051DFB466838F629EDE", "suggested_link_text": "Read the New York Times Review of La Ciudad de Carton"}, "multimedia": null}, {"display_title": "The Mystery of Mr. X", "mpaa_rating": "", "critics_pick": 0, "byline": "MORDAUNT HALL.", "headline": "Mystery of Mr X, The", "summary_short": "Excellent thriller about a serial slayer of London bobbies. Pounce.", "publication_date": "1934-02-26", "opening_date": "1934-02-23", "date_updated": "2016-03-30 06:42:19", "link": {"type": "article", "url": "http://www.nytimes.com/movie/review?res=9B06EEDA1F3DE23ABC4E51DFB466838F629EDE", "suggested_link_text": "Read the New York Times Review of The Mystery of Mr. X"}, "multimedia": null}, {"display_title": "Un Certain Monsieur Grant", "mpaa_rating": "", "critics_pick": 0, "byline": "H.T.S.", "headline": "Gewisser Herr Gran, Ein", "summary_short": "", "publication_date": "1934-02-24", "opening_date": null, "date_updated": "2016-03-30 07:28:45", "link": {"type": "article", "url": "http://www.nytimes.com/movie/review?res=9901E1DA113DE33ABC4C51DFB466838F629EDE", "suggested_link_text": "Read the New York Times Review of Un Certain Monsieur Grant"}, "multimedia": null}, {"display_title": "Hips, Hips, Hooray", "mpaa_rating": "", "critics_pick": 0, "byline": "A.D.S.", "headline": "Hips, Hips, Hooray", "summary_short": "A Hollywood beauty parlor. The two clowns were deemed hot stuff back when.", "publication_date": "1934-02-24", "opening_date": "1934-02-02", "date_updated": "2016-03-30 06:45:15", "link": {"type": "article", "url": "http://www.nytimes.com/movie/review?res=9801E1DA113DE33ABC4C51DFB466838F629EDE", "suggested_link_text": "Read the New York Times Review of Hips, Hips, Hooray"}, "multimedia": null}, {"display_title": "It Happened One Night", "mpaa_rating": "Not Rated", "critics_pick": 1, "byline": "MORDAUNT HALL.", "headline": "It Happened One Night", "summary_short": "Heiress and newspaperman on Miami bus headed north. Delicious old romantic comedy, via Capra. An Oscar mop-up.", "publication_date": "1934-02-23", "opening_date": "1934-02-23", "date_updated": "2016-03-30 06:44:04", "link": {"type": "article", "url": "http://www.nytimes.com/movie/review?res=940CE2DA1539E33ABC4B51DFB466838F629EDE", "suggested_link_text": "Read the New York Times Review of It Happened One Night"}, "multimedia": null}, {"display_title": "Dark Hazard", "mpaa_rating": "", "critics_pick": 0, "byline": "A.D.S.", "headline": "Dark Hazard", "summary_short": "Pedestrian gambling yarn.", "publication_date": "1934-02-23", "opening_date": "1934-02-03", "date_updated": "2016-03-30 06:46:06", "link": {"type": "article", "url": "http://www.nytimes.com/movie/review?res=950CE2DA1539E33ABC4B51DFB466838F629EDE", "suggested_link_text": "Read the New York Times Review of Dark Hazard"}, "multimedia": null}, {"display_title": "Shadows of Sing Sing", "mpaa_rating": "", "critics_pick": 0, "byline": "MORDAUNT HALL.", "headline": "Shadows of Sing Sing", "summary_short": "", "publication_date": "1934-02-21", "opening_date": "1933-12-03", "date_updated": "2016-03-30 07:09:15", "link": {"type": "article", "url": "http://www.nytimes.com/movie/review?res=9F03E7DB1539E33ABC4951DFB466838F629EDE", "suggested_link_text": "Read the New York Times Review of Shadows of Sing Sing"}, "multimedia": null}, {"display_title": "Road to Ruin", "mpaa_rating": "", "critics_pick": 0, "byline": "A.D.S.", "headline": "Road to Ruin, The", "summary_short": "", "publication_date": "1934-02-21", "opening_date": "1934-05-15", "date_updated": "2016-03-30 07:12:56", "link": {"type": "article", "url": "http://www.nytimes.com/movie/review?res=9803E7DB1539E33ABC4951DFB466838F629EDE", "suggested_link_text": "Read the New York Times Review of Road to Ruin"}, "multimedia": null}, {"display_title": "Long Lost Father", "mpaa_rating": "", "critics_pick": 0, "byline": "MORDAUNT HALL.", "headline": "Long Lost Father", "summary_short": "London nightclub manager's daughter turns up as performer.", "publication_date": "1934-02-19", "opening_date": "1934-01-19", "date_updated": "2016-03-30 06:48:00", "link": {"type": "article", "url": "http://www.nytimes.com/movie/review?res=9F0DE3DC1539E33ABC4152DFB466838F629EDE", "suggested_link_text": "Read the New York Times Review of Long Lost Father"}, "multimedia": null}, {"display_title": "Simple Tailor", "mpaa_rating": "", "critics_pick": 0, "byline": "H.T.S.", "headline": "Simple Tailor, The", "summary_short": "", "publication_date": "1934-02-19", "opening_date": "1934-02-18", "date_updated": "2016-03-30 06:46:05", "link": {"type": "article", "url": "http://www.nytimes.com/movie/review?res=980DE3DC1539E33ABC4152DFB466838F629EDE", "suggested_link_text": "Read the New York Times Review of Simple Tailor"}, "multimedia": null}, {"display_title": "The Cat and the Fiddle", "mpaa_rating": "", "critics_pick": 0, "byline": "MORDAUNT HALL.", "headline": "Cat and the Fiddle, The", "summary_short": "Some fine Kern songs, though it's a slapdash version of a glorious stage work.", "publication_date": "1934-02-17", "opening_date": "1934-02-16", "date_updated": "2016-03-30 07:25:43", "link": {"type": "article", "url": "http://www.nytimes.com/movie/review?res=9A01E3DB113DE33ABC4F52DFB466838F629EDE", "suggested_link_text": "Read the New York Times Review of The Cat and the Fiddle"}, "multimedia": null}, {"display_title": "Bolero", "mpaa_rating": "", "critics_pick": 0, "byline": "A.D.S.", "headline": "Bolero", "summary_short": "Dancer-heel on the make. Sleek, entertaining oldie. Amusing star-clomping to Ravel, plus a neat Sally Rand, with and without fans.", "publication_date": "1934-02-17", "opening_date": "1934-02-23", "date_updated": "2016-03-30 07:15:11", "link": {"type": "article", "url": "http://www.nytimes.com/movie/review?res=9B01E3DB113DE33ABC4F52DFB466838F629EDE", "suggested_link_text": "Read the New York Times Review of Bolero"}, "multimedia": null}, {"display_title": "Carolina", "mpaa_rating": "", "critics_pick": 0, "byline": "MORDAUNT HALL.", "headline": "Carolina", "summary_short": "", "publication_date": "1934-02-16", "opening_date": "1934-02-02", "date_updated": "2016-03-30 06:58:51", "link": {"type": "article", "url": "http://www.nytimes.com/movie/review?res=980DEFDD1539E33ABC4E52DFB466838F629EDE", "suggested_link_text": "Read the New York Times Review of Carolina"}, "multimedia": null}, {"display_title": "Mandalay", "mpaa_rating": "", "critics_pick": 0, "byline": "A.D.E.", "headline": "Mandalay", "summary_short": "Singer in Rangoon bar meets a drunken doctor.", "publication_date": "1934-02-15", "opening_date": "1934-02-10", "date_updated": "2016-03-30 06:44:13", "link": {"type": "article", "url": "http://www.nytimes.com/movie/review?res=9E04E5DC1F3DE23ABC4D52DFB466838F629EDE", "suggested_link_text": "Read the New York Times Review of Mandalay"}, "multimedia": null}, {"display_title": "Catherine the Great", "mpaa_rating": "", "critics_pick": 0, "byline": "MORDAUNT HALL.", "headline": "Catherine the Great", "summary_short": "Old Russia. Impressive and thoughtful.", "publication_date": "1934-02-15", "opening_date": "1934-02-09", "date_updated": "2016-03-30 07:14:21", "link": {"type": "article", "url": "http://www.nytimes.com/movie/review?res=9D04E5DC1F3DE23ABC4D52DFB466838F629EDE", "suggested_link_text": "Read the New York Times Review of Catherine the Great"}, "multimedia": null}, {"display_title": "The Big Shakedown", "mpaa_rating": "", "critics_pick": 0, "byline": "A.D.S.", "headline": "Big Shakedown, The", "summary_short": "Druggist supplies underworld, to consternation of pregnant wife.", "publication_date": "1934-02-12", "opening_date": "1934-01-06", "date_updated": "2016-03-30 06:51:10", "link": {"type": "article", "url": "http://www.nytimes.com/movie/review?res=9C04E3DD1F3DE23ABC4A52DFB466838F629EDE", "suggested_link_text": "Read the New York Times Review of The Big Shakedown"}, "multimedia": null}, {"display_title": "Found Alive", "mpaa_rating": "", "critics_pick": 0, "byline": "A.D.S.", "headline": "Found Alive", "summary_short": "", "publication_date": "1934-02-12", "opening_date": "1933-04-11", "date_updated": "2016-03-30 06:47:15", "link": {"type": "article", "url": "http://www.nytimes.com/movie/review?res=9D04E3DD1F3DE23ABC4A52DFB466838F629EDE", "suggested_link_text": "Read the New York Times Review of Found Alive"}, "multimedia": null}]}