{"status": "OK", "copyright": "Copyright (c) 2017 The New York Times Company. All Rights Reserved.", "has_more": true, "num_results": 20, "results": [{"display_title": "The Soldier and the Lady", "mpaa_rating": "", "critics_pick": 0, "byline": "FRANK S. NUGENT", "headline": "Soldier and the Lady, The", "summary_short": "Adaptation of Jules Verne's ``Michael Strogoff.''", "publication_date": "1937-04-10", "opening_date": "1937-04-09", "date_updated": "2016-03-30 06:47:56", "link": {"type": "article", "url": "http://www.nytimes.com/movie/review?res=9502E7D71030EE32A25753C1A9629C946694D6CF", "suggested_link_text": "Read the New York Times Review of The Soldier and the Lady"}, "multimedia": null}, {"display_title": "Elephant Boy", "mpaa_rating": "", "critics_pick": 0, "byline": "FRANK S. NUGENT", "headline": "Elephant Boy", "summary_short": "Good, exotic Kipling adventure, best now for the youngsters.", "publication_date": "1937-04-06", "opening_date": "1937-04-05", "date_updated": "2016-03-30 07:24:43", "link": {"type": "article", "url": "http://www.nytimes.com/movie/review?res=9906E7D6123AE23ABC4E53DFB266838C629EDE", "suggested_link_text": "Read the New York Times Review of Elephant Boy"}, "multimedia": null}, {"display_title": "The Crime Nobody Saw", "mpaa_rating": "", "critics_pick": 0, "byline": "FRANK S. NUGENT", "headline": "Crime Nobody Saw, The", "summary_short": "", "publication_date": "1937-04-05", "opening_date": "1936-09-18", "date_updated": "2016-03-30 06:53:06", "link": {"type": "article", "url": "http://www.nytimes.com/movie/review?res=9D05E2D6153EE03ABC4D53DFB266838C629EDE", "suggested_link_text": "Read the New York Times Review of The Crime Nobody Saw"}, "multimedia": null}, {"display_title": "Step Lively, Jeeves!", "mpaa_rating": "", "critics_pick": 0, "byline": "FRANK S. NUGENT", "headline": "Step Lively, Jeeves", "summary_short": "English butler used in scheme to swindle U.S. crime czar.", "publication_date": "1937-04-02", "opening_date": null, "date_updated": "2016-03-30 07:29:15", "link": {"type": "article", "url": "http://www.nytimes.com/movie/review?res=9D02EFD7153EE03ABC4A53DFB266838C629EDE", "suggested_link_text": "Read the New York Times Review of Step Lively, Jeeves!"}, "multimedia": null}, {"display_title": "Amphitryon", "mpaa_rating": "", "critics_pick": 0, "byline": "FRANK S. NUGENT", "headline": "Amphitryon", "summary_short": "", "publication_date": "1937-03-24", "opening_date": null, "date_updated": "2016-03-30 07:19:42", "link": {"type": "article", "url": "http://www.nytimes.com/movie/review?res=9405E7DB153EE03ABC4C51DFB566838C629EDE", "suggested_link_text": "Read the New York Times Review of Amphitryon"}, "multimedia": null}, {"display_title": "Navy Spy", "mpaa_rating": "", "critics_pick": 0, "byline": "FRANK S. NUGENT", "headline": "Navy Spy", "summary_short": "", "publication_date": "1937-03-22", "opening_date": "1937-03-13", "date_updated": "2016-03-30 06:51:02", "link": {"type": "article", "url": "http://www.nytimes.com/movie/review?res=9E0DE3DA123AE23ABC4A51DFB566838C629EDE", "suggested_link_text": "Read the New York Times Review of Navy Spy"}, "multimedia": null}, {"display_title": "Her Husband Lies", "mpaa_rating": "", "critics_pick": 0, "byline": "FRANK S. NUGENT", "headline": "Her Husband Lies", "summary_short": "Competent, old-hat gambling drama.", "publication_date": "1937-03-18", "opening_date": "1937-03-13", "date_updated": "2016-03-30 07:20:19", "link": {"type": "article", "url": "http://www.nytimes.com/movie/review?res=9B00E5D91030EE32A2575BC1A9659C946694D6CF", "suggested_link_text": "Read the New York Times Review of Her Husband Lies"}, "multimedia": null}, {"display_title": "Sea Devils", "mpaa_rating": "", "critics_pick": 0, "byline": "FRANK S. NUGENT", "headline": "Sea Devils", "summary_short": "Coast Guard ice patrollers. Dated but lively.", "publication_date": "1937-03-16", "opening_date": "1937-02-19", "date_updated": "2016-03-30 06:41:57", "link": {"type": "article", "url": "http://www.nytimes.com/movie/review?res=9E0CE7DA1030EE32A25755C1A9659C946694D6CF", "suggested_link_text": "Read the New York Times Review of Sea Devils"}, "multimedia": null}, {"display_title": "Ready, Willing and Able", "mpaa_rating": "", "critics_pick": 0, "byline": "FRANK S. NUGENT", "headline": "Ready, Willing and Able", "summary_short": "One good ballad and production number: ``Too Marvelous for Words.'' The rest is drippy.", "publication_date": "1937-03-15", "opening_date": "1937-03-06", "date_updated": "2016-03-30 06:54:35", "link": {"type": "article", "url": "http://www.nytimes.com/movie/review?res=9A06E4DB1030EE32A25756C1A9659C946694D6CF", "suggested_link_text": "Read the New York Times Review of Ready, Willing and Able"}, "multimedia": null}, {"display_title": "Lost Horizon", "mpaa_rating": "Not Rated", "critics_pick": 1, "byline": "Frank S. Nugent", "headline": "LOST HORIZON (MOVIE)", "summary_short": "Plane-crash survivors discover Shangri-La. Marvelous old adventure-drama, with great Tiomkin score.", "publication_date": "1937-03-04", "opening_date": "1937-09-01", "date_updated": "2016-03-30 07:15:43", "link": {"type": "article", "url": "http://www.nytimes.com/movie/review?res=EE05E7DF1738E36FBC4C53DFB566838C629EDE", "suggested_link_text": "Read the New York Times Review of Lost Horizon"}, "multimedia": null}, {"display_title": "The Outcast", "mpaa_rating": "", "critics_pick": 0, "byline": "FRANK S. NUGENT", "headline": "Outcast", "summary_short": "Swiftly moving story of a physician wrongly accused.", "publication_date": "1937-03-03", "opening_date": "1937-02-05", "date_updated": "2016-03-30 07:30:22", "link": {"type": "article", "url": "http://www.nytimes.com/movie/review?res=9505EFDD123AE23ABC4B53DFB566838C629EDE", "suggested_link_text": "Read the New York Times Review of The Outcast"}, "multimedia": null}, {"display_title": "Girl Overboard", "mpaa_rating": "", "critics_pick": 0, "byline": "FRANK S. NUGENT", "headline": "Girl Overboard", "summary_short": "", "publication_date": "1937-03-01", "opening_date": "1937-02-01", "date_updated": "2016-03-30 06:51:44", "link": {"type": "article", "url": "http://www.nytimes.com/movie/review?res=9400E0DE123AE23ABC4953DFB566838C629EDE", "suggested_link_text": "Read the New York Times Review of Girl Overboard"}, "multimedia": null}, {"display_title": "Sabotage", "mpaa_rating": "Not Rated", "critics_pick": 0, "byline": "FRANK S. NUGENT", "headline": "Woman Alone, The", "summary_short": "Steady, tingling Hitchcock, about suspicious London wife, furtive spouse. Best sequence: boy with bomb on bus.", "publication_date": "1937-02-27", "opening_date": "1937-01-11", "date_updated": "2016-03-30 07:29:48", "link": {"type": "article", "url": "http://www.nytimes.com/movie/review?res=9A02E5DE153EE03ABC4F51DFB466838C629EDE", "suggested_link_text": "Read the New York Times Review of Sabotage"}, "multimedia": null}, {"display_title": "Man of the People", "mpaa_rating": "", "critics_pick": 0, "byline": "FRANK S. NUGENT", "headline": "Man of the People", "summary_short": "Honest, ambitious lawyer forced to deal with corrupt politicians.", "publication_date": "1937-02-23", "opening_date": "1937-01-29", "date_updated": "2016-03-30 06:51:20", "link": {"type": "article", "url": "http://www.nytimes.com/movie/review?res=9802E6DF123AE23ABC4B51DFB466838C629EDE", "suggested_link_text": "Read the New York Times Review of Man of the People"}, "multimedia": null}, {"display_title": "The House of Secrets", "mpaa_rating": "", "critics_pick": 0, "byline": "FRANK S. NUGENT", "headline": "House of Secrets", "summary_short": "", "publication_date": "1937-02-22", "opening_date": "1936-10-28", "date_updated": "2016-03-30 06:47:38", "link": {"type": "article", "url": "http://www.nytimes.com/movie/review?res=9906EFDF153EE03ABC4A51DFB466838C629EDE", "suggested_link_text": "Read the New York Times Review of The House of Secrets"}, "multimedia": null}, {"display_title": "His Lordship", "mpaa_rating": "", "critics_pick": 0, "byline": "FRANK S. NUGENT", "headline": "Man of Affairs", "summary_short": "", "publication_date": "1937-02-20", "opening_date": "1937-02-19", "date_updated": "2016-03-30 06:44:14", "link": {"type": "article", "url": "http://www.nytimes.com/movie/review?res=9C00E3D91638EF3ABC4851DFB466838C629EDE", "suggested_link_text": "Read the New York Times Review of His Lordship"}, "multimedia": null}, {"display_title": "Don't Tell the Wife", "mpaa_rating": "", "critics_pick": 0, "byline": "FRANK S. NUGENT", "headline": "Don't Tell the Wife", "summary_short": "Con men use honest front man and farmer to promote their gold mine.", "publication_date": "1937-02-19", "opening_date": "1937-03-05", "date_updated": "2016-03-30 07:27:06", "link": {"type": "article", "url": "http://www.nytimes.com/movie/review?res=9C07E4D6153AE23ABC4152DFB466838C629EDE", "suggested_link_text": "Read the New York Times Review of Don't Tell the Wife"}, "multimedia": null}, {"display_title": "A Doctor's Diary", "mpaa_rating": "", "critics_pick": 0, "byline": "FRANK S. NUGENT", "headline": "Doctor's Diary, A", "summary_short": "Patient charges blunder.", "publication_date": "1937-02-17", "opening_date": "1937-02-16", "date_updated": "2016-03-30 06:49:02", "link": {"type": "article", "url": "http://www.nytimes.com/movie/review?res=9A0CE1D7153AE23ABC4F52DFB466838C629EDE", "suggested_link_text": "Read the New York Times Review of A Doctor's Diary"}, "multimedia": null}, {"display_title": "We're on the Jury", "mpaa_rating": "", "critics_pick": 0, "byline": "FRANK S. NUGENT", "headline": "We're on the Jury", "summary_short": "", "publication_date": "1937-02-10", "opening_date": "1937-02-12", "date_updated": "2016-03-30 07:12:40", "link": {"type": "article", "url": "http://www.nytimes.com/movie/review?res=9B02E5DF153EE03ABC4852DFB466838C629EDE", "suggested_link_text": "Read the New York Times Review of We're on the Jury"}, "multimedia": null}, {"display_title": "The Beloved Vagabond", "mpaa_rating": "", "critics_pick": 0, "byline": "FRANK S. NUGENT", "headline": "Beloved Vagabond, The", "summary_short": "", "publication_date": "1937-02-08", "opening_date": "1937-02-07", "date_updated": "2016-03-30 07:14:52", "link": {"type": "article", "url": "http://www.nytimes.com/movie/review?res=9400E0DC153AE23ABC4053DFB466838C629EDE", "suggested_link_text": "Read the New York Times Review of The Beloved Vagabond"}, "multimedia": null}]}