{"status": "OK", "copyright": "Copyright (c) 2017 The New York Times Company. All Rights Reserved.", "has_more": true, "num_results": 20, "results": [{"display_title": "Night World", "mpaa_rating": "", "critics_pick": 0, "byline": "A.D.S.", "headline": "Night World", "summary_short": "A mobster-run Manhattan club.", "publication_date": "1932-05-28", "opening_date": "1932-05-05", "date_updated": "2016-03-30 07:12:10", "link": {"type": "article", "url": "http://www.nytimes.com/movie/review?res=9504E5D81031E333A2575BC2A9639C946394D6CF", "suggested_link_text": "Read the New York Times Review of Night World"}, "multimedia": null}, {"display_title": "Man About Town", "mpaa_rating": "", "critics_pick": 0, "byline": "MORDAUNT HALL", "headline": "Man About Town", "summary_short": "", "publication_date": "1932-05-28", "opening_date": "1932-05-22", "date_updated": "2016-03-30 07:11:42", "link": {"type": "article", "url": "http://www.nytimes.com/movie/review?res=9D07E5D81031E333A2575BC2A9639C946394D6CF", "suggested_link_text": "Read the New York Times Review of Man About Town"}, "multimedia": null}, {"display_title": "Escapade", "mpaa_rating": "", "critics_pick": 0, "byline": "A.D.S.", "headline": "Escapade", "summary_short": "", "publication_date": "1932-05-28", "opening_date": "1932-04-01", "date_updated": "2016-03-30 07:14:40", "link": {"type": "article", "url": "http://www.nytimes.com/movie/review?res=9807E5D81031E333A2575BC2A9639C946394D6CF", "suggested_link_text": "Read the New York Times Review of Escapade"}, "multimedia": null}, {"display_title": "Night Court", "mpaa_rating": "", "critics_pick": 0, "byline": "MORDAUNT HALL.", "headline": "Night Court", "summary_short": "Judge frames cabbie's wife who has proof of his corruption.", "publication_date": "1932-05-27", "opening_date": "1932-06-04", "date_updated": "2016-03-30 06:53:17", "link": {"type": "article", "url": "http://www.nytimes.com/movie/review?res=9402E4D6123EE633A25754C2A9639C946394D6CF", "suggested_link_text": "Read the New York Times Review of Night Court"}, "multimedia": null}, {"display_title": "Odna", "mpaa_rating": "", "critics_pick": 0, "byline": "MORDAUNT HALL.", "headline": "Alone", "summary_short": "", "publication_date": "1932-05-25", "opening_date": "0000-00-00", "date_updated": "2016-03-30 06:52:50", "link": {"type": "article", "url": "http://www.nytimes.com/movie/review?res=9E03E5D7123EE633A25756C2A9639C946394D6CF", "suggested_link_text": "Read the New York Times Review of Odna"}, "multimedia": null}, {"display_title": "The Tenderfoot", "mpaa_rating": "", "critics_pick": 0, "byline": "MORDAUNT HALL.", "headline": "Tenderfoot, The", "summary_short": "Cowboy fulfills  dream of backing a Broadway show.", "publication_date": "1932-05-23", "opening_date": null, "date_updated": "2016-03-30 07:17:10", "link": {"type": "article", "url": "http://www.nytimes.com/movie/review?res=9F03E0DA123EE633A25750C2A9639C946394D6CF", "suggested_link_text": "Read the New York Times Review of The Tenderfoot"}, "multimedia": null}, {"display_title": "Reserved for Ladies", "mpaa_rating": "", "critics_pick": 0, "byline": "MORDAUNT HALL", "headline": "Reserved for Ladies", "summary_short": "", "publication_date": "1932-05-21", "opening_date": "1932-06-20", "date_updated": "2016-03-30 07:23:18", "link": {"type": "article", "url": "http://www.nytimes.com/movie/review?res=980CE7DB123EE633A25752C2A9639C946394D6CF", "suggested_link_text": "Read the New York Times Review of Reserved for Ladies"}, "multimedia": null}, {"display_title": "Lena Rivers", "mpaa_rating": "", "critics_pick": 0, "byline": "H.T.S.", "headline": "Lena Rivers", "summary_short": "", "publication_date": "1932-05-21", "opening_date": null, "date_updated": "2016-03-30 07:13:07", "link": {"type": "article", "url": "http://www.nytimes.com/movie/review?res=990CE7DB123EE633A25752C2A9639C946394D6CF", "suggested_link_text": "Read the New York Times Review of Lena Rivers"}, "multimedia": null}, {"display_title": "Two Seconds", "mpaa_rating": "", "critics_pick": 0, "byline": "MORDAUNT HALL.", "headline": "Two Seconds", "summary_short": "Execution-bound man reviews life. Compelling story.", "publication_date": "1932-05-19", "opening_date": "1932-05-28", "date_updated": "2016-03-30 07:30:20", "link": {"type": "article", "url": "http://www.nytimes.com/movie/review?res=9A06EFDD123EE633A2575AC1A9639C946394D6CF", "suggested_link_text": "Read the New York Times Review of Two Seconds"}, "multimedia": null}, {"display_title": "\u00c3\u20ac Nous la Libert\u00c3\u00a9", "mpaa_rating": "", "critics_pick": 1, "byline": "MORDAUNT HALL.", "headline": "Nous, La Liberte, A", "summary_short": "Captivating satire of industrialization, with songs, via Rene Clair. Up there with Chaplin's ``Modern Times.'' Pounce.", "publication_date": "1932-05-18", "opening_date": "1931-12-31", "date_updated": "2016-03-30 07:26:13", "link": {"type": "article", "url": "http://www.nytimes.com/movie/review?res=9D00E1D81431E633A2575BC1A9639C946394D6CF", "suggested_link_text": "Read the New York Times Review of \u00c3\u20ac Nous la Libert\u00c3\u00a9"}, "multimedia": null}, {"display_title": "The Rich Are Always with Us", "mpaa_rating": "", "critics_pick": 0, "byline": "MORDAUNT HALL.", "headline": "Rich are Always With Us, The", "summary_short": "Socialite can't get over cheating husband. Silly.", "publication_date": "1932-05-16", "opening_date": "1932-05-21", "date_updated": "2016-03-30 06:46:08", "link": {"type": "article", "url": "http://www.nytimes.com/movie/review?res=9901E5DF123EE633A25755C1A9639C946394D6CF", "suggested_link_text": "Read the New York Times Review of The Rich Are Always with Us"}, "multimedia": null}, {"display_title": "F\u00c3\u00bcnf von der Jazzband", "mpaa_rating": "", "critics_pick": 0, "byline": "C. HOOPER TRASK.", "headline": "Fuenf von der Jazzband", "summary_short": "", "publication_date": "1932-05-15", "opening_date": null, "date_updated": "2016-03-30 06:54:48", "link": {"type": "article", "url": "http://www.nytimes.com/movie/review?res=9B04E1D6153EE633A25756C1A9639C946394D6CF", "suggested_link_text": "Read the New York Times Review of F\u00c3\u00bcnf von der Jazzband"}, "multimedia": null}, {"display_title": "When a Feller Needs a Friend", "mpaa_rating": "", "critics_pick": 0, "byline": "M.H.", "headline": "When a Feller Needs a Friend", "summary_short": "Parents and uncle fail at attempts to comfort  crippled boy.", "publication_date": "1932-05-14", "opening_date": "1932-04-30", "date_updated": "2016-03-30 06:48:57", "link": {"type": "article", "url": "http://www.nytimes.com/movie/review?res=9F07E1D7153EE633A25757C1A9639C946394D6CF", "suggested_link_text": "Read the New York Times Review of When a Feller Needs a Friend"}, "multimedia": null}, {"display_title": "Sinners in the Sun", "mpaa_rating": "", "critics_pick": 0, "byline": "MORDAUNT HALL.", "headline": "Sinners in the Sun", "summary_short": "", "publication_date": "1932-05-14", "opening_date": "1932-05-13", "date_updated": "2016-03-30 07:25:52", "link": {"type": "article", "url": "http://www.nytimes.com/movie/review?res=9E07E1D7153EE633A25757C1A9639C946394D6CF", "suggested_link_text": "Read the New York Times Review of Sinners in the Sun"}, "multimedia": null}, {"display_title": "No Greater Love", "mpaa_rating": "", "critics_pick": 0, "byline": "A.D.S.", "headline": "No Greater Love", "summary_short": "", "publication_date": "1932-05-14", "opening_date": "1932-06-04", "date_updated": "2016-03-30 07:20:15", "link": {"type": "article", "url": "http://www.nytimes.com/movie/review?res=9807E1D7153EE633A25757C1A9639C946394D6CF", "suggested_link_text": "Read the New York Times Review of No Greater Love"}, "multimedia": null}, {"display_title": "Der Kongress Tanzt", "mpaa_rating": "", "critics_pick": 0, "byline": "MORDAUNT HALL.", "headline": "Congress Dances", "summary_short": "", "publication_date": "1932-05-12", "opening_date": "1932-04-25", "date_updated": "2016-03-30 07:24:17", "link": {"type": "article", "url": "http://www.nytimes.com/movie/review?res=9D06E5D9153EE633A25751C1A9639C946394D6CF", "suggested_link_text": "Read the New York Times Review of Der Kongress Tanzt"}, "multimedia": null}, {"display_title": "City of Song", "mpaa_rating": "", "critics_pick": 0, "byline": "MORDAUNT HALL.", "headline": "Singende Stadt, Die", "summary_short": "", "publication_date": "1932-05-10", "opening_date": null, "date_updated": "2016-03-30 07:12:10", "link": {"type": "article", "url": "http://www.nytimes.com/movie/review?res=9C0DEFDC153EE633A25753C1A9639C946394D6CF", "suggested_link_text": "Read the New York Times Review of City of Song"}, "multimedia": null}, {"display_title": "The Strange Love of Molly Louvain", "mpaa_rating": "Not Rated", "critics_pick": 0, "byline": "MORDAUNT HALL.", "headline": "Strange Love of Molly Louvain, The", "summary_short": "Reporter tails bellboy and girlfriend.", "publication_date": "1932-05-09", "opening_date": "1932-05-28", "date_updated": "2016-03-30 06:52:52", "link": {"type": "article", "url": "http://www.nytimes.com/movie/review?res=9501E3DC153EE633A2575AC0A9639C946394D6CF", "suggested_link_text": "Read the New York Times Review of The Strange Love of Molly Louvain"}, "multimedia": null}, {"display_title": "Tu Seras Duchesse", "mpaa_rating": "", "critics_pick": 0, "byline": "H.T.S.", "headline": "Tu Seras Duchesse", "summary_short": "", "publication_date": "1932-05-07", "opening_date": "1932-05-06", "date_updated": "2016-03-30 07:30:02", "link": {"type": "article", "url": "http://www.nytimes.com/movie/review?res=9503E3D91431E633A25754C0A9639C946394D6CF", "suggested_link_text": "Read the New York Times Review of Tu Seras Duchesse"}, "multimedia": null}, {"display_title": "The Midnight Patrol", "mpaa_rating": "", "critics_pick": 0, "byline": "A.D.S.", "headline": "Midnight Patrol, The", "summary_short": "", "publication_date": "1932-05-07", "opening_date": "1933-08-03", "date_updated": "2016-03-30 06:42:33", "link": {"type": "article", "url": "http://www.nytimes.com/movie/review?res=9403E3D91431E633A25754C0A9639C946394D6CF", "suggested_link_text": "Read the New York Times Review of The Midnight Patrol"}, "multimedia": null}]}