{"status": "OK", "copyright": "Copyright (c) 2017 The New York Times Company. All Rights Reserved.", "has_more": true, "num_results": 20, "results": [{"display_title": "Bitter Sweet", "mpaa_rating": "", "critics_pick": 0, "byline": "MORDAUNT HALL", "headline": "Bitter Sweet", "summary_short": "", "publication_date": "1933-08-24", "opening_date": "1933-08-25", "date_updated": "2016-03-30 06:50:49", "link": {"type": "article", "url": "http://www.nytimes.com/movie/review?res=9A06EFD61730EF3ABC4C51DFBE668388629EDE", "suggested_link_text": "Read the New York Times Review of Bitter Sweet"}, "multimedia": null}, {"display_title": "Voltaire", "mpaa_rating": "", "critics_pick": 0, "byline": "MORDAUNT HALL.", "headline": "Voltaire", "summary_short": "Outspoken 18th-century writer and wit. Fanciful but entertaining.", "publication_date": "1933-08-23", "opening_date": "1933-08-05", "date_updated": "2016-03-30 07:19:55", "link": {"type": "article", "url": "http://www.nytimes.com/movie/review?res=9F01EED9153FE63ABC4B51DFBE668388629EDE", "suggested_link_text": "Read the New York Times Review of Voltaire"}, "multimedia": null}, {"display_title": "Moonlight and Pretzels", "mpaa_rating": "", "critics_pick": 0, "byline": "F.S.N.", "headline": "Moonlight and Pretzels", "summary_short": "", "publication_date": "1933-08-23", "opening_date": "1933-08-01", "date_updated": "2016-03-30 07:22:25", "link": {"type": "article", "url": "http://www.nytimes.com/movie/review?res=9406EED9153FE63ABC4B51DFBE668388629EDE", "suggested_link_text": "Read the New York Times Review of Moonlight and Pretzels"}, "multimedia": null}, {"display_title": "Blarney Kiss", "mpaa_rating": "", "critics_pick": 0, "byline": "MORDAUNT HALL", "headline": "Blarney Kiss, The", "summary_short": "", "publication_date": "1933-08-19", "opening_date": null, "date_updated": "2016-03-30 07:29:36", "link": {"type": "article", "url": "http://www.nytimes.com/movie/review?res=9F04E5D71F3EE333A2575AC1A96E9C946294D6CF", "suggested_link_text": "Read the New York Times Review of Blarney Kiss"}, "multimedia": null}, {"display_title": "Morning Glory", "mpaa_rating": "", "critics_pick": 0, "byline": "MORDAUNT HALL", "headline": "Morning Glory", "summary_short": "Or, I do so want to be an actress. Kate's first Oscar, and her young, eccentric charm spins it.", "publication_date": "1933-08-18", "opening_date": "1933-08-18", "date_updated": "2016-03-30 06:44:07", "link": {"type": "article", "url": "http://www.nytimes.com/movie/review?res=9E07EEDE1231EF3ABC4052DFBE668388629EDE", "suggested_link_text": "Read the New York Times Review of Morning Glory"}, "multimedia": null}, {"display_title": "Captured", "mpaa_rating": "Not Rated", "critics_pick": 0, "byline": "M.H.", "headline": "Captured", "summary_short": "Smoothly effective story set in World War I. Able cast.", "publication_date": "1933-08-18", "opening_date": "1933-08-19", "date_updated": "2016-03-30 07:22:02", "link": {"type": "article", "url": "http://www.nytimes.com/movie/review?res=9F07EEDE1231EF3ABC4052DFBE668388629EDE", "suggested_link_text": "Read the New York Times Review of Captured"}, "multimedia": null}, {"display_title": "The Power and the Glory", "mpaa_rating": "", "critics_pick": 0, "byline": "MORDAUNT HALL.", "headline": "Power and the Glory, The", "summary_short": "A lifelong friend recalls a hated railroad tycoon at his funeral. Written by Preston Sturges.", "publication_date": "1933-08-17", "opening_date": "1933-10-06", "date_updated": "2016-03-30 07:26:46", "link": {"type": "article", "url": "http://www.nytimes.com/movie/review?res=9C0DE5DE1231EF3ABC4F52DFBE668388629EDE", "suggested_link_text": "Read the New York Times Review of The Power and the Glory"}, "multimedia": null}, {"display_title": "The Faithful Hearts", "mpaa_rating": "", "critics_pick": 0, "byline": "MORDAUNT HALL.", "headline": "Faithful Heart", "summary_short": "", "publication_date": "1933-08-15", "opening_date": null, "date_updated": "2016-03-30 07:20:01", "link": {"type": "article", "url": "http://www.nytimes.com/movie/review?res=9806E7D61531EF3ABC4D52DFBE668388629EDE", "suggested_link_text": "Read the New York Times Review of The Faithful Hearts"}, "multimedia": null}, {"display_title": "Tugboat Annie", "mpaa_rating": "", "critics_pick": 0, "byline": "MORDAUNT HALL", "headline": "Tugboat Annie", "summary_short": "Salty and teary.", "publication_date": "1933-08-12", "opening_date": "1933-08-04", "date_updated": "2016-03-30 06:54:52", "link": {"type": "article", "url": "http://www.nytimes.com/movie/review?res=9406E4D71531EF3ABC4A52DFBE668388629EDE", "suggested_link_text": "Read the New York Times Review of Tugboat Annie"}, "multimedia": null}, {"display_title": "Her Bodyguard", "mpaa_rating": "", "critics_pick": 0, "byline": "MORDAUNT HALL", "headline": "Her Bodyguard", "summary_short": "", "publication_date": "1933-08-07", "opening_date": "1933-07-21", "date_updated": "2016-03-30 07:22:20", "link": {"type": "article", "url": "http://www.nytimes.com/movie/review?res=9E07E3D81531EF3ABC4F53DFBE668388629EDE", "suggested_link_text": "Read the New York Times Review of Her Bodyguard"}, "multimedia": null}, {"display_title": "Mary Stevens, M.D.", "mpaa_rating": "Not Rated", "critics_pick": 0, "byline": "A.D.S.", "headline": "Mary Stevens, M D", "summary_short": "Early suds.", "publication_date": "1933-08-05", "opening_date": "1933-07-22", "date_updated": "2016-03-30 06:47:10", "link": {"type": "article", "url": "http://www.nytimes.com/movie/review?res=990DE7D91539E033A25756C0A96E9C946294D6CF", "suggested_link_text": "Read the New York Times Review of Mary Stevens, M.D."}, "multimedia": null}, {"display_title": "The Big Brain", "mpaa_rating": "", "critics_pick": 0, "byline": "A.D.S.", "headline": "Big Brain, The", "summary_short": "", "publication_date": "1933-08-05", "opening_date": "1933-08-05", "date_updated": "2016-03-30 07:24:13", "link": {"type": "article", "url": "http://www.nytimes.com/movie/review?res=9E0DE7D91539E033A25756C0A96E9C946294D6CF", "suggested_link_text": "Read the New York Times Review of The Big Brain"}, "multimedia": null}, {"display_title": "Another Language", "mpaa_rating": "", "critics_pick": 0, "byline": "MORDAUNT HALL", "headline": "Another Language", "summary_short": "Sensitive bride with real in-law trouble, via Broadway. Provocative, well played drama.", "publication_date": "1933-08-05", "opening_date": "1933-07-28", "date_updated": "2016-03-30 06:42:21", "link": {"type": "article", "url": "http://www.nytimes.com/movie/review?res=9F0DE7D91539E033A25756C0A96E9C946294D6CF", "suggested_link_text": "Read the New York Times Review of Another Language"}, "multimedia": null}, {"display_title": "Melodia de Arrabal", "mpaa_rating": "", "critics_pick": 0, "byline": "H.T.S.", "headline": "Melodia de Arrabal", "summary_short": "", "publication_date": "1933-08-05", "opening_date": null, "date_updated": "2016-03-30 06:45:56", "link": {"type": "article", "url": "http://www.nytimes.com/movie/review?res=980DE7D91539E033A25756C0A96E9C946294D6CF", "suggested_link_text": "Read the New York Times Review of Melodia de Arrabal"}, "multimedia": null}, {"display_title": "No Marriage Ties", "mpaa_rating": "", "critics_pick": 0, "byline": "MORDAUNT HALL", "headline": "No Marriage Ties", "summary_short": "A climbing, ruthless journalist.", "publication_date": "1933-08-04", "opening_date": "1933-08-11", "date_updated": "2016-03-30 06:49:48", "link": {"type": "article", "url": "http://www.nytimes.com/movie/review?res=9E0CE5D81F3EE333A25757C0A96E9C946294D6CF", "suggested_link_text": "Read the New York Times Review of No Marriage Ties"}, "multimedia": null}, {"display_title": "The Phantom Broadcast", "mpaa_rating": "", "critics_pick": 0, "byline": "A.D.S.", "headline": "Phantom Broadcast, The", "summary_short": "No review", "publication_date": "1933-07-31", "opening_date": "1933-03-15", "date_updated": "2016-03-30 06:50:21", "link": {"type": "article", "url": "http://www.nytimes.com/movie/review?res=9C06E5D91F3EE333A25752C3A9619C946294D6CF", "suggested_link_text": "Read the New York Times Review of The Phantom Broadcast"}, "multimedia": null}, {"display_title": "Don't Bet on Love", "mpaa_rating": "Not Rated", "critics_pick": 0, "byline": "F.S.N.", "headline": "Don't Bet on Love", "summary_short": "", "publication_date": "1933-07-31", "opening_date": "1933-07-01", "date_updated": "2016-03-30 06:49:59", "link": {"type": "article", "url": "http://www.nytimes.com/movie/review?res=9507E5D91F3EE333A25752C3A9619C946294D6CF", "suggested_link_text": "Read the New York Times Review of Don't Bet on Love"}, "multimedia": null}, {"display_title": "She Had to Say Yes", "mpaa_rating": "Not Rated", "critics_pick": 0, "byline": "F.S.N.", "headline": "She Had to Say Yes", "summary_short": "Secretaries forced to entertain clients. A Busby Berkeley drama.", "publication_date": "1933-07-29", "opening_date": "1933-07-15", "date_updated": "2016-03-30 07:14:55", "link": {"type": "article", "url": "http://www.nytimes.com/movie/review?res=9F03E4DA1531EF3ABC4151DFB1668388629EDE", "suggested_link_text": "Read the New York Times Review of She Had to Say Yes"}, "multimedia": null}, {"display_title": "Revenge at Monte Carlo", "mpaa_rating": "", "critics_pick": 0, "byline": "H.T.S.", "headline": "Dos Noches", "summary_short": "", "publication_date": "1933-07-29", "opening_date": "1933-02-01", "date_updated": "2016-03-30 06:55:07", "link": {"type": "article", "url": "http://www.nytimes.com/movie/review?res=9803E4DA1531EF3ABC4151DFB1668388629EDE", "suggested_link_text": "Read the New York Times Review of Revenge at Monte Carlo"}, "multimedia": null}, {"display_title": "Midnight Club", "mpaa_rating": "", "critics_pick": 0, "byline": "A.D.S.", "headline": "Midnight Club", "summary_short": "", "publication_date": "1933-07-29", "opening_date": "1933-07-29", "date_updated": "2016-03-30 06:43:16", "link": {"type": "article", "url": "http://www.nytimes.com/movie/review?res=9E03E4DA1531EF3ABC4151DFB1668388629EDE", "suggested_link_text": "Read the New York Times Review of Midnight Club"}, "multimedia": null}]}