{"status": "OK", "copyright": "Copyright (c) 2017 The New York Times Company. All Rights Reserved.", "has_more": true, "num_results": 20, "results": [{"display_title": "Groza", "mpaa_rating": "", "critics_pick": 0, "byline": "H.T.S.", "headline": "Thunderstorm", "summary_short": "", "publication_date": "1934-09-29", "opening_date": "1934-09-28", "date_updated": "2016-03-30 06:49:50", "link": {"type": "article", "url": "http://www.nytimes.com/movie/review?res=9D02E0D9103CE23ABC4151DFBF66838F629EDE", "suggested_link_text": "Read the New York Times Review of Groza"}, "multimedia": null}, {"display_title": "The Barretts of Wimpole Street", "mpaa_rating": "Not Rated", "critics_pick": 0, "byline": "ANDRE SENNWALD.", "headline": "Barretts of Wimpole Street, The", "summary_short": "Two lovelorn poets. Idiotic new label for ``The Barretts of Wimpole Street.'' Beautifully done.", "publication_date": "1934-09-29", "opening_date": "1934-09-21", "date_updated": "2016-03-30 06:57:47", "link": {"type": "article", "url": "http://www.nytimes.com/movie/review?res=9C02E0D9103CE23ABC4151DFBF66838F629EDE", "suggested_link_text": "Read the New York Times Review of The Barretts of Wimpole Street"}, "multimedia": null}, {"display_title": "Schuss im Morgengrauen", "mpaa_rating": "", "critics_pick": 0, "byline": "H.T.S.", "headline": "Schuss im Morgengrauen", "summary_short": "", "publication_date": "1934-09-29", "opening_date": "1934-09-28", "date_updated": "2016-03-30 07:14:16", "link": {"type": "article", "url": "http://www.nytimes.com/movie/review?res=9E02E0D9103CE23ABC4151DFBF66838F629EDE", "suggested_link_text": "Read the New York Times Review of Schuss im Morgengrauen"}, "multimedia": null}, {"display_title": "Caravan", "mpaa_rating": "", "critics_pick": 0, "byline": "ANDRE SENNWALD.", "headline": "Caravan", "summary_short": "", "publication_date": "1934-09-28", "opening_date": null, "date_updated": "2016-03-30 06:52:48", "link": {"type": "article", "url": "http://www.nytimes.com/movie/review?res=9D03E5DC123FE53ABC4051DFBF66838F629EDE", "suggested_link_text": "Read the New York Times Review of Caravan"}, "multimedia": null}, {"display_title": "The Count of Monte Cristo", "mpaa_rating": "Not Rated", "critics_pick": 1, "byline": "ANDRE SENNWALD.", "headline": "Count of Monte Cristo, The", "summary_short": "Grand, full-rigged adventure from the Dumas classic. One of the real champs.", "publication_date": "1934-09-27", "opening_date": "1934-09-07", "date_updated": "2016-03-30 07:13:58", "link": {"type": "article", "url": "http://www.nytimes.com/movie/review?res=990DE3DD123FE53ABC4F51DFBF66838F629EDE", "suggested_link_text": "Read the New York Times Review of The Count of Monte Cristo"}, "multimedia": null}, {"display_title": "Servants' Entrance", "mpaa_rating": "", "critics_pick": 0, "byline": "F.S.N.", "headline": "Servants' Entrance", "summary_short": "", "publication_date": "1934-09-27", "opening_date": "1934-09-26", "date_updated": "2016-03-30 07:26:41", "link": {"type": "article", "url": "http://www.nytimes.com/movie/review?res=9A0DE3DD123FE53ABC4F51DFBF66838F629EDE", "suggested_link_text": "Read the New York Times Review of Servants' Entrance"}, "multimedia": null}, {"display_title": "Gift of Gab", "mpaa_rating": "", "critics_pick": 0, "byline": "ANDRE SENNWALD.", "headline": "Gift of Gab", "summary_short": "", "publication_date": "1934-09-26", "opening_date": "1934-09-01", "date_updated": "2016-03-30 07:23:13", "link": {"type": "article", "url": "http://www.nytimes.com/movie/review?res=9C0DE5D9103CE23ABC4E51DFBF66838F629EDE", "suggested_link_text": "Read the New York Times Review of Gift of Gab"}, "multimedia": null}, {"display_title": "Down to Their Last Yacht", "mpaa_rating": "", "critics_pick": 0, "byline": "F.S.N.", "headline": "Down to Their Last Yacht", "summary_short": "Comedy about shipwrecked socialites.", "publication_date": "1934-09-24", "opening_date": "1934-08-31", "date_updated": "2016-03-30 07:23:11", "link": {"type": "article", "url": "http://www.nytimes.com/movie/review?res=9C0DE0DA103CE23ABC4C51DFBF66838F629EDE", "suggested_link_text": "Read the New York Times Review of Down to Their Last Yacht"}, "multimedia": null}, {"display_title": "Death on the Diamond", "mpaa_rating": "", "critics_pick": 0, "byline": "ANDRE SENNWALD.", "headline": "Death on the Diamond", "summary_short": "Rookie St. Louis Cardinals pitcher stops stadium killer with curve ball.", "publication_date": "1934-09-24", "opening_date": "1934-09-14", "date_updated": "2016-03-30 06:48:21", "link": {"type": "article", "url": "http://www.nytimes.com/movie/review?res=9502E0DA103CE23ABC4C51DFBF66838F629EDE", "suggested_link_text": "Read the New York Times Review of Death on the Diamond"}, "multimedia": null}, {"display_title": "Chu Chin Chow", "mpaa_rating": "", "critics_pick": 0, "byline": "F.S.N.", "headline": "Chu Chin Chow", "summary_short": "", "publication_date": "1934-09-22", "opening_date": "1934-09-21", "date_updated": "2016-03-30 06:53:57", "link": {"type": "article", "url": "http://www.nytimes.com/movie/review?res=980DE6DB103CE23ABC4A51DFBF66838F629EDE", "suggested_link_text": "Read the New York Times Review of Chu Chin Chow"}, "multimedia": null}, {"display_title": "Belle of the Nineties", "mpaa_rating": "", "critics_pick": 0, "byline": "ANDRE SENNWALD.", "headline": "Belle of the Nineties", "summary_short": "Good production, smooth enough but not Grade-A Mae.", "publication_date": "1934-09-22", "opening_date": "1934-09-21", "date_updated": "2016-03-30 06:41:37", "link": {"type": "article", "url": "http://www.nytimes.com/movie/review?res=9F0DE6DB103CE23ABC4A51DFBF66838F629EDE", "suggested_link_text": "Read the New York Times Review of Belle of the Nineties"}, "multimedia": null}, {"display_title": "The Richest Girl in the World", "mpaa_rating": "", "critics_pick": 0, "byline": "ANDRE SENNWALD.", "headline": "Richest Girl in the World, The", "summary_short": "Heiress trades places with secretary. Entertaining romantic comedy.", "publication_date": "1934-09-21", "opening_date": "1934-09-21", "date_updated": "2016-03-30 07:12:59", "link": {"type": "article", "url": "http://www.nytimes.com/movie/review?res=9907E4DD173CE733A25752C2A96F9C946594D6CF", "suggested_link_text": "Read the New York Times Review of The Richest Girl in the World"}, "multimedia": null}, {"display_title": "British Agent", "mpaa_rating": "Not Rated", "critics_pick": 0, "byline": "ANDRE SENNWALD.", "headline": "British Agent", "summary_short": "Vigorous, atmospheric drama of Bolshevik upheaval. The stars are skillful, charming. One oldie that's improved with time.", "publication_date": "1934-09-20", "opening_date": "1934-09-15", "date_updated": "2016-03-30 07:05:53", "link": {"type": "article", "url": "http://www.nytimes.com/movie/review?res=9C05E5D61339E33ABC4851DFBF66838F629EDE", "suggested_link_text": "Read the New York Times Review of British Agent"}, "multimedia": null}, {"display_title": "Million Dollar Ransom", "mpaa_rating": "", "critics_pick": 0, "byline": "ANDRE SENNWALD.", "headline": "Million Dollar Ransom", "summary_short": "", "publication_date": "1934-09-19", "opening_date": "1934-09-01", "date_updated": "2016-03-30 07:28:02", "link": {"type": "article", "url": "http://www.nytimes.com/movie/review?res=9503E1DC103CE23ABC4152DFBF66838F629EDE", "suggested_link_text": "Read the New York Times Review of Million Dollar Ransom"}, "multimedia": null}, {"display_title": "Young and Beautiful", "mpaa_rating": "", "critics_pick": 0, "byline": "ANDRE SENNWALD.", "headline": "Young and Beautiful", "summary_short": "", "publication_date": "1934-09-18", "opening_date": "1934-09-17", "date_updated": "2016-03-30 07:26:26", "link": {"type": "article", "url": "http://www.nytimes.com/movie/review?res=9B04E1DB1639EE32A2575BC1A96F9C946594D6CF", "suggested_link_text": "Read the New York Times Review of Young and Beautiful"}, "multimedia": null}, {"display_title": "Melodie Der Liebe", "mpaa_rating": "", "critics_pick": 0, "byline": "H.T.S.", "headline": "Melodie der Liebe", "summary_short": "", "publication_date": "1934-09-17", "opening_date": "1934-09-16", "date_updated": "2016-03-30 06:47:59", "link": {"type": "article", "url": "http://www.nytimes.com/movie/review?res=9F00E4DE123FE53ABC4F52DFBF66838F629EDE", "suggested_link_text": "Read the New York Times Review of Melodie Der Liebe"}, "multimedia": null}, {"display_title": "The Scarlet Empress", "mpaa_rating": "Not Rated", "critics_pick": 0, "byline": "A.D.S.", "headline": "Scarlet Empress, The", "summary_short": "Catherine looks great. So does the picture. Dazzling, artistic eyeful.", "publication_date": "1934-09-15", "opening_date": "1934-09-15", "date_updated": "2016-03-30 07:22:45", "link": {"type": "article", "url": "http://www.nytimes.com/movie/review?res=9F01EFD71339E33ABC4D52DFBF66838F629EDE", "suggested_link_text": "Read the New York Times Review of The Scarlet Empress"}, "multimedia": null}, {"display_title": "The Human Side", "mpaa_rating": "", "critics_pick": 0, "byline": "F.S.N.", "headline": "Human Side, The", "summary_short": "", "publication_date": "1934-09-15", "opening_date": "1934-09-01", "date_updated": "2016-03-30 06:57:39", "link": {"type": "article", "url": "http://www.nytimes.com/movie/review?res=9901EFD71339E33ABC4D52DFBF66838F629EDE", "suggested_link_text": "Read the New York Times Review of The Human Side"}, "multimedia": null}, {"display_title": "Desirable", "mpaa_rating": "", "critics_pick": 0, "byline": "A.D.S.", "headline": "Desirable", "summary_short": "Film star's daughter smitten with mother's suitor.", "publication_date": "1934-09-15", "opening_date": "1934-09-08", "date_updated": "2016-03-30 07:07:32", "link": {"type": "article", "url": "http://www.nytimes.com/movie/review?res=9801EFD71339E33ABC4D52DFBF66838F629EDE", "suggested_link_text": "Read the New York Times Review of Desirable"}, "multimedia": null}, {"display_title": "You Belong to Me", "mpaa_rating": "", "critics_pick": 0, "byline": "A.D.S.", "headline": "You Belong to Me", "summary_short": "", "publication_date": "1934-09-13", "opening_date": "1934-09-08", "date_updated": "2016-03-30 07:22:46", "link": {"type": "article", "url": "http://www.nytimes.com/movie/review?res=9405E1D81339E33ABC4B52DFBF66838F629EDE", "suggested_link_text": "Read the New York Times Review of You Belong to Me"}, "multimedia": null}]}