{"status": "OK", "copyright": "Copyright (c) 2017 The New York Times Company. All Rights Reserved.", "has_more": true, "num_results": 20, "results": [{"display_title": "Der Raub Der Mona Lisa", "mpaa_rating": "", "critics_pick": 0, "byline": "MORDAUNT HALL.", "headline": "Raub der Mona Lisa, Der", "summary_short": "", "publication_date": "1932-03-30", "opening_date": "1932-03-29", "date_updated": "2016-03-30 07:20:06", "link": {"type": "article", "url": "http://www.nytimes.com/movie/review?res=940DEFDD1F3EE333A25753C3A9659C946394D6CF", "suggested_link_text": "Read the New York Times Review of Der Raub Der Mona Lisa"}, "multimedia": null}, {"display_title": "Zappatore", "mpaa_rating": "", "critics_pick": 0, "byline": "H.T.S.", "headline": "Zappatore", "summary_short": "", "publication_date": "1932-03-28", "opening_date": null, "date_updated": "2016-03-30 07:30:26", "link": {"type": "article", "url": "http://www.nytimes.com/movie/review?res=9903E3DA163EE633A2575BC2A9659C946394D6CF", "suggested_link_text": "Read the New York Times Review of Zappatore"}, "multimedia": null}, {"display_title": "Tarzan, the Ape Man", "mpaa_rating": "", "critics_pick": 0, "byline": "MORDAUNT HALL.", "headline": "Tarzan, The Ape Man", "summary_short": "Johnny's debut, when Tarzan acquired class. Grand old adventure.", "publication_date": "1932-03-28", "opening_date": "1932-04-02", "date_updated": "2016-03-30 06:45:43", "link": {"type": "article", "url": "http://www.nytimes.com/movie/review?res=9803E3DA163EE633A2575BC2A9659C946394D6CF", "suggested_link_text": "Read the New York Times Review of Tarzan, the Ape Man"}, "multimedia": null}, {"display_title": "La Fille Et Le Garcon", "mpaa_rating": "", "critics_pick": 0, "byline": "HERBERT L. MATTHEWS,", "headline": "Fille et le Garcon, La", "summary_short": "", "publication_date": "1932-03-27", "opening_date": null, "date_updated": "2016-03-30 06:50:39", "link": {"type": "article", "url": "http://www.nytimes.com/movie/review?res=9C04E6DB163EE633A25754C2A9659C946394D6CF", "suggested_link_text": "Read the New York Times Review of La Fille Et Le Garcon"}, "multimedia": null}, {"display_title": "The Missing Rembrandt", "mpaa_rating": "", "critics_pick": 0, "byline": "B.W.N.", "headline": "Missing Rembrandt, The", "summary_short": "", "publication_date": "1932-03-26", "opening_date": "1932-03-25", "date_updated": "2016-03-30 07:16:38", "link": {"type": "article", "url": "http://www.nytimes.com/movie/review?res=980DEEDD163EE633A25755C2A9659C946394D6CF", "suggested_link_text": "Read the New York Times Review of The Missing Rembrandt"}, "multimedia": null}, {"display_title": "The Gay Caballero", "mpaa_rating": "", "critics_pick": 0, "byline": "M.H.", "headline": "Gay Caballero, The", "summary_short": "", "publication_date": "1932-03-26", "opening_date": "1932-02-14", "date_updated": "2016-03-30 07:15:31", "link": {"type": "article", "url": "http://www.nytimes.com/movie/review?res=9F0DEEDD163EE633A25755C2A9659C946394D6CF", "suggested_link_text": "Read the New York Times Review of The Gay Caballero"}, "multimedia": null}, {"display_title": "The Broken Wing", "mpaa_rating": "", "critics_pick": 0, "byline": "MORDAUNT HALL.", "headline": "Broken Wing, The", "summary_short": "", "publication_date": "1932-03-26", "opening_date": "1932-03-25", "date_updated": "2016-03-30 07:27:22", "link": {"type": "article", "url": "http://www.nytimes.com/movie/review?res=9C0DEEDD163EE633A25755C2A9659C946394D6CF", "suggested_link_text": "Read the New York Times Review of The Broken Wing"}, "multimedia": null}, {"display_title": "Girl Crazy", "mpaa_rating": "", "critics_pick": 0, "byline": "MORDAUNT HALL.", "headline": "Girl Crazy", "summary_short": "City boys mixed up in small Arizona town's affairs. Great Gershwin tunes.", "publication_date": "1932-03-25", "opening_date": "1932-03-25", "date_updated": "2016-03-30 06:44:48", "link": {"type": "article", "url": "http://www.nytimes.com/movie/review?res=9502E4DD163EE633A25756C2A9659C946394D6CF", "suggested_link_text": "Read the New York Times Review of Girl Crazy"}, "multimedia": null}, {"display_title": "Hotel Continental", "mpaa_rating": "", "critics_pick": 0, "byline": "MORDAUNT HALL.", "headline": "Hotel Continental", "summary_short": "", "publication_date": "1932-03-21", "opening_date": "1932-03-07", "date_updated": "2016-03-30 07:19:36", "link": {"type": "article", "url": "http://www.nytimes.com/movie/review?res=9907E4D61F3FE633A25752C2A9659C946394D6CF", "suggested_link_text": "Read the New York Times Review of Hotel Continental"}, "multimedia": null}, {"display_title": "Carnival Boat", "mpaa_rating": "", "critics_pick": 0, "byline": "B.W.N.", "headline": "Carnival Boat", "summary_short": "Lumber-camp logger and showboat girl.", "publication_date": "1932-03-21", "opening_date": "1932-03-19", "date_updated": "2016-03-30 06:56:49", "link": {"type": "article", "url": "http://www.nytimes.com/movie/review?res=9A07E4D61F3FE633A25752C2A9659C946394D6CF", "suggested_link_text": "Read the New York Times Review of Carnival Boat"}, "multimedia": null}, {"display_title": "Polly of the Circus", "mpaa_rating": "", "critics_pick": 0, "byline": "M.H.", "headline": "Polly of the Circus", "summary_short": "Polly loves a preacher. No dice, then and now. Some mild star chemistry.", "publication_date": "1932-03-19", "opening_date": "1932-02-27", "date_updated": "2016-03-30 06:53:17", "link": {"type": "article", "url": "http://www.nytimes.com/movie/review?res=9D01E2D91F3FE633A2575AC1A9659C946394D6CF", "suggested_link_text": "Read the New York Times Review of Polly of the Circus"}, "multimedia": null}, {"display_title": "Play Girl", "mpaa_rating": "Not Rated", "critics_pick": 0, "byline": "B.W.N.", "headline": "Play Girl", "summary_short": "Department store clerk struggles with pregnancy and gambling husband.", "publication_date": "1932-03-19", "opening_date": "1932-03-12", "date_updated": "2016-03-30 07:14:13", "link": {"type": "article", "url": "http://www.nytimes.com/movie/review?res=9E01E2D91F3FE633A2575AC1A9659C946394D6CF", "suggested_link_text": "Read the New York Times Review of Play Girl"}, "multimedia": null}, {"display_title": "Dancers in the Dark", "mpaa_rating": "", "critics_pick": 0, "byline": "MORDAUNT HALL.", "headline": "Dancers in the Dark", "summary_short": "", "publication_date": "1932-03-19", "opening_date": "1932-03-11", "date_updated": "2016-03-30 07:26:28", "link": {"type": "article", "url": "http://www.nytimes.com/movie/review?res=9F00E2D91F3FE633A2575AC1A9659C946394D6CF", "suggested_link_text": "Read the New York Times Review of Dancers in the Dark"}, "multimedia": null}, {"display_title": "The Beast of the City", "mpaa_rating": "", "critics_pick": 0, "byline": "MORDAUNT HALL.", "headline": "Beast of the City, The", "summary_short": "Police chief's brother loves gun moll. Clever, with topnotch cast.", "publication_date": "1932-03-14", "opening_date": "1932-02-13", "date_updated": "2016-03-30 07:23:23", "link": {"type": "article", "url": "http://www.nytimes.com/movie/review?res=9802E2D61E3EE333A25757C1A9659C946394D6CF", "suggested_link_text": "Read the New York Times Review of The Beast of the City"}, "multimedia": null}, {"display_title": "The Wiser Sex", "mpaa_rating": "Not Rated", "critics_pick": 0, "byline": "MORDAUNT HALL.", "headline": "Wiser Sex, The", "summary_short": "", "publication_date": "1932-03-12", "opening_date": "1932-03-15", "date_updated": "2016-03-30 06:48:36", "link": {"type": "article", "url": "http://www.nytimes.com/movie/review?res=9902E5DC1F3FE633A25751C1A9659C946394D6CF", "suggested_link_text": "Read the New York Times Review of The Wiser Sex"}, "multimedia": null}, {"display_title": "The Passionate Plumber", "mpaa_rating": "", "critics_pick": 0, "byline": "A.D.S.", "headline": "Passionate Plumber, The", "summary_short": "Must be pretty special with these two, and such a title.", "publication_date": "1932-03-12", "opening_date": "1932-02-06", "date_updated": "2016-03-30 07:29:56", "link": {"type": "article", "url": "http://www.nytimes.com/movie/review?res=9402E5DC1F3FE633A25751C1A9659C946394D6CF", "suggested_link_text": "Read the New York Times Review of The Passionate Plumber"}, "multimedia": null}, {"display_title": "Jean de la Lune", "mpaa_rating": "", "critics_pick": 0, "byline": "H.T.S.", "headline": "Jean de la Lune", "summary_short": "", "publication_date": "1932-03-12", "opening_date": "1932-03-11", "date_updated": "2016-03-30 06:55:42", "link": {"type": "article", "url": "http://www.nytimes.com/movie/review?res=9A02E5DC1F3FE633A25751C1A9659C946394D6CF", "suggested_link_text": "Read the New York Times Review of Jean de la Lune"}, "multimedia": null}, {"display_title": "The Lost Squadron", "mpaa_rating": "", "critics_pick": 0, "byline": "MORDAUNT HALL.", "headline": "Lost Squadron, The", "summary_short": "World War I movie stunt fliers vs. tyrant director. Good yarn, well spun.", "publication_date": "1932-03-11", "opening_date": "1932-03-12", "date_updated": "2016-03-30 07:20:09", "link": {"type": "article", "url": "http://www.nytimes.com/movie/review?res=9F0DEFDE1F3FE633A25752C1A9659C946394D6CF", "suggested_link_text": "Read the New York Times Review of The Lost Squadron"}, "multimedia": null}, {"display_title": "After Tomorrow", "mpaa_rating": "", "critics_pick": 0, "byline": "MORDAUNT HALL.", "headline": "After Tomorrow", "summary_short": "", "publication_date": "1932-03-07", "opening_date": "1932-03-06", "date_updated": "2016-03-30 07:23:30", "link": {"type": "article", "url": "http://www.nytimes.com/movie/review?res=9800E1D81530E333A25754C0A9659C946394D6CF", "suggested_link_text": "Read the New York Times Review of After Tomorrow"}, "multimedia": null}, {"display_title": "Rubacuori", "mpaa_rating": "", "critics_pick": 0, "byline": "H.T.S.", "headline": "Rubacuori", "summary_short": "", "publication_date": "1932-03-05", "opening_date": "1932-03-04", "date_updated": "2016-03-30 07:26:09", "link": {"type": "article", "url": "http://www.nytimes.com/movie/review?res=9903E6D61439E033A25756C0A9659C946394D6CF", "suggested_link_text": "Read the New York Times Review of Rubacuori"}, "multimedia": null}]}