{"status": "OK", "copyright": "Copyright (c) 2017 The New York Times Company. All Rights Reserved.", "has_more": true, "num_results": 20, "results": [{"display_title": "F-Man", "mpaa_rating": "", "critics_pick": 0, "byline": "J.T.M.", "headline": "F-Man", "summary_short": "Poor satire.", "publication_date": "1936-05-04", "opening_date": "1936-05-02", "date_updated": "2016-03-30 07:26:41", "link": {"type": "article", "url": "http://www.nytimes.com/movie/review?res=9B02EED9133FEE3BBC4C53DFB366838D629EDE", "suggested_link_text": "Read the New York Times Review of F-Man"}, "multimedia": null}, {"display_title": "Times Square Playboy", "mpaa_rating": "", "critics_pick": 0, "byline": "T.M.P.", "headline": "Times Square Playboy", "summary_short": "A stock broker's meddling best man almost causes his wedding to be called off.", "publication_date": "1936-05-02", "opening_date": "1936-05-09", "date_updated": "2016-03-30 06:55:42", "link": {"type": "article", "url": "http://www.nytimes.com/movie/review?res=9F03E1D9133FEE3BBC4A53DFB366838D629EDE", "suggested_link_text": "Read the New York Times Review of Times Square Playboy"}, "multimedia": null}, {"display_title": "My Iz Kronshtadta", "mpaa_rating": "", "critics_pick": 0, "byline": "FRANK S. NUGENT", "headline": "We Are From Kronstadt", "summary_short": "", "publication_date": "1936-05-02", "opening_date": "1936-05-01", "date_updated": "2016-03-30 06:49:36", "link": {"type": "article", "url": "http://www.nytimes.com/movie/review?res=9900E1D9133FEE3BBC4A53DFB366838D629EDE", "suggested_link_text": "Read the New York Times Review of My Iz Kronshtadta"}, "multimedia": null}, {"display_title": "Big Brown Eyes", "mpaa_rating": "", "critics_pick": 0, "byline": "F.S.N.", "headline": "Big Brown Eyes", "summary_short": "Nice snappy comedy-drama, sporting cast.", "publication_date": "1936-05-02", "opening_date": "1936-04-03", "date_updated": "2016-03-30 06:53:03", "link": {"type": "article", "url": "http://www.nytimes.com/movie/review?res=9B00E1D9133FEE3BBC4A53DFB366838D629EDE", "suggested_link_text": "Read the New York Times Review of Big Brown Eyes"}, "multimedia": null}, {"display_title": "Absolute Quiet", "mpaa_rating": "", "critics_pick": 0, "byline": "B.R.C.", "headline": "Absolute Quiet", "summary_short": "Governor, reporter and others held at isolated ranch with two murderers.", "publication_date": "1936-05-02", "opening_date": "1936-04-24", "date_updated": "2016-03-30 07:26:28", "link": {"type": "article", "url": "http://www.nytimes.com/movie/review?res=9C03E1D9133FEE3BBC4A53DFB366838D629EDE", "suggested_link_text": "Read the New York Times Review of Absolute Quiet"}, "multimedia": null}, {"display_title": "Under Two Flags", "mpaa_rating": "", "critics_pick": 0, "byline": "FRANK S. NUGENT", "headline": "Under Two Flags", "summary_short": "French Legionnaires and desert love. Hokey stuff now but ripely entertaining.", "publication_date": "1936-05-01", "opening_date": "1936-05-01", "date_updated": "2016-03-30 06:53:14", "link": {"type": "article", "url": "http://www.nytimes.com/movie/review?res=9802E4DB1530E13BBC4953DFB366838D629EDE", "suggested_link_text": "Read the New York Times Review of Under Two Flags"}, "multimedia": null}, {"display_title": "Thirteen Hours by Air", "mpaa_rating": "", "critics_pick": 0, "byline": "FRANK S. NUGENT", "headline": "13 Hours by Air", "summary_short": "", "publication_date": "1936-04-30", "opening_date": "1936-04-30", "date_updated": "2016-03-30 07:10:35", "link": {"type": "article", "url": "http://www.nytimes.com/movie/review?res=9507E1DA133FEE3BBC4850DFB266838D629EDE", "suggested_link_text": "Read the New York Times Review of Thirteen Hours by Air"}, "multimedia": null}, {"display_title": "The Country Beyond", "mpaa_rating": "", "critics_pick": 0, "byline": "J.T.M.", "headline": "Country Beyond, The", "summary_short": "", "publication_date": "1936-04-30", "opening_date": "1936-04-24", "date_updated": "2016-03-30 07:15:38", "link": {"type": "article", "url": "http://www.nytimes.com/movie/review?res=9D06E1DA133FEE3BBC4850DFB266838D629EDE", "suggested_link_text": "Read the New York Times Review of The Country Beyond"}, "multimedia": null}, {"display_title": "The Passing of the Third Floor Back", "mpaa_rating": "", "critics_pick": 0, "byline": "FRANK S. NUGENT", "headline": "Passing of the Third Floor Back, The", "summary_short": "", "publication_date": "1936-04-29", "opening_date": "1935-12-15", "date_updated": "2016-03-30 07:29:54", "link": {"type": "article", "url": "http://www.nytimes.com/movie/review?res=9B06EFDC1530E13BBC4151DFB266838D629EDE", "suggested_link_text": "Read the New York Times Review of The Passing of the Third Floor Back"}, "multimedia": null}, {"display_title": "Pride of the Marines", "mpaa_rating": "", "critics_pick": 0, "byline": "J.T.M.", "headline": "Pride of the Marines", "summary_short": "", "publication_date": "1936-04-27", "opening_date": "1936-04-02", "date_updated": "2016-03-30 06:45:53", "link": {"type": "article", "url": "http://www.nytimes.com/movie/review?res=9C0DEFDD1530E13BBC4F51DFB266838D629EDE", "suggested_link_text": "Read the New York Times Review of Pride of the Marines"}, "multimedia": null}, {"display_title": "The Amateur Gentleman", "mpaa_rating": "", "critics_pick": 0, "byline": "FRANK S. NUGENT", "headline": "Amateur Gentleman, The", "summary_short": "", "publication_date": "1936-04-27", "opening_date": "1936-04-27", "date_updated": "2016-03-30 07:19:53", "link": {"type": "article", "url": "http://www.nytimes.com/movie/review?res=9502EFDD1530E13BBC4F51DFB266838D629EDE", "suggested_link_text": "Read the New York Times Review of The Amateur Gentleman"}, "multimedia": null}, {"display_title": "Maedchenjahre Einer Koenigin", "mpaa_rating": "", "critics_pick": 0, "byline": "CLAIRE TRASK.", "headline": "Girlhood of a Queen", "summary_short": "", "publication_date": "1936-04-26", "opening_date": null, "date_updated": "2016-03-30 07:14:58", "link": {"type": "article", "url": "http://www.nytimes.com/movie/review?res=9A04E6D9143AE33BBC4E51DFB266838D629EDE", "suggested_link_text": "Read the New York Times Review of Maedchenjahre Einer Koenigin"}, "multimedia": null}, {"display_title": "Two in Revolt", "mpaa_rating": "", "critics_pick": 0, "byline": "T.M.P.", "headline": "Two in Revolt", "summary_short": "A police dog and a racehorse thwart crooks in time for a big race.", "publication_date": "1936-04-25", "opening_date": "1936-04-03", "date_updated": "2016-03-30 06:49:05", "link": {"type": "article", "url": "http://www.nytimes.com/movie/review?res=9F0DE4DA133FEE3BBC4D51DFB266838D629EDE", "suggested_link_text": "Read the New York Times Review of Two in Revolt"}, "multimedia": null}, {"display_title": "Special Investigator", "mpaa_rating": "", "critics_pick": 0, "byline": "B.R.C.", "headline": "Special Investigator", "summary_short": "Eastern lawyer turns G-man to nab gangsters hiding on ranch.", "publication_date": "1936-04-25", "opening_date": "1936-05-08", "date_updated": "2016-03-30 07:11:16", "link": {"type": "article", "url": "http://www.nytimes.com/movie/review?res=9C0DE4DA133FEE3BBC4D51DFB266838D629EDE", "suggested_link_text": "Read the New York Times Review of Special Investigator"}, "multimedia": null}, {"display_title": "Captain January", "mpaa_rating": "G", "critics_pick": 0, "byline": "FRANK S. NUGENT", "headline": "Captain January", "summary_short": "Shirley and a lighthouse-keeper. Typical Temple pleasantry, with songs.", "publication_date": "1936-04-25", "opening_date": "1936-04-17", "date_updated": "2016-03-30 06:47:54", "link": {"type": "article", "url": "http://www.nytimes.com/movie/review?res=9B02E4DA133FEE3BBC4D51DFB266838D629EDE", "suggested_link_text": "Read the New York Times Review of Captain January"}, "multimedia": null}, {"display_title": "Ein Ganzer Kerl", "mpaa_rating": "", "critics_pick": 0, "byline": "H.T.S.", "headline": "Ganzer Kerl, Ein", "summary_short": "", "publication_date": "1936-04-25", "opening_date": "1936-04-24", "date_updated": "2016-03-30 07:14:39", "link": {"type": "article", "url": "http://www.nytimes.com/movie/review?res=950DE4DA133FEE3BBC4D51DFB266838D629EDE", "suggested_link_text": "Read the New York Times Review of Ein Ganzer Kerl"}, "multimedia": null}, {"display_title": "The Sky Parade", "mpaa_rating": "", "critics_pick": 0, "byline": "B.R.C.", "headline": "Sky Parade, The", "summary_short": "Sub-routine.", "publication_date": "1936-04-20", "opening_date": null, "date_updated": "2016-03-30 07:27:18", "link": {"type": "article", "url": "http://www.nytimes.com/movie/review?res=9B03E7D8173AE33BBC4851DFB266838D629EDE", "suggested_link_text": "Read the New York Times Review of The Sky Parade"}, "multimedia": null}, {"display_title": "Rosario", "mpaa_rating": "", "critics_pick": 0, "byline": "H.T.S.", "headline": "Rosario", "summary_short": "", "publication_date": "1936-04-20", "opening_date": "1936-04-19", "date_updated": "2016-03-30 07:24:10", "link": {"type": "article", "url": "http://www.nytimes.com/movie/review?res=9403E7D8173AE33BBC4851DFB266838D629EDE", "suggested_link_text": "Read the New York Times Review of Rosario"}, "multimedia": null}, {"display_title": "Panic on the Air", "mpaa_rating": "", "critics_pick": 0, "byline": "J.T.M.", "headline": "Panic on the Air", "summary_short": "", "publication_date": "1936-04-20", "opening_date": "1936-04-10", "date_updated": "2016-03-30 06:47:48", "link": {"type": "article", "url": "http://www.nytimes.com/movie/review?res=9903E7D8173AE33BBC4851DFB266838D629EDE", "suggested_link_text": "Read the New York Times Review of Panic on the Air"}, "multimedia": null}, {"display_title": "I Married a Doctor", "mpaa_rating": "", "critics_pick": 0, "byline": "FRANK S. NUGENT", "headline": "I Married a Doctor", "summary_short": "Worthy, obscure curio. A minor version of the  novel ``Main Street,'' with irony for Sinclair Lewis's acid.", "publication_date": "1936-04-20", "opening_date": "1936-04-25", "date_updated": "2016-03-30 07:29:59", "link": {"type": "article", "url": "http://www.nytimes.com/movie/review?res=9A03E7D8173AE33BBC4851DFB266838D629EDE", "suggested_link_text": "Read the New York Times Review of I Married a Doctor"}, "multimedia": null}]}