{"status": "OK", "copyright": "Copyright (c) 2017 The New York Times Company. All Rights Reserved.", "has_more": true, "num_results": 20, "results": [{"display_title": "The Circle", "mpaa_rating": "", "critics_pick": 0, "byline": "B.C.", "headline": "Vicious Circle, The", "summary_short": "", "publication_date": "1948-07-22", "opening_date": null, "date_updated": "2016-03-30 07:16:54", "link": {"type": "article", "url": "http://www.nytimes.com/movie/review?res=9D00E1D6143DE03ABC4A51DFB1668383659EDE", "suggested_link_text": "Read the New York Times Review of The Circle"}, "multimedia": null}, {"display_title": "So Evil My Love", "mpaa_rating": "", "critics_pick": 0, "byline": "BOSLEY CROWTHER", "headline": "So Evil my Love", "summary_short": "Victorian suspense, hoisted by a brilliant Todd, pristine to passionate. She's terrific.", "publication_date": "1948-07-22", "opening_date": "1948-08-06", "date_updated": "2016-03-30 06:46:50", "link": {"type": "article", "url": "http://www.nytimes.com/movie/review?res=9C00E1D6143DE03ABC4A51DFB1668383659EDE", "suggested_link_text": "Read the New York Times Review of So Evil My Love"}, "multimedia": null}, {"display_title": "Mickey", "mpaa_rating": "", "critics_pick": 0, "byline": "A.W.", "headline": "Mickey", "summary_short": "Tired and transparent.", "publication_date": "1948-07-19", "opening_date": "1948-06-23", "date_updated": "2016-03-30 07:26:48", "link": {"type": "article", "url": "http://www.nytimes.com/movie/review?res=9B05E6DF133EE03BBC4152DFB1668383659EDE", "suggested_link_text": "Read the New York Times Review of Mickey"}, "multimedia": null}, {"display_title": "Key Largo", "mpaa_rating": "Not Rated", "critics_pick": 0, "byline": "BOSLEY CROWTHER", "headline": "Key Largo", "summary_short": "Talky milling via stage, which shows, by good, glaring cast. Claire Trevor nabbed supporting Oscar.", "publication_date": "1948-07-17", "opening_date": "1948-07-31", "date_updated": "2016-03-30 06:43:04", "link": {"type": "article", "url": "http://www.nytimes.com/movie/review?res=9905E1DE1138E33BBC4F52DFB1668383659EDE", "suggested_link_text": "Read the New York Times Review of Key Largo"}, "multimedia": null}, {"display_title": "The Illegals", "mpaa_rating": "", "critics_pick": 0, "byline": "T.F.B.", "headline": "Illegals, The", "summary_short": "", "publication_date": "1948-07-15", "opening_date": null, "date_updated": "2016-03-30 07:23:38", "link": {"type": "article", "url": "http://www.nytimes.com/movie/review?res=9906E5D7133BE33BBC4D52DFB1668383659EDE", "suggested_link_text": "Read the New York Times Review of The Illegals"}, "multimedia": null}, {"display_title": "The Street with No Name", "mpaa_rating": "", "critics_pick": 0, "byline": "BOSLEY CROWTHER", "headline": "Street with no Name, The", "summary_short": "Taut, sharp semi-documentary of F.B.I. vs. urban mob. Good of this kind.", "publication_date": "1948-07-15", "opening_date": "1948-07-14", "date_updated": "2016-03-30 07:28:02", "link": {"type": "article", "url": "http://www.nytimes.com/movie/review?res=9F06E5D7133BE33BBC4D52DFB1668383659EDE", "suggested_link_text": "Read the New York Times Review of The Street with No Name"}, "multimedia": null}, {"display_title": "Old Los Angeles", "mpaa_rating": "", "critics_pick": 0, "byline": "a.. W.", "headline": "Old Los Angeles", "summary_short": "Old indeed.", "publication_date": "1948-07-12", "opening_date": "1948-04-25", "date_updated": "2016-03-30 07:27:34", "link": {"type": "article", "url": "http://www.nytimes.com/movie/review?res=9907E6DE1438EE3BBC4A52DFB1668383659EDE", "suggested_link_text": "Read the New York Times Review of Old Los Angeles"}, "multimedia": null}, {"display_title": "Fury at Furnace Creek", "mpaa_rating": "", "critics_pick": 0, "byline": "BOSLEY CROWTHER", "headline": "Fury at Furnace Creek", "summary_short": "Cleaning up a general's reputation. Level-headed western adventure.", "publication_date": "1948-07-12", "opening_date": null, "date_updated": "2016-03-30 06:54:42", "link": {"type": "article", "url": "http://www.nytimes.com/movie/review?res=9F07E6DE1438EE3BBC4A52DFB1668383659EDE", "suggested_link_text": "Read the New York Times Review of Fury at Furnace Creek"}, "multimedia": null}, {"display_title": "Un Ami Viendra Ce Soir", "mpaa_rating": "", "critics_pick": 0, "byline": "S. C,", "headline": "Friend Will come Tonight, A", "summary_short": "", "publication_date": "1948-07-12", "opening_date": null, "date_updated": "2016-03-30 06:53:48", "link": {"type": "article", "url": "http://www.nytimes.com/movie/review?res=9807E6DE1438EE3BBC4A52DFB1668383659EDE", "suggested_link_text": "Read the New York Times Review of Un Ami Viendra Ce Soir"}, "multimedia": null}, {"display_title": "Raw Deal", "mpaa_rating": "", "critics_pick": 0, "byline": "BOSLEY CROWTHER", "headline": "Raw Deal", "summary_short": "Very good prison melodrama.", "publication_date": "1948-07-09", "opening_date": "1948-05-26", "date_updated": "2016-03-30 06:51:39", "link": {"type": "article", "url": "http://www.nytimes.com/movie/review?res=9904EFD8123EE03BBC4153DFB1668383659EDE", "suggested_link_text": "Read the New York Times Review of Raw Deal"}, "multimedia": null}, {"display_title": "Canon City", "mpaa_rating": "", "critics_pick": 0, "byline": "BOSLEY CROWTHER", "headline": "Canon City", "summary_short": "Hard-grained semi-documentary of prison break. Not bad.", "publication_date": "1948-07-08", "opening_date": "1948-06-30", "date_updated": "2016-03-30 06:42:47", "link": {"type": "article", "url": "http://www.nytimes.com/movie/review?res=9E02EEDE1F3BE33BBC4053DFB1668383659EDE", "suggested_link_text": "Read the New York Times Review of Canon City"}, "multimedia": null}, {"display_title": "I, Jane Doe", "mpaa_rating": "", "critics_pick": 0, "byline": "A.W.", "headline": "I, Jane Doe", "summary_short": "", "publication_date": "1948-07-05", "opening_date": "1948-05-25", "date_updated": "2016-03-30 07:29:46", "link": {"type": "article", "url": "http://www.nytimes.com/movie/review?res=9A02EEDB1630E03BBC4D53DFB1668383659EDE", "suggested_link_text": "Read the New York Times Review of I, Jane Doe"}, "multimedia": null}, {"display_title": "Selskaya Uchitelnitsa", "mpaa_rating": "", "critics_pick": 0, "byline": "E.J.B.", "headline": "Village Teacher", "summary_short": "", "publication_date": "1948-07-05", "opening_date": "1948-07-03", "date_updated": "2016-03-30 07:15:14", "link": {"type": "article", "url": "http://www.nytimes.com/movie/review?res=9B02EEDB1630E03BBC4D53DFB1668383659EDE", "suggested_link_text": "Read the New York Times Review of Selskaya Uchitelnitsa"}, "multimedia": null}, {"display_title": "Hatter's Castle", "mpaa_rating": "", "critics_pick": 0, "byline": "BOSLEY CROWTHER", "headline": "Hatter's Castle", "summary_short": "Mean old man ruins his family. A creaker.", "publication_date": "1948-07-03", "opening_date": "1948-04-19", "date_updated": "2016-03-30 06:48:55", "link": {"type": "article", "url": "http://www.nytimes.com/movie/review?res=980DE1D9123FE23ABC4B53DFB1668383659EDE", "suggested_link_text": "Read the New York Times Review of Hatter's Castle"}, "multimedia": null}, {"display_title": "Man-Eater of Kumaon", "mpaa_rating": "", "critics_pick": 0, "byline": "BOSLEY CROWTHER", "headline": "Man-Eater of Kumaon", "summary_short": "Very good jungle fare.", "publication_date": "1948-07-02", "opening_date": null, "date_updated": "2016-03-30 06:47:39", "link": {"type": "article", "url": "http://www.nytimes.com/movie/review?res=9B05E3D9123EE03BBC4A53DFB1668383659EDE", "suggested_link_text": "Read the New York Times Review of Man-Eater of Kumaon"}, "multimedia": null}, {"display_title": "A Foreign Affair", "mpaa_rating": "", "critics_pick": 1, "byline": "BOSLEY CROWTHER", "headline": "Foreign Affair, A", "summary_short": "Army officer torn between beautiful ex-Nazi and beautiful congresswoman. Excellent comedy of postwar Berlin, via Wilder.", "publication_date": "1948-07-01", "opening_date": "1948-08-20", "date_updated": "2016-03-30 06:52:44", "link": {"type": "article", "url": "http://www.nytimes.com/movie/review?res=9D01E7D81230E23ABC4953DFB1668383659EDE", "suggested_link_text": "Read the New York Times Review of A Foreign Affair"}, "multimedia": null}, {"display_title": "Easter Parade", "mpaa_rating": "", "critics_pick": 0, "byline": "T. M. P.", "headline": "Easter Parade", "summary_short": "Slim story of chorus girl's rise to fame, with 17 Irving Berlin songs and three silken stars.", "publication_date": "1948-07-01", "opening_date": "1948-07-08", "date_updated": "2016-03-30 07:07:27", "link": {"type": "article", "url": "http://www.nytimes.com/movie/review?res=9901E7D81230E23ABC4953DFB1668383659EDE", "suggested_link_text": "Read the New York Times Review of Easter Parade"}, "multimedia": null}, {"display_title": "The Betrayal", "mpaa_rating": "", "critics_pick": 0, "byline": "T. M. P.", "headline": "Betrayal, The", "summary_short": "", "publication_date": "1948-06-26", "opening_date": null, "date_updated": "2016-03-30 06:41:51", "link": {"type": "article", "url": "http://www.nytimes.com/movie/review?res=9405EED61430E033A25755C2A9609C946993D6CF", "suggested_link_text": "Read the New York Times Review of The Betrayal"}, "multimedia": null}, {"display_title": "Romance on the High Seas", "mpaa_rating": "", "critics_pick": 0, "byline": "BOSLEY CROWTHER", "headline": "Romance on the High Seas", "summary_short": "Suspicious spouses hire spies to check on each other. Doris's easy, breezy screen debut.", "publication_date": "1948-06-26", "opening_date": "1948-07-03", "date_updated": "2016-03-30 07:15:38", "link": {"type": "article", "url": "http://www.nytimes.com/movie/review?res=9B05EED61430E033A25755C2A9609C946993D6CF", "suggested_link_text": "Read the New York Times Review of Romance on the High Seas"}, "multimedia": null}, {"display_title": "Fort Apache", "mpaa_rating": "", "critics_pick": 0, "byline": "BOSLEY CROWTHER", "headline": "Fort Apache", "summary_short": "Solid John Ford western.", "publication_date": "1948-06-25", "opening_date": null, "date_updated": "2016-03-30 06:53:27", "link": {"type": "article", "url": "http://www.nytimes.com/movie/review?res=9B0DE5DA123EE03BBC4D51DFB0668383659EDE", "suggested_link_text": "Read the New York Times Review of Fort Apache"}, "multimedia": null}]}