{"status": "OK", "copyright": "Copyright (c) 2017 The New York Times Company. All Rights Reserved.", "has_more": true, "num_results": 20, "results": [{"display_title": "Blonde Crazy", "mpaa_rating": "", "critics_pick": 0, "byline": "MORDAUNT HALL.", "headline": "Blonde Crazy", "summary_short": "What amounts to a swindling contest. Snappy, amusing old-timer.", "publication_date": "1931-12-04", "opening_date": null, "date_updated": "2016-03-30 07:16:17", "link": {"type": "article", "url": "http://www.nytimes.com/movie/review?res=9502E7DB1F3FE432A25757C0A9649D946094D6CF", "suggested_link_text": "Read the New York Times Review of Blonde Crazy"}, "multimedia": null}, {"display_title": "Men in Her Life", "mpaa_rating": "", "critics_pick": 0, "byline": "MORDAUNT HALL.", "headline": "Men in her Life", "summary_short": "", "publication_date": "1931-11-30", "opening_date": "1931-12-10", "date_updated": "2016-03-30 07:20:44", "link": {"type": "article", "url": "http://www.nytimes.com/movie/review?res=9C06E2D6123AEE3ABC4850DFB767838A629EDE", "suggested_link_text": "Read the New York Times Review of Men in Her Life"}, "multimedia": null}, {"display_title": "The Possessed", "mpaa_rating": "", "critics_pick": 0, "byline": "MORDAUNT HALL.", "headline": "Possessed", "summary_short": "Rich Manhattan lawyer's mistress. Early pulp drama.", "publication_date": "1931-11-28", "opening_date": "1931-11-21", "date_updated": "2016-03-30 06:41:29", "link": {"type": "article", "url": "http://www.nytimes.com/movie/review?res=9E01E0DC1E3AE03ABC4051DFB767838A629EDE", "suggested_link_text": "Read the New York Times Review of The Possessed"}, "multimedia": null}, {"display_title": "Local Boy Makes Good", "mpaa_rating": "", "critics_pick": 0, "byline": "MORDAUNT HALL.", "headline": "Local Boy Makes Good", "summary_short": "Awkward collegian must become star athlete to impress girl. Occasionally funny.", "publication_date": "1931-11-27", "opening_date": "1931-11-27", "date_updated": "2016-03-30 07:27:16", "link": {"type": "article", "url": "http://www.nytimes.com/movie/review?res=9B07EED7123AEE3ABC4F51DFB767838A629EDE", "suggested_link_text": "Read the New York Times Review of Local Boy Makes Good"}, "multimedia": null}, {"display_title": "Her Majesty Love", "mpaa_rating": "", "critics_pick": 0, "byline": "MORDAUNT HALL.", "headline": "Her Majesty, Love", "summary_short": "Rich German drawn to barmaid-turned-baroness.", "publication_date": "1931-11-26", "opening_date": "1933-02-06", "date_updated": "2016-03-30 07:14:50", "link": {"type": "article", "url": "http://www.nytimes.com/movie/review?res=9A05E4D7123AEE3ABC4E51DFB767838A629EDE", "suggested_link_text": "Read the New York Times Review of Her Majesty Love"}, "multimedia": null}, {"display_title": "A Dangerous Affair", "mpaa_rating": "", "critics_pick": 0, "byline": "MORDAUNT HALL.", "headline": "Dangerous Affair, A", "summary_short": "", "publication_date": "1931-11-23", "opening_date": "1931-09-30", "date_updated": "2016-03-30 07:09:16", "link": {"type": "article", "url": "http://www.nytimes.com/movie/review?res=9D05EED9123AEE3ABC4B51DFB767838A629EDE", "suggested_link_text": "Read the New York Times Review of A Dangerous Affair"}, "multimedia": null}, {"display_title": "The Calendar", "mpaa_rating": "", "critics_pick": 0, "byline": "ERNEST MARSHALL.", "headline": "Calendar, The", "summary_short": "", "publication_date": "1931-11-22", "opening_date": "1932-06-12", "date_updated": "2016-03-30 07:12:18", "link": {"type": "article", "url": "http://www.nytimes.com/movie/review?res=9D06EFD71131E13ABC4A51DFB767838A629EDE", "suggested_link_text": "Read the New York Times Review of The Calendar"}, "multimedia": null}, {"display_title": "Guilty Generation", "mpaa_rating": "", "critics_pick": 0, "byline": "MORDAUNT HALL.", "headline": "Guilty Generation, The", "summary_short": "", "publication_date": "1931-11-21", "opening_date": "1931-11-19", "date_updated": "2016-03-30 06:46:47", "link": {"type": "article", "url": "http://www.nytimes.com/movie/review?res=9E02EEDA123AEE3ABC4951DFB767838A629EDE", "suggested_link_text": "Read the New York Times Review of Guilty Generation"}, "multimedia": null}, {"display_title": "Corsair", "mpaa_rating": "", "critics_pick": 0, "byline": "MORDAUNT HALL.", "headline": "Corsair", "summary_short": "", "publication_date": "1931-11-19", "opening_date": "1931-11-28", "date_updated": "2016-03-30 06:58:28", "link": {"type": "article", "url": "http://www.nytimes.com/movie/review?res=9A0DE4DF1E39EE3ABC4152DFB767838A629EDE", "suggested_link_text": "Read the New York Times Review of Corsair"}, "multimedia": null}, {"display_title": "Morals for Women", "mpaa_rating": "", "critics_pick": 0, "byline": "MORDAUNT HALL.", "headline": "Morals for Women", "summary_short": "", "publication_date": "1931-11-16", "opening_date": "1931-10-25", "date_updated": "2016-03-30 06:55:51", "link": {"type": "article", "url": "http://www.nytimes.com/movie/review?res=9A05EEDA1139EE3ABC4E52DFB767838A629EDE", "suggested_link_text": "Read the New York Times Review of Morals for Women"}, "multimedia": null}, {"display_title": "Ambassador Bill", "mpaa_rating": "", "critics_pick": 0, "byline": "MORDAUNT HALL.", "headline": "Ambassador Bill", "summary_short": "Homespun ambassador to country in constant turmoil. Bullets fly, humor doesn't.", "publication_date": "1931-11-14", "opening_date": "1931-11-22", "date_updated": "2016-03-30 06:58:15", "link": {"type": "article", "url": "http://www.nytimes.com/movie/review?res=9F06E0DC1139EE3ABC4C52DFB767838A629EDE", "suggested_link_text": "Read the New York Times Review of Ambassador Bill"}, "multimedia": null}, {"display_title": "The Age for Love", "mpaa_rating": "", "critics_pick": 0, "byline": "MORDAUNT HALL.", "headline": "Age for Love, The", "summary_short": "", "publication_date": "1931-11-13", "opening_date": "1931-10-17", "date_updated": "2016-03-30 06:56:23", "link": {"type": "article", "url": "http://www.nytimes.com/movie/review?res=9A03E4DD1139EE3ABC4B52DFB767838A629EDE", "suggested_link_text": "Read the New York Times Review of The Age for Love"}, "multimedia": null}, {"display_title": "Heroes All", "mpaa_rating": "", "critics_pick": 0, "byline": "MORDAUNT HALL", "headline": "Heroes All", "summary_short": "", "publication_date": "1931-11-12", "opening_date": "0000-00-00", "date_updated": "2016-03-30 07:11:41", "link": {"type": "article", "url": "http://www.nytimes.com/movie/review?res=9D07EEDF1139EE3ABC4A52DFB767838A629EDE", "suggested_link_text": "Read the New York Times Review of Heroes All"}, "multimedia": null}, {"display_title": "Strictly Dishonorable", "mpaa_rating": "Not Rated", "critics_pick": 0, "byline": "MORDAUNT HALL.", "headline": "Strictly Dishonorable", "summary_short": "Caddish opera star woos engaged Southern belle.", "publication_date": "1931-11-11", "opening_date": "1931-12-26", "date_updated": "2016-03-30 06:55:53", "link": {"type": "article", "url": "http://www.nytimes.com/movie/review?res=9D04E5DF1139EE3ABC4952DFB767838A629EDE", "suggested_link_text": "Read the New York Times Review of Strictly Dishonorable"}, "multimedia": null}, {"display_title": "The Champ", "mpaa_rating": "", "critics_pick": 0, "byline": "MORDAUNT HALL.", "headline": "Champ, The", "summary_short": "Washed-up fighter and son. Emotional classic then, creaky now.", "publication_date": "1931-11-10", "opening_date": "1931-11-21", "date_updated": "2016-03-30 07:16:47", "link": {"type": "article", "url": "http://www.nytimes.com/movie/review?res=9A01E2DF133BE23ABC4852DFB767838A629EDE", "suggested_link_text": "Read the New York Times Review of The Champ"}, "multimedia": null}, {"display_title": "Leftover Ladies", "mpaa_rating": "", "critics_pick": 0, "byline": "MORDAUNT HALL.", "headline": "Leftover Ladies", "summary_short": "", "publication_date": "1931-11-09", "opening_date": "1931-10-01", "date_updated": "2016-03-30 07:23:44", "link": {"type": "article", "url": "http://www.nytimes.com/movie/review?res=9D05E3DA123AEE3ABC4153DFB767838A629EDE", "suggested_link_text": "Read the New York Times Review of Leftover Ladies"}, "multimedia": null}, {"display_title": "The Speckled Band", "mpaa_rating": "", "critics_pick": 0, "byline": "MORDAUNT HALL.", "headline": "Speckled Band, The", "summary_short": "", "publication_date": "1931-11-07", "opening_date": null, "date_updated": "2016-03-30 06:52:43", "link": {"type": "article", "url": "http://www.nytimes.com/movie/review?res=9D0CE0DB123AEE3ABC4F53DFB767838A629EDE", "suggested_link_text": "Read the New York Times Review of The Speckled Band"}, "multimedia": null}, {"display_title": "Opernredoute", "mpaa_rating": "", "critics_pick": 0, "byline": "MORDAUNT HALL.", "headline": "Opera Ball", "summary_short": "", "publication_date": "1931-11-06", "opening_date": null, "date_updated": "2016-03-30 07:22:20", "link": {"type": "article", "url": "http://www.nytimes.com/movie/review?res=9E0CE0D6123BE23ABC4E53DFB767838A629EDE", "suggested_link_text": "Read the New York Times Review of Opernredoute"}, "multimedia": null}, {"display_title": "The Ruling Voice", "mpaa_rating": "", "critics_pick": 0, "byline": "MORDAUNT HALL.", "headline": "Ruling Voice, The", "summary_short": "Crime czar has second thoughts.", "publication_date": "1931-11-05", "opening_date": "1931-10-31", "date_updated": "2016-03-30 07:21:15", "link": {"type": "article", "url": "http://www.nytimes.com/movie/review?res=9C02E7D6123BE23ABC4D53DFB767838A629EDE", "suggested_link_text": "Read the New York Times Review of The Ruling Voice"}, "multimedia": null}, {"display_title": "Girls About Town", "mpaa_rating": "", "critics_pick": 0, "byline": "MORDAUNT HALL.", "headline": "Girls About Town", "summary_short": "", "publication_date": "1931-11-02", "opening_date": "1931-11-07", "date_updated": "2016-03-30 07:26:32", "link": {"type": "article", "url": "http://www.nytimes.com/movie/review?res=9F00E5DB103BE433A25751C0A9679D946094D6CF", "suggested_link_text": "Read the New York Times Review of Girls About Town"}, "multimedia": null}]}