{"status": "OK", "copyright": "Copyright (c) 2017 The New York Times Company. All Rights Reserved.", "has_more": true, "num_results": 20, "results": [{"display_title": "I Live My Life", "mpaa_rating": "", "critics_pick": 0, "byline": "ANDRE SENNWALD.", "headline": "I Live my Life", "summary_short": "Typical early, glossy Crawford. Dated but painless.", "publication_date": "1935-10-12", "opening_date": "1935-10-04", "date_updated": "2016-03-30 06:45:46", "link": {"type": "article", "url": "http://www.nytimes.com/movie/review?res=9406E6DD1F3DE53ABC4A52DFB667838E629EDE", "suggested_link_text": "Read the New York Times Review of I Live My Life"}, "multimedia": null}, {"display_title": "Shir Hashirim", "mpaa_rating": "", "critics_pick": 0, "byline": "H. T. S.", "headline": "Shir Hashirim", "summary_short": "", "publication_date": "1935-10-11", "opening_date": "1935-10-10", "date_updated": "2016-03-30 07:16:44", "link": {"type": "article", "url": "http://www.nytimes.com/movie/review?res=9E05E7D8173CEE32A25752C1A9669D946494D6CF", "suggested_link_text": "Read the New York Times Review of Shir Hashirim"}, "multimedia": null}, {"display_title": "The Gay Deception", "mpaa_rating": "", "critics_pick": 0, "byline": "ANDRE SENNWALD.", "headline": "Gay Deception, The", "summary_short": "Sweepstakes winner meets prince posing as bellboy. Apppealing romantic caper.", "publication_date": "1935-10-11", "opening_date": "1935-09-13", "date_updated": "2016-03-30 07:22:42", "link": {"type": "article", "url": "http://www.nytimes.com/movie/review?res=9D05E7D8173CEE32A25752C1A9669D946494D6CF", "suggested_link_text": "Read the New York Times Review of The Gay Deception"}, "multimedia": null}, {"display_title": "Pepo", "mpaa_rating": "", "critics_pick": 0, "byline": "H. T. S.", "headline": "Pepo", "summary_short": "", "publication_date": "1935-10-10", "opening_date": "1935-10-09", "date_updated": "2016-03-30 07:25:46", "link": {"type": "article", "url": "http://www.nytimes.com/movie/review?res=9F03E5D8103CE731A25753C1A9669D946494D6CF", "suggested_link_text": "Read the New York Times Review of Pepo"}, "multimedia": null}, {"display_title": "Little Big Shot", "mpaa_rating": "", "critics_pick": 0, "byline": "ANDRE SENNWALD.", "headline": "Little Big Shot", "summary_short": "Drifters entrusted with racketeer's daughter.", "publication_date": "1935-10-07", "opening_date": "1935-09-07", "date_updated": "2016-03-30 06:49:00", "link": {"type": "article", "url": "http://www.nytimes.com/movie/review?res=9507E6DC173EE53ABC4F53DFB667838E629EDE", "suggested_link_text": "Read the New York Times Review of Little Big Shot"}, "multimedia": null}, {"display_title": "Two Fisted", "mpaa_rating": "", "critics_pick": 0, "byline": "T.M.P.", "headline": "Two Fisted", "summary_short": "", "publication_date": "1935-10-05", "opening_date": "1935-10-04", "date_updated": "2016-03-30 07:15:17", "link": {"type": "article", "url": "http://www.nytimes.com/movie/review?res=9803E3D8113EE53ABC4D53DFB667838E629EDE", "suggested_link_text": "Read the New York Times Review of Two Fisted"}, "multimedia": null}, {"display_title": "The Last Outpost", "mpaa_rating": "", "critics_pick": 0, "byline": "F.S.N.", "headline": "Last Outpost, The", "summary_short": "And the old story.", "publication_date": "1935-10-05", "opening_date": "1935-10-11", "date_updated": "2016-03-30 06:44:17", "link": {"type": "article", "url": "http://www.nytimes.com/movie/review?res=9F03E3D8113EE53ABC4D53DFB667838E629EDE", "suggested_link_text": "Read the New York Times Review of The Last Outpost"}, "multimedia": null}, {"display_title": "The Return of Peter Grimm", "mpaa_rating": "", "critics_pick": 0, "byline": "ANDRE SENNWALD.", "headline": "Return of Peter Grimm, The", "summary_short": "Ghostly patriarch revisits his messed-up family. Steady, compelling fantasy.", "publication_date": "1935-10-04", "opening_date": "1935-09-13", "date_updated": "2016-03-30 06:43:41", "link": {"type": "article", "url": "http://www.nytimes.com/movie/review?res=990CE0DB173FEE3BBC4C53DFB667838E629EDE", "suggested_link_text": "Read the New York Times Review of The Return of Peter Grimm"}, "multimedia": null}, {"display_title": "Here's to Romance", "mpaa_rating": "", "critics_pick": 0, "byline": "A.S.", "headline": "Here's to Romance", "summary_short": "", "publication_date": "1935-10-03", "opening_date": "1935-10-04", "date_updated": "2016-03-30 06:43:43", "link": {"type": "article", "url": "http://www.nytimes.com/movie/review?res=9804E0DD173EE53ABC4B53DFB667838E629EDE", "suggested_link_text": "Read the New York Times Review of Here's to Romance"}, "multimedia": null}, {"display_title": "Dr. Socrates", "mpaa_rating": "", "critics_pick": 0, "byline": "ANDRE SENNWALD.", "headline": "Dr Socrates", "summary_short": "Small-town doctor used by mobsters. Colorful tale.", "publication_date": "1935-10-03", "opening_date": "1935-10-19", "date_updated": "2016-03-30 07:17:03", "link": {"type": "article", "url": "http://www.nytimes.com/movie/review?res=9F04E0DD173EE53ABC4B53DFB667838E629EDE", "suggested_link_text": "Read the New York Times Review of Dr. Socrates"}, "multimedia": null}, {"display_title": "Legong: Dance of the Virgins", "mpaa_rating": "", "critics_pick": 0, "byline": "ANDRE SENNWALD.", "headline": "Legong", "summary_short": "", "publication_date": "1935-10-02", "opening_date": "1935-11-15", "date_updated": "2016-03-30 06:47:04", "link": {"type": "article", "url": "http://www.nytimes.com/movie/review?res=9801E7DE1F3DE53ABC4A53DFB667838E629EDE", "suggested_link_text": "Read the New York Times Review of Legong: Dance of the Virgins"}, "multimedia": null}, {"display_title": "Thunder Mountain", "mpaa_rating": "", "critics_pick": 0, "byline": "T.M.P.", "headline": "Thunder Mountain", "summary_short": "", "publication_date": "1935-10-02", "opening_date": "1935-09-27", "date_updated": "2016-03-30 07:30:35", "link": {"type": "article", "url": "http://www.nytimes.com/movie/review?res=9A01E7DE1F3DE53ABC4A53DFB667838E629EDE", "suggested_link_text": "Read the New York Times Review of Thunder Mountain"}, "multimedia": null}, {"display_title": "Legend of William Tell", "mpaa_rating": "", "critics_pick": 0, "byline": "F.S.N.", "headline": "Legend of William Tell, The", "summary_short": "", "publication_date": "1935-10-02", "opening_date": "1935-10-01", "date_updated": "2016-03-30 06:45:28", "link": {"type": "article", "url": "http://www.nytimes.com/movie/review?res=9901E7DE1F3DE53ABC4A53DFB667838E629EDE", "suggested_link_text": "Read the New York Times Review of Legend of William Tell"}, "multimedia": null}, {"display_title": "Red Salute", "mpaa_rating": "", "critics_pick": 0, "byline": "ANDRE SENNWALD.", "headline": "Red Salute", "summary_short": "Embarrassing exhibit of chauvinism.", "publication_date": "1935-09-30", "opening_date": "1935-09-12", "date_updated": "2016-03-30 07:13:01", "link": {"type": "article", "url": "http://www.nytimes.com/movie/review?res=9F0CE4DF1F3DE53ABC4850DFBF66838E629EDE", "suggested_link_text": "Read the New York Times Review of Red Salute"}, "multimedia": null}, {"display_title": "The Girl Friend", "mpaa_rating": "", "critics_pick": 0, "byline": "ANDRE SENNWALD.", "headline": "Girl Friend, The", "summary_short": "Rural playwright and stage-struck sister.", "publication_date": "1935-09-28", "opening_date": "1935-09-28", "date_updated": "2016-03-30 06:50:24", "link": {"type": "article", "url": "http://www.nytimes.com/movie/review?res=9503EED6163EE53ABC4051DFBF66838E629EDE", "suggested_link_text": "Read the New York Times Review of The Girl Friend"}, "multimedia": null}, {"display_title": "So ein M\u00c3\u00a4del Vergi\u00c3\u0178t Man Nicht", "mpaa_rating": "", "critics_pick": 0, "byline": "H.T.S.", "headline": "So ein Maedel Vergisst Man nicht", "summary_short": "", "publication_date": "1935-09-28", "opening_date": "1935-09-27", "date_updated": "2016-03-30 06:46:36", "link": {"type": "article", "url": "http://www.nytimes.com/movie/review?res=9D02EED6163EE53ABC4051DFBF66838E629EDE", "suggested_link_text": "Read the New York Times Review of So ein M\u00c3\u00a4del Vergi\u00c3\u0178t Man Nicht"}, "multimedia": null}, {"display_title": "She Married Her Boss", "mpaa_rating": "", "critics_pick": 0, "byline": "ANDRE SENNWALD.", "headline": "She Married her Boss", "summary_short": "Thin but edible.", "publication_date": "1935-09-27", "opening_date": "1935-09-19", "date_updated": "2016-03-30 07:14:40", "link": {"type": "article", "url": "http://www.nytimes.com/movie/review?res=9C01E7DF1F3DE53ABC4F51DFBF66838E629EDE", "suggested_link_text": "Read the New York Times Review of She Married Her Boss"}, "multimedia": null}, {"display_title": "Maria Chapdelaine", "mpaa_rating": "", "critics_pick": 0, "byline": "ANDRE SENNWALD.", "headline": "Maria Chapdelaine", "summary_short": "", "publication_date": "1935-09-25", "opening_date": "1935-09-24", "date_updated": "2016-03-30 06:52:18", "link": {"type": "article", "url": "http://www.nytimes.com/movie/review?res=9C05E5D9113EE53ABC4D51DFBF66838E629EDE", "suggested_link_text": "Read the New York Times Review of Maria Chapdelaine"}, "multimedia": null}, {"display_title": "Hermine und die 7 Aufrechten", "mpaa_rating": "", "critics_pick": 0, "byline": "H.T.S.", "headline": "Hermine und die Sieben Aufrechten", "summary_short": "", "publication_date": "1935-09-21", "opening_date": "1935-09-20", "date_updated": "2016-03-30 06:44:48", "link": {"type": "article", "url": "http://www.nytimes.com/movie/review?res=9C0CE2D6163EE53ABC4951DFBF66838E629EDE", "suggested_link_text": "Read the New York Times Review of Hermine und die 7 Aufrechten"}, "multimedia": null}, {"display_title": "Steamboat Round the Bend", "mpaa_rating": "", "critics_pick": 0, "byline": "ANDRE SENNWALD.", "headline": "Steamboat Around the Bend", "summary_short": "Fine old river corn, mildewed but real.", "publication_date": "1935-09-20", "opening_date": "1935-09-06", "date_updated": "2016-03-30 07:09:27", "link": {"type": "article", "url": "http://www.nytimes.com/movie/review?res=9500E1DA113EE53ABC4851DFBF66838E629EDE", "suggested_link_text": "Read the New York Times Review of Steamboat Round the Bend"}, "multimedia": null}]}