{"status": "OK", "copyright": "Copyright (c) 2017 The New York Times Company. All Rights Reserved.", "has_more": true, "num_results": 20, "results": [{"display_title": "Itto", "mpaa_rating": "", "critics_pick": 0, "byline": "FRANK S. NUGENT.", "headline": "Itto", "summary_short": "", "publication_date": "1936-01-29", "opening_date": "1936-01-28", "date_updated": "2016-03-30 07:13:32", "link": {"type": "article", "url": "http://www.nytimes.com/movie/review?res=9503E5D8143FEE3BBC4151DFB766838D629EDE", "suggested_link_text": "Read the New York Times Review of Itto"}, "multimedia": null}, {"display_title": "Zwischen Zwei Herzen", "mpaa_rating": "", "critics_pick": 0, "byline": "H.T.S.", "headline": "Zwischen Zwei Herzen", "summary_short": "", "publication_date": "1936-01-28", "opening_date": "1936-01-27", "date_updated": "2016-03-30 07:16:29", "link": {"type": "article", "url": "http://www.nytimes.com/movie/review?res=9E0DE4DC1630E13BBC4051DFB766838D629EDE", "suggested_link_text": "Read the New York Times Review of Zwischen Zwei Herzen"}, "multimedia": null}, {"display_title": "Builders of Socialism", "mpaa_rating": "", "critics_pick": 0, "byline": "H.T.S.", "headline": "Builders of Socialism", "summary_short": "", "publication_date": "1936-01-27", "opening_date": "1936-01-26", "date_updated": "2016-03-30 07:21:07", "link": {"type": "article", "url": "http://www.nytimes.com/movie/review?res=9E01E1D6173BE33BBC4F51DFB766838D629EDE", "suggested_link_text": "Read the New York Times Review of Builders of Socialism"}, "multimedia": null}, {"display_title": "Freshman Love", "mpaa_rating": "", "critics_pick": 0, "byline": "T.M.P.", "headline": "Freshman Love", "summary_short": "A crew coach uses the college president's daughter to recruit top oarsmen.", "publication_date": "1936-01-25", "opening_date": "1936-01-18", "date_updated": "2016-03-30 07:21:32", "link": {"type": "article", "url": "http://www.nytimes.com/movie/review?res=9407E7DC1630E13BBC4D51DFB766838D629EDE", "suggested_link_text": "Read the New York Times Review of Freshman Love"}, "multimedia": null}, {"display_title": "The Calling of Dan Matthews", "mpaa_rating": "", "critics_pick": 0, "byline": "B.R.C.", "headline": "Calling of Dan Matthews, The", "summary_short": "", "publication_date": "1936-01-25", "opening_date": "1935-12-10", "date_updated": "2016-03-30 07:28:44", "link": {"type": "article", "url": "http://www.nytimes.com/movie/review?res=9B07E7DC1630E13BBC4D51DFB766838D629EDE", "suggested_link_text": "Read the New York Times Review of The Calling of Dan Matthews"}, "multimedia": null}, {"display_title": "Whipsaw", "mpaa_rating": "Not Rated", "critics_pick": 0, "byline": "FRANK S. NUGENT.", "headline": "Whipsaw", "summary_short": "Undercover man romances thief away from her partners, who catch up. Trim and tingling.", "publication_date": "1936-01-25", "opening_date": "1935-12-18", "date_updated": "2016-03-30 07:24:09", "link": {"type": "article", "url": "http://www.nytimes.com/movie/review?res=9A07E7DC1630E13BBC4D51DFB766838D629EDE", "suggested_link_text": "Read the New York Times Review of Whipsaw"}, "multimedia": null}, {"display_title": "Collegiate", "mpaa_rating": "", "critics_pick": 0, "byline": "FRANK S. NUGENT.", "headline": "Collegiate", "summary_short": "", "publication_date": "1936-01-23", "opening_date": "1936-01-22", "date_updated": "2016-03-30 06:41:21", "link": {"type": "article", "url": "http://www.nytimes.com/movie/review?res=9C05EFD8143FEE3BBC4B51DFB766838D629EDE", "suggested_link_text": "Read the New York Times Review of Collegiate"}, "multimedia": null}, {"display_title": "The Widow from Monte Carlo", "mpaa_rating": "", "critics_pick": 0, "byline": "B.R.C.", "headline": "Widow From Monte Carlo, The", "summary_short": "Blackmail puts a social climber and a suitor in a duchess's good graces.", "publication_date": "1936-01-23", "opening_date": "1936-02-01", "date_updated": "2016-03-30 06:52:04", "link": {"type": "article", "url": "http://www.nytimes.com/movie/review?res=9905EFD8143FEE3BBC4B51DFB766838D629EDE", "suggested_link_text": "Read the New York Times Review of The Widow from Monte Carlo"}, "multimedia": null}, {"display_title": "Dangerous Waters", "mpaa_rating": "", "critics_pick": 0, "byline": "FRANK S. NUGENT.", "headline": "Dangerous Waters", "summary_short": "", "publication_date": "1936-01-22", "opening_date": "1936-02-10", "date_updated": "2016-03-30 06:51:09", "link": {"type": "article", "url": "http://www.nytimes.com/movie/review?res=9901E0DF1630E13BBC4A51DFB766838D629EDE", "suggested_link_text": "Read the New York Times Review of Dangerous Waters"}, "multimedia": null}, {"display_title": "The Murder of Dr. Harrigan", "mpaa_rating": "", "critics_pick": 0, "byline": "FRANK S. NUGENT.", "headline": "Murder of Dr Harrigan, The", "summary_short": "", "publication_date": "1936-01-21", "opening_date": "1936-01-11", "date_updated": "2016-03-30 06:42:04", "link": {"type": "article", "url": "http://www.nytimes.com/movie/review?res=9C0DE6DF1630E13BBC4951DFB766838D629EDE", "suggested_link_text": "Read the New York Times Review of The Murder of Dr. Harrigan"}, "multimedia": null}, {"display_title": "Keine Angst Vor Liebe", "mpaa_rating": "", "critics_pick": 0, "byline": "H.T.S.", "headline": "Keine Angst vor Liebe", "summary_short": "", "publication_date": "1936-01-21", "opening_date": "1936-01-20", "date_updated": "2016-03-30 07:28:57", "link": {"type": "article", "url": "http://www.nytimes.com/movie/review?res=9D0DE6DF1630E13BBC4951DFB766838D629EDE", "suggested_link_text": "Read the New York Times Review of Keine Angst Vor Liebe"}, "multimedia": null}, {"display_title": "Ceiling Zero", "mpaa_rating": "", "critics_pick": 0, "byline": "FRANK S. NUGENT.", "headline": "Ceiling Zero", "summary_short": "Mail flyers. Well paced and colorful, the Howard Hawks way.", "publication_date": "1936-01-20", "opening_date": "1936-01-16", "date_updated": "2016-03-30 06:54:36", "link": {"type": "article", "url": "http://www.nytimes.com/movie/review?res=9E02E1D71F31E13BBC4851DFB766838D629EDE", "suggested_link_text": "Read the New York Times Review of Ceiling Zero"}, "multimedia": null}, {"display_title": "Exclusive Story", "mpaa_rating": "", "critics_pick": 0, "byline": "FRANK S. NUGENT.", "headline": "Exclusive Story", "summary_short": "", "publication_date": "1936-01-18", "opening_date": "1936-01-17", "date_updated": "2016-03-30 06:56:11", "link": {"type": "article", "url": "http://www.nytimes.com/movie/review?res=9406E1D9143FEE3BBC4052DFB766838D629EDE", "suggested_link_text": "Read the New York Times Review of Exclusive Story"}, "multimedia": null}, {"display_title": "Charlie Chan's Secret", "mpaa_rating": "", "critics_pick": 0, "byline": "B.R.C.", "headline": "Charlie Chan's Secret", "summary_short": "He's marking time here.", "publication_date": "1936-01-18", "opening_date": "1936-01-10", "date_updated": "2016-03-30 06:52:46", "link": {"type": "article", "url": "http://www.nytimes.com/movie/review?res=9D01E1D9143FEE3BBC4052DFB766838D629EDE", "suggested_link_text": "Read the New York Times Review of Charlie Chan's Secret"}, "multimedia": null}, {"display_title": "We're Only Human", "mpaa_rating": "", "critics_pick": 0, "byline": "T.M.P.", "headline": "We're Only Human", "summary_short": "Detective fired for letting bandit escape.", "publication_date": "1936-01-18", "opening_date": "1935-12-27", "date_updated": "2016-03-30 07:26:22", "link": {"type": "article", "url": "http://www.nytimes.com/movie/review?res=9F01E1D9143FEE3BBC4052DFB766838D629EDE", "suggested_link_text": "Read the New York Times Review of We're Only Human"}, "multimedia": null}, {"display_title": "Frasquita", "mpaa_rating": "", "critics_pick": 0, "byline": "H.T.S.", "headline": "Frasquita", "summary_short": "", "publication_date": "1936-01-18", "opening_date": "1936-01-17", "date_updated": "2016-03-30 07:29:05", "link": {"type": "article", "url": "http://www.nytimes.com/movie/review?res=9A01E1D9143FEE3BBC4052DFB766838D629EDE", "suggested_link_text": "Read the New York Times Review of Frasquita"}, "multimedia": null}, {"display_title": "Strike Me Pink", "mpaa_rating": "", "critics_pick": 0, "byline": "FRANK S. NUGENT.", "headline": "Strike Me Pink", "summary_short": "Fairly diverting antique.", "publication_date": "1936-01-17", "opening_date": "1936-01-24", "date_updated": "2016-03-30 06:47:05", "link": {"type": "article", "url": "http://www.nytimes.com/movie/review?res=9A02E7D8173CE53ABC4F52DFB766838D629EDE", "suggested_link_text": "Read the New York Times Review of Strike Me Pink"}, "multimedia": null}, {"display_title": "A Kiralyno Huszarja", "mpaa_rating": "", "critics_pick": 0, "byline": "H.T.S.", "headline": "Kiralyne Huszarja, A", "summary_short": "", "publication_date": "1936-01-17", "opening_date": "1936-01-16", "date_updated": "2016-03-30 06:45:34", "link": {"type": "article", "url": "http://www.nytimes.com/movie/review?res=9B02E7D8173CE53ABC4F52DFB766838D629EDE", "suggested_link_text": "Read the New York Times Review of A Kiralyno Huszarja"}, "multimedia": null}, {"display_title": "King of Burlesque", "mpaa_rating": "", "critics_pick": 0, "byline": "FRANK S. NUGENT.", "headline": "King of Burlesque", "summary_short": "Brisk, agreeable musical.", "publication_date": "1936-01-16", "opening_date": "1936-01-03", "date_updated": "2016-03-30 06:55:21", "link": {"type": "article", "url": "http://www.nytimes.com/movie/review?res=9502E7DE163BE33BBC4E52DFB766838D629EDE", "suggested_link_text": "Read the New York Times Review of King of Burlesque"}, "multimedia": null}, {"display_title": "The Crime of Dr. Crespi", "mpaa_rating": "", "critics_pick": 0, "byline": "B.R.C.", "headline": "Crime of Dr Crespi, The", "summary_short": "", "publication_date": "1936-01-13", "opening_date": "1935-09-24", "date_updated": "2016-03-30 07:21:41", "link": {"type": "article", "url": "http://www.nytimes.com/movie/review?res=9F03E1D81F31E13BBC4B52DFB766838D629EDE", "suggested_link_text": "Read the New York Times Review of The Crime of Dr. Crespi"}, "multimedia": null}]}