{"status": "OK", "copyright": "Copyright (c) 2017 The New York Times Company. All Rights Reserved.", "has_more": true, "num_results": 20, "results": [{"display_title": "D'Homme aHommes", "mpaa_rating": "", "critics_pick": 0, "byline": "GEORGE AXELSSON", "headline": "Homme a Hommes D'", "summary_short": "", "publication_date": "1948-08-30", "opening_date": null, "date_updated": "2016-03-30 06:52:24", "link": {"type": "article", "url": "http://www.nytimes.com/movie/review?res=9E02EEDC1338E13ABC4850DFBE668383659EDE", "suggested_link_text": "Read the New York Times Review of D'Homme aHommes"}, "multimedia": null}, {"display_title": "Two Guys from Texas", "mpaa_rating": "", "critics_pick": 0, "byline": "BOSLEY CROWTHER", "headline": "Two Guys From Texas", "summary_short": "Slight and painless.", "publication_date": "1948-08-28", "opening_date": "1948-09-04", "date_updated": "2016-03-30 07:28:14", "link": {"type": "article", "url": "http://www.nytimes.com/movie/review?res=9D04EEDB1438EE3BBC4051DFBE668383659EDE", "suggested_link_text": "Read the New York Times Review of Two Guys from Texas"}, "multimedia": null}, {"display_title": "Rope", "mpaa_rating": "", "critics_pick": 0, "byline": "BOSLEY CROWTHER", "headline": "Rope", "summary_short": "Hitchcock's one-set crime-teaser. Still long on talk, but definitely worth watching.", "publication_date": "1948-08-27", "opening_date": "1948-08-28", "date_updated": "2016-03-30 06:41:51", "link": {"type": "article", "url": "http://www.nytimes.com/movie/review?res=980DE3D81630E03BBC4F51DFBE668383659EDE", "suggested_link_text": "Read the New York Times Review of Rope"}, "multimedia": null}, {"display_title": "The Velvet Touch", "mpaa_rating": "Not Rated", "critics_pick": 0, "byline": "BOSLEY CROWTHER", "headline": "Velvet Touch, The", "summary_short": "Stage star involved in murder. Rather lah-de-dah stuff, excluding Claire Trevor.", "publication_date": "1948-08-26", "opening_date": "1948-07-13", "date_updated": "2016-03-30 07:11:31", "link": {"type": "article", "url": "http://www.nytimes.com/movie/review?res=9F03E6DB133EE03BBC4E51DFBE668383659EDE", "suggested_link_text": "Read the New York Times Review of The Velvet Touch"}, "multimedia": null}, {"display_title": "Tap Roots", "mpaa_rating": "", "critics_pick": 0, "byline": "T.M.P.", "headline": "Tap Roots", "summary_short": "Civil War Southerners, and very vigorous churning. Colorful doings.", "publication_date": "1948-08-26", "opening_date": "1948-08-25", "date_updated": "2016-03-30 06:51:25", "link": {"type": "article", "url": "http://www.nytimes.com/movie/review?res=9803E6DB133EE03BBC4E51DFBE668383659EDE", "suggested_link_text": "Read the New York Times Review of Tap Roots"}, "multimedia": null}, {"display_title": "Sword of the Avenger", "mpaa_rating": "", "critics_pick": 0, "byline": "B.C.", "headline": "Sword of the Avenger", "summary_short": "", "publication_date": "1948-08-26", "opening_date": "1948-06-02", "date_updated": "2016-03-30 07:25:55", "link": {"type": "article", "url": "http://www.nytimes.com/movie/review?res=9903E6DB133EE03BBC4E51DFBE668383659EDE", "suggested_link_text": "Read the New York Times Review of Sword of the Avenger"}, "multimedia": null}, {"display_title": "That Lady in Ermine", "mpaa_rating": "", "critics_pick": 0, "byline": "BOSLEY CROWTHER", "headline": "That Lady in Ermine", "summary_short": "Coy frothy tonnage with one beautiful ballad, ``This Is the Moment.'' But not worth the wait.", "publication_date": "1948-08-25", "opening_date": null, "date_updated": "2016-03-30 06:56:58", "link": {"type": "article", "url": "http://www.nytimes.com/movie/review?res=990DE0DC133EE03BBC4D51DFBE668383659EDE", "suggested_link_text": "Read the New York Times Review of That Lady in Ermine"}, "multimedia": null}, {"display_title": "L'Honorable Catherine", "mpaa_rating": "", "critics_pick": 0, "byline": "H.H.T.", "headline": "Honorable Catherine, The", "summary_short": "", "publication_date": "1948-08-23", "opening_date": "1948-08-21", "date_updated": "2016-03-30 07:19:13", "link": {"type": "article", "url": "http://www.nytimes.com/movie/review?res=9C01E5D81F3CE03ABC4B51DFBE668383659EDE", "suggested_link_text": "Read the New York Times Review of L'Honorable Catherine"}, "multimedia": null}, {"display_title": "Race Street", "mpaa_rating": "", "critics_pick": 0, "byline": "T.M.P.", "headline": "Race Street", "summary_short": "Bookie vs. extortionist. Routine.", "publication_date": "1948-08-23", "opening_date": "1948-09-11", "date_updated": "2016-03-30 07:11:25", "link": {"type": "article", "url": "http://www.nytimes.com/movie/review?res=9506E5D81F3CE03ABC4B51DFBE668383659EDE", "suggested_link_text": "Read the New York Times Review of Race Street"}, "multimedia": null}, {"display_title": "Donde Mueren Las Palabras", "mpaa_rating": "", "critics_pick": 0, "byline": "A.W.", "headline": "Where Words Fail", "summary_short": "", "publication_date": "1948-08-19", "opening_date": null, "date_updated": "2016-03-30 06:55:26", "link": {"type": "article", "url": "http://www.nytimes.com/movie/review?res=9400E7DC133EE03BBC4152DFBE668383659EDE", "suggested_link_text": "Read the New York Times Review of Donde Mueren Las Palabras"}, "multimedia": null}, {"display_title": "Murderers Are Among Us", "mpaa_rating": "", "critics_pick": 0, "byline": "T.M.P.", "headline": "Murderers Among Us", "summary_short": "Tormented by memories of mass executions, Berlin doctor plots to kill retired Nazi captain.", "publication_date": "1948-08-17", "opening_date": "1948-08-16", "date_updated": "2016-03-30 07:12:48", "link": {"type": "article", "url": "http://www.nytimes.com/movie/review?res=9A04E1D81230E23ABC4F52DFBE668383659EDE", "suggested_link_text": "Read the New York Times Review of Murderers Are Among Us"}, "multimedia": null}, {"display_title": "Escape", "mpaa_rating": "", "critics_pick": 0, "byline": "A.W.", "headline": "Escape", "summary_short": "", "publication_date": "1948-08-16", "opening_date": null, "date_updated": "2016-03-30 07:09:27", "link": {"type": "article", "url": "http://www.nytimes.com/movie/review?res=9D02E2DD133EE03BBC4E52DFBE668383659EDE", "suggested_link_text": "Read the New York Times Review of Escape"}, "multimedia": null}, {"display_title": "The Man from Texas", "mpaa_rating": "", "critics_pick": 0, "byline": "A. W.", "headline": "Man From Texas", "summary_short": "", "publication_date": "1948-08-12", "opening_date": "1948-03-06", "date_updated": "2016-03-30 07:24:14", "link": {"type": "article", "url": "http://www.nytimes.com/movie/review?res=9D00E7DD133EE03BBC4A52DFBE668383659EDE", "suggested_link_text": "Read the New York Times Review of The Man from Texas"}, "multimedia": null}, {"display_title": "The Walls of Jericho", "mpaa_rating": "", "critics_pick": 0, "byline": "A.. W.", "headline": "Walls of Jericho, The", "summary_short": "", "publication_date": "1948-08-05", "opening_date": null, "date_updated": "2016-03-30 06:42:13", "link": {"type": "article", "url": "http://www.nytimes.com/movie/review?res=9F07E3D9143EE53ABC4D53DFBE668383659EDE", "suggested_link_text": "Read the New York Times Review of The Walls of Jericho"}, "multimedia": null}, {"display_title": "Piccadilly Incident", "mpaa_rating": "", "critics_pick": 0, "byline": "The New York Times", "headline": "Piccadilly Incident", "summary_short": "", "publication_date": "1948-08-05", "opening_date": "1948-08-04", "date_updated": "2016-03-30 07:21:36", "link": {"type": "article", "url": "http://www.nytimes.com/movie/review?res=9907E3D9143EE53ABC4D53DFBE668383659EDE", "suggested_link_text": "Read the New York Times Review of Piccadilly Incident"}, "multimedia": null}, {"display_title": "Four Faces West", "mpaa_rating": "", "critics_pick": 0, "byline": "A.W.", "headline": "Four Faces West", "summary_short": "Joseph Calleia. Thoughtful western minus a single gunshot. Different and compelling.", "publication_date": "1948-08-04", "opening_date": null, "date_updated": "2016-03-30 06:55:55", "link": {"type": "article", "url": "http://www.nytimes.com/movie/review?res=9905E6D81F3EE53ABC4C53DFBE668383659EDE", "suggested_link_text": "Read the New York Times Review of Four Faces West"}, "multimedia": null}, {"display_title": "Beyond Glory", "mpaa_rating": "", "critics_pick": 0, "byline": "T.F.B.", "headline": "Beyond Glory", "summary_short": "West Point cadet in hot water. Make that lukewarm.", "publication_date": "1948-08-04", "opening_date": null, "date_updated": "2016-03-30 06:42:05", "link": {"type": "article", "url": "http://www.nytimes.com/movie/review?res=9805E6D81F3EE53ABC4C53DFBE668383659EDE", "suggested_link_text": "Read the New York Times Review of Beyond Glory"}, "multimedia": null}, {"display_title": "On an Island with You", "mpaa_rating": "", "critics_pick": 0, "byline": "T.F.B.", "headline": "On an Island With You", "summary_short": "Fair-to-middling swimcase. Jimmy helps.", "publication_date": "1948-07-30", "opening_date": "1948-05-03", "date_updated": "2016-03-30 06:44:19", "link": {"type": "article", "url": "http://www.nytimes.com/movie/review?res=9801E3DA1630E03BBC4850DFB1668383659EDE", "suggested_link_text": "Read the New York Times Review of On an Island with You"}, "multimedia": null}, {"display_title": "Abbott and Costello Meet Frankenstein", "mpaa_rating": "", "critics_pick": 0, "byline": "B.C.", "headline": "Abbott and Costello Meet Frankenstein", "summary_short": "And Count Dracula and Wolfman too, but of course only Costello notices them. Right off the Universal assembly line.", "publication_date": "1948-07-29", "opening_date": "1948-06-15", "date_updated": "2016-03-30 06:51:22", "link": {"type": "article", "url": "http://www.nytimes.com/movie/review?res=9D00E0DD163AE33BBC4151DFB1668383659EDE", "suggested_link_text": "Read the New York Times Review of Abbott and Costello Meet Frankenstein"}, "multimedia": null}, {"display_title": "Deep Waters", "mpaa_rating": "", "critics_pick": 0, "byline": "BOSLEY CROWTHER", "headline": "Deep Waters", "summary_short": "Humdrum drama of fishing village, some color.", "publication_date": "1948-07-23", "opening_date": null, "date_updated": "2016-03-30 06:47:29", "link": {"type": "article", "url": "http://www.nytimes.com/movie/review?res=9503E5D91F3BE33BBC4B51DFB1668383659EDE", "suggested_link_text": "Read the New York Times Review of Deep Waters"}, "multimedia": null}]}