{"status": "OK", "copyright": "Copyright (c) 2017 The New York Times Company. All Rights Reserved.", "has_more": true, "num_results": 20, "results": [{"display_title": "Fired Wife", "mpaa_rating": "", "critics_pick": 0, "byline": "BOSLEY CROWTHER", "headline": "Fired Wife", "summary_short": "", "publication_date": "1943-10-01", "opening_date": "1943-09-03", "date_updated": "2016-03-30 06:45:11", "link": {"type": "article", "url": "http://www.nytimes.com/movie/review?res=9E03EFD8103CEE3BBC4953DFB6678388659EDE", "suggested_link_text": "Read the New York Times Review of Fired Wife"}, "multimedia": null}, {"display_title": "Wintertime", "mpaa_rating": "", "critics_pick": 0, "byline": "BOSLEY CROWTHER", "headline": "Wintertime", "summary_short": "The skating, fine as usual, is all.", "publication_date": "1943-09-30", "opening_date": "1943-09-17", "date_updated": "2016-03-30 07:24:04", "link": {"type": "article", "url": "http://www.nytimes.com/movie/review?res=9C01E2D8103CEE3BBC4850DFBF668388659EDE", "suggested_link_text": "Read the New York Times Review of Wintertime"}, "multimedia": null}, {"display_title": "The Man from Down Under", "mpaa_rating": "", "critics_pick": 0, "byline": "T.S.", "headline": "Man From Down Under, The", "summary_short": "War veteran raises two orphans.", "publication_date": "1943-09-27", "opening_date": "1943-08-04", "date_updated": "2016-03-30 06:49:41", "link": {"type": "article", "url": "http://www.nytimes.com/movie/review?res=9A00E6D9103CE03ABC4F51DFBF668388659EDE", "suggested_link_text": "Read the New York Times Review of The Man from Down Under"}, "multimedia": null}, {"display_title": "Johnny Come Lately", "mpaa_rating": "", "critics_pick": 0, "byline": "BOSLEY CROWTHER", "headline": "Johnny Come Lately", "summary_short": "A small-town newspaper, and two real charmers.", "publication_date": "1943-09-24", "opening_date": "1943-09-03", "date_updated": "2016-03-30 06:52:52", "link": {"type": "article", "url": "http://www.nytimes.com/movie/review?res=9B00E4DC1438E33BBC4C51DFBF668388659EDE", "suggested_link_text": "Read the New York Times Review of Johnny Come Lately"}, "multimedia": null}, {"display_title": "The Adventures of Tartu", "mpaa_rating": "", "critics_pick": 0, "byline": "T.S.", "headline": "Adventures of Tartu, The", "summary_short": "A British spy helps the Czech underground blow up a Nazi poison-gas factory in Prague.", "publication_date": "1943-09-24", "opening_date": "1943-10-01", "date_updated": "2016-03-30 06:47:13", "link": {"type": "article", "url": "http://www.nytimes.com/movie/review?res=9400E4DC1438E33BBC4C51DFBF668388659EDE", "suggested_link_text": "Read the New York Times Review of The Adventures of Tartu"}, "multimedia": null}, {"display_title": "Hit the Ice", "mpaa_rating": "", "critics_pick": 0, "byline": "BOSLEY CROWTHER", "headline": "Hit the Ice", "summary_short": "Hits the fan.", "publication_date": "1943-09-23", "opening_date": "1943-06-02", "date_updated": "2016-03-30 07:15:23", "link": {"type": "article", "url": "http://www.nytimes.com/movie/review?res=9E04EEDD1438E33BBC4B51DFBF668388659EDE", "suggested_link_text": "Read the New York Times Review of Hit the Ice"}, "multimedia": null}, {"display_title": "A Lady Takes a Chance", "mpaa_rating": "", "critics_pick": 0, "byline": "T.S.", "headline": "Lady Takes a Chance, A", "summary_short": "City girl goes West. Easy, breezy old-timer.", "publication_date": "1943-09-16", "opening_date": "1943-08-19", "date_updated": "2016-03-30 07:14:46", "link": {"type": "article", "url": "http://www.nytimes.com/movie/review?res=9900E2D9103CEE3BBC4E52DFBF668388659EDE", "suggested_link_text": "Read the New York Times Review of A Lady Takes a Chance"}, "multimedia": null}, {"display_title": "Holy Matrimony", "mpaa_rating": "Not Rated", "critics_pick": 0, "byline": "BOSLEY CROWTHER", "headline": "Holy Matrimony", "summary_short": "Only one word for this comedy delight: perfect.", "publication_date": "1943-09-16", "opening_date": "1943-08-27", "date_updated": "2016-03-30 07:27:18", "link": {"type": "article", "url": "http://www.nytimes.com/movie/review?res=9800E2D9103CEE3BBC4E52DFBF668388659EDE", "suggested_link_text": "Read the New York Times Review of Holy Matrimony"}, "multimedia": null}, {"display_title": "Thousands Cheer", "mpaa_rating": "", "critics_pick": 0, "byline": "T.M.P.", "headline": "Thousands Cheer", "summary_short": "Acceptable all-star Army salute. Some good sequences.", "publication_date": "1943-09-14", "opening_date": "1944-01-01", "date_updated": "2016-03-30 06:48:22", "link": {"type": "article", "url": "http://www.nytimes.com/movie/review?res=9507E1D61530E53BBC4C52DFBF668388659EDE", "suggested_link_text": "Read the New York Times Review of Thousands Cheer"}, "multimedia": null}, {"display_title": "Jeannie", "mpaa_rating": "", "critics_pick": 0, "byline": "T.S.", "headline": "Jeannie", "summary_short": "", "publication_date": "1943-09-13", "opening_date": null, "date_updated": "2016-03-30 06:56:49", "link": {"type": "article", "url": "http://www.nytimes.com/movie/review?res=9402EEDE1438E33BBC4B52DFBF668388659EDE", "suggested_link_text": "Read the New York Times Review of Jeannie"}, "multimedia": null}, {"display_title": "Swing Shift Maisie", "mpaa_rating": "", "critics_pick": 0, "byline": "T.S.", "headline": "Swing Shift Maisie", "summary_short": "Wartime airplane factory. Hard to resist Annie.", "publication_date": "1943-09-10", "opening_date": "1943-10-01", "date_updated": "2016-03-30 06:42:08", "link": {"type": "article", "url": "http://www.nytimes.com/movie/review?res=9403E5DF1438E33BBC4852DFBF668388659EDE", "suggested_link_text": "Read the New York Times Review of Swing Shift Maisie"}, "multimedia": null}, {"display_title": "So Proudly We Hail!", "mpaa_rating": "", "critics_pick": 0, "byline": "BOSLEY CROWTHER", "headline": "So Proudly We Hail", "summary_short": "Wartime nurses on Bataan. Some strong moments.", "publication_date": "1943-09-10", "opening_date": null, "date_updated": "2016-03-30 07:12:48", "link": {"type": "article", "url": "http://www.nytimes.com/movie/review?res=980DE6DF1438E33BBC4852DFBF668388659EDE", "suggested_link_text": "Read the New York Times Review of So Proudly We Hail!"}, "multimedia": null}, {"display_title": "The Sky's the Limit", "mpaa_rating": "", "critics_pick": 0, "byline": "BOSLEY CROWTHER", "headline": "Sky's the Limit, The", "summary_short": "Rather weak, but two fine Arlen ballads: ``My Shining Hour,'' ``One for My Baby.''", "publication_date": "1943-09-03", "opening_date": "1943-03-19", "date_updated": "2016-03-30 07:27:27", "link": {"type": "article", "url": "http://www.nytimes.com/movie/review?res=9E03E7D61738E33BBC4B53DFBF668388659EDE", "suggested_link_text": "Read the New York Times Review of The Sky's the Limit"}, "multimedia": null}, {"display_title": "First Comes Courage", "mpaa_rating": "", "critics_pick": 0, "byline": "T.S.", "headline": "First Comes Courage", "summary_short": "So-so Norwegian underground drama.", "publication_date": "1943-09-03", "opening_date": "1943-07-29", "date_updated": "2016-03-30 07:27:12", "link": {"type": "article", "url": "http://www.nytimes.com/movie/review?res=9F03E7D61738E33BBC4B53DFBF668388659EDE", "suggested_link_text": "Read the New York Times Review of First Comes Courage"}, "multimedia": null}, {"display_title": "Destroyer", "mpaa_rating": "", "critics_pick": 0, "byline": "BOSLEY CROWTHER", "headline": "Destroyer", "summary_short": "Routine.", "publication_date": "1943-09-02", "opening_date": "1943-08-19", "date_updated": "2016-03-30 07:21:45", "link": {"type": "article", "url": "http://www.nytimes.com/movie/review?res=9805E6DA103CEE3BBC4A53DFBF668388659EDE", "suggested_link_text": "Read the New York Times Review of Destroyer"}, "multimedia": null}, {"display_title": "Salute to the Marines", "mpaa_rating": "", "critics_pick": 0, "byline": "T.S.", "headline": "Salute to the Marines", "summary_short": "No more, no less.", "publication_date": "1943-08-30", "opening_date": "1943-09-01", "date_updated": "2016-03-30 07:18:27", "link": {"type": "article", "url": "http://www.nytimes.com/movie/review?res=9C04E5DB103CEE3BBC4850DFBE668388659EDE", "suggested_link_text": "Read the New York Times Review of Salute to the Marines"}, "multimedia": null}, {"display_title": "Watch on the Rhine", "mpaa_rating": "", "critics_pick": 1, "byline": "BOSLEY CROWTHER", "headline": "Watch on the Rhine", "summary_short": "Splendid, gripping version of Hellman's anti-Nazi play. Paul's peak.", "publication_date": "1943-08-28", "opening_date": "1943-08-27", "date_updated": "2016-03-30 06:47:41", "link": {"type": "article", "url": "http://www.nytimes.com/movie/review?res=9B07E2D71139E33BBC4051DFBE668388659EDE", "suggested_link_text": "Read the New York Times Review of Watch on the Rhine"}, "multimedia": null}, {"display_title": "Hitler's Madman", "mpaa_rating": "", "critics_pick": 0, "byline": "T.S.", "headline": "Hitler's Madman", "summary_short": "Czech patriots destroy Nazi commander Reinhard Heydrich.", "publication_date": "1943-08-28", "opening_date": "1943-06-10", "date_updated": "2016-03-30 07:27:46", "link": {"type": "article", "url": "http://www.nytimes.com/movie/review?res=9407E2D71139E33BBC4051DFBE668388659EDE", "suggested_link_text": "Read the New York Times Review of Hitler's Madman"}, "multimedia": null}, {"display_title": "Seeds of Freedom", "mpaa_rating": "", "critics_pick": 0, "byline": "BOSLEY CROWTHER", "headline": "Seeds of Freedom", "summary_short": "", "publication_date": "1943-08-25", "opening_date": "1943-08-24", "date_updated": "2016-03-30 06:51:16", "link": {"type": "article", "url": "http://www.nytimes.com/movie/review?res=990DE5D81530E53BBC4D51DFBE668388659EDE", "suggested_link_text": "Read the New York Times Review of Seeds of Freedom"}, "multimedia": null}, {"display_title": "Fallen Sparrow", "mpaa_rating": "", "critics_pick": 0, "byline": "T.S.", "headline": "Fallen Sparrow, The", "summary_short": "Excellent thriller of Spanish Civil War vet vs. Manhattan fascists, via Hughes novel. Sterling John.", "publication_date": "1943-08-20", "opening_date": null, "date_updated": "2016-03-30 06:48:01", "link": {"type": "article", "url": "http://www.nytimes.com/movie/review?res=9B0DEED91139E33BBC4851DFBE668388659EDE", "suggested_link_text": "Read the New York Times Review of Fallen Sparrow"}, "multimedia": null}]}