{"status": "OK", "copyright": "Copyright (c) 2017 The New York Times Company. All Rights Reserved.", "has_more": true, "num_results": 20, "results": [{"display_title": "Our Hearts Were Young and Gay", "mpaa_rating": "", "critics_pick": 0, "byline": "A.W.", "headline": "Our Hearts Were Young and Gay", "summary_short": "Two American girls visit Paris light years ago, via Skinner-Kimbrough novel. Nice old cupcake.", "publication_date": "1944-10-12", "opening_date": "1944-09-02", "date_updated": "2016-03-30 06:48:39", "link": {"type": "article", "url": "http://www.nytimes.com/movie/review?res=9805EEDE1E31E03BBC4A52DFB667838F659EDE", "suggested_link_text": "Read the New York Times Review of Our Hearts Were Young and Gay"}, "multimedia": null}, {"display_title": "My Pal, Wolf", "mpaa_rating": "", "critics_pick": 0, "byline": "P.P.K.", "headline": "My Pal, Wolf", "summary_short": "Girl goes to Washington to buy back her dog from Secretary of War.", "publication_date": "1944-10-09", "opening_date": "1944-09-25", "date_updated": "2016-03-30 07:27:50", "link": {"type": "article", "url": "http://www.nytimes.com/movie/review?res=9D02E0DD113DE13BBC4153DFB667838F659EDE", "suggested_link_text": "Read the New York Times Review of My Pal, Wolf"}, "multimedia": null}, {"display_title": "Himlaspelet", "mpaa_rating": "", "critics_pick": 0, "byline": "A.W.", "headline": "Himlaspelet", "summary_short": "", "publication_date": "1944-10-09", "opening_date": "1944-10-08", "date_updated": "2016-03-30 06:51:53", "link": {"type": "article", "url": "http://www.nytimes.com/movie/review?res=9E02E0DD113DE13BBC4153DFB667838F659EDE", "suggested_link_text": "Read the New York Times Review of Himlaspelet"}, "multimedia": null}, {"display_title": "Music in Manhattan", "mpaa_rating": "", "critics_pick": 0, "byline": "BOSLEY CROWTHER", "headline": "Music in Manhattan", "summary_short": "Youth falls for girl after being forced to pose as her husband.", "publication_date": "1944-10-07", "opening_date": null, "date_updated": "2016-03-30 07:05:17", "link": {"type": "article", "url": "http://www.nytimes.com/movie/review?res=9B01EFDD1038E33BBC4F53DFB667838F659EDE", "suggested_link_text": "Read the New York Times Review of Music in Manhattan"}, "multimedia": null}, {"display_title": "Dead Man's Eyes", "mpaa_rating": "", "critics_pick": 0, "byline": "P.P.K.", "headline": "Dead Man's Eyes", "summary_short": "Blinded artist, via jealous model, needs operation.", "publication_date": "1944-10-07", "opening_date": "1944-11-10", "date_updated": "2016-03-30 07:18:47", "link": {"type": "article", "url": "http://www.nytimes.com/movie/review?res=9506EEDD1038E33BBC4F53DFB667838F659EDE", "suggested_link_text": "Read the New York Times Review of Dead Man's Eyes"}, "multimedia": null}, {"display_title": "Gypsy Wildcat", "mpaa_rating": "", "critics_pick": 0, "byline": "BOSLEY CROWER", "headline": "Gypsy Wildcat", "summary_short": "The alley kind. From hunger.", "publication_date": "1944-10-05", "opening_date": "1944-08-02", "date_updated": "2016-03-30 07:22:32", "link": {"type": "article", "url": "http://www.nytimes.com/movie/review?res=9B03EED61131E03BBC4D53DFB667838F659EDE", "suggested_link_text": "Read the New York Times Review of Gypsy Wildcat"}, "multimedia": null}, {"display_title": "Dangerous Journey", "mpaa_rating": "", "critics_pick": 0, "byline": "BOSLEY CROWTHER", "headline": "Dangerous Journey", "summary_short": "", "publication_date": "1944-10-02", "opening_date": null, "date_updated": "2016-03-30 06:51:59", "link": {"type": "article", "url": "http://www.nytimes.com/movie/review?res=9804E3D61131E03BBC4A53DFB667838F659EDE", "suggested_link_text": "Read the New York Times Review of Dangerous Journey"}, "multimedia": null}, {"display_title": "The Seventh Cross", "mpaa_rating": "", "critics_pick": 0, "byline": "BOSLEY CROWTHER", "headline": "Seventh Cross, The", "summary_short": "A Nazi Germany fugitive. Gripping drama with first- rate, colorful cast. The Cronyns' screen debut.", "publication_date": "1944-09-29", "opening_date": "1944-07-24", "date_updated": "2016-03-30 07:14:38", "link": {"type": "article", "url": "http://www.nytimes.com/movie/review?res=9406EFD71131E03BBC4151DFBF66838F659EDE", "suggested_link_text": "Read the New York Times Review of The Seventh Cross"}, "multimedia": null}, {"display_title": "Maisie Goes to Reno", "mpaa_rating": "Not Rated", "critics_pick": 0, "byline": "T.M.P.", "headline": "Maisie Goes to Reno", "summary_short": "And falls for a card dealer. Painless, thanks mainly to Annie.", "publication_date": "1944-09-29", "opening_date": null, "date_updated": "2016-03-30 06:48:57", "link": {"type": "article", "url": "http://www.nytimes.com/movie/review?res=9506EFD71131E03BBC4151DFBF66838F659EDE", "suggested_link_text": "Read the New York Times Review of Maisie Goes to Reno"}, "multimedia": null}, {"display_title": "Barbary Coast Gent", "mpaa_rating": "", "critics_pick": 0, "byline": "A.W.", "headline": "Barbary Coast Gent", "summary_short": "Just picture Wally as a Robin Hood type.", "publication_date": "1944-09-29", "opening_date": "1944-09-01", "date_updated": "2016-03-30 07:14:02", "link": {"type": "article", "url": "http://www.nytimes.com/movie/review?res=9C01EFD71131E03BBC4151DFBF66838F659EDE", "suggested_link_text": "Read the New York Times Review of Barbary Coast Gent"}, "multimedia": null}, {"display_title": "Greenwich Village", "mpaa_rating": "", "critics_pick": 0, "byline": "BOSLEY CROWTHER", "headline": "Greenwich Village", "summary_short": "Harmless, but they're scraping the barrel. Even Carmen looks stymied.", "publication_date": "1944-09-28", "opening_date": null, "date_updated": "2016-03-30 06:55:08", "link": {"type": "article", "url": "http://www.nytimes.com/movie/review?res=9A03E7D6113CE03ABC4051DFBF66838F659EDE", "suggested_link_text": "Read the New York Times Review of Greenwich Village"}, "multimedia": null}, {"display_title": "La Dama de Las Camelias", "mpaa_rating": "", "critics_pick": 0, "byline": "A.W.", "headline": "Dama de las Camelias, La", "summary_short": "", "publication_date": "1944-09-26", "opening_date": "1944-09-25", "date_updated": "2016-03-30 07:19:07", "link": {"type": "article", "url": "http://www.nytimes.com/movie/review?res=9A0DE4D71131E03BBC4E51DFBF66838F659EDE", "suggested_link_text": "Read the New York Times Review of La Dama de Las Camelias"}, "multimedia": null}, {"display_title": "The Big Noise", "mpaa_rating": "", "critics_pick": 0, "byline": "B.C.", "headline": "Big Noise, The", "summary_short": "The boys guard an explosive.", "publication_date": "1944-09-23", "opening_date": "1944-10-01", "date_updated": "2016-03-30 07:14:34", "link": {"type": "article", "url": "http://www.nytimes.com/movie/review?res=9A0CE2DF113DE13BBC4B51DFBF66838F659EDE", "suggested_link_text": "Read the New York Times Review of The Big Noise"}, "multimedia": null}, {"display_title": "Frenchman's Creek", "mpaa_rating": "", "critics_pick": 0, "byline": "BOSLEY CROWTHER", "headline": "Frenchman's Creek", "summary_short": "Du Maurier's blueblood belle and pirate. Creamy, hokey entertainment, stunning Cornwall. Great stairway fight.", "publication_date": "1944-09-21", "opening_date": "1944-09-20", "date_updated": "2016-03-30 07:26:19", "link": {"type": "article", "url": "http://www.nytimes.com/movie/review?res=9907E6D71131E03BBC4951DFBF66838F659EDE", "suggested_link_text": "Read the New York Times Review of Frenchman's Creek"}, "multimedia": null}, {"display_title": "The Impatient Years", "mpaa_rating": "", "critics_pick": 0, "byline": "BOSLEY CROWTHER", "headline": "Impatient Years, The", "summary_short": "Resumption of wartime wedding.", "publication_date": "1944-09-20", "opening_date": "1944-09-10", "date_updated": "2016-03-30 07:12:47", "link": {"type": "article", "url": "http://www.nytimes.com/movie/review?res=9A07E1DF153EE03BBC4851DFBF66838F659EDE", "suggested_link_text": "Read the New York Times Review of The Impatient Years"}, "multimedia": null}, {"display_title": "Bride by Mistake", "mpaa_rating": "", "critics_pick": 0, "byline": "BOSLEY CROWTHER", "headline": "Bride by Mistake", "summary_short": "Mildly amusing fluff.", "publication_date": "1944-09-16", "opening_date": "1944-07-27", "date_updated": "2016-03-30 07:24:14", "link": {"type": "article", "url": "http://www.nytimes.com/movie/review?res=9504EEDF1038E33BBC4E52DFBF66838F659EDE", "suggested_link_text": "Read the New York Times Review of Bride by Mistake"}, "multimedia": null}, {"display_title": "Casanova Brown", "mpaa_rating": "", "critics_pick": 0, "byline": "BOSLEY CROWTHER", "headline": "Casanova Brown", "summary_short": "Tamely amusing, extremely dated.", "publication_date": "1944-09-15", "opening_date": null, "date_updated": "2016-03-30 06:50:38", "link": {"type": "article", "url": "http://www.nytimes.com/movie/review?res=9E00E2D7103DE13BBC4D52DFBF66838F659EDE", "suggested_link_text": "Read the New York Times Review of Casanova Brown"}, "multimedia": null}, {"display_title": "Thunder Rock", "mpaa_rating": "Not Rated", "critics_pick": 0, "byline": "P.P.K.", "headline": "Thunder Rock", "summary_short": "Ghosts of maritime tragedy haunt lighthouse keeper. Strays down tortuous paths.", "publication_date": "1944-09-15", "opening_date": "1944-09-16", "date_updated": "2016-03-30 07:27:21", "link": {"type": "article", "url": "http://www.nytimes.com/movie/review?res=9F00E2D7103DE13BBC4D52DFBF66838F659EDE", "suggested_link_text": "Read the New York Times Review of Thunder Rock"}, "multimedia": null}, {"display_title": "Maria Candelaria", "mpaa_rating": "", "critics_pick": 0, "byline": "T.M.P.", "headline": "Maria Candelaria", "summary_short": "Doomed daughter of outcast Mexican peasant. Static sorrow, in Spanish.", "publication_date": "1944-09-12", "opening_date": "1944-09-11", "date_updated": "2016-03-30 06:49:12", "link": {"type": "article", "url": "http://www.nytimes.com/movie/review?res=9A04E1D61F30E53BBC4A52DFBF66838F659EDE", "suggested_link_text": "Read the New York Times Review of Maria Candelaria"}, "multimedia": null}, {"display_title": "Enemy of Women", "mpaa_rating": "", "critics_pick": 0, "byline": "BOSLEY CROWTHER", "headline": "Enemy of Women", "summary_short": "", "publication_date": "1944-09-12", "opening_date": "1944-11-10", "date_updated": "2016-03-30 07:23:06", "link": {"type": "article", "url": "http://www.nytimes.com/movie/review?res=9405E1D61F30E53BBC4A52DFBF66838F659EDE", "suggested_link_text": "Read the New York Times Review of Enemy of Women"}, "multimedia": null}]}