{"status": "OK", "copyright": "Copyright (c) 2017 The New York Times Company. All Rights Reserved.", "has_more": true, "num_results": 20, "results": [{"display_title": "The Pay-Off", "mpaa_rating": "", "critics_pick": 0, "byline": "ANDRE SENNWALD.", "headline": "Pay-Off, The", "summary_short": "", "publication_date": "1935-11-13", "opening_date": "1935-11-09", "date_updated": "2016-03-30 06:42:21", "link": {"type": "article", "url": "http://www.nytimes.com/movie/review?res=950DE5DE163CE53ABC4B52DFB767838E629EDE", "suggested_link_text": "Read the New York Times Review of The Pay-Off"}, "multimedia": null}, {"display_title": "Attorney for the Defense", "mpaa_rating": "", "critics_pick": 0, "byline": "H.T.S.", "headline": "Avvocato Difensore, L'", "summary_short": "", "publication_date": "1935-11-13", "opening_date": "1932-05-21", "date_updated": "2016-03-30 06:44:20", "link": {"type": "article", "url": "http://www.nytimes.com/movie/review?res=9D0CE5DE163CE53ABC4B52DFB767838E629EDE", "suggested_link_text": "Read the New York Times Review of Attorney for the Defense"}, "multimedia": null}, {"display_title": "Mutiny on the Bounty", "mpaa_rating": "Not Rated", "critics_pick": 1, "byline": "ANDRE SENNWALD.", "headline": "Mutiny on the Bounty", "summary_short": "The one and only.", "publication_date": "1935-11-09", "opening_date": null, "date_updated": "2016-03-30 07:13:44", "link": {"type": "article", "url": "http://www.nytimes.com/movie/review?res=9D01E6DF163CE53ABC4153DFB767838E629EDE", "suggested_link_text": "Read the New York Times Review of Mutiny on the Bounty"}, "multimedia": null}, {"display_title": "Three Kids and a Queen", "mpaa_rating": "", "critics_pick": 0, "byline": "F.S.N.", "headline": "Three Kids and a Queen", "summary_short": "Old-fashioned, but perky comedy.", "publication_date": "1935-11-09", "opening_date": "1935-10-21", "date_updated": "2016-03-30 07:27:58", "link": {"type": "article", "url": "http://www.nytimes.com/movie/review?res=9E01E6DF163CE53ABC4153DFB767838E629EDE", "suggested_link_text": "Read the New York Times Review of Three Kids and a Queen"}, "multimedia": null}, {"display_title": "Make a Million", "mpaa_rating": "", "critics_pick": 0, "byline": "T.M.P.", "headline": "Make a Million", "summary_short": "", "publication_date": "1935-11-09", "opening_date": "1935-07-25", "date_updated": "2016-03-30 06:48:53", "link": {"type": "article", "url": "http://www.nytimes.com/movie/review?res=9F01E6DF163CE53ABC4153DFB767838E629EDE", "suggested_link_text": "Read the New York Times Review of Make a Million"}, "multimedia": null}, {"display_title": "Peter Ibbetson", "mpaa_rating": "Not Rated", "critics_pick": 0, "byline": "ANDRE SENNWALD.", "headline": "Peter Ibbetson", "summary_short": "Heavy, musty antique. It creaked even then.", "publication_date": "1935-11-08", "opening_date": "1935-11-07", "date_updated": "2016-03-30 06:54:08", "link": {"type": "article", "url": "http://www.nytimes.com/movie/review?res=9A0CE4D61F3DE53ABC4053DFB767838E629EDE", "suggested_link_text": "Read the New York Times Review of Peter Ibbetson"}, "multimedia": null}, {"display_title": "It's in the Air", "mpaa_rating": "", "critics_pick": 0, "byline": "F.S.N.", "headline": "It's in the Air", "summary_short": "Small-time con man turns to ex-wife for help.", "publication_date": "1935-11-08", "opening_date": "1935-10-11", "date_updated": "2016-03-30 06:52:14", "link": {"type": "article", "url": "http://www.nytimes.com/movie/review?res=9B0CE4D61F3DE53ABC4053DFB767838E629EDE", "suggested_link_text": "Read the New York Times Review of It's in the Air"}, "multimedia": null}, {"display_title": "She Couldn't Take It", "mpaa_rating": "", "critics_pick": 0, "byline": "ANDRE SENNWALD.", "headline": "She Couldn't Take It", "summary_short": "", "publication_date": "1935-11-07", "opening_date": "1935-10-08", "date_updated": "2016-03-30 07:14:03", "link": {"type": "article", "url": "http://www.nytimes.com/movie/review?res=9F03E2D7123FEE32A25754C0A9679D946494D6CF", "suggested_link_text": "Read the New York Times Review of She Couldn't Take It"}, "multimedia": null}, {"display_title": "The Melody Lingers on", "mpaa_rating": "", "critics_pick": 0, "byline": "F. S. N.", "headline": "Melody Lingers on, The", "summary_short": "", "publication_date": "1935-11-07", "opening_date": "1935-11-07", "date_updated": "2016-03-30 07:05:54", "link": {"type": "article", "url": "http://www.nytimes.com/movie/review?res=9803E2D7123FEE32A25754C0A9679D946494D6CF", "suggested_link_text": "Read the New York Times Review of The Melody Lingers on"}, "multimedia": null}, {"display_title": "Te Quiero Con Locura", "mpaa_rating": "", "critics_pick": 0, "byline": "H.T.S.", "headline": "Te Quiero con Locura", "summary_short": "", "publication_date": "1935-11-04", "opening_date": "1935-11-04", "date_updated": "2016-03-30 06:47:35", "link": {"type": "article", "url": "http://www.nytimes.com/movie/review?res=9B07E1D71F3DE53ABC4C53DFB767838E629EDE", "suggested_link_text": "Read the New York Times Review of Te Quiero Con Locura"}, "multimedia": null}, {"display_title": "Novyy Gulliver", "mpaa_rating": "", "critics_pick": 0, "byline": "ANDRE SENNWALD.", "headline": "New Gulliver, The", "summary_short": "", "publication_date": "1935-11-04", "opening_date": "1935-11-03", "date_updated": "2016-03-30 06:56:30", "link": {"type": "article", "url": "http://www.nytimes.com/movie/review?res=9807E1D71F3DE53ABC4C53DFB767838E629EDE", "suggested_link_text": "Read the New York Times Review of Novyy Gulliver"}, "multimedia": null}, {"display_title": "I Found Stella Parish", "mpaa_rating": "", "critics_pick": 0, "byline": "F.S.N.", "headline": "I Found Stella Parish", "summary_short": "Finders keepers.", "publication_date": "1935-11-04", "opening_date": "1935-11-16", "date_updated": "2016-03-30 07:29:12", "link": {"type": "article", "url": "http://www.nytimes.com/movie/review?res=9907E1D71F3DE53ABC4C53DFB767838E629EDE", "suggested_link_text": "Read the New York Times Review of I Found Stella Parish"}, "multimedia": null}, {"display_title": "Grand Exit", "mpaa_rating": "", "critics_pick": 0, "byline": "T.M.P.", "headline": "Grand Exit", "summary_short": "", "publication_date": "1935-11-04", "opening_date": "1935-10-25", "date_updated": "2016-03-30 06:44:08", "link": {"type": "article", "url": "http://www.nytimes.com/movie/review?res=9A07E1D71F3DE53ABC4C53DFB767838E629EDE", "suggested_link_text": "Read the New York Times Review of Grand Exit"}, "multimedia": null}, {"display_title": "Hands Across the Table", "mpaa_rating": "", "critics_pick": 0, "byline": "ANDRE SENNWALD.", "headline": "Hands Across the Table", "summary_short": "A Manhattan manicurist. Delightful, delicious, delovely. Grab this one.", "publication_date": "1935-11-02", "opening_date": "1935-10-18", "date_updated": "2016-03-30 07:13:04", "link": {"type": "article", "url": "http://www.nytimes.com/movie/review?res=9C0CEED81F3DE53ABC4A53DFB767838E629EDE", "suggested_link_text": "Read the New York Times Review of Hands Across the Table"}, "multimedia": null}, {"display_title": "Fighting Youth", "mpaa_rating": "", "critics_pick": 0, "byline": "T.M.P.", "headline": "Fighting Youth", "summary_short": "", "publication_date": "1935-11-02", "opening_date": "1935-11-01", "date_updated": "2016-03-30 07:27:42", "link": {"type": "article", "url": "http://www.nytimes.com/movie/review?res=9E0CEED81F3DE53ABC4A53DFB767838E629EDE", "suggested_link_text": "Read the New York Times Review of Fighting Youth"}, "multimedia": null}, {"display_title": "The Three Musketeers", "mpaa_rating": "", "critics_pick": 0, "byline": "ANDRE SENNWALD.", "headline": "Three Musketeers, The", "summary_short": "Good, straightforward version of Dumas.", "publication_date": "1935-11-01", "opening_date": "1935-11-01", "date_updated": "2016-03-30 06:51:58", "link": {"type": "article", "url": "http://www.nytimes.com/movie/review?res=9505E0D6113EE53ABC4953DFB767838E629EDE", "suggested_link_text": "Read the New York Times Review of The Three Musketeers"}, "multimedia": null}, {"display_title": "The Case of the Lucky Legs", "mpaa_rating": "", "critics_pick": 0, "byline": "F.S.N.", "headline": "Case of the Lucky Legs, The", "summary_short": "Early Perry Mason again. A best-legs contest promoter found dead.", "publication_date": "1935-11-01", "opening_date": "1935-10-05", "date_updated": "2016-03-30 07:26:37", "link": {"type": "article", "url": "http://www.nytimes.com/movie/review?res=9D04E0D6113EE53ABC4953DFB767838E629EDE", "suggested_link_text": "Read the New York Times Review of The Case of the Lucky Legs"}, "multimedia": null}, {"display_title": "Way Down East", "mpaa_rating": "", "critics_pick": 0, "byline": "ANDRE SENNWALD.", "headline": "Way Down East", "summary_short": "", "publication_date": "1935-10-31", "opening_date": "1935-10-25", "date_updated": "2016-03-30 07:16:27", "link": {"type": "article", "url": "http://www.nytimes.com/movie/review?res=9C01E1DD1F3BE631A25752C3A9669D946494D6CF", "suggested_link_text": "Read the New York Times Review of Way Down East"}, "multimedia": null}, {"display_title": "Human Adventure", "mpaa_rating": "", "critics_pick": 0, "byline": "F.S.N.", "headline": "Human Adventure, The", "summary_short": "", "publication_date": "1935-10-30", "opening_date": "1935-10-29", "date_updated": "2016-03-30 06:46:52", "link": {"type": "article", "url": "http://www.nytimes.com/movie/review?res=940CE7D81F3DE53ABC4850DFB667838E629EDE", "suggested_link_text": "Read the New York Times Review of Human Adventure"}, "multimedia": null}, {"display_title": "Le Dernier Milliardaire", "mpaa_rating": "", "critics_pick": 0, "byline": "ANDRE SENNWALD.", "headline": "Dernier Milliardaire, Le", "summary_short": "", "publication_date": "1935-10-30", "opening_date": "1935-10-29", "date_updated": "2016-03-30 06:51:08", "link": {"type": "article", "url": "http://www.nytimes.com/movie/review?res=9E0CE7D81F3DE53ABC4850DFB667838E629EDE", "suggested_link_text": "Read the New York Times Review of Le Dernier Milliardaire"}, "multimedia": null}]}