{"status": "OK", "copyright": "Copyright (c) 2017 The New York Times Company. All Rights Reserved.", "has_more": true, "num_results": 20, "results": [{"display_title": "The Girl from Maxim's", "mpaa_rating": "", "critics_pick": 0, "byline": "FRANK S. NUGENT", "headline": "Girl From Maxim's, The", "summary_short": "", "publication_date": "1936-09-16", "opening_date": "1936-10-01", "date_updated": "2016-03-30 06:56:11", "link": {"type": "article", "url": "http://www.nytimes.com/movie/review?res=9C0CE4D8163BE33BBC4E52DFBF66838D629EDE", "suggested_link_text": "Read the New York Times Review of The Girl from Maxim's"}, "multimedia": null}, {"display_title": "Mein Liebster Ist Ein Jaegersman", "mpaa_rating": "", "critics_pick": 0, "byline": "H.T.S.", "headline": "Mein Liebster Ist ein Jaegersmann", "summary_short": "", "publication_date": "1936-09-15", "opening_date": "1936-09-14", "date_updated": "2016-03-30 07:26:40", "link": {"type": "article", "url": "http://www.nytimes.com/movie/review?res=9E07E4D91F3FEE3BBC4D52DFBF66838D629EDE", "suggested_link_text": "Read the New York Times Review of Mein Liebster Ist Ein Jaegersman"}, "multimedia": null}, {"display_title": "Weiberregiment", "mpaa_rating": "", "critics_pick": 0, "byline": "H.T.S.", "headline": "Weiberregiment", "summary_short": "", "publication_date": "1936-09-14", "opening_date": "1936-09-13", "date_updated": "2016-03-30 07:20:28", "link": {"type": "article", "url": "http://www.nytimes.com/movie/review?res=9403E7DE143DE33BBC4C52DFBF66838D629EDE", "suggested_link_text": "Read the New York Times Review of Weiberregiment"}, "multimedia": null}, {"display_title": "Campo Di Maggio", "mpaa_rating": "", "critics_pick": 0, "byline": "H.T.S.", "headline": "One Hundred Days of Napoleon", "summary_short": "", "publication_date": "1936-09-14", "opening_date": "1936-09-12", "date_updated": "2016-03-30 07:15:49", "link": {"type": "article", "url": "http://www.nytimes.com/movie/review?res=9C05E4DE143DE33BBC4C52DFBF66838D629EDE", "suggested_link_text": "Read the New York Times Review of Campo Di Maggio"}, "multimedia": null}, {"display_title": "Walking on Air", "mpaa_rating": "", "critics_pick": 0, "byline": "T.M.P.", "headline": "Walking on Air", "summary_short": "Heiress brings home French fraud to make family appreciate her real boyfriend.", "publication_date": "1936-09-12", "opening_date": "1936-09-11", "date_updated": "2016-03-30 07:23:36", "link": {"type": "article", "url": "http://www.nytimes.com/movie/review?res=9404E6DA1F3FEE3BBC4A52DFBF66838D629EDE", "suggested_link_text": "Read the New York Times Review of Walking on Air"}, "multimedia": null}, {"display_title": "Sworn Enemy", "mpaa_rating": "", "critics_pick": 0, "byline": "J.T.M.", "headline": "Sworn Enemy", "summary_short": "A law student, a doctor and the doctor's daughter build a case against a racketeer.", "publication_date": "1936-09-12", "opening_date": "1936-09-11", "date_updated": "2016-03-30 06:41:32", "link": {"type": "article", "url": "http://www.nytimes.com/movie/review?res=9904E6DA1F3FEE3BBC4A52DFBF66838D629EDE", "suggested_link_text": "Read the New York Times Review of Sworn Enemy"}, "multimedia": null}, {"display_title": "Sing, Baby, Sing", "mpaa_rating": "", "critics_pick": 0, "byline": "FRANK S. NUGENT", "headline": "Sing, Baby, Sing", "summary_short": "Appealing old musical about radio days. Good cast, dandy songs.", "publication_date": "1936-09-12", "opening_date": "1936-08-21", "date_updated": "2016-03-30 06:56:14", "link": {"type": "article", "url": "http://www.nytimes.com/movie/review?res=9E04E6DA1F3FEE3BBC4A52DFBF66838D629EDE", "suggested_link_text": "Read the New York Times Review of Sing, Baby, Sing"}, "multimedia": null}, {"display_title": "Der Kampf", "mpaa_rating": "", "critics_pick": 0, "byline": "FRANK S. NUGENT", "headline": "Kampf, Der", "summary_short": "", "publication_date": "1936-09-11", "opening_date": "1936-09-10", "date_updated": "2016-03-30 07:26:27", "link": {"type": "article", "url": "http://www.nytimes.com/movie/review?res=9805EFDC1F30E13BBC4952DFBF66838D629EDE", "suggested_link_text": "Read the New York Times Review of Der Kampf"}, "multimedia": null}, {"display_title": "Schlussakkord", "mpaa_rating": "", "critics_pick": 0, "byline": "H.T.S.", "headline": "Schlussakkord", "summary_short": "", "publication_date": "1936-09-10", "opening_date": "1936-09-09", "date_updated": "2016-03-30 07:19:15", "link": {"type": "article", "url": "http://www.nytimes.com/movie/review?res=9F02E4DD1F30E13BBC4852DFBF66838D629EDE", "suggested_link_text": "Read the New York Times Review of Schlussakkord"}, "multimedia": null}, {"display_title": "Ich Sehne Mich Nach Dir", "mpaa_rating": "", "critics_pick": 0, "byline": "H. T. S.", "headline": "Ich Sehne Mich Nach Dir", "summary_short": "", "publication_date": "1936-09-09", "opening_date": "1936-09-08", "date_updated": "2016-03-30 07:05:17", "link": {"type": "article", "url": "http://www.nytimes.com/movie/review?res=9B02E1D61E30E13BBC4153DFBF66838D629EDE", "suggested_link_text": "Read the New York Times Review of Ich Sehne Mich Nach Dir"}, "multimedia": null}, {"display_title": "They Met in a Taxi", "mpaa_rating": "", "critics_pick": 0, "byline": "J.T.M.", "headline": "They Met in a Taxi", "summary_short": "", "publication_date": "1936-09-07", "opening_date": "1936-09-09", "date_updated": "2016-03-30 06:45:18", "link": {"type": "article", "url": "http://www.nytimes.com/movie/review?res=9907E7DB1F3FEE3BBC4F53DFBF66838D629EDE", "suggested_link_text": "Read the New York Times Review of They Met in a Taxi"}, "multimedia": null}, {"display_title": "Star for a Night", "mpaa_rating": "", "critics_pick": 0, "byline": "T.M.P.", "headline": "Star for a Night", "summary_short": "", "publication_date": "1936-09-05", "opening_date": "1936-08-28", "date_updated": "2016-03-30 06:58:34", "link": {"type": "article", "url": "http://www.nytimes.com/movie/review?res=940CE3D7143CE53ABC4D53DFBF66838D629EDE", "suggested_link_text": "Read the New York Times Review of Star for a Night"}, "multimedia": null}, {"display_title": "A Son Comes Home", "mpaa_rating": "", "critics_pick": 0, "byline": "J.T.M.", "headline": "Son Comes Home, A", "summary_short": "", "publication_date": "1936-09-05", "opening_date": "1936-07-31", "date_updated": "2016-03-30 06:58:55", "link": {"type": "article", "url": "http://www.nytimes.com/movie/review?res=9B0CE3D7143CE53ABC4D53DFBF66838D629EDE", "suggested_link_text": "Read the New York Times Review of A Son Comes Home"}, "multimedia": null}, {"display_title": "The Gorgeous Hussy", "mpaa_rating": "", "critics_pick": 0, "byline": "FRANK S. NUGENT", "headline": "Gorgeous Hussy, The", "summary_short": "Tavern girl and Andrew Jackson White House. Scandalously bad.", "publication_date": "1936-09-05", "opening_date": "1936-08-28", "date_updated": "2016-03-30 06:45:23", "link": {"type": "article", "url": "http://www.nytimes.com/movie/review?res=9A0CE3D7143CE53ABC4D53DFBF66838D629EDE", "suggested_link_text": "Read the New York Times Review of The Gorgeous Hussy"}, "multimedia": null}, {"display_title": "The Last of the Mohicans", "mpaa_rating": "", "critics_pick": 0, "byline": "J.T.M.", "headline": "Last of the Mohicans, The", "summary_short": "Modest, sturdy version of Cooper's frontier classic.", "publication_date": "1936-09-03", "opening_date": "1936-09-04", "date_updated": "2016-03-30 07:20:41", "link": {"type": "article", "url": "http://www.nytimes.com/movie/review?res=9A07E1D6173DE33BBC4B53DFBF66838D629EDE", "suggested_link_text": "Read the New York Times Review of The Last of the Mohicans"}, "multimedia": null}, {"display_title": "The General Died at Dawn", "mpaa_rating": "", "critics_pick": 0, "byline": "FRANK S. NUGENT", "headline": "General Died at Dawn, The", "summary_short": "Chinese warlord and endless money banter. Memorable Coop-Carroll exchange: ``Who?'' ``Wu.''", "publication_date": "1936-09-03", "opening_date": null, "date_updated": "2016-03-30 06:48:48", "link": {"type": "article", "url": "http://www.nytimes.com/movie/review?res=9907E1D6173DE33BBC4B53DFBF66838D629EDE", "suggested_link_text": "Read the New York Times Review of The General Died at Dawn"}, "multimedia": null}, {"display_title": "Passaporto Rosso", "mpaa_rating": "", "critics_pick": 0, "byline": "T.M.P.", "headline": "Passaporto Rosso", "summary_short": "", "publication_date": "1936-09-02", "opening_date": "1936-09-01", "date_updated": "2016-03-30 07:11:42", "link": {"type": "article", "url": "http://www.nytimes.com/movie/review?res=9A00E7DD1F3FEE3BBC4A53DFBF66838D629EDE", "suggested_link_text": "Read the New York Times Review of Passaporto Rosso"}, "multimedia": null}, {"display_title": "Piccadilly Jim", "mpaa_rating": "", "critics_pick": 0, "byline": "FRANK S. NUGENT", "headline": "Piccadilly Jim", "summary_short": "Wodehouse tale of cartoonist coping with bumbling, interfering father.", "publication_date": "1936-08-31", "opening_date": "1936-08-14", "date_updated": "2016-03-30 07:29:19", "link": {"type": "article", "url": "http://www.nytimes.com/movie/review?res=940DE4DB1E30E13BBC4950DFBE66838D629EDE", "suggested_link_text": "Read the New York Times Review of Piccadilly Jim"}, "multimedia": null}, {"display_title": "Second Wife", "mpaa_rating": "", "critics_pick": 0, "byline": "T.M.P.", "headline": "Second Wife", "summary_short": "Haunted by spirit of first wife.", "publication_date": "1936-08-29", "opening_date": "1936-08-21", "date_updated": "2016-03-30 07:22:19", "link": {"type": "article", "url": "http://www.nytimes.com/movie/review?res=9E00E5D7143CE53ABC4151DFBE66838D629EDE", "suggested_link_text": "Read the New York Times Review of Second Wife"}, "multimedia": null}, {"display_title": "Girls' Dormitory", "mpaa_rating": "", "critics_pick": 0, "byline": "FRANK S. NUGENT", "headline": "Girls' Dormitory", "summary_short": "", "publication_date": "1936-08-29", "opening_date": "1936-08-08", "date_updated": "2016-03-30 06:52:00", "link": {"type": "article", "url": "http://www.nytimes.com/movie/review?res=9C00E5D7143CE53ABC4151DFBE66838D629EDE", "suggested_link_text": "Read the New York Times Review of Girls' Dormitory"}, "multimedia": null}]}