{"status": "OK", "copyright": "Copyright (c) 2017 The New York Times Company. All Rights Reserved.", "has_more": true, "num_results": 20, "results": [{"display_title": "If You Knew Susie", "mpaa_rating": "", "critics_pick": 0, "byline": "A.W.", "headline": "If You Knew Susie", "summary_short": "Stone Age corn with music.", "publication_date": "1948-02-23", "opening_date": "1948-02-07", "date_updated": "2016-03-30 07:15:51", "link": {"type": "article", "url": "http://www.nytimes.com/movie/review?res=9B00E5D61530E23ABC4B51DFB4668383659EDE", "suggested_link_text": "Read the New York Times Review of If You Knew Susie"}, "multimedia": null}, {"display_title": "My Girl Tisa", "mpaa_rating": "", "critics_pick": 0, "byline": "BOSLEY CROWTHER", "headline": "My Girl Tisa", "summary_short": "Turn-of-the-century immigrants. Mild tale, best for Lilli.", "publication_date": "1948-02-21", "opening_date": "1948-02-07", "date_updated": "2016-03-30 07:15:30", "link": {"type": "article", "url": "http://www.nytimes.com/movie/review?res=9C03E1D9173DE03ABC4951DFB4668383659EDE", "suggested_link_text": "Read the New York Times Review of My Girl Tisa"}, "multimedia": null}, {"display_title": "The Burning Cross", "mpaa_rating": "", "critics_pick": 0, "byline": "T.M.P.", "headline": "Burning Cross, The", "summary_short": "", "publication_date": "1948-02-20", "opening_date": "1947-09-01", "date_updated": "2016-03-30 07:22:24", "link": {"type": "article", "url": "http://www.nytimes.com/movie/review?res=9D02EED7173BE33BBC4851DFB4668383659EDE", "suggested_link_text": "Read the New York Times Review of The Burning Cross"}, "multimedia": null}, {"display_title": "Jassy", "mpaa_rating": "", "critics_pick": 0, "byline": "A.W.", "headline": "Jassy", "summary_short": "Florid hooey about gypsy girl sabotaging English family.", "publication_date": "1948-02-20", "opening_date": null, "date_updated": "2016-03-30 06:56:50", "link": {"type": "article", "url": "http://www.nytimes.com/movie/review?res=9902EED7173BE33BBC4851DFB4668383659EDE", "suggested_link_text": "Read the New York Times Review of Jassy"}, "multimedia": null}, {"display_title": "The Flame", "mpaa_rating": "", "critics_pick": 0, "byline": "H.H.T.", "headline": "Flame, The", "summary_short": "Not so hot.", "publication_date": "1948-02-20", "opening_date": "1947-11-24", "date_updated": "2016-03-30 07:21:24", "link": {"type": "article", "url": "http://www.nytimes.com/movie/review?res=9802EED7173BE33BBC4851DFB4668383659EDE", "suggested_link_text": "Read the New York Times Review of The Flame"}, "multimedia": null}, {"display_title": "A Double Life", "mpaa_rating": "", "critics_pick": 0, "byline": "BOSLEY CROWTHER", "headline": "Double Life, A", "summary_short": "Stage star's Othello takes over. Compelling melodrama and Ron's Oscar.", "publication_date": "1948-02-20", "opening_date": null, "date_updated": "2016-03-30 06:53:26", "link": {"type": "article", "url": "http://www.nytimes.com/movie/review?res=9503EED7173BE33BBC4851DFB4668383659EDE", "suggested_link_text": "Read the New York Times Review of A Double Life"}, "multimedia": null}, {"display_title": "Sleep, My Love", "mpaa_rating": "", "critics_pick": 0, "byline": "A.W.", "headline": "Sleep, My Love", "summary_short": "Swank wrapping, old story.", "publication_date": "1948-02-19", "opening_date": "1948-02-18", "date_updated": "2016-03-30 06:52:06", "link": {"type": "article", "url": "http://www.nytimes.com/movie/review?res=9404E4DF1F38E33BBC4152DFB4668383659EDE", "suggested_link_text": "Read the New York Times Review of Sleep, My Love"}, "multimedia": null}, {"display_title": "Call Northside 777", "mpaa_rating": "", "critics_pick": 0, "byline": "BOSLEY CROWTHER", "headline": "Call Northside 777", "summary_short": "Reporter digs to clear man convicted of murder. Engrossing.", "publication_date": "1948-02-19", "opening_date": "1948-02-01", "date_updated": "2016-03-30 06:47:56", "link": {"type": "article", "url": "http://www.nytimes.com/movie/review?res=9F04E4DF1F38E33BBC4152DFB4668383659EDE", "suggested_link_text": "Read the New York Times Review of Call Northside 777"}, "multimedia": null}, {"display_title": "Road to Rio", "mpaa_rating": "", "critics_pick": 0, "byline": "T.M.P.", "headline": "Road to Rio", "summary_short": "A lesser junket.", "publication_date": "1948-02-19", "opening_date": "1947-12-25", "date_updated": "2016-03-30 06:44:01", "link": {"type": "article", "url": "http://www.nytimes.com/movie/review?res=9B04E4DF1F38E33BBC4152DFB4668383659EDE", "suggested_link_text": "Read the New York Times Review of Road to Rio"}, "multimedia": null}, {"display_title": "La Perla", "mpaa_rating": "", "critics_pick": 0, "byline": "BOSLEY CROWTHER", "headline": "Pearl, The", "summary_short": "Sudden wealth comes to poor Mexican shell-diver and family, via Steinbeck.", "publication_date": "1948-02-18", "opening_date": null, "date_updated": "2016-03-30 06:50:32", "link": {"type": "article", "url": "http://www.nytimes.com/movie/review?res=9900E5DB173BE33BBC4052DFB4668383659EDE", "suggested_link_text": "Read the New York Times Review of La Perla"}, "multimedia": null}, {"display_title": "Bohemian Rapture", "mpaa_rating": "", "critics_pick": 0, "byline": "A.W.", "headline": "Bohemian Rapture", "summary_short": "", "publication_date": "1948-02-16", "opening_date": null, "date_updated": "2016-03-30 07:13:11", "link": {"type": "article", "url": "http://www.nytimes.com/movie/review?res=990DE7DA1E38E33BBC4E52DFB4668383659EDE", "suggested_link_text": "Read the New York Times Review of Bohemian Rapture"}, "multimedia": null}, {"display_title": "Voyage Surprise", "mpaa_rating": "", "critics_pick": 0, "byline": "T.M.P.", "headline": "Voyage Surprise", "summary_short": "", "publication_date": "1948-02-14", "opening_date": null, "date_updated": "2016-03-30 07:11:09", "link": {"type": "article", "url": "http://www.nytimes.com/movie/review?res=9901E3DB173FE23BBC4C52DFB4668383659EDE", "suggested_link_text": "Read the New York Times Review of Voyage Surprise"}, "multimedia": null}, {"display_title": "Eternal Melodies", "mpaa_rating": "", "critics_pick": 0, "byline": "H. T.", "headline": "Eternal Melodies", "summary_short": "", "publication_date": "1948-02-14", "opening_date": "1948-02-13", "date_updated": "2016-03-30 07:26:45", "link": {"type": "article", "url": "http://www.nytimes.com/movie/review?res=9D03E6DB173FE23BBC4C52DFB4668383659EDE", "suggested_link_text": "Read the New York Times Review of Eternal Melodies"}, "multimedia": null}, {"display_title": "To the Ends of the Earth", "mpaa_rating": "", "critics_pick": 0, "byline": "T. M. P.", "headline": "To the Ends of the Earth", "summary_short": "Colorful tingler of global narcotics trackdown. Stunning denouement.", "publication_date": "1948-02-13", "opening_date": "1948-02-27", "date_updated": "2016-03-30 06:56:19", "link": {"type": "article", "url": "http://www.nytimes.com/movie/review?res=9803EFDE173BE33BBC4B52DFB4668383659EDE", "suggested_link_text": "Read the New York Times Review of To the Ends of the Earth"}, "multimedia": null}, {"display_title": "Three Daring Daughters", "mpaa_rating": "", "critics_pick": 0, "byline": "B. C.", "headline": "Three Daring Daughters", "summary_short": "Girls plot to make stressed-out mom happier. Lightweight, with some pleasant music.", "publication_date": "1948-02-13", "opening_date": "1948-03-05", "date_updated": "2016-03-30 06:41:54", "link": {"type": "article", "url": "http://www.nytimes.com/movie/review?res=9505E6DD173BE33BBC4B52DFB4668383659EDE", "suggested_link_text": "Read the New York Times Review of Three Daring Daughters"}, "multimedia": null}, {"display_title": "Killer McCoy", "mpaa_rating": "", "critics_pick": 0, "byline": "T. M. P.", "headline": "Killer McCoy", "summary_short": "Familiar boxing format handled most intelligently. An excellent Mick.", "publication_date": "1948-02-12", "opening_date": "1947-12-01", "date_updated": "2016-03-30 07:28:00", "link": {"type": "article", "url": "http://www.nytimes.com/movie/review?res=9901E5DC173FE23BBC4A52DFB4668383659EDE", "suggested_link_text": "Read the New York Times Review of Killer McCoy"}, "multimedia": null}, {"display_title": "The Lady Is Fickle", "mpaa_rating": "", "critics_pick": 0, "byline": "H.T.", "headline": "Lady is Fickle, The", "summary_short": "", "publication_date": "1948-02-07", "opening_date": "1948-02-06", "date_updated": "2016-03-30 06:42:29", "link": {"type": "article", "url": "http://www.nytimes.com/movie/review?res=9507E1DF1E3DE13BBC4F53DFB4668383659EDE", "suggested_link_text": "Read the New York Times Review of The Lady Is Fickle"}, "multimedia": null}, {"display_title": "L' Idiot", "mpaa_rating": "", "critics_pick": 0, "byline": "BOSLEY CROWTHER", "headline": "Idiot, The", "summary_short": "", "publication_date": "1948-02-05", "opening_date": "1948-02-04", "date_updated": "2016-03-30 06:54:01", "link": {"type": "article", "url": "http://www.nytimes.com/movie/review?res=9902EEDF1F3EE53ABC4D53DFB4668383659EDE", "suggested_link_text": "Read the New York Times Review of L' Idiot"}, "multimedia": null}, {"display_title": "On Our Merry Way", "mpaa_rating": "", "critics_pick": 0, "byline": "BOSLEY CROWTHER", "headline": "Miracle Can Happen, A", "summary_short": "", "publication_date": "1948-02-04", "opening_date": "1948-06-01", "date_updated": "2016-03-30 07:19:31", "link": {"type": "article", "url": "http://www.nytimes.com/movie/review?res=9900EFD6163BE33BBC4C53DFB4668383659EDE", "suggested_link_text": "Read the New York Times Review of On Our Merry Way"}, "multimedia": null}, {"display_title": "Rossini", "mpaa_rating": "", "critics_pick": 0, "byline": "BOSLEY CROWTHER", "headline": "Rossini", "summary_short": "", "publication_date": "1948-01-31", "opening_date": null, "date_updated": "2016-03-30 07:16:32", "link": {"type": "article", "url": "http://www.nytimes.com/movie/review?res=9A06E0DB173DE03ABC4950DFB7668383659EDE", "suggested_link_text": "Read the New York Times Review of Rossini"}, "multimedia": null}]}