{"status": "OK", "copyright": "Copyright (c) 2017 The New York Times Company. All Rights Reserved.", "has_more": true, "num_results": 20, "results": [{"display_title": "He Stayed for Breakfast", "mpaa_rating": "", "critics_pick": 0, "byline": "BOSLEY CROWTHER", "headline": "He Stayed for Breakfast", "summary_short": "", "publication_date": "1940-08-31", "opening_date": null, "date_updated": "2016-03-30 06:50:18", "link": {"type": "article", "url": "http://www.nytimes.com/movie/review?res=9F02EFD81E3CE73ABC4950DFBE66838B659EDE", "suggested_link_text": "Read the New York Times Review of He Stayed for Breakfast"}, "multimedia": null}, {"display_title": "Pop Always Pays", "mpaa_rating": "", "critics_pick": 0, "byline": "BOSLEY CROWTHER", "headline": "Pop Always Pays", "summary_short": "Comedy corn about man approving daughter's marriage only if fiance has $1,000 banked.", "publication_date": "1940-08-30", "opening_date": "1940-06-21", "date_updated": "2016-03-30 07:18:33", "link": {"type": "article", "url": "http://www.nytimes.com/movie/review?res=9505E3D7133EE432A25753C3A96E9C946193D6CF", "suggested_link_text": "Read the New York Times Review of Pop Always Pays"}, "multimedia": null}, {"display_title": "Rhythm on the River", "mpaa_rating": "", "critics_pick": 0, "byline": "BOSLEY CROWTHER", "headline": "Rhythm on the River", "summary_short": "Trim, disarming caper about ``ghost'' songwriters.", "publication_date": "1940-08-29", "opening_date": "1940-09-06", "date_updated": "2016-03-30 07:02:50", "link": {"type": "article", "url": "http://www.nytimes.com/movie/review?res=9801EFD8133EE432A2575AC2A96E9C946193D6CF", "suggested_link_text": "Read the New York Times Review of Rhythm on the River"}, "multimedia": null}, {"display_title": "Foreign Correspondent", "mpaa_rating": "Not Rated", "critics_pick": 0, "byline": "BOSLEY CROWTHER", "headline": "Foreign Correspondent", "summary_short": "Spy ring. Marvelous vintage Hitchcock.", "publication_date": "1940-08-28", "opening_date": "1940-08-16", "date_updated": "2016-03-30 06:47:57", "link": {"type": "article", "url": "http://www.nytimes.com/movie/review?res=9905E7D6113AE532A2575BC2A96E9C946193D6CF", "suggested_link_text": "Read the New York Times Review of Foreign Correspondent"}, "multimedia": null}, {"display_title": "One Crowded Night", "mpaa_rating": "", "critics_pick": 0, "byline": "BOSLEY CROWTHER", "headline": "One Crowded Night", "summary_short": "Escaped convict hides in deserted auto court.", "publication_date": "1940-08-27", "opening_date": "1940-08-09", "date_updated": "2016-03-30 07:20:29", "link": {"type": "article", "url": "http://www.nytimes.com/movie/review?res=9A06EED9133EE432A25754C2A96E9C946193D6CF", "suggested_link_text": "Read the New York Times Review of One Crowded Night"}, "multimedia": null}, {"display_title": "Young People", "mpaa_rating": "", "critics_pick": 0, "byline": "BOSLEY CROWTHER", "headline": "Young People", "summary_short": "Vaudevillians and adopted daughter don't fit in New England town. Pleasantly so-so.", "publication_date": "1940-08-24", "opening_date": "1940-08-30", "date_updated": "2016-03-30 06:44:46", "link": {"type": "article", "url": "http://www.nytimes.com/movie/review?res=9C07E3DD1638E532A25757C2A96E9C946193D6CF", "suggested_link_text": "Read the New York Times Review of Young People"}, "multimedia": null}, {"display_title": "Anne of Windy Poplars", "mpaa_rating": "", "critics_pick": 0, "byline": "BOSLEY CROWTHER", "headline": "Anne of Windy Poplars", "summary_short": "Mild ``Green Gables'' sequel about teacher surmounting small-town bias.", "publication_date": "1940-08-23", "opening_date": "1940-06-28", "date_updated": "2016-03-30 06:50:25", "link": {"type": "article", "url": "http://www.nytimes.com/movie/review?res=990CEFDE173BE03ABC4B51DFBE66838B659EDE", "suggested_link_text": "Read the New York Times Review of Anne of Windy Poplars"}, "multimedia": null}, {"display_title": "Golden Gloves", "mpaa_rating": "", "critics_pick": 0, "byline": "BOSLEY CROWTHER", "headline": "Golden Gloves", "summary_short": "The old honest scrapper-nasty crooks routine.", "publication_date": "1940-08-21", "opening_date": "1940-08-02", "date_updated": "2016-03-30 07:25:10", "link": {"type": "article", "url": "http://www.nytimes.com/movie/review?res=9A04E3D9133EE432A25752C2A96E9C946193D6CF", "suggested_link_text": "Read the New York Times Review of Golden Gloves"}, "multimedia": null}, {"display_title": "I Love You Again", "mpaa_rating": "Not Rated", "critics_pick": 0, "byline": "BOSLEY CROWTHER", "headline": "I Love You Again", "summary_short": "Amnesiac con-man's love problem. Bit tangled but still fun, with these two incomparables.", "publication_date": "1940-08-16", "opening_date": "1940-08-09", "date_updated": "2016-03-30 07:25:28", "link": {"type": "article", "url": "http://www.nytimes.com/movie/review?res=9803EEDC133EE432A25755C1A96E9C946193D6CF", "suggested_link_text": "Read the New York Times Review of I Love You Again"}, "multimedia": null}, {"display_title": "The Great McGinty", "mpaa_rating": "", "critics_pick": 1, "byline": "BOSLEY CROWTHER", "headline": "Great McGinty, the", "summary_short": "New governor tries to be honest.  Funny political satire,  via Sturges.", "publication_date": "1940-08-15", "opening_date": "1940-08-23", "date_updated": "2016-03-30 07:14:23", "link": {"type": "article", "url": "http://www.nytimes.com/movie/review?res=9900E6D71E30E53ABC4D52DFBE66838B659EDE", "suggested_link_text": "Read the New York Times Review of The Great McGinty"}, "multimedia": null}, {"display_title": "The Return of Frank James", "mpaa_rating": "", "critics_pick": 0, "byline": "BOSLEY CROWTHER", "headline": "Return of Frank James, The", "summary_short": "Jesse's brother out for revenge. Very good sequel.", "publication_date": "1940-08-10", "opening_date": "1940-08-16", "date_updated": "2016-03-30 06:47:36", "link": {"type": "article", "url": "http://www.nytimes.com/movie/review?res=9805EEDE1638E532A25753C1A96E9C946193D6CF", "suggested_link_text": "Read the New York Times Review of The Return of Frank James"}, "multimedia": null}, {"display_title": "Pride and Prejudice", "mpaa_rating": "", "critics_pick": 1, "byline": "BOSLEY CROWTHER", "headline": "Pride and Prejudice", "summary_short": "Hollywood version of Austen classic. Perfection.", "publication_date": "1940-08-09", "opening_date": "1940-07-26", "date_updated": "2016-03-30 07:30:16", "link": {"type": "article", "url": "http://www.nytimes.com/movie/review?res=9C04E7DC133EE432A2575AC0A96E9C946193D6CF", "suggested_link_text": "Read the New York Times Review of Pride and Prejudice"}, "multimedia": null}, {"display_title": "The Man I Married", "mpaa_rating": "", "critics_pick": 0, "byline": "BOSLEY CROWTHER", "headline": "Man I Married, The", "summary_short": "American vacations in Europe, watches husband turn Nazi.", "publication_date": "1940-08-03", "opening_date": "1940-08-09", "date_updated": "2016-03-30 06:58:49", "link": {"type": "article", "url": "http://www.nytimes.com/movie/review?res=9407E6DA1E30E53ABC4B53DFBE66838B659EDE", "suggested_link_text": "Read the New York Times Review of The Man I Married"}, "multimedia": null}, {"display_title": "Andy Hardy Meets Debutante", "mpaa_rating": "", "critics_pick": 0, "byline": "BOSLEY CROWTHER", "headline": "Andy Hardy Meets Debutante", "summary_short": "And he has a fit. Very smooth Hardy.", "publication_date": "1940-08-02", "opening_date": "1940-07-05", "date_updated": "2016-03-30 07:15:42", "link": {"type": "article", "url": "http://www.nytimes.com/movie/review?res=9F03E5DF1638E532A25751C0A96E9C946193D6CF", "suggested_link_text": "Read the New York Times Review of Andy Hardy Meets Debutante"}, "multimedia": null}, {"display_title": "The Boys from Syracuse", "mpaa_rating": "", "critics_pick": 0, "byline": "BOSLEY CROWTHER", "headline": "Boys From Syracuse, The", "summary_short": "Joe Penner, Rosemary Lane, Irene Hervey. Dull, sloppy version of Rodgers-and-Hart stage gem and only part of a great score. But viva Martha and the new tune &quot;&quot;Who Are You?''", "publication_date": "1940-08-01", "opening_date": "1940-08-09", "date_updated": "2016-03-30 07:26:00", "link": {"type": "article", "url": "http://www.nytimes.com/movie/review?res=9B06EFDF133EE432A25752C0A96E9C946193D6CF", "suggested_link_text": "Read the New York Times Review of The Boys from Syracuse"}, "multimedia": null}, {"display_title": "Doomed to Die", "mpaa_rating": "", "critics_pick": 0, "byline": "BOSLEY CROWTHER", "headline": "Doomed to Die", "summary_short": "Sleuth Mr. Wong delves into murder of shipping tycoon.", "publication_date": "1940-07-30", "opening_date": "1940-08-12", "date_updated": "2016-03-30 06:49:56", "link": {"type": "article", "url": "http://www.nytimes.com/movie/review?res=9900E0DA1E3CE73ABC4850DFB166838B659EDE", "suggested_link_text": "Read the New York Times Review of Doomed to Die"}, "multimedia": null}, {"display_title": "Turnabout", "mpaa_rating": "", "critics_pick": 0, "byline": "BOSLEY CROWTHER", "headline": "Turnabout", "summary_short": "Husband and wife swap sexes. Mild fun, from a delicious Thorne Smith novel.", "publication_date": "1940-07-27", "opening_date": "1940-08-03", "date_updated": "2016-03-30 06:46:54", "link": {"type": "article", "url": "http://www.nytimes.com/movie/review?res=9C0DEFDB1E3CE73ABC4F51DFB166838B659EDE", "suggested_link_text": "Read the New York Times Review of Turnabout"}, "multimedia": null}, {"display_title": "Untamed", "mpaa_rating": "", "critics_pick": 0, "byline": "BOSLEY CROWTHER", "headline": "Untamed", "summary_short": "Surgeon battles epidemic in Canadian wilds.", "publication_date": "1940-07-25", "opening_date": null, "date_updated": "2016-03-30 07:19:41", "link": {"type": "article", "url": "http://www.nytimes.com/movie/review?res=9506E3DD1439E03ABC4D51DFB166838B659EDE", "suggested_link_text": "Read the New York Times Review of Untamed"}, "multimedia": null}, {"display_title": "The Fugitive", "mpaa_rating": "", "critics_pick": 0, "byline": "BOSLEY CROWTHER", "headline": "Fugitive, The", "summary_short": "", "publication_date": "1940-07-23", "opening_date": "1940-07-22", "date_updated": "2016-03-30 07:27:41", "link": {"type": "article", "url": "http://www.nytimes.com/movie/review?res=9A05E1DC1E3CE73ABC4B51DFB166838B659EDE", "suggested_link_text": "Read the New York Times Review of The Fugitive"}, "multimedia": null}, {"display_title": "New Moon", "mpaa_rating": "", "critics_pick": 0, "byline": "BOSLEY CROWTHER", "headline": "New Moon", "summary_short": "Operetta time in Old Louisiana. Stodgy story but luscious listening.", "publication_date": "1940-07-19", "opening_date": "1940-06-28", "date_updated": "2016-03-30 06:46:27", "link": {"type": "article", "url": "http://www.nytimes.com/movie/review?res=9C07EED7113EE33ABC4152DFB166838B659EDE", "suggested_link_text": "Read the New York Times Review of New Moon"}, "multimedia": null}]}