{"status": "OK", "copyright": "Copyright (c) 2017 The New York Times Company. All Rights Reserved.", "has_more": true, "num_results": 20, "results": [{"display_title": "Under the Pampas Moon", "mpaa_rating": "", "critics_pick": 0, "byline": "ANDRE SENNWALD.", "headline": "Under the Pampas Moon", "summary_short": "", "publication_date": "1935-05-31", "opening_date": "1935-06-01", "date_updated": "2016-03-30 06:45:30", "link": {"type": "article", "url": "http://www.nytimes.com/movie/review?res=9806EFD91E3FE53ABC4950DFB366838E629EDE", "suggested_link_text": "Read the New York Times Review of Under the Pampas Moon"}, "multimedia": null}, {"display_title": "Let 'em Have It", "mpaa_rating": "", "critics_pick": 0, "byline": "ANDRE SENNWALD.", "headline": "Let 'Em Have It", "summary_short": "", "publication_date": "1935-05-30", "opening_date": "1935-05-17", "date_updated": "2016-03-30 06:42:38", "link": {"type": "article", "url": "http://www.nytimes.com/movie/review?res=9907E2D9173FE23ABC4850DFB366838E629EDE", "suggested_link_text": "Read the New York Times Review of Let 'em Have It"}, "multimedia": null}, {"display_title": "Chinatown Squad", "mpaa_rating": "", "critics_pick": 0, "byline": "A.S.", "headline": "Chinatown Squad", "summary_short": "", "publication_date": "1935-05-30", "opening_date": "1935-05-31", "date_updated": "2016-03-30 06:41:27", "link": {"type": "article", "url": "http://www.nytimes.com/movie/review?res=9A07E2D9173FE23ABC4850DFB366838E629EDE", "suggested_link_text": "Read the New York Times Review of Chinatown Squad"}, "multimedia": null}, {"display_title": "Boliche", "mpaa_rating": "", "critics_pick": 0, "byline": "H.T.S.", "headline": "Boliche", "summary_short": "", "publication_date": "1935-05-28", "opening_date": "1935-05-27", "date_updated": "2016-03-30 06:47:59", "link": {"type": "article", "url": "http://www.nytimes.com/movie/review?res=9A02E3DB173FE23ABC4051DFB366838E629EDE", "suggested_link_text": "Read the New York Times Review of Boliche"}, "multimedia": null}, {"display_title": "The Triumph of Sherlock Holmes", "mpaa_rating": "Not Rated", "critics_pick": 0, "byline": "F.S.N.", "headline": "Triumph of Sherlock Holmes, The", "summary_short": "Holmes and Watson vs. Moriarty again. From Doyle's ``Valley of Fear.''", "publication_date": "1935-05-27", "opening_date": null, "date_updated": "2016-03-30 06:42:30", "link": {"type": "article", "url": "http://www.nytimes.com/movie/review?res=9402EEDC173FE23ABC4F51DFB366838E629EDE", "suggested_link_text": "Read the New York Times Review of The Triumph of Sherlock Holmes"}, "multimedia": null}, {"display_title": "My Song for You", "mpaa_rating": "", "critics_pick": 0, "byline": "ANDRE SENNWALD.", "headline": "My Song For You", "summary_short": "", "publication_date": "1935-05-27", "opening_date": "1935-05-01", "date_updated": "2016-03-30 07:24:20", "link": {"type": "article", "url": "http://www.nytimes.com/movie/review?res=9B02EEDC173FE23ABC4F51DFB366838E629EDE", "suggested_link_text": "Read the New York Times Review of My Song for You"}, "multimedia": null}, {"display_title": "Mr. Dynamite", "mpaa_rating": "", "critics_pick": 0, "byline": "F.S.N.", "headline": "Mr Dynamite", "summary_short": "", "publication_date": "1935-05-25", "opening_date": "1935-04-22", "date_updated": "2016-03-30 07:10:50", "link": {"type": "article", "url": "http://www.nytimes.com/movie/review?res=9F0DE5DC173FE23ABC4D51DFB366838E629EDE", "suggested_link_text": "Read the New York Times Review of Mr. Dynamite"}, "multimedia": null}, {"display_title": "Igloi Diakok", "mpaa_rating": "", "critics_pick": 0, "byline": "H.T.S.", "headline": "Igloi Diakok", "summary_short": "", "publication_date": "1935-05-24", "opening_date": "1935-05-23", "date_updated": "2016-03-30 07:20:31", "link": {"type": "article", "url": "http://www.nytimes.com/movie/review?res=9E0DEEDB1239E632A25757C2A9639C946494D6CF", "suggested_link_text": "Read the New York Times Review of Igloi Diakok"}, "multimedia": null}, {"display_title": "Escape Me Never", "mpaa_rating": "", "critics_pick": 0, "byline": "ANDRE SENNWALD", "headline": "Escape me Never", "summary_short": "", "publication_date": "1935-05-24", "opening_date": "1935-05-24", "date_updated": "2016-03-30 07:25:49", "link": {"type": "article", "url": "http://www.nytimes.com/movie/review?res=9502EEDB1239E632A25757C2A9639C946494D6CF", "suggested_link_text": "Read the New York Times Review of Escape Me Never"}, "multimedia": null}, {"display_title": "A Shot in the Dark", "mpaa_rating": "", "critics_pick": 0, "byline": "ANDRE SENNWALD.", "headline": "Shot in the Dark, A", "summary_short": "", "publication_date": "1935-05-22", "opening_date": "1935-02-01", "date_updated": "2016-03-30 07:29:14", "link": {"type": "article", "url": "http://www.nytimes.com/movie/review?res=9503E4D81139E33ABC4A51DFB366838E629EDE", "suggested_link_text": "Read the New York Times Review of A Shot in the Dark"}, "multimedia": null}, {"display_title": "Age of Indiscretion", "mpaa_rating": "", "critics_pick": 0, "byline": "ANDRE SENNWALD.", "headline": "Age of Indiscretion", "summary_short": "Secretary comforts deserted publisher boss.", "publication_date": "1935-05-18", "opening_date": "1935-05-10", "date_updated": "2016-03-30 07:22:37", "link": {"type": "article", "url": "http://www.nytimes.com/movie/review?res=9501E6DF173FE23ABC4052DFB366838E629EDE", "suggested_link_text": "Read the New York Times Review of Age of Indiscretion"}, "multimedia": null}, {"display_title": "Break of Hearts", "mpaa_rating": "", "critics_pick": 0, "byline": "ANDRE SENNWALD.", "headline": "Break of Hearts", "summary_short": "Composer weds conductor. Fanciful, dated doings, but stylishly served. Good star chemistry.", "publication_date": "1935-05-17", "opening_date": "1935-05-31", "date_updated": "2016-03-30 07:22:27", "link": {"type": "article", "url": "http://www.nytimes.com/movie/review?res=9402E3D91E3FE53ABC4F52DFB366838E629EDE", "suggested_link_text": "Read the New York Times Review of Break of Hearts"}, "multimedia": null}, {"display_title": "A Night at the Ritz", "mpaa_rating": "", "critics_pick": 0, "byline": "ANDRE SENNWALD.", "headline": "Night at the Ritz, A", "summary_short": "Public relations man talks a hotel into hiring girlfriend's brother as chef.", "publication_date": "1935-05-16", "opening_date": "1935-03-23", "date_updated": "2016-03-30 07:20:25", "link": {"type": "article", "url": "http://www.nytimes.com/movie/review?res=9501EED7163FE23ABC4E52DFB366838E629EDE", "suggested_link_text": "Read the New York Times Review of A Night at the Ritz"}, "multimedia": null}, {"display_title": "Lila Akac", "mpaa_rating": "", "critics_pick": 0, "byline": "H.T.S.", "headline": "Lila Akac", "summary_short": "", "publication_date": "1935-05-15", "opening_date": "1935-05-14", "date_updated": "2016-03-30 06:42:23", "link": {"type": "article", "url": "http://www.nytimes.com/movie/review?res=9406E5D7163FE23ABC4D52DFB366838E629EDE", "suggested_link_text": "Read the New York Times Review of Lila Akac"}, "multimedia": null}, {"display_title": "Gigolette", "mpaa_rating": "", "critics_pick": 0, "byline": "ANDRE SENNWALD.", "headline": "Gigolette", "summary_short": "A down-on-her-luck socialite turns ``gigolette'' in a gangster's nightclub.", "publication_date": "1935-05-13", "opening_date": "1935-02-15", "date_updated": "2016-03-30 06:57:39", "link": {"type": "article", "url": "http://www.nytimes.com/movie/review?res=9D03E1D8163FE23ABC4B52DFB366838E629EDE", "suggested_link_text": "Read the New York Times Review of Gigolette"}, "multimedia": null}, {"display_title": "Les As Du Turf", "mpaa_rating": "", "critics_pick": 0, "byline": "H.T.S.", "headline": "As du Turf, Les", "summary_short": "", "publication_date": "1935-05-11", "opening_date": "1935-05-10", "date_updated": "2016-03-30 07:22:40", "link": {"type": "article", "url": "http://www.nytimes.com/movie/review?res=9907EEDA1139E33ABC4952DFB366838E629EDE", "suggested_link_text": "Read the New York Times Review of Les As Du Turf"}, "multimedia": null}, {"display_title": "Bride of Frankenstein", "mpaa_rating": "Not Rated", "critics_pick": 0, "byline": "F.S.N", "headline": "Bride of Frankenstein, The", "summary_short": "Doctor builds companion for monster. Knockout sequel.", "publication_date": "1935-05-11", "opening_date": "1935-04-19", "date_updated": "2016-03-30 06:57:11", "link": {"type": "article", "url": "http://www.nytimes.com/movie/review?res=9807EEDA1139E33ABC4952DFB366838E629EDE", "suggested_link_text": "Read the New York Times Review of Bride of Frankenstein"}, "multimedia": null}, {"display_title": "The Informer", "mpaa_rating": "", "critics_pick": 1, "byline": "ANDRE SENNWALD.", "headline": "Informer, The", "summary_short": "John Ford's Irish Rebellion drama of betrayal. Fierce, compelling antique, and Vic's Oscar.", "publication_date": "1935-05-10", "opening_date": null, "date_updated": "2016-03-30 07:30:21", "link": {"type": "article", "url": "http://www.nytimes.com/movie/review?res=9804E1DA163FE23ABC4852DFB366838E629EDE", "suggested_link_text": "Read the New York Times Review of The Informer"}, "multimedia": null}, {"display_title": "Werewolf of London", "mpaa_rating": "Not Rated", "critics_pick": 0, "byline": "F.S.N.", "headline": "Werewolf of London, The", "summary_short": "The original sawtooth and still the best.", "publication_date": "1935-05-10", "opening_date": "1935-05-13", "date_updated": "2016-03-30 07:23:04", "link": {"type": "article", "url": "http://www.nytimes.com/movie/review?res=9904E1DA163FE23ABC4852DFB366838E629EDE", "suggested_link_text": "Read the New York Times Review of Werewolf of London"}, "multimedia": null}, {"display_title": "Laddie", "mpaa_rating": "", "critics_pick": 0, "byline": "ANDRE SENNWALD.", "headline": "Laddie", "summary_short": "", "publication_date": "1935-05-06", "opening_date": "1935-03-19", "date_updated": "2016-03-30 06:41:26", "link": {"type": "article", "url": "http://www.nytimes.com/movie/review?res=9B0DEFDC1139E33ABC4E53DFB366838E629EDE", "suggested_link_text": "Read the New York Times Review of Laddie"}, "multimedia": null}]}