{"status": "OK", "copyright": "Copyright (c) 2017 The New York Times Company. All Rights Reserved.", "has_more": true, "num_results": 20, "results": [{"display_title": "Dark Passage", "mpaa_rating": "", "critics_pick": 0, "byline": "BOSLEY CROWTHER", "headline": "Dark Passage", "summary_short": "Fugitive convict, helpful girl, San Francisco. Snug suspense heightened by stars.", "publication_date": "1947-09-06", "opening_date": "1947-09-27", "date_updated": "2016-03-30 06:43:03", "link": {"type": "article", "url": "http://www.nytimes.com/movie/review?res=9901E6DA153AE233A25755C0A96F9C946693D6CF", "suggested_link_text": "Read the New York Times Review of Dark Passage"}, "multimedia": null}, {"display_title": "Black Gold", "mpaa_rating": "", "critics_pick": 0, "byline": "BOSLEY CROWTHER", "headline": "Black Gold", "summary_short": "Trouble on the old Indian-and-oil terrain. Interesting once, rather starchy now.", "publication_date": "1947-09-05", "opening_date": "1947-09-16", "date_updated": "2016-03-30 06:51:35", "link": {"type": "article", "url": "http://www.nytimes.com/movie/review?res=9907E1DB153AE233A25756C0A96F9C946693D6CF", "suggested_link_text": "Read the New York Times Review of Black Gold"}, "multimedia": null}, {"display_title": "The Last of the Redmen", "mpaa_rating": "", "critics_pick": 0, "byline": "T.M.P.", "headline": "Last of the Redmen", "summary_short": "", "publication_date": "1947-08-30", "opening_date": "1947-08-01", "date_updated": "2016-03-30 07:29:21", "link": {"type": "article", "url": "http://www.nytimes.com/movie/review?res=9401EEDC1731E13BBC4850DFBE66838C659EDE", "suggested_link_text": "Read the New York Times Review of The Last of the Redmen"}, "multimedia": null}, {"display_title": "Song of the Thin Man", "mpaa_rating": "Not Rated", "critics_pick": 0, "byline": "T.M.P.", "headline": "Song of the Thin Man", "summary_short": "This time, thin indeed. Only lilt is the Powell-Loy charm.", "publication_date": "1947-08-29", "opening_date": "1947-09-01", "date_updated": "2016-03-30 07:13:34", "link": {"type": "article", "url": "http://www.nytimes.com/movie/review?res=9E0CE6DD153AE233A2575AC2A96E9C946693D6CF", "suggested_link_text": "Read the New York Times Review of Song of the Thin Man"}, "multimedia": null}, {"display_title": "Something in the Wind", "mpaa_rating": "", "critics_pick": 0, "byline": "A.W.", "headline": "Something in the Wind", "summary_short": "Something but not much. Pleasant, anyway.", "publication_date": "1947-08-29", "opening_date": "1947-07-21", "date_updated": "2016-03-30 07:17:11", "link": {"type": "article", "url": "http://www.nytimes.com/movie/review?res=9F0CE6DD153AE233A2575AC2A96E9C946693D6CF", "suggested_link_text": "Read the New York Times Review of Something in the Wind"}, "multimedia": null}, {"display_title": "Lured", "mpaa_rating": "", "critics_pick": 0, "byline": "E.J.B.", "headline": "Lured", "summary_short": "", "publication_date": "1947-08-29", "opening_date": "1947-09-05", "date_updated": "2016-03-30 07:22:38", "link": {"type": "article", "url": "http://www.nytimes.com/movie/review?res=980CE6DD153AE233A2575AC2A96E9C946693D6CF", "suggested_link_text": "Read the New York Times Review of Lured"}, "multimedia": null}, {"display_title": "Kiss of Death", "mpaa_rating": "", "critics_pick": 0, "byline": "T.M.P.", "headline": "Kiss of Death", "summary_short": "Solid crime melodrama, introducing a truly terrifying Widmark.", "publication_date": "1947-08-28", "opening_date": "1947-08-27", "date_updated": "2016-03-30 06:51:11", "link": {"type": "article", "url": "http://www.nytimes.com/movie/review?res=9B03E1DC1731E13BBC4051DFBE66838C659EDE", "suggested_link_text": "Read the New York Times Review of Kiss of Death"}, "multimedia": null}, {"display_title": "La Grande Aurora", "mpaa_rating": "", "critics_pick": 0, "byline": "E.J.B.", "headline": "Great Dawn, The", "summary_short": "", "publication_date": "1947-08-28", "opening_date": null, "date_updated": "2016-03-30 06:52:29", "link": {"type": "article", "url": "http://www.nytimes.com/movie/review?res=9403E1DC1731E13BBC4051DFBE66838C659EDE", "suggested_link_text": "Read the New York Times Review of La Grande Aurora"}, "multimedia": null}, {"display_title": "Shoe-Shine", "mpaa_rating": "Not Rated", "critics_pick": 1, "byline": "T.M.P.", "headline": "Shoe-Shine", "summary_short": "", "publication_date": "1947-08-27", "opening_date": "1947-08-26", "date_updated": "2016-03-30 07:29:48", "link": {"type": "article", "url": "http://www.nytimes.com/movie/review?res=9502EFDE1731E13BBC4F51DFBE66838C659EDE", "suggested_link_text": "Read the New York Times Review of Shoe-Shine"}, "multimedia": null}, {"display_title": "Mother Wore Tights", "mpaa_rating": "", "critics_pick": 0, "byline": "T.M.P.", "headline": "Mother Wore Tights", "summary_short": "Pretty, nostalgic bon-bon that oozes more than sparkles. Minor Grable showcase.", "publication_date": "1947-08-21", "opening_date": "1947-09-01", "date_updated": "2016-03-30 07:20:46", "link": {"type": "article", "url": "http://www.nytimes.com/movie/review?res=9B02E0D81631E13BBC4951DFBE66838C659EDE", "suggested_link_text": "Read the New York Times Review of Mother Wore Tights"}, "multimedia": null}, {"display_title": "I Know Where I'm Going!", "mpaa_rating": "Not Rated", "critics_pick": 1, "byline": "T.M.P.", "headline": "I Know Where I'm Going", "summary_short": "Enchanting romantic comedy about London girl in remote Scottish Hebrides. Another gem from ``The Red Shoes'' duo.", "publication_date": "1947-08-20", "opening_date": "1947-08-09", "date_updated": "2016-03-30 07:23:48", "link": {"type": "article", "url": "http://www.nytimes.com/movie/review?res=9E07E1DF153AE233A25753C2A96E9C946693D6CF", "suggested_link_text": "Read the New York Times Review of I Know Where I'm Going!"}, "multimedia": null}, {"display_title": "The Corpse Came C.O.D.", "mpaa_rating": "", "critics_pick": 0, "byline": "T.M.P.", "headline": "Corpse came C O D, The", "summary_short": "Grade B.", "publication_date": "1947-08-19", "opening_date": "1947-06-02", "date_updated": "2016-03-30 07:18:05", "link": {"type": "article", "url": "http://www.nytimes.com/movie/review?res=9E05E6DF153AE233A2575AC1A96E9C946693D6CF", "suggested_link_text": "Read the New York Times Review of The Corpse Came C.O.D."}, "multimedia": null}, {"display_title": "The Secret Life of Walter Mitty", "mpaa_rating": "", "critics_pick": 0, "byline": "T.M.P.", "headline": "Secret Life of Walter Mitty, The", "summary_short": "A daydreaming honey, from Thurber story. Early, elegant Kaye caper.", "publication_date": "1947-08-15", "opening_date": "1947-09-01", "date_updated": "2016-03-30 07:27:30", "link": {"type": "article", "url": "http://www.nytimes.com/movie/review?res=9D07EFD7143AE233A25756C1A96E9C946693D6CF", "suggested_link_text": "Read the New York Times Review of The Secret Life of Walter Mitty"}, "multimedia": null}, {"display_title": "Pageant of Russia", "mpaa_rating": "", "critics_pick": 0, "byline": "E.J.B.", "headline": "Pageant of Russia", "summary_short": "", "publication_date": "1947-08-11", "opening_date": null, "date_updated": "2016-03-30 07:12:13", "link": {"type": "article", "url": "http://www.nytimes.com/movie/review?res=980DE4D7143AE233A25752C1A96E9C946693D6CF", "suggested_link_text": "Read the New York Times Review of Pageant of Russia"}, "multimedia": null}, {"display_title": "Green for Danger", "mpaa_rating": "", "critics_pick": 1, "byline": "T.M.P.", "headline": "Green for Danger", "summary_short": "Someone is murdering wounded World War II soldiers in a rural hospital. Crackerjack British suspense.", "publication_date": "1947-08-08", "opening_date": null, "date_updated": "2016-03-30 07:30:24", "link": {"type": "article", "url": "http://www.nytimes.com/movie/review?res=9404EED8143AE233A2575BC0A96E9C946693D6CF", "suggested_link_text": "Read the New York Times Review of Green for Danger"}, "multimedia": null}, {"display_title": "Northwest Outpost", "mpaa_rating": "", "critics_pick": 0, "byline": "A.W.", "headline": "Northwest Outpost", "summary_short": "White Russians in early California. Amateur night in Dixie, excluding Schildkraut.", "publication_date": "1947-08-08", "opening_date": "1947-06-25", "date_updated": "2016-03-30 07:05:10", "link": {"type": "article", "url": "http://www.nytimes.com/movie/review?res=9504EED8143AE233A2575BC0A96E9C946693D6CF", "suggested_link_text": "Read the New York Times Review of Northwest Outpost"}, "multimedia": null}, {"display_title": "Welcome Stranger", "mpaa_rating": "", "critics_pick": 0, "byline": "T.M.P.", "headline": "Welcome Stranger", "summary_short": "Genial, but so-what carbon of ``Going My Way.'' This time doctors, not priests.", "publication_date": "1947-08-07", "opening_date": "1947-06-13", "date_updated": "2016-03-30 06:52:11", "link": {"type": "article", "url": "http://www.nytimes.com/movie/review?res=9B06E3D8143AE233A25754C0A96E9C946693D6CF", "suggested_link_text": "Read the New York Times Review of Welcome Stranger"}, "multimedia": null}, {"display_title": "Blackmail", "mpaa_rating": "", "critics_pick": 0, "byline": "A.W.", "headline": "Blackmail", "summary_short": "Sleuth goes to work for blackmailed playboy gambler.", "publication_date": "1947-08-05", "opening_date": "1947-07-24", "date_updated": "2016-03-30 07:29:03", "link": {"type": "article", "url": "http://www.nytimes.com/movie/review?res=9405EED71F3EE13BBC4D53DFBE66838C659EDE", "suggested_link_text": "Read the New York Times Review of Blackmail"}, "multimedia": null}, {"display_title": "Retour A L'Aube", "mpaa_rating": "", "critics_pick": 0, "byline": "B.C.", "headline": "Retour a l'Aube", "summary_short": "", "publication_date": "1947-08-01", "opening_date": null, "date_updated": "2016-03-30 07:15:42", "link": {"type": "article", "url": "http://www.nytimes.com/movie/review?res=9B0DEED81F3EE13BBC4953DFBE66838C659EDE", "suggested_link_text": "Read the New York Times Review of Retour A L'Aube"}, "multimedia": null}, {"display_title": "Key Witness", "mpaa_rating": "", "critics_pick": 0, "byline": "B.C.", "headline": "Key Witness", "summary_short": "", "publication_date": "1947-07-30", "opening_date": "1947-10-09", "date_updated": "2016-03-30 06:42:49", "link": {"type": "article", "url": "http://www.nytimes.com/movie/review?res=9404EED91F3EE13BBC4850DFB166838C659EDE", "suggested_link_text": "Read the New York Times Review of Key Witness"}, "multimedia": null}]}