{"status": "OK", "copyright": "Copyright (c) 2017 The New York Times Company. All Rights Reserved.", "has_more": true, "num_results": 20, "results": [{"display_title": "Keep 'em Flying", "mpaa_rating": "", "critics_pick": 0, "byline": "BOSLEY CROWTHER", "headline": "Keep 'Em Flying", "summary_short": "Coasting low.", "publication_date": "1941-11-27", "opening_date": "1941-11-28", "date_updated": "2016-03-30 07:18:31", "link": {"type": "article", "url": "http://www.nytimes.com/movie/review?res=9F01E1DE103BEF3ABC4F51DFB767838A659EDE", "suggested_link_text": "Read the New York Times Review of Keep 'em Flying"}, "multimedia": null}, {"display_title": "A Date with the Falcon", "mpaa_rating": "", "critics_pick": 0, "byline": "BOSLEY CROWTHER", "headline": "Date With the Falcon, A", "summary_short": "Diamond trouble. Mild sleuther.", "publication_date": "1941-11-25", "opening_date": "1942-01-16", "date_updated": "2016-03-30 06:47:51", "link": {"type": "article", "url": "http://www.nytimes.com/movie/review?res=980DE6DF103BEF3ABC4D51DFB767838A659EDE", "suggested_link_text": "Read the New York Times Review of A Date with the Falcon"}, "multimedia": null}, {"display_title": "Go West, Young Lady", "mpaa_rating": "", "critics_pick": 0, "byline": "T.S.", "headline": "Go West, Young Lady", "summary_short": "A frontier musical. Period.", "publication_date": "1941-11-24", "opening_date": "1941-11-27", "date_updated": "2016-03-30 07:11:57", "link": {"type": "article", "url": "http://www.nytimes.com/movie/review?res=9804E7D8143AEF3ABC4C51DFB767838A659EDE", "suggested_link_text": "Read the New York Times Review of Go West, Young Lady"}, "multimedia": null}, {"display_title": "Suspicion", "mpaa_rating": "Not Rated", "critics_pick": 1, "byline": "BOSLEY CROWTHER", "headline": "Suspicion", "summary_short": "Jittery bride, enigmatic husband. First-rate Hitchcock suspense. Good touches: carved fowl, glass of milk. Joan's Oscar.", "publication_date": "1941-11-21", "opening_date": "1941-11-14", "date_updated": "2016-03-30 06:43:40", "link": {"type": "article", "url": "http://www.nytimes.com/movie/review?res=9F06EFD6163AE233A25752C2A9679D946093D6CF", "suggested_link_text": "Read the New York Times Review of Suspicion"}, "multimedia": null}, {"display_title": "They Died With Their Boots On", "mpaa_rating": "", "critics_pick": 0, "byline": "T.M.P.", "headline": "They Died With Their Boots On", "summary_short": "Little Big Horn. Rousing, no nonsense and Flynn is a dandy Custer.", "publication_date": "1941-11-21", "opening_date": "1942-01-01", "date_updated": "2016-03-30 07:09:29", "link": {"type": "article", "url": "http://www.nytimes.com/movie/review?res=9906EFD6163AE233A25752C2A9679D946093D6CF", "suggested_link_text": "Read the New York Times Review of They Died With Their Boots On"}, "multimedia": null}, {"display_title": "Shadow of the Thin Man", "mpaa_rating": "", "critics_pick": 0, "byline": "T.S.", "headline": "Shadow of the Thin Man", "summary_short": "Slain jockey. Trim Nick-and-Nora sleuther.", "publication_date": "1941-11-21", "opening_date": "1941-11-01", "date_updated": "2016-03-30 06:51:13", "link": {"type": "article", "url": "http://www.nytimes.com/movie/review?res=9806EFD6163AE233A25752C2A9679D946093D6CF", "suggested_link_text": "Read the New York Times Review of Shadow of the Thin Man"}, "multimedia": null}, {"display_title": "Skylark", "mpaa_rating": "", "critics_pick": 0, "byline": "BOSLEY CROWTHER", "headline": "Skylark", "summary_short": "Pleasant froth but minus the Broadway needlepoint and, emphatically, Gertrude Lawrence.", "publication_date": "1941-11-20", "opening_date": "1941-11-21", "date_updated": "2016-03-30 06:51:35", "link": {"type": "article", "url": "http://www.nytimes.com/movie/review?res=9D05E5D6163AE233A25753C2A9679D946093D6CF", "suggested_link_text": "Read the New York Times Review of Skylark"}, "multimedia": null}, {"display_title": "Mob Town", "mpaa_rating": "", "critics_pick": 0, "byline": "T.S.", "headline": "Mob Town", "summary_short": "", "publication_date": "1941-11-20", "opening_date": "1941-10-03", "date_updated": "2016-03-30 07:18:29", "link": {"type": "article", "url": "http://www.nytimes.com/movie/review?res=9E05E5D6163AE233A25753C2A9679D946093D6CF", "suggested_link_text": "Read the New York Times Review of Mob Town"}, "multimedia": null}, {"display_title": "The Forgotten Village", "mpaa_rating": "", "critics_pick": 0, "byline": "BOSLEY CROWTHER", "headline": "Forgotten Village, The", "summary_short": "", "publication_date": "1941-11-19", "opening_date": "1941-11-18", "date_updated": "2016-03-30 06:56:36", "link": {"type": "article", "url": "http://www.nytimes.com/movie/review?res=9D05E7DD1F3FE13BBC4152DFB767838A659EDE", "suggested_link_text": "Read the New York Times Review of The Forgotten Village"}, "multimedia": null}, {"display_title": "This England", "mpaa_rating": "", "critics_pick": 0, "byline": "BOSLEY CROWTHER", "headline": "This England", "summary_short": "", "publication_date": "1941-11-18", "opening_date": null, "date_updated": "2016-03-30 07:20:02", "link": {"type": "article", "url": "http://www.nytimes.com/movie/review?res=9505EFD6163DE333A2575BC1A9679D946093D6CF", "suggested_link_text": "Read the New York Times Review of This England"}, "multimedia": null}, {"display_title": "Swamp Water", "mpaa_rating": "", "critics_pick": 0, "byline": "T.M.P.", "headline": "Swamp Water", "summary_short": "Brooding, atmospheric drama of backwoods people, via director Jean Renoir. Consistently engrossing.", "publication_date": "1941-11-17", "opening_date": null, "date_updated": "2016-03-30 06:53:44", "link": {"type": "article", "url": "http://www.nytimes.com/movie/review?res=9903EFD8163AE233A25754C1A9679D946093D6CF", "suggested_link_text": "Read the New York Times Review of Swamp Water"}, "multimedia": null}, {"display_title": "One Foot in Heaven", "mpaa_rating": "", "critics_pick": 1, "byline": "BOSLEY CROWTHER", "headline": "One Foot in Heaven", "summary_short": "Minister and wife cope with 20th century. Splendid, warm and highly recommended.", "publication_date": "1941-11-14", "opening_date": "1941-11-01", "date_updated": "2016-03-30 07:12:53", "link": {"type": "article", "url": "http://www.nytimes.com/movie/review?res=9F07E2D6133BEF3ABC4C52DFB767838A659EDE", "suggested_link_text": "Read the New York Times Review of One Foot in Heaven"}, "multimedia": null}, {"display_title": "International Squadron", "mpaa_rating": "", "critics_pick": 0, "byline": "T.S.", "headline": "International Squadron", "summary_short": "American daredevil pilot delivers bomber to England, joins R.A.F.", "publication_date": "1941-11-14", "opening_date": "1941-08-13", "date_updated": "2016-03-30 06:45:08", "link": {"type": "article", "url": "http://www.nytimes.com/movie/review?res=9807E2D6133BEF3ABC4C52DFB767838A659EDE", "suggested_link_text": "Read the New York Times Review of International Squadron"}, "multimedia": null}, {"display_title": "New York Town", "mpaa_rating": "", "critics_pick": 0, "byline": "BOSLEY CROWTHER", "headline": "New York Town", "summary_short": "Very pleasant fluff.", "publication_date": "1941-11-13", "opening_date": "1941-10-31", "date_updated": "2016-03-30 07:06:05", "link": {"type": "article", "url": "http://www.nytimes.com/movie/review?res=9503E5D61E3FE13BBC4B52DFB767838A659EDE", "suggested_link_text": "Read the New York Times Review of New York Town"}, "multimedia": null}, {"display_title": "Hurry, Charlie, Hurry", "mpaa_rating": "", "critics_pick": 0, "byline": "BOSLEY CROWTHER", "headline": "Hurry, Charlie, Hurry", "summary_short": "Banker urges daughter to elope.", "publication_date": "1941-11-12", "opening_date": "1941-06-13", "date_updated": "2016-03-30 06:48:51", "link": {"type": "article", "url": "http://www.nytimes.com/movie/review?res=9900E7D7163DE333A25751C1A9679D946093D6CF", "suggested_link_text": "Read the New York Times Review of Hurry, Charlie, Hurry"}, "multimedia": null}, {"display_title": "International Lady", "mpaa_rating": "", "critics_pick": 0, "byline": "BOSLEY CROWTHER", "headline": "International Lady", "summary_short": "Okay espionage drama.", "publication_date": "1941-11-11", "opening_date": "1941-10-16", "date_updated": "2016-03-30 06:50:50", "link": {"type": "article", "url": "http://www.nytimes.com/movie/review?res=980CE3D9143AEF3ABC4952DFB767838A659EDE", "suggested_link_text": "Read the New York Times Review of International Lady"}, "multimedia": null}, {"display_title": "South of Tahiti", "mpaa_rating": "", "critics_pick": 0, "byline": "T.S.", "headline": "South of Tahiti", "summary_short": "And north of nowhere.", "publication_date": "1941-11-10", "opening_date": "1941-10-17", "date_updated": "2016-03-30 07:21:47", "link": {"type": "article", "url": "http://www.nytimes.com/movie/review?res=9F00E2D71E3FE13BBC4852DFB767838A659EDE", "suggested_link_text": "Read the New York Times Review of South of Tahiti"}, "multimedia": null}, {"display_title": "The Case of the Frightened Lady", "mpaa_rating": "", "critics_pick": 0, "byline": "T.M.P.", "headline": "Frightened Lady", "summary_short": "", "publication_date": "1941-11-10", "opening_date": "1941-11-07", "date_updated": "2016-03-30 06:46:51", "link": {"type": "article", "url": "http://www.nytimes.com/movie/review?res=9800E2D71E3FE13BBC4852DFB767838A659EDE", "suggested_link_text": "Read the New York Times Review of The Case of the Frightened Lady"}, "multimedia": null}, {"display_title": "Weekend in Havana", "mpaa_rating": "", "critics_pick": 0, "byline": "BOSLEY CROWTHER", "headline": "Week-End in Havana", "summary_short": "Business travel turns romantic. Balmy and tuneful, and stolen by Miranda.", "publication_date": "1941-11-08", "opening_date": "1941-10-17", "date_updated": "2016-03-30 06:49:41", "link": {"type": "article", "url": "http://www.nytimes.com/movie/review?res=9A02E7DF1230EF3ABC4053DFB767838A659EDE", "suggested_link_text": "Read the New York Times Review of Weekend in Havana"}, "multimedia": null}, {"display_title": "Ladies in Retirement", "mpaa_rating": "", "critics_pick": 0, "byline": "T.S.", "headline": "Ladies in Retirement", "summary_short": "Tense household on the moors, via Broadway. Steady suspense, expertly played.", "publication_date": "1941-11-07", "opening_date": "1941-09-09", "date_updated": "2016-03-30 06:53:44", "link": {"type": "article", "url": "http://www.nytimes.com/movie/review?res=9B05E2D9163AE233A25754C0A9679D946093D6CF", "suggested_link_text": "Read the New York Times Review of Ladies in Retirement"}, "multimedia": null}]}