{"status": "OK", "copyright": "Copyright (c) 2017 The New York Times Company. All Rights Reserved.", "has_more": true, "num_results": 20, "results": [{"display_title": "Beloved Enemy", "mpaa_rating": "Not Rated", "critics_pick": 0, "byline": "FRANK S. NUGENT", "headline": "Beloved Enemy", "summary_short": "Well-paced romantic drama of Black-and-Tan Ireland. Worthy antique.", "publication_date": "1936-12-26", "opening_date": null, "date_updated": "2016-03-30 06:57:00", "link": {"type": "article", "url": "http://www.nytimes.com/movie/review?res=9906E1DA1F39EE3BBC4E51DFB467838D629EDE", "suggested_link_text": "Read the New York Times Review of Beloved Enemy"}, "multimedia": null}, {"display_title": "Janosik", "mpaa_rating": "", "critics_pick": 0, "byline": "J.T.M.", "headline": "Janosik", "summary_short": "", "publication_date": "1936-12-25", "opening_date": "1936-12-24", "date_updated": "2016-03-30 06:50:21", "link": {"type": "article", "url": "http://www.nytimes.com/movie/review?res=9804E4DD143EEE3BBC4D51DFB467838D629EDE", "suggested_link_text": "Read the New York Times Review of Janosik"}, "multimedia": null}, {"display_title": "Gold Diggers of 1937", "mpaa_rating": "", "critics_pick": 0, "byline": "B.R.C.", "headline": "Gold Diggers of 1937", "summary_short": "Insurance salesman, ex-chorus girl and friends put on a show. Light and leggy.", "publication_date": "1936-12-25", "opening_date": "1936-12-28", "date_updated": "2016-03-30 06:52:56", "link": {"type": "article", "url": "http://www.nytimes.com/movie/review?res=9F04E4DD143EEE3BBC4D51DFB467838D629EDE", "suggested_link_text": "Read the New York Times Review of Gold Diggers of 1937"}, "multimedia": null}, {"display_title": "After the Thin Man", "mpaa_rating": "", "critics_pick": 0, "byline": "FRANK S. NUGENT", "headline": "After the Thin Man", "summary_short": "Nora's cousin charged with murder. Neat whodunit sequel with surprise windup.", "publication_date": "1936-12-25", "opening_date": "1936-12-25", "date_updated": "2016-03-30 07:29:52", "link": {"type": "article", "url": "http://www.nytimes.com/movie/review?res=9E04E4DD143EEE3BBC4D51DFB467838D629EDE", "suggested_link_text": "Read the New York Times Review of After the Thin Man"}, "multimedia": null}, {"display_title": "The Jungle Princess", "mpaa_rating": "", "critics_pick": 0, "byline": "J.T.M.", "headline": "Jungle Princess", "summary_short": "Her first sarong, period.", "publication_date": "1936-12-24", "opening_date": "1936-12-24", "date_updated": "2016-03-30 07:24:13", "link": {"type": "article", "url": "http://www.nytimes.com/movie/review?res=9401E7DC143EEE3BBC4C51DFB467838D629EDE", "suggested_link_text": "Read the New York Times Review of The Jungle Princess"}, "multimedia": null}, {"display_title": "College Holiday", "mpaa_rating": "", "critics_pick": 0, "byline": "FRANK S. NUGENT", "headline": "College Holiday", "summary_short": "Unpretentious musical. Painless.", "publication_date": "1936-12-24", "opening_date": "1936-12-19", "date_updated": "2016-03-30 06:51:20", "link": {"type": "article", "url": "http://www.nytimes.com/movie/review?res=9B01E7DC143EEE3BBC4C51DFB467838D629EDE", "suggested_link_text": "Read the New York Times Review of College Holiday"}, "multimedia": null}, {"display_title": "Harom Sarkany", "mpaa_rating": "", "critics_pick": 0, "byline": "H. T. S.", "headline": "Harom Sarkany", "summary_short": "", "publication_date": "1936-12-22", "opening_date": "1936-12-21", "date_updated": "2016-03-30 07:19:45", "link": {"type": "article", "url": "http://www.nytimes.com/movie/review?res=9F01E5DE143EEE3BBC4A51DFB467838D629EDE", "suggested_link_text": "Read the New York Times Review of Harom Sarkany"}, "multimedia": null}, {"display_title": "Stowaway", "mpaa_rating": "", "critics_pick": 0, "byline": "FRANK S. NUGENT", "headline": "Stowaway", "summary_short": "Missionary's tot on playboy's yacht. Not bad.", "publication_date": "1936-12-19", "opening_date": "1936-12-25", "date_updated": "2016-03-30 06:55:53", "link": {"type": "article", "url": "http://www.nytimes.com/movie/review?res=9D01E7D6173EEE3BBC4152DFB467838D629EDE", "suggested_link_text": "Read the New York Times Review of Stowaway"}, "multimedia": null}, {"display_title": "Grenzfeuer", "mpaa_rating": "", "critics_pick": 0, "byline": "H.T.S.", "headline": "Grenzfeuer", "summary_short": "", "publication_date": "1936-12-19", "opening_date": "1936-12-18", "date_updated": "2016-03-30 06:52:51", "link": {"type": "article", "url": "http://www.nytimes.com/movie/review?res=9F01E7D6173EEE3BBC4152DFB467838D629EDE", "suggested_link_text": "Read the New York Times Review of Grenzfeuer"}, "multimedia": null}, {"display_title": "It Happened in New Orleans", "mpaa_rating": "", "critics_pick": 0, "byline": "FRANK S. NUGENT", "headline": "Rainbow on the River", "summary_short": "", "publication_date": "1936-12-18", "opening_date": "1936-12-18", "date_updated": "2016-03-30 07:20:36", "link": {"type": "article", "url": "http://www.nytimes.com/movie/review?res=9F05E1DB123DE33BBC4052DFB467838D629EDE", "suggested_link_text": "Read the New York Times Review of It Happened in New Orleans"}, "multimedia": null}, {"display_title": "Night Waitress", "mpaa_rating": "", "critics_pick": 0, "byline": "B.R.C.", "headline": "Night Waitress", "summary_short": "Waterfront worker and boyfriend know too much about a murder.", "publication_date": "1936-12-18", "opening_date": "1936-12-18", "date_updated": "2016-03-30 07:24:04", "link": {"type": "article", "url": "http://www.nytimes.com/movie/review?res=9805E1DB123DE33BBC4052DFB467838D629EDE", "suggested_link_text": "Read the New York Times Review of Night Waitress"}, "multimedia": null}, {"display_title": "Accused", "mpaa_rating": "", "critics_pick": 0, "byline": "FRANK S. NUGENT", "headline": "Accused", "summary_short": "", "publication_date": "1936-12-17", "opening_date": "1937-01-08", "date_updated": "2016-03-30 07:06:16", "link": {"type": "article", "url": "http://www.nytimes.com/movie/review?res=9F05E7DC1F39EE3BBC4F52DFB467838D629EDE", "suggested_link_text": "Read the New York Times Review of Accused"}, "multimedia": null}, {"display_title": "The Man Who Changed His Mind", "mpaa_rating": "", "critics_pick": 0, "byline": "J.T.M.", "headline": "Man Who Lived Again, The", "summary_short": "", "publication_date": "1936-12-16", "opening_date": "1936-11-01", "date_updated": "2016-03-30 07:21:20", "link": {"type": "article", "url": "http://www.nytimes.com/movie/review?res=9C03E3D7173EEE3BBC4E52DFB467838D629EDE", "suggested_link_text": "Read the New York Times Review of The Man Who Changed His Mind"}, "multimedia": null}, {"display_title": "Flying Hostess", "mpaa_rating": "", "critics_pick": 0, "byline": "FRANK S. NUGENT", "headline": "Flying Hostess", "summary_short": "", "publication_date": "1936-12-14", "opening_date": "1936-12-01", "date_updated": "2016-03-30 06:53:13", "link": {"type": "article", "url": "http://www.nytimes.com/movie/review?res=9A0DE6DE143EE53ABC4C52DFB467838D629EDE", "suggested_link_text": "Read the New York Times Review of Flying Hostess"}, "multimedia": null}, {"display_title": "Le Prince Jean", "mpaa_rating": "", "critics_pick": 0, "byline": "H. T. S.", "headline": "Prince Jean, Le", "summary_short": "", "publication_date": "1936-12-12", "opening_date": "1936-12-11", "date_updated": "2016-03-30 07:19:12", "link": {"type": "article", "url": "http://www.nytimes.com/movie/review?res=9D0CE1DB153CE53ABC4A52DFB467838D629EDE", "suggested_link_text": "Read the New York Times Review of Le Prince Jean"}, "multimedia": null}, {"display_title": "Banjo on My Knee", "mpaa_rating": "", "critics_pick": 0, "byline": "FRANK S. NUGENT", "headline": "Banjo on My Knee", "summary_short": "Mississippi shanty-boaters. Moldy now but still picaresque.", "publication_date": "1936-12-12", "opening_date": "1936-12-11", "date_updated": "2016-03-30 07:11:28", "link": {"type": "article", "url": "http://www.nytimes.com/movie/review?res=950DE1DB153CE53ABC4A52DFB467838D629EDE", "suggested_link_text": "Read the New York Times Review of Banjo on My Knee"}, "multimedia": null}, {"display_title": "More Than a Secretary", "mpaa_rating": "", "critics_pick": 0, "byline": "FRANK S. NUGENT", "headline": "More Than a Secretary", "summary_short": "Health magazine intrigue.", "publication_date": "1936-12-11", "opening_date": "1936-12-24", "date_updated": "2016-03-30 06:50:56", "link": {"type": "article", "url": "http://www.nytimes.com/movie/review?res=9D04E6DD1F39EE3BBC4952DFB467838D629EDE", "suggested_link_text": "Read the New York Times Review of More Than a Secretary"}, "multimedia": null}, {"display_title": "Pennies from Heaven", "mpaa_rating": "", "critics_pick": 0, "byline": "FRANK S. NUGENT", "headline": "Pennies From Heaven", "summary_short": "Backyard troubadour, social worker and troublesome family. Solid-copper Crosby comedy.", "publication_date": "1936-12-10", "opening_date": "1936-11-25", "date_updated": "2016-03-30 07:23:51", "link": {"type": "article", "url": "http://www.nytimes.com/movie/review?res=9E06E7DD123DE33BBC4852DFB467838D629EDE", "suggested_link_text": "Read the New York Times Review of Pennies from Heaven"}, "multimedia": null}, {"display_title": "Love in Exile", "mpaa_rating": "", "critics_pick": 0, "byline": "J.T.M.", "headline": "Love in Exile", "summary_short": "", "publication_date": "1936-12-10", "opening_date": "1936-12-09", "date_updated": "2016-03-30 07:18:46", "link": {"type": "article", "url": "http://www.nytimes.com/movie/review?res=9F06E7DD123DE33BBC4852DFB467838D629EDE", "suggested_link_text": "Read the New York Times Review of Love in Exile"}, "multimedia": null}, {"display_title": "The Plot Thickens", "mpaa_rating": "", "critics_pick": 0, "byline": "FRANK S. NUGENT", "headline": "Plot Thickens, The", "summary_short": "The lady sleuths.", "publication_date": "1936-12-09", "opening_date": "1936-12-11", "date_updated": "2016-03-30 07:30:12", "link": {"type": "article", "url": "http://www.nytimes.com/movie/review?res=9A01E3DE123DE33BBC4153DFB467838D629EDE", "suggested_link_text": "Read the New York Times Review of The Plot Thickens"}, "multimedia": null}]}