{"status": "OK", "copyright": "Copyright (c) 2017 The New York Times Company. All Rights Reserved.", "has_more": true, "num_results": 20, "results": [{"display_title": "Cass Timberlane", "mpaa_rating": "", "critics_pick": 0, "byline": "BOSLEY CROWTHER", "headline": "Cass Timberlane", "summary_short": "Sinclair Lewis's serene judge, kittenish wife. Entertaining small-town marital woes.", "publication_date": "1947-11-07", "opening_date": "1948-01-01", "date_updated": "2016-03-30 07:21:11", "link": {"type": "article", "url": "http://www.nytimes.com/movie/review?res=9E03E4D9103AE233A25754C0A9679D946693D6CF", "suggested_link_text": "Read the New York Times Review of Cass Timberlane"}, "multimedia": null}, {"display_title": "So Well Remembered", "mpaa_rating": "", "critics_pick": 0, "byline": "BOSLEY CROWTHER", "headline": "So Well Remembered", "summary_short": "Crusading newspaper editor in factory town. Biting, probing drama.", "publication_date": "1947-11-05", "opening_date": null, "date_updated": "2016-03-30 07:26:42", "link": {"type": "article", "url": "http://www.nytimes.com/movie/review?res=9F01E6DA103AE233A25756C0A9679D946693D6CF", "suggested_link_text": "Read the New York Times Review of So Well Remembered"}, "multimedia": null}, {"display_title": "The Invisible Wall", "mpaa_rating": "", "critics_pick": 0, "byline": "T.M.P.", "headline": "Invisible Wall, The", "summary_short": "", "publication_date": "1947-11-01", "opening_date": "1947-10-15", "date_updated": "2016-03-30 07:19:39", "link": {"type": "article", "url": "http://www.nytimes.com/movie/review?res=9406EFDF103AE233A25752C0A9679D946693D6CF", "suggested_link_text": "Read the New York Times Review of The Invisible Wall"}, "multimedia": null}, {"display_title": "Lucia di Lammermoor", "mpaa_rating": "", "critics_pick": 0, "byline": "A.W.", "headline": "Lucia di Lammermoor", "summary_short": "", "publication_date": "1947-11-01", "opening_date": "1947-10-13", "date_updated": "2016-03-30 07:22:34", "link": {"type": "article", "url": "http://www.nytimes.com/movie/review?res=9B06EFDF103AE233A25752C0A9679D946693D6CF", "suggested_link_text": "Read the New York Times Review of Lucia di Lammermoor"}, "multimedia": null}, {"display_title": "Beware of Pity", "mpaa_rating": "", "critics_pick": 0, "byline": "BOSLEY CROWTHER", "headline": "Beware of Pity", "summary_short": "", "publication_date": "1947-11-01", "opening_date": null, "date_updated": "2016-03-30 07:22:36", "link": {"type": "article", "url": "http://www.nytimes.com/movie/review?res=9A06EFDF103AE233A25752C0A9679D946693D6CF", "suggested_link_text": "Read the New York Times Review of Beware of Pity"}, "multimedia": null}, {"display_title": "The Gangster", "mpaa_rating": "", "critics_pick": 0, "byline": "BOSLEY CROWTHER", "headline": "Gangster, The", "summary_short": "Pretty shoddy.", "publication_date": "1947-10-31", "opening_date": "1947-11-25", "date_updated": "2016-03-30 07:14:00", "link": {"type": "article", "url": "http://www.nytimes.com/movie/review?res=9904E4DF103AE233A25752C3A9669D946693D6CF", "suggested_link_text": "Read the New York Times Review of The Gangster"}, "multimedia": null}, {"display_title": "That Hagen Girl", "mpaa_rating": "Not Rated", "critics_pick": 0, "byline": "BOSLEY CROWTHER", "headline": "That Hagen Girl", "summary_short": "Suffers and suffers and so will you.", "publication_date": "1947-10-25", "opening_date": "1947-11-01", "date_updated": "2016-03-30 07:12:47", "link": {"type": "article", "url": "http://www.nytimes.com/movie/review?res=9806E2DA133AE233A25756C2A9669D946693D6CF", "suggested_link_text": "Read the New York Times Review of That Hagen Girl"}, "multimedia": null}, {"display_title": "Bury Me Dead", "mpaa_rating": "", "critics_pick": 0, "byline": "T.M.P.", "headline": "Bury Me Dead", "summary_short": "And deadly. A real dog.", "publication_date": "1947-10-25", "opening_date": "1947-10-18", "date_updated": "2016-03-30 06:51:18", "link": {"type": "article", "url": "http://www.nytimes.com/movie/review?res=9906E2DA133AE233A25756C2A9669D946693D6CF", "suggested_link_text": "Read the New York Times Review of Bury Me Dead"}, "multimedia": null}, {"display_title": "Forever Amber", "mpaa_rating": "", "critics_pick": 0, "byline": "BOSLEY CROWTHER", "headline": "Forever Amber", "summary_short": "Wooden version of Winsor's Restoration novel, with some pious sop for the censors.", "publication_date": "1947-10-23", "opening_date": null, "date_updated": "2016-03-30 06:48:27", "link": {"type": "article", "url": "http://www.nytimes.com/movie/review?res=9807E4DB133AE233A25750C2A9669D946693D6CF", "suggested_link_text": "Read the New York Times Review of Forever Amber"}, "multimedia": null}, {"display_title": "Le Silence Est d'Or", "mpaa_rating": "", "critics_pick": 0, "byline": "BOSLEY CROWTHER", "headline": "Man About Town", "summary_short": "Middle-aged film producer in 1906 Paris loves an elusive actress. Directed by Rene Clair.", "publication_date": "1947-10-22", "opening_date": null, "date_updated": "2016-03-30 06:55:05", "link": {"type": "article", "url": "http://www.nytimes.com/movie/review?res=9B05E7DC133AE233A25751C2A9669D946693D6CF", "suggested_link_text": "Read the New York Times Review of Le Silence Est d'Or"}, "multimedia": null}, {"display_title": "Adventure Island", "mpaa_rating": "", "critics_pick": 0, "byline": "A.W.", "headline": "Adventure Island", "summary_short": "", "publication_date": "1947-10-20", "opening_date": "1947-08-13", "date_updated": "2016-03-30 06:46:16", "link": {"type": "article", "url": "http://www.nytimes.com/movie/review?res=9D02E1DF133AE233A25753C2A9669D946693D6CF", "suggested_link_text": "Read the New York Times Review of Adventure Island"}, "multimedia": null}, {"display_title": "Vo Imya Zhizni", "mpaa_rating": "", "critics_pick": 0, "byline": "BOSLEY CROWTHER", "headline": "In the Name of Life", "summary_short": "", "publication_date": "1947-10-20", "opening_date": "1947-10-18", "date_updated": "2016-03-30 06:55:30", "link": {"type": "article", "url": "http://www.nytimes.com/movie/review?res=9A03E1DF133AE233A25753C2A9669D946693D6CF", "suggested_link_text": "Read the New York Times Review of Vo Imya Zhizni"}, "multimedia": null}, {"display_title": "The Crimson Key", "mpaa_rating": "", "critics_pick": 0, "byline": "B.C.", "headline": "Crimson Key, The", "summary_short": "", "publication_date": "1947-10-18", "opening_date": "1947-07-02", "date_updated": "2016-03-30 06:56:03", "link": {"type": "article", "url": "http://www.nytimes.com/movie/review?res=9E04E7D7123AE233A2575BC1A9669D946693D6CF", "suggested_link_text": "Read the New York Times Review of The Crimson Key"}, "multimedia": null}, {"display_title": "Ore 9 lezione di chimica", "mpaa_rating": "", "critics_pick": 0, "byline": "T.M.P.", "headline": "Schoolgirl Diary", "summary_short": "", "publication_date": "1947-10-18", "opening_date": "1947-10-17", "date_updated": "2016-03-30 06:44:23", "link": {"type": "article", "url": "http://www.nytimes.com/movie/review?res=9F04E7D7123AE233A2575BC1A9669D946693D6CF", "suggested_link_text": "Read the New York Times Review of Ore 9 lezione di chimica"}, "multimedia": null}, {"display_title": "The Swordsman", "mpaa_rating": "", "critics_pick": 0, "byline": "BOSLEY CROWTHER", "headline": "Swordsman, The", "summary_short": "Mayhem in Scotland. Forget it.", "publication_date": "1947-10-17", "opening_date": "1948-01-02", "date_updated": "2016-03-30 06:46:10", "link": {"type": "article", "url": "http://www.nytimes.com/movie/review?res=940DE5DE1431E13BBC4F52DFB667838C659EDE", "suggested_link_text": "Read the New York Times Review of The Swordsman"}, "multimedia": null}, {"display_title": "Variety Girl", "mpaa_rating": "", "critics_pick": 0, "byline": "T.M.P.", "headline": "Variety Girl", "summary_short": "Tame, pleasant antique.", "publication_date": "1947-10-16", "opening_date": "1947-08-29", "date_updated": "2016-03-30 06:46:45", "link": {"type": "article", "url": "http://www.nytimes.com/movie/review?res=9904E1D8123AE233A25755C1A9669D946693D6CF", "suggested_link_text": "Read the New York Times Review of Variety Girl"}, "multimedia": null}, {"display_title": "Green Dolphin Street", "mpaa_rating": "", "critics_pick": 0, "byline": "BOSLEY CROWTHER", "headline": "Green Dolphin Street", "summary_short": "Second-generation romantic confusion. Intriguing costume yarn, luscious production.", "publication_date": "1947-10-16", "opening_date": "1947-11-05", "date_updated": "2016-03-30 07:26:35", "link": {"type": "article", "url": "http://www.nytimes.com/movie/review?res=9804E1D8123AE233A25755C1A9669D946693D6CF", "suggested_link_text": "Read the New York Times Review of Green Dolphin Street"}, "multimedia": null}, {"display_title": "Unconquered", "mpaa_rating": "", "critics_pick": 0, "byline": "BOSLEY CROWTHER", "headline": "Unconquered", "summary_short": "Pioneers and Indians, DeMille-style. Heavy on the corn, minus usual pizazz.", "publication_date": "1947-10-11", "opening_date": "1947-10-10", "date_updated": "2016-03-30 06:50:15", "link": {"type": "article", "url": "http://www.nytimes.com/movie/review?res=9502EFDB123AE233A25752C1A9669D946693D6CF", "suggested_link_text": "Read the New York Times Review of Unconquered"}, "multimedia": null}, {"display_title": "Hungry Hill", "mpaa_rating": "", "critics_pick": 0, "byline": "T. M. P.", "headline": "Hungry Hill", "summary_short": "", "publication_date": "1947-10-11", "opening_date": "1947-10-05", "date_updated": "2016-03-30 07:24:42", "link": {"type": "article", "url": "http://www.nytimes.com/movie/review?res=9C0DEFDB123AE233A25752C1A9669D946693D6CF", "suggested_link_text": "Read the New York Times Review of Hungry Hill"}, "multimedia": null}, {"display_title": "Song of Love", "mpaa_rating": "", "critics_pick": 0, "byline": "BOSLEY CROWTHER", "headline": "Song of Love", "summary_short": "Robert and Clara Schumann. Entrancing music, soppy, velvetized drama.", "publication_date": "1947-10-10", "opening_date": "1947-10-09", "date_updated": "2016-03-30 06:45:32", "link": {"type": "article", "url": "http://www.nytimes.com/movie/review?res=9E02EFDF1431E13BBC4852DFB667838C659EDE", "suggested_link_text": "Read the New York Times Review of Song of Love"}, "multimedia": null}]}