{"status": "OK", "copyright": "Copyright (c) 2017 The New York Times Company. All Rights Reserved.", "has_more": true, "num_results": 20, "results": [{"display_title": "Johnny Eager", "mpaa_rating": "", "critics_pick": 0, "byline": "T.S.", "headline": "Johnny Eager", "summary_short": "Student turns gangster. Only fair melodrama, but Heflin's Oscar.", "publication_date": "1942-02-20", "opening_date": "1942-01-17", "date_updated": "2016-03-30 07:20:17", "link": {"type": "article", "url": "http://www.nytimes.com/movie/review?res=9906E5DD1439E33BBC4851DFB4668389659EDE", "suggested_link_text": "Read the New York Times Review of Johnny Eager"}, "multimedia": null}, {"display_title": "Born to Sing", "mpaa_rating": "", "critics_pick": 0, "byline": "T.S.", "headline": "Born to Sing", "summary_short": "Sez who? A prison show comes to Broadway.", "publication_date": "1942-02-19", "opening_date": "1942-02-18", "date_updated": "2016-03-30 07:24:09", "link": {"type": "article", "url": "http://www.nytimes.com/movie/review?res=9A03E5DE1439E33BBC4152DFB4668389659EDE", "suggested_link_text": "Read the New York Times Review of Born to Sing"}, "multimedia": null}, {"display_title": "Bahama Passage", "mpaa_rating": "", "critics_pick": 0, "byline": "BOSLEY CROWTHER", "headline": "Bahama Passage", "summary_short": "A sunkist bore.", "publication_date": "1942-02-19", "opening_date": "1941-12-10", "date_updated": "2016-03-30 06:45:22", "link": {"type": "article", "url": "http://www.nytimes.com/movie/review?res=9903E5DE1439E33BBC4152DFB4668389659EDE", "suggested_link_text": "Read the New York Times Review of Bahama Passage"}, "multimedia": null}, {"display_title": "Lady in Distress", "mpaa_rating": "", "critics_pick": 0, "byline": "T.S.", "headline": "Lady in Distress", "summary_short": "", "publication_date": "1942-02-16", "opening_date": "1942-02-14", "date_updated": "2016-03-30 07:28:09", "link": {"type": "article", "url": "http://www.nytimes.com/movie/review?res=9C0DE5DD103BE33BBC4E52DFB4668389659EDE", "suggested_link_text": "Read the New York Times Review of Lady in Distress"}, "multimedia": null}, {"display_title": "Captains of the Clouds", "mpaa_rating": "", "critics_pick": 0, "byline": "BOSLEY CROWTHER", "headline": "Captains of the Clouds", "summary_short": "Salute to Royal Canadian Air Force. Brisk but unsurprising.", "publication_date": "1942-02-13", "opening_date": "1942-02-21", "date_updated": "2016-03-30 07:22:46", "link": {"type": "article", "url": "http://www.nytimes.com/movie/review?res=9406E4D6133BE33BBC4B52DFB4668389659EDE", "suggested_link_text": "Read the New York Times Review of Captains of the Clouds"}, "multimedia": null}, {"display_title": "Pimpernel Smith", "mpaa_rating": "", "critics_pick": 0, "byline": "T.S.", "headline": "Mister V", "summary_short": "Another anti-Nazi spy. Colorful portions, charming Howard, but rather slack and often fanciful.", "publication_date": "1942-02-13", "opening_date": null, "date_updated": "2016-03-30 07:13:37", "link": {"type": "article", "url": "http://www.nytimes.com/movie/review?res=9D01E4D6133BE33BBC4B52DFB4668389659EDE", "suggested_link_text": "Read the New York Times Review of Pimpernel Smith"}, "multimedia": null}, {"display_title": "Obliging Young Lady", "mpaa_rating": "", "critics_pick": 0, "byline": "T.M.P.", "headline": "Obliging Young Lady", "summary_short": "Bitter custody battle over daughter.", "publication_date": "1942-02-13", "opening_date": "1942-01-30", "date_updated": "2016-03-30 07:12:58", "link": {"type": "article", "url": "http://www.nytimes.com/movie/review?res=9506E4D6133BE33BBC4B52DFB4668389659EDE", "suggested_link_text": "Read the New York Times Review of Obliging Young Lady"}, "multimedia": null}, {"display_title": "Our Russian Front", "mpaa_rating": "", "critics_pick": 0, "byline": "T.S.", "headline": "Our Russian Front", "summary_short": "", "publication_date": "1942-02-12", "opening_date": "1942-02-11", "date_updated": "2016-03-30 07:20:00", "link": {"type": "article", "url": "http://www.nytimes.com/movie/review?res=9C04EFDE1439E33BBC4A52DFB4668389659EDE", "suggested_link_text": "Read the New York Times Review of Our Russian Front"}, "multimedia": null}, {"display_title": "Lady For a Night", "mpaa_rating": "", "critics_pick": 0, "byline": "BOSLEY CROWTHER", "headline": "Lady for a Night", "summary_short": "Gambling boat. Gone are the days, but appealing cast.", "publication_date": "1942-02-12", "opening_date": "1942-01-05", "date_updated": "2016-03-30 07:26:50", "link": {"type": "article", "url": "http://www.nytimes.com/movie/review?res=9405EFDE1439E33BBC4A52DFB4668389659EDE", "suggested_link_text": "Read the New York Times Review of Lady For a Night"}, "multimedia": null}, {"display_title": "Wild Bill Hickok Rides", "mpaa_rating": "", "critics_pick": 0, "byline": "BOSLEY CROWTHER", "headline": "Wild Bill Hickok Rides", "summary_short": "Formula western.", "publication_date": "1942-02-07", "opening_date": "1942-01-31", "date_updated": "2016-03-30 06:42:08", "link": {"type": "article", "url": "http://www.nytimes.com/movie/review?res=9C03E1D7153BE33BBC4F53DFB4668389659EDE", "suggested_link_text": "Read the New York Times Review of Wild Bill Hickok Rides"}, "multimedia": null}, {"display_title": "Woman of the Year", "mpaa_rating": "", "critics_pick": 1, "byline": "BOSLEY CROWTHER", "headline": "Woman of the Year", "summary_short": "Political commentator and sports reporter try to make it work. Nifty caper.", "publication_date": "1942-02-06", "opening_date": "1942-01-19", "date_updated": "2016-03-30 06:44:22", "link": {"type": "article", "url": "http://www.nytimes.com/movie/review?res=9F03E5DA153BE33BBC4E53DFB4668389659EDE", "suggested_link_text": "Read the New York Times Review of Woman of the Year"}, "multimedia": null}, {"display_title": "Jail House Blues", "mpaa_rating": "", "critics_pick": 0, "byline": "T.M.P.", "headline": "Jail House Blues", "summary_short": "", "publication_date": "1942-02-06", "opening_date": "1942-02-01", "date_updated": "2016-03-30 07:11:49", "link": {"type": "article", "url": "http://www.nytimes.com/movie/review?res=9A03E5DA153BE33BBC4E53DFB4668389659EDE", "suggested_link_text": "Read the New York Times Review of Jail House Blues"}, "multimedia": null}, {"display_title": "Design for Scandal", "mpaa_rating": "", "critics_pick": 0, "byline": "T.S.", "headline": "Design for Scandal", "summary_short": "Rather obvious romantic comedy but neat star finesse.", "publication_date": "1942-02-06", "opening_date": "1941-12-01", "date_updated": "2016-03-30 06:41:53", "link": {"type": "article", "url": "http://www.nytimes.com/movie/review?res=9B03E5DA153BE33BBC4E53DFB4668389659EDE", "suggested_link_text": "Read the New York Times Review of Design for Scandal"}, "multimedia": null}, {"display_title": "The Prime Minister", "mpaa_rating": "", "critics_pick": 0, "byline": "BOSLEY CROWTHER", "headline": "Prime Minister, The", "summary_short": "Disraeli, no less.", "publication_date": "1942-02-04", "opening_date": null, "date_updated": "2016-03-30 06:47:05", "link": {"type": "article", "url": "http://www.nytimes.com/movie/review?res=9E00E5D9143BE33BBC4C53DFB4668389659EDE", "suggested_link_text": "Read the New York Times Review of The Prime Minister"}, "multimedia": null}, {"display_title": "Kings Row", "mpaa_rating": "Not Rated", "critics_pick": 0, "byline": "BOSLEY CROWTHER", "headline": "Kings Row", "summary_short": "Small-town Freudian Americana. Gripping stuff.", "publication_date": "1942-02-03", "opening_date": "1942-04-18", "date_updated": "2016-03-30 07:13:25", "link": {"type": "article", "url": "http://www.nytimes.com/movie/review?res=9903E2DE143BE33BBC4B53DFB4668389659EDE", "suggested_link_text": "Read the New York Times Review of Kings Row"}, "multimedia": null}, {"display_title": "New Wine", "mpaa_rating": "", "critics_pick": 0, "byline": "T.S.", "headline": "New Wine", "summary_short": "Bio drama about composer Franz Schubert. Fanciful and sentimental, but some pretty music.", "publication_date": "1942-02-02", "opening_date": "1941-09-10", "date_updated": "2016-03-30 06:58:17", "link": {"type": "article", "url": "http://www.nytimes.com/movie/review?res=9A04E7DA173CE33BBC4A53DFB4668389659EDE", "suggested_link_text": "Read the New York Times Review of New Wine"}, "multimedia": null}, {"display_title": "The Body Disappears", "mpaa_rating": "", "critics_pick": 0, "byline": "BOSLEY CROWTHER", "headline": "Body Disappears, The", "summary_short": "Frivolous, strained comedy.", "publication_date": "1942-01-31", "opening_date": "1941-12-06", "date_updated": "2016-03-30 06:44:34", "link": {"type": "article", "url": "http://www.nytimes.com/movie/review?res=9504E1DD173CE33BBC4950DFB7668389659EDE", "suggested_link_text": "Read the New York Times Review of The Body Disappears"}, "multimedia": null}, {"display_title": "Son of Fury", "mpaa_rating": "", "critics_pick": 0, "byline": "BOSLEY CROWTHER", "headline": "Son of Fury", "summary_short": "One swarming adventure-sweeper that really works. Surprise: lovely bit by Elsa Lanchester.", "publication_date": "1942-01-30", "opening_date": "1942-01-29", "date_updated": "2016-03-30 07:30:33", "link": {"type": "article", "url": "http://www.nytimes.com/movie/review?res=9F0DE2D7173BE33BBC4850DFB7668389659EDE", "suggested_link_text": "Read the New York Times Review of Son of Fury"}, "multimedia": null}, {"display_title": "Sullivan's Travels", "mpaa_rating": "Not Rated", "critics_pick": 1, "byline": "BOSLEY CROWTHER", "headline": "Sullivan's Travels", "summary_short": "Candide, American-style. Brilliant, imaginative satiric romp from Preston Sturges. Best scene: country church.", "publication_date": "1942-01-29", "opening_date": "1941-12-04", "date_updated": "2016-03-30 06:57:56", "link": {"type": "article", "url": "http://www.nytimes.com/movie/review?res=9901E1DF1439E33BBC4151DFB7668389659EDE", "suggested_link_text": "Read the New York Times Review of Sullivan's Travels"}, "multimedia": null}, {"display_title": "A Yank on the Burma Road", "mpaa_rating": "", "critics_pick": 0, "byline": "T.S.", "headline": "Yank on the Burma Road, A", "summary_short": "Caravan of medical trucks to Chungking.", "publication_date": "1942-01-29", "opening_date": "1942-02-01", "date_updated": "2016-03-30 06:49:16", "link": {"type": "article", "url": "http://www.nytimes.com/movie/review?res=9A01E1DF1439E33BBC4151DFB7668389659EDE", "suggested_link_text": "Read the New York Times Review of A Yank on the Burma Road"}, "multimedia": null}]}