{"status": "OK", "copyright": "Copyright (c) 2017 The New York Times Company. All Rights Reserved.", "has_more": true, "num_results": 20, "results": [{"display_title": "Laugh It Off", "mpaa_rating": "", "critics_pick": 0, "byline": "FRANK S. NUGENT", "headline": "Laugh It Off", "summary_short": "", "publication_date": "1939-12-22", "opening_date": null, "date_updated": "2016-03-30 07:15:26", "link": {"type": "article", "url": "http://www.nytimes.com/movie/review?res=9800E3D91E39E532A25751C2A9649D946894D6CF", "suggested_link_text": "Read the New York Times Review of Laugh It Off"}, "multimedia": null}, {"display_title": "Gone With the Wind", "mpaa_rating": "", "critics_pick": 1, "byline": "FRANK S. NUGENT", "headline": "Gone With the Wind", "summary_short": "Margaret Mitchell's Old South classic. Forever young.", "publication_date": "1939-12-20", "opening_date": "1940-01-17", "date_updated": "2016-03-30 07:20:59", "link": {"type": "article", "url": "http://www.nytimes.com/movie/review?res=9807E2DA153EE432A25753C2A9649D946894D6CF", "suggested_link_text": "Read the New York Times Review of Gone With the Wind"}, "multimedia": null}, {"display_title": "Everything Happens at Night", "mpaa_rating": "", "critics_pick": 0, "byline": "FRANK S. NUGENT", "headline": "Everything Happens at Night", "summary_short": "Superior Henie ice-cutter, defter plot than usual.", "publication_date": "1939-12-16", "opening_date": "1939-12-22", "date_updated": "2016-03-30 06:54:19", "link": {"type": "article", "url": "http://www.nytimes.com/movie/review?res=9402E1DC153EE432A25755C1A9649D946894D6CF", "suggested_link_text": "Read the New York Times Review of Everything Happens at Night"}, "multimedia": null}, {"display_title": "Balalaika", "mpaa_rating": "", "critics_pick": 0, "byline": "FRANK S. NUGENT", "headline": "Balalaika", "summary_short": "Lush Metro operetta time with cardboard edging and nice, leggy Ilona.", "publication_date": "1939-12-15", "opening_date": "1939-12-29", "date_updated": "2016-03-30 07:21:03", "link": {"type": "article", "url": "http://www.nytimes.com/movie/review?res=9B00EFDD153EE432A25756C1A9649D946894D6CF", "suggested_link_text": "Read the New York Times Review of Balalaika"}, "multimedia": null}, {"display_title": "Nick Carter, Master Detective", "mpaa_rating": "", "critics_pick": 0, "byline": "FRANK S. NUGENT", "headline": "Nick Carter, Master Detective", "summary_short": "Private eye Carter romances a stewardess and busts a foreign spy ring.", "publication_date": "1939-12-14", "opening_date": "1939-12-15", "date_updated": "2016-03-30 06:45:21", "link": {"type": "article", "url": "http://www.nytimes.com/movie/review?res=9801E7DD153EE432A25757C1A9649D946894D6CF", "suggested_link_text": "Read the New York Times Review of Nick Carter, Master Detective"}, "multimedia": null}, {"display_title": "The Tower of London", "mpaa_rating": "", "critics_pick": 0, "byline": "FRANK S. NUGENT", "headline": "Tower of London", "summary_short": "The Richard III crowd. Ugly, head-on, no velvet cushioning.", "publication_date": "1939-12-12", "opening_date": "1939-11-17", "date_updated": "2016-03-30 06:55:53", "link": {"type": "article", "url": "http://www.nytimes.com/movie/review?res=9801E3DB1E39E532A25751C1A9649D946894D6CF", "suggested_link_text": "Read the New York Times Review of The Tower of London"}, "multimedia": null}, {"display_title": "Barricade", "mpaa_rating": "", "critics_pick": 0, "byline": "FRANK S. NUGENT", "headline": "Barricade", "summary_short": "War clouds in China.", "publication_date": "1939-12-09", "opening_date": "1939-12-08", "date_updated": "2016-03-30 07:05:26", "link": {"type": "article", "url": "http://www.nytimes.com/movie/review?res=9806E6DC1E39E532A2575AC0A9649D946894D6CF", "suggested_link_text": "Read the New York Times Review of Barricade"}, "multimedia": null}, {"display_title": "The Great Victor Herbert", "mpaa_rating": "", "critics_pick": 0, "byline": "B.R.C.", "headline": "Great Victor Herbert, The", "summary_short": "Some pleasant music but silly, padded bio.", "publication_date": "1939-12-07", "opening_date": "1939-12-29", "date_updated": "2016-03-30 07:27:55", "link": {"type": "article", "url": "http://www.nytimes.com/movie/review?res=9903E3DD1E39E532A25754C0A9649D946894D6CF", "suggested_link_text": "Read the New York Times Review of The Great Victor Herbert"}, "multimedia": null}, {"display_title": "Il Dottor Antonio", "mpaa_rating": "", "critics_pick": 0, "byline": "H.T.S.", "headline": "Dottor Antonio, Il", "summary_short": "", "publication_date": "1939-12-07", "opening_date": "1939-12-06", "date_updated": "2016-03-30 06:56:43", "link": {"type": "article", "url": "http://www.nytimes.com/movie/review?res=9A03E3DD1E39E532A25754C0A9649D946894D6CF", "suggested_link_text": "Read the New York Times Review of Il Dottor Antonio"}, "multimedia": null}, {"display_title": "We Are Not Alone", "mpaa_rating": "", "critics_pick": 0, "byline": "FRANK S. NUGENT", "headline": "We Are not Alone", "summary_short": "Doctor and governess wrongly accused of his wife's murder. Beautiful love story, and heartbreaking.", "publication_date": "1939-12-01", "opening_date": "1939-11-25", "date_updated": "2016-03-30 06:45:15", "link": {"type": "article", "url": "http://www.nytimes.com/movie/review?res=9806E6DF153EE432A25752C0A9649D946894D6CF", "suggested_link_text": "Read the New York Times Review of We Are Not Alone"}, "multimedia": null}, {"display_title": "Destry Rides Again", "mpaa_rating": "", "critics_pick": 1, "byline": "FRANK S. NUGENT", "headline": "Destry Rides Again", "summary_short": "Nonviolent sheriff and saloon singer clean up town. Juicy old comic western antique.", "publication_date": "1939-11-30", "opening_date": "1939-12-29", "date_updated": "2016-03-30 07:22:47", "link": {"type": "article", "url": "http://www.nytimes.com/movie/review?res=9B03E3DA113AE532A25753C3A9679D946894D6CF", "suggested_link_text": "Read the New York Times Review of Destry Rides Again"}, "multimedia": null}, {"display_title": "Another Thin Man", "mpaa_rating": "", "critics_pick": 0, "byline": "FRANK S. NUGENT", "headline": "Another Thin Man", "summary_short": "Isn't, but they're still charming.", "publication_date": "1939-11-24", "opening_date": "1939-11-17", "date_updated": "2016-03-30 07:27:47", "link": {"type": "article", "url": "http://www.nytimes.com/movie/review?res=9500EFD8143EE432A25757C2A9679D946894D6CF", "suggested_link_text": "Read the New York Times Review of Another Thin Man"}, "multimedia": null}, {"display_title": "The Cat and the Canary", "mpaa_rating": "", "critics_pick": 0, "byline": "FRANK S. NUGENT", "headline": "Cat and the Canary, The", "summary_short": "Spooky bayou plantation. Good, creepy fun, game cast.", "publication_date": "1939-11-23", "opening_date": "1939-11-10", "date_updated": "2016-03-30 07:12:35", "link": {"type": "article", "url": "http://www.nytimes.com/movie/review?res=9405E4DC123EE23ABC4B51DFB7678382629EDE", "suggested_link_text": "Read the New York Times Review of The Cat and the Canary"}, "multimedia": null}, {"display_title": "At the Circus", "mpaa_rating": "Not Rated", "critics_pick": 0, "byline": "FRANK S. NUGENT", "headline": "At the Circus", "summary_short": "Middle-gear freres, with pearly moments.", "publication_date": "1939-11-17", "opening_date": "1939-10-20", "date_updated": "2016-03-30 07:27:11", "link": {"type": "article", "url": "http://www.nytimes.com/movie/review?res=9B02EFD9143EE432A25754C1A9679D946894D6CF", "suggested_link_text": "Read the New York Times Review of At the Circus"}, "multimedia": null}, {"display_title": "Sabotage", "mpaa_rating": "", "critics_pick": 0, "byline": "FRANK S. NUGENT", "headline": "Sabotage", "summary_short": "", "publication_date": "1939-11-16", "opening_date": "1939-10-13", "date_updated": "2016-03-30 07:15:11", "link": {"type": "article", "url": "http://www.nytimes.com/movie/review?res=9F04EFDB1438E133A25755C1A9679D946894D6CF", "suggested_link_text": "Read the New York Times Review of Sabotage"}, "multimedia": null}, {"display_title": "The Mill on the Floss", "mpaa_rating": "", "critics_pick": 0, "byline": "FRANK S. NUGENT", "headline": "Mill On the Floss, The", "summary_short": "Rather heavy version of Eliot classic set in 19th-century England.", "publication_date": "1939-11-15", "opening_date": "1939-11-14", "date_updated": "2016-03-30 06:46:43", "link": {"type": "article", "url": "http://www.nytimes.com/movie/review?res=9F0DE6D9143EE432A25756C1A9679D946894D6CF", "suggested_link_text": "Read the New York Times Review of The Mill on the Floss"}, "multimedia": null}, {"display_title": "The Roaring Twenties", "mpaa_rating": "Not Rated", "critics_pick": 0, "byline": "FRANK S. NUGENT", "headline": "Roaring Twenties, The", "summary_short": "Lawyer, bootlegger and cabdriver. Fast and colorful.", "publication_date": "1939-11-11", "opening_date": "1939-10-23", "date_updated": "2016-03-30 06:55:58", "link": {"type": "article", "url": "http://www.nytimes.com/movie/review?res=9500E5DB143EE432A25752C1A9679D946894D6CF", "suggested_link_text": "Read the New York Times Review of The Roaring Twenties"}, "multimedia": null}, {"display_title": "Allegheny Uprising", "mpaa_rating": "Not Rated", "critics_pick": 0, "byline": "FRANK S. NUGENT", "headline": "Allegheny Uprising", "summary_short": "Very good frontier drama of pre-Revolutionary War era.", "publication_date": "1939-11-10", "opening_date": "1939-11-10", "date_updated": "2016-03-30 06:50:01", "link": {"type": "article", "url": "http://www.nytimes.com/movie/review?res=9801EFD8153EE23ABC4852DFB7678382629EDE", "suggested_link_text": "Read the New York Times Review of Allegheny Uprising"}, "multimedia": null}, {"display_title": "First Love", "mpaa_rating": "", "critics_pick": 0, "byline": "FRANK S. NUGENT", "headline": "First Love", "summary_short": "Wide-eyed and painless.", "publication_date": "1939-11-09", "opening_date": "1939-11-10", "date_updated": "2016-03-30 06:49:37", "link": {"type": "article", "url": "http://www.nytimes.com/movie/review?res=9F04EFDC143EE432A2575AC0A9679D946894D6CF", "suggested_link_text": "Read the New York Times Review of First Love"}, "multimedia": null}, {"display_title": "La Marseillaise", "mpaa_rating": "", "critics_pick": 0, "byline": "FRANK S. NUGENT", "headline": "Marseillaise", "summary_short": "Peasants march to Paris to overthrow Louis XVI and Marie Antoinette. Directed by Jean Renoir.", "publication_date": "1939-11-06", "opening_date": null, "date_updated": "2016-03-30 07:28:49", "link": {"type": "article", "url": "http://www.nytimes.com/movie/review?res=9401E2DD143EE432A25755C0A9679D946894D6CF", "suggested_link_text": "Read the New York Times Review of La Marseillaise"}, "multimedia": null}]}