{"status": "OK", "copyright": "Copyright (c) 2017 The New York Times Company. All Rights Reserved.", "has_more": true, "num_results": 20, "results": [{"display_title": "A Girl, a Guy and A Gob", "mpaa_rating": "", "critics_pick": 0, "byline": "T.S.", "headline": "Girl, a Guy and a Gob, A", "summary_short": "No more, no less.", "publication_date": "1941-04-24", "opening_date": "1941-03-14", "date_updated": "2016-03-30 06:43:08", "link": {"type": "article", "url": "http://www.nytimes.com/movie/review?res=9E0DE6DB1E3DE33BBC4C51DFB266838A659EDE", "suggested_link_text": "Read the New York Times Review of A Girl, a Guy and A Gob"}, "multimedia": null}, {"display_title": "Ten Days in Paris", "mpaa_rating": "", "critics_pick": 0, "byline": "T.S.", "headline": "Missing Ten Days", "summary_short": "", "publication_date": "1941-04-21", "opening_date": "1941-04-20", "date_updated": "2016-03-30 06:44:30", "link": {"type": "article", "url": "http://www.nytimes.com/movie/review?res=9F04EED71F39EE3BBC4951DFB266838A659EDE", "suggested_link_text": "Read the New York Times Review of Ten Days in Paris"}, "multimedia": null}, {"display_title": "Ride on Vaquero", "mpaa_rating": "", "critics_pick": 0, "byline": "BOSLEY CROWTHER", "headline": "Ride on Vaquero", "summary_short": "", "publication_date": "1941-04-19", "opening_date": "1941-04-18", "date_updated": "2016-03-30 07:12:45", "link": {"type": "article", "url": "http://www.nytimes.com/movie/review?res=9B05E6DD1E3DE33BBC4152DFB266838A659EDE", "suggested_link_text": "Read the New York Times Review of Ride on Vaquero"}, "multimedia": null}, {"display_title": "The Lady From Cheyenne", "mpaa_rating": "", "critics_pick": 0, "byline": "BOSLEY CROWTHER", "headline": "Lady From Cheyenne, The", "summary_short": "Airy, feminized western.", "publication_date": "1941-04-18", "opening_date": "1941-04-11", "date_updated": "2016-03-30 07:11:28", "link": {"type": "article", "url": "http://www.nytimes.com/movie/review?res=9401E0DE1E3DE33BBC4052DFB266838A659EDE", "suggested_link_text": "Read the New York Times Review of The Lady From Cheyenne"}, "multimedia": null}, {"display_title": "Mr. District Attorney", "mpaa_rating": "", "critics_pick": 0, "byline": "BOSLEY CROWTHER", "headline": "Mr District Attorney", "summary_short": "", "publication_date": "1941-04-17", "opening_date": "1941-03-27", "date_updated": "2016-03-30 07:30:00", "link": {"type": "article", "url": "http://www.nytimes.com/movie/review?res=9E04E4DE1E3DE33BBC4F52DFB266838A659EDE", "suggested_link_text": "Read the New York Times Review of Mr. District Attorney"}, "multimedia": null}, {"display_title": "Dead Men Tell", "mpaa_rating": "", "critics_pick": 0, "byline": "T.S.", "headline": "Dead Men Tell", "summary_short": "Search for $60 million.", "publication_date": "1941-04-17", "opening_date": "1941-03-28", "date_updated": "2016-03-30 07:06:05", "link": {"type": "article", "url": "http://www.nytimes.com/movie/review?res=9F04E4DE1E3DE33BBC4F52DFB266838A659EDE", "suggested_link_text": "Read the New York Times Review of Dead Men Tell"}, "multimedia": null}, {"display_title": "Manon Lescaut", "mpaa_rating": "", "critics_pick": 0, "byline": "T. S.", "headline": "Manon Lescaut", "summary_short": "", "publication_date": "1941-04-14", "opening_date": null, "date_updated": "2016-03-30 07:27:44", "link": {"type": "article", "url": "http://www.nytimes.com/movie/review?res=9A07E6DF1E3DE33BBC4C52DFB266838A659EDE", "suggested_link_text": "Read the New York Times Review of Manon Lescaut"}, "multimedia": null}, {"display_title": "The Great Lie", "mpaa_rating": "", "critics_pick": 0, "byline": "BOSLEY CROWTHER", "headline": "Great Lie, The", "summary_short": "Plane crash and romantic triangle. Drivel, but Astor's great.", "publication_date": "1941-04-12", "opening_date": "1941-04-12", "date_updated": "2016-03-30 06:52:49", "link": {"type": "article", "url": "http://www.nytimes.com/movie/review?res=9C04E4D7113DE33BBC4A52DFB266838A659EDE", "suggested_link_text": "Read the New York Times Review of The Great Lie"}, "multimedia": null}, {"display_title": "Flying Wild", "mpaa_rating": "", "critics_pick": 0, "byline": "T.S.", "headline": "Flying Wild", "summary_short": "Saboteur trouble.", "publication_date": "1941-04-12", "opening_date": "1941-03-10", "date_updated": "2016-03-30 06:55:16", "link": {"type": "article", "url": "http://www.nytimes.com/movie/review?res=9D04E4D7113DE33BBC4A52DFB266838A659EDE", "suggested_link_text": "Read the New York Times Review of Flying Wild"}, "multimedia": null}, {"display_title": "Men of Boys Town", "mpaa_rating": "Not Rated", "critics_pick": 0, "byline": "BOSLEY CROWTHER", "headline": "Men of Boys Town", "summary_short": "Reformatory may be forced to close. Sentimental sequel.", "publication_date": "1941-04-11", "opening_date": "1941-04-11", "date_updated": "2016-03-30 07:05:00", "link": {"type": "article", "url": "http://www.nytimes.com/movie/review?res=9D0CE4D8113DE33BBC4952DFB266838A659EDE", "suggested_link_text": "Read the New York Times Review of Men of Boys Town"}, "multimedia": null}, {"display_title": "Road to Zanzibar", "mpaa_rating": "", "critics_pick": 0, "byline": "BOSLEY CROWTHER", "headline": "Road to Zanzibar", "summary_short": "Comic African safari. Not their brightest junket.", "publication_date": "1941-04-10", "opening_date": "1941-04-11", "date_updated": "2016-03-30 06:48:55", "link": {"type": "article", "url": "http://www.nytimes.com/movie/review?res=9E01EEDA1F3BE33BBC4852DFB266838A659EDE", "suggested_link_text": "Read the New York Times Review of Road to Zanzibar"}, "multimedia": null}, {"display_title": "The Penalty", "mpaa_rating": "", "critics_pick": 0, "byline": "T .", "headline": "Penalty, The", "summary_short": "Bank robber's son raised as criminal is placed with farm family.", "publication_date": "1941-04-10", "opening_date": "1941-03-14", "date_updated": "2016-03-30 06:58:12", "link": {"type": "article", "url": "http://www.nytimes.com/movie/review?res=9D01EEDA1F3BE33BBC4852DFB266838A659EDE", "suggested_link_text": "Read the New York Times Review of The Penalty"}, "multimedia": null}, {"display_title": "Scotland Yard", "mpaa_rating": "", "critics_pick": 0, "byline": "BOSLEY CROWTHER", "headline": "Scotland Yard", "summary_short": "", "publication_date": "1941-04-09", "opening_date": "1941-04-04", "date_updated": "2016-03-30 06:51:24", "link": {"type": "article", "url": "http://www.nytimes.com/movie/review?res=9F03E0DE1F3BE33BBC4153DFB266838A659EDE", "suggested_link_text": "Read the New York Times Review of Scotland Yard"}, "multimedia": null}, {"display_title": "The Lone Wolf Takes a Chance", "mpaa_rating": "", "critics_pick": 0, "byline": "T.M.P.", "headline": "Lone Wolf Takes a Chance, The", "summary_short": "", "publication_date": "1941-04-07", "opening_date": "1941-03-06", "date_updated": "2016-03-30 06:46:47", "link": {"type": "article", "url": "http://www.nytimes.com/movie/review?res=9506E7D8113DE33BBC4F53DFB266838A659EDE", "suggested_link_text": "Read the New York Times Review of The Lone Wolf Takes a Chance"}, "multimedia": null}, {"display_title": "Escape to Glory", "mpaa_rating": "", "critics_pick": 0, "byline": "BOSLEY CROWTHER", "headline": "Submarine Zone", "summary_short": "", "publication_date": "1941-04-07", "opening_date": "1940-05-20", "date_updated": "2016-03-30 06:58:10", "link": {"type": "article", "url": "http://www.nytimes.com/movie/review?res=9406E7D8113DE33BBC4F53DFB266838A659EDE", "suggested_link_text": "Read the New York Times Review of Escape to Glory"}, "multimedia": null}, {"display_title": "Uchitel", "mpaa_rating": "", "critics_pick": 0, "byline": "T.S.", "headline": "New Teacher, The", "summary_short": "", "publication_date": "1941-04-07", "opening_date": "1941-04-06", "date_updated": "2016-03-30 06:47:27", "link": {"type": "article", "url": "http://www.nytimes.com/movie/review?res=9C01E7D8113DE33BBC4F53DFB266838A659EDE", "suggested_link_text": "Read the New York Times Review of Uchitel"}, "multimedia": null}, {"display_title": "The King of the White Elephant", "mpaa_rating": "", "critics_pick": 0, "byline": "BOSLEY CROWTHER", "headline": "King of the White Elephant, The", "summary_short": "", "publication_date": "1941-04-05", "opening_date": null, "date_updated": "2016-03-30 06:57:09", "link": {"type": "article", "url": "http://www.nytimes.com/movie/review?res=9A0DE6DA113DE33BBC4D53DFB266838A659EDE", "suggested_link_text": "Read the New York Times Review of The King of the White Elephant"}, "multimedia": null}, {"display_title": "That Hamilton Woman", "mpaa_rating": "", "critics_pick": 0, "byline": "BOSLEY CROWTHER", "headline": "That Hamilton Woman", "summary_short": "The Nelson-Hamilton scandal, plush to poignant. But these two make it magnetic.", "publication_date": "1941-04-04", "opening_date": "1941-04-30", "date_updated": "2016-03-30 06:44:36", "link": {"type": "article", "url": "http://www.nytimes.com/movie/review?res=9C07E6DE1E3BE33BBC4C53DFB266838A659EDE", "suggested_link_text": "Read the New York Times Review of That Hamilton Woman"}, "multimedia": null}, {"display_title": "Scattergood Baines", "mpaa_rating": "", "critics_pick": 0, "byline": "A.W.", "headline": "Scattergood Baines", "summary_short": "", "publication_date": "1941-04-04", "opening_date": "1941-02-21", "date_updated": "2016-03-30 06:43:38", "link": {"type": "article", "url": "http://www.nytimes.com/movie/review?res=9C0DE5DD1E3BE33BBC4C53DFB266838A659EDE", "suggested_link_text": "Read the New York Times Review of Scattergood Baines"}, "multimedia": null}, {"display_title": "Pot O' Gold", "mpaa_rating": "", "critics_pick": 0, "byline": "T.S.", "headline": "Pot o'Gold", "summary_short": "Anything but. Creaks, with music.", "publication_date": "1941-04-04", "opening_date": "1941-04-03", "date_updated": "2016-03-30 07:29:20", "link": {"type": "article", "url": "http://www.nytimes.com/movie/review?res=9403E5DD1E3BE33BBC4C53DFB266838A659EDE", "suggested_link_text": "Read the New York Times Review of Pot O' Gold"}, "multimedia": null}]}