{"status": "OK", "copyright": "Copyright (c) 2017 The New York Times Company. All Rights Reserved.", "has_more": true, "num_results": 20, "results": [{"display_title": "The Mouthpiece", "mpaa_rating": "Not Rated", "critics_pick": 1, "byline": "MORDAUNT HALL.", "headline": "Mouthpiece, The", "summary_short": "Lawyer's relapse after sending innocent man to chair. Food for thought. Or was.", "publication_date": "1932-04-21", "opening_date": "1932-05-07", "date_updated": "2016-03-30 06:47:08", "link": {"type": "article", "url": "http://www.nytimes.com/movie/review?res=9800E6DE143EE633A25752C2A9629C946394D6CF", "suggested_link_text": "Read the New York Times Review of The Mouthpiece"}, "multimedia": null}, {"display_title": "The Miracle Man", "mpaa_rating": "", "critics_pick": 0, "byline": "M.H.", "headline": "Miracle Man, The", "summary_short": "", "publication_date": "1932-04-21", "opening_date": "1932-04-01", "date_updated": "2016-03-30 06:55:43", "link": {"type": "article", "url": "http://www.nytimes.com/movie/review?res=9900E6DE143EE633A25752C2A9629C946394D6CF", "suggested_link_text": "Read the New York Times Review of The Miracle Man"}, "multimedia": null}, {"display_title": "Careless Lady", "mpaa_rating": "", "critics_pick": 0, "byline": "MORDAUNT HALL", "headline": "Careless Lady", "summary_short": "", "publication_date": "1932-04-18", "opening_date": "1932-04-03", "date_updated": "2016-03-30 06:58:59", "link": {"type": "article", "url": "http://www.nytimes.com/movie/review?res=9802EFD7173EE633A2575BC1A9629C946394D6CF", "suggested_link_text": "Read the New York Times Review of Careless Lady"}, "multimedia": null}, {"display_title": "This Is the Night", "mpaa_rating": "", "critics_pick": 0, "byline": "MORDAUNT HALL.", "headline": "This is the Night", "summary_short": "Rather bouncy boidoir comedy, nice cast. Cary Grant's debut.", "publication_date": "1932-04-16", "opening_date": "1932-04-08", "date_updated": "2016-03-30 07:27:00", "link": {"type": "article", "url": "http://www.nytimes.com/movie/review?res=950DE7D8173EE633A25755C1A9629C946394D6CF", "suggested_link_text": "Read the New York Times Review of This Is the Night"}, "multimedia": null}, {"display_title": "Man Wanted", "mpaa_rating": "Not Rated", "critics_pick": 0, "byline": "B.W.N.", "headline": "Man Wanted", "summary_short": "Woman executive makes a salesman her secretary.", "publication_date": "1932-04-16", "opening_date": "1932-04-23", "date_updated": "2016-03-30 07:26:13", "link": {"type": "article", "url": "http://www.nytimes.com/movie/review?res=9D0CE7D8173EE633A25755C1A9629C946394D6CF", "suggested_link_text": "Read the New York Times Review of Man Wanted"}, "multimedia": null}, {"display_title": "Young Bride", "mpaa_rating": "", "critics_pick": 0, "byline": "B.W.N.", "headline": "Love Starved", "summary_short": "Victim of suave con artist.", "publication_date": "1932-04-15", "opening_date": "1932-04-08", "date_updated": "2016-03-30 07:18:33", "link": {"type": "article", "url": "http://www.nytimes.com/movie/review?res=9D00E1D9173EE633A25756C1A9629C946394D6CF", "suggested_link_text": "Read the New York Times Review of Young Bride"}, "multimedia": null}, {"display_title": "Symphony of Six Million", "mpaa_rating": "", "critics_pick": 0, "byline": "MORDAUNT HALL.", "headline": "Symphony of Six Million", "summary_short": "Rising young New York doctor spurns ghetto background. Effective suds.", "publication_date": "1932-04-15", "opening_date": "1932-04-29", "date_updated": "2016-03-30 06:53:21", "link": {"type": "article", "url": "http://www.nytimes.com/movie/review?res=9C00E1D9173EE633A25756C1A9629C946394D6CF", "suggested_link_text": "Read the New York Times Review of Symphony of Six Million"}, "multimedia": null}, {"display_title": "Zlatye Gory", "mpaa_rating": "", "critics_pick": 0, "byline": "MORDAUNT HALL.", "headline": "Golden Mountains", "summary_short": "", "publication_date": "1932-04-14", "opening_date": "1932-04-14", "date_updated": "2016-03-30 07:29:14", "link": {"type": "article", "url": "http://www.nytimes.com/movie/review?res=9A0DE0D61439E033A25757C1A9629C946394D6CF", "suggested_link_text": "Read the New York Times Review of Zlatye Gory"}, "multimedia": null}, {"display_title": "Ronny", "mpaa_rating": "", "critics_pick": 0, "byline": "H.T.S.", "headline": "Ronny", "summary_short": "", "publication_date": "1932-04-14", "opening_date": "1932-04-13", "date_updated": "2016-03-30 07:09:25", "link": {"type": "article", "url": "http://www.nytimes.com/movie/review?res=9B0DE0D61439E033A25757C1A9629C946394D6CF", "suggested_link_text": "Read the New York Times Review of Ronny"}, "multimedia": null}, {"display_title": "Disorderly Conduct", "mpaa_rating": "", "critics_pick": 0, "byline": "MORDAUNT HALL.", "headline": "Disorderly Conduct", "summary_short": "", "publication_date": "1932-04-11", "opening_date": "1932-03-20", "date_updated": "2016-03-30 07:09:18", "link": {"type": "article", "url": "http://www.nytimes.com/movie/review?res=9401E1DB1431E633A25752C1A9629C946394D6CF", "suggested_link_text": "Read the New York Times Review of Disorderly Conduct"}, "multimedia": null}, {"display_title": "Il Est Charmant", "mpaa_rating": "", "critics_pick": 0, "byline": "H.T.S.", "headline": "Il est Charmant", "summary_short": "", "publication_date": "1932-04-09", "opening_date": null, "date_updated": "2016-03-30 07:13:08", "link": {"type": "article", "url": "http://www.nytimes.com/movie/review?res=9E0DE6DD173EE633A2575AC0A9629C946394D6CF", "suggested_link_text": "Read the New York Times Review of Il Est Charmant"}, "multimedia": null}, {"display_title": "The Misleading Lady", "mpaa_rating": "", "critics_pick": 0, "byline": "MORDAUNT HALL.", "headline": "Misleading Lady, The", "summary_short": "", "publication_date": "1932-04-09", "opening_date": "1932-04-15", "date_updated": "2016-03-30 06:42:36", "link": {"type": "article", "url": "http://www.nytimes.com/movie/review?res=9502E6DD173EE633A2575AC0A9629C946394D6CF", "suggested_link_text": "Read the New York Times Review of The Misleading Lady"}, "multimedia": null}, {"display_title": "It's Tough to Be Famous", "mpaa_rating": "Not Rated", "critics_pick": 0, "byline": "B.W.N.", "headline": "It's Tough to be Famous", "summary_short": "War hero tries to avoid limelight. Timely.", "publication_date": "1932-04-09", "opening_date": "1932-04-02", "date_updated": "2016-03-30 07:26:12", "link": {"type": "article", "url": "http://www.nytimes.com/movie/review?res=9D0DE6DD173EE633A2575AC0A9629C946394D6CF", "suggested_link_text": "Read the New York Times Review of It's Tough to Be Famous"}, "multimedia": null}, {"display_title": "Shopworn", "mpaa_rating": "", "critics_pick": 0, "byline": "MORDAUNT HALL.", "headline": "Shopworn", "summary_short": "", "publication_date": "1932-04-04", "opening_date": "1932-03-25", "date_updated": "2016-03-30 07:21:28", "link": {"type": "article", "url": "http://www.nytimes.com/movie/review?res=9801E4DC1F3EE333A25757C0A9629C946394D6CF", "suggested_link_text": "Read the New York Times Review of Shopworn"}, "multimedia": null}, {"display_title": "Les Croix de Bois", "mpaa_rating": "", "critics_pick": 0, "byline": "HERBERT L. MATTHEWS.", "headline": "Wooden Crosses", "summary_short": "", "publication_date": "1932-04-03", "opening_date": null, "date_updated": "2016-03-30 06:49:14", "link": {"type": "article", "url": "http://www.nytimes.com/movie/review?res=9E0CE1D7163EE633A25750C0A9629C946394D6CF", "suggested_link_text": "Read the New York Times Review of Les Croix de Bois"}, "multimedia": null}, {"display_title": "Fame Street", "mpaa_rating": "", "critics_pick": 0, "byline": "B.W.N.", "headline": "Fame Street", "summary_short": "", "publication_date": "1932-04-02", "opening_date": "1932-02-20", "date_updated": "2016-03-30 06:44:39", "link": {"type": "article", "url": "http://www.nytimes.com/movie/review?res=9807E7D8163EE633A25751C0A9629C946394D6CF", "suggested_link_text": "Read the New York Times Review of Fame Street"}, "multimedia": null}, {"display_title": "Ladies of the Jury", "mpaa_rating": "", "critics_pick": 0, "byline": "M.H.", "headline": "Ladies of the Jury", "summary_short": "Lone jury holdout in murder trial. Most rewarding, and viva Edna May! Pounce.", "publication_date": "1932-04-02", "opening_date": "1932-02-05", "date_updated": "2016-03-30 06:44:47", "link": {"type": "article", "url": "http://www.nytimes.com/movie/review?res=9D07E7D8163EE633A25751C0A9629C946394D6CF", "suggested_link_text": "Read the New York Times Review of Ladies of the Jury"}, "multimedia": null}, {"display_title": "Devil's Lottery", "mpaa_rating": "", "critics_pick": 0, "byline": "MORDAUNT HALT.", "headline": "Devil's Lottery", "summary_short": "", "publication_date": "1932-04-02", "opening_date": "1932-03-27", "date_updated": "2016-03-30 07:05:59", "link": {"type": "article", "url": "http://www.nytimes.com/movie/review?res=9B07E7D8163EE633A25751C0A9629C946394D6CF", "suggested_link_text": "Read the New York Times Review of Devil's Lottery"}, "multimedia": null}, {"display_title": "Beauty and the Boss", "mpaa_rating": "Not Rated", "critics_pick": 0, "byline": "B.W.N.", "headline": "Beauty and the Boss", "summary_short": "Viennese bank president weds naive secretary", "publication_date": "1932-04-02", "opening_date": "1932-04-09", "date_updated": "2016-03-30 06:50:41", "link": {"type": "article", "url": "http://www.nytimes.com/movie/review?res=9C07E7D8163EE633A25751C0A9629C946394D6CF", "suggested_link_text": "Read the New York Times Review of Beauty and the Boss"}, "multimedia": null}, {"display_title": "South Sea Adventures", "mpaa_rating": "", "critics_pick": 0, "byline": "MORDAUNT HALL.", "headline": "Zane Grey in South Sea Adventures", "summary_short": "", "publication_date": "1932-04-01", "opening_date": "1932-03-25", "date_updated": "2016-03-30 06:52:12", "link": {"type": "article", "url": "http://www.nytimes.com/movie/review?res=980DE4D9163EE633A25752C0A9629C946394D6CF", "suggested_link_text": "Read the New York Times Review of South Sea Adventures"}, "multimedia": null}]}