{"status": "OK", "copyright": "Copyright (c) 2017 The New York Times Company. All Rights Reserved.", "has_more": true, "num_results": 20, "results": [{"display_title": "La Traviata", "mpaa_rating": "", "critics_pick": 0, "byline": "T.M.P.", "headline": "Traviata, La", "summary_short": "", "publication_date": "1948-03-30", "opening_date": "1948-08-29", "date_updated": "2016-03-30 06:52:27", "link": {"type": "article", "url": "http://www.nytimes.com/movie/review?res=980CE1DD123EE03BBC4850DFB5668383659EDE", "suggested_link_text": "Read the New York Times Review of La Traviata"}, "multimedia": null}, {"display_title": "Confessions of a Rogue", "mpaa_rating": "", "critics_pick": 0, "byline": "B.C.", "headline": "Confessions of a Rogue", "summary_short": "", "publication_date": "1948-03-30", "opening_date": "1948-03-26", "date_updated": "2016-03-30 07:25:15", "link": {"type": "article", "url": "http://www.nytimes.com/movie/review?res=990CE1DD123EE03BBC4850DFB5668383659EDE", "suggested_link_text": "Read the New York Times Review of Confessions of a Rogue"}, "multimedia": null}, {"display_title": "All My Sons", "mpaa_rating": "", "critics_pick": 0, "byline": "BOSLEY CROWTHER", "headline": "All my Sons", "summary_short": "Sensible version of Miller drama of family tensions. Good cast, especially Robinson.", "publication_date": "1948-03-29", "opening_date": "1948-04-01", "date_updated": "2016-03-30 06:56:49", "link": {"type": "article", "url": "http://www.nytimes.com/movie/review?res=9B03E4DB143EE53ABC4151DFB5668383659EDE", "suggested_link_text": "Read the New York Times Review of All My Sons"}, "multimedia": null}, {"display_title": "Bill & Coo", "mpaa_rating": "", "critics_pick": 0, "byline": "Thomas M. Pryor", "headline": "Bill and Coo", "summary_short": "", "publication_date": "1948-03-29", "opening_date": "1948-03-28", "date_updated": "2016-03-30 06:54:41", "link": {"type": "article", "url": "http://www.nytimes.com/movie/review?res=9C02E4DB143EE53ABC4151DFB5668383659EDE", "suggested_link_text": "Read the New York Times Review of Bill & Coo"}, "multimedia": null}, {"display_title": "April Showers", "mpaa_rating": "", "critics_pick": 0, "byline": "BOSLEY CROWTHER", "headline": "April Showers", "summary_short": "Vaudevillians. Routine.", "publication_date": "1948-03-27", "opening_date": "1948-03-27", "date_updated": "2016-03-30 07:07:35", "link": {"type": "article", "url": "http://www.nytimes.com/movie/review?res=9C01E7DB1F3FE03ABC4F51DFB5668383659EDE", "suggested_link_text": "Read the New York Times Review of April Showers"}, "multimedia": null}, {"display_title": "B.F.'s Daughter", "mpaa_rating": "", "critics_pick": 0, "byline": "BOSLEY CROWTHER", "headline": "B F's Daughter", "summary_short": "Rich girl marries professor. Handsome trimmings but predictable romance.", "publication_date": "1948-03-25", "opening_date": "1948-04-02", "date_updated": "2016-03-30 06:50:35", "link": {"type": "article", "url": "http://www.nytimes.com/movie/review?res=9D07E6DD1230E23ABC4D51DFB5668383659EDE", "suggested_link_text": "Read the New York Times Review of B.F.'s Daughter"}, "multimedia": null}, {"display_title": "The Search", "mpaa_rating": "", "critics_pick": 1, "byline": "Bosley Crowther", "headline": "THE SEARCH (MOVIE)", "summary_short": "G.I. befriends displaced waif. Clift's film debut, and he was never better.", "publication_date": "1948-03-24", "opening_date": "1948-03-26", "date_updated": "2016-03-30 06:51:44", "link": {"type": "article", "url": "http://www.nytimes.com/movie/review?res=EE05E7DF173FE770BC4C51DFB5668383659EDE", "suggested_link_text": "Read the New York Times Review of The Search"}, "multimedia": null}, {"display_title": "Adventures of Casanova", "mpaa_rating": "", "critics_pick": 0, "byline": "A.W.", "headline": "Adventures of Casanova", "summary_short": "Anyway, dressy.", "publication_date": "1948-03-22", "opening_date": "1948-02-07", "date_updated": "2016-03-30 06:56:27", "link": {"type": "article", "url": "http://www.nytimes.com/movie/review?res=9A0CE2DA153BE33BBC4A51DFB5668383659EDE", "suggested_link_text": "Read the New York Times Review of Adventures of Casanova"}, "multimedia": null}, {"display_title": "The Miracle of the Bells", "mpaa_rating": "", "critics_pick": 0, "byline": "BOSLEY CROWTHER", "headline": "Miracle of the Bells, The", "summary_short": "Film actress buried in hometown. Ding-dong ghastly.", "publication_date": "1948-03-17", "opening_date": "1948-03-27", "date_updated": "2016-03-30 06:49:38", "link": {"type": "article", "url": "http://www.nytimes.com/movie/review?res=9F07E1DA1F38E33BBC4F52DFB5668383659EDE", "suggested_link_text": "Read the New York Times Review of The Miracle of the Bells"}, "multimedia": null}, {"display_title": "Die Fledermaus", "mpaa_rating": "", "critics_pick": 0, "byline": "BOSLEY CROWTHER", "headline": "Fledermaus, Die", "summary_short": "", "publication_date": "1948-03-15", "opening_date": "1948-03-14", "date_updated": "2016-03-30 06:58:15", "link": {"type": "article", "url": "http://www.nytimes.com/movie/review?res=9C04E1DA153CE23BBC4D52DFB5668383659EDE", "suggested_link_text": "Read the New York Times Review of Die Fledermaus"}, "multimedia": null}, {"display_title": "The Mating of Millie", "mpaa_rating": "", "critics_pick": 0, "byline": "BOSLEY CROWTHER", "headline": "Mating of Millie, The", "summary_short": "Mildly appealing comedy-drama.", "publication_date": "1948-03-13", "opening_date": "1948-03-08", "date_updated": "2016-03-30 06:57:16", "link": {"type": "article", "url": "http://www.nytimes.com/movie/review?res=9B0CEEDE123EE03BBC4B52DFB5668383659EDE", "suggested_link_text": "Read the New York Times Review of The Mating of Millie"}, "multimedia": null}, {"display_title": "I Remember Mama", "mpaa_rating": "", "critics_pick": 1, "byline": "BOSLEY CROWTHER", "headline": "I Remember Mama", "summary_short": "Norwegian clan and loving mom in old San Francisco. Solid and sentimental, via Broadway.", "publication_date": "1948-03-12", "opening_date": "1948-03-17", "date_updated": "2016-03-30 07:30:36", "link": {"type": "article", "url": "http://www.nytimes.com/movie/review?res=9C06E3D9173FE23BBC4A52DFB5668383659EDE", "suggested_link_text": "Read the New York Times Review of I Remember Mama"}, "multimedia": null}, {"display_title": "Sitting Pretty", "mpaa_rating": "", "critics_pick": 1, "byline": "BOSLEY CROWTHER", "headline": "Sitting Pretty", "summary_short": "The original male babysitter. Bright and amusing.", "publication_date": "1948-03-11", "opening_date": "1948-04-01", "date_updated": "2016-03-30 07:25:28", "link": {"type": "article", "url": "http://www.nytimes.com/movie/review?res=950CE1DF143DE03ABC4952DFB5668383659EDE", "suggested_link_text": "Read the New York Times Review of Sitting Pretty"}, "multimedia": null}, {"display_title": "Naked City", "mpaa_rating": "", "critics_pick": 0, "byline": "BOSLEY CROWTHER", "headline": "Naked City, The", "summary_short": "Early, vivid backdrop use of New York almost disguises routine manhunt.", "publication_date": "1948-03-05", "opening_date": "1948-03-04", "date_updated": "2016-03-30 06:47:26", "link": {"type": "article", "url": "http://www.nytimes.com/movie/review?res=9C06E4DA143BE33BBC4D53DFB5668383659EDE", "suggested_link_text": "Read the New York Times Review of Naked City"}, "multimedia": null}, {"display_title": "Song of My Heart", "mpaa_rating": "", "critics_pick": 0, "byline": "T.M.P.", "headline": "Song of my Heart", "summary_short": "", "publication_date": "1948-03-05", "opening_date": "1948-01-31", "date_updated": "2016-03-30 06:49:30", "link": {"type": "article", "url": "http://www.nytimes.com/movie/review?res=9D06E4DA143BE33BBC4D53DFB5668383659EDE", "suggested_link_text": "Read the New York Times Review of Song of My Heart"}, "multimedia": null}, {"display_title": "The Sign of the Ram", "mpaa_rating": "", "critics_pick": 0, "byline": "BOSLEY CROWTHER", "headline": "Sign of the Ram, The", "summary_short": "", "publication_date": "1948-03-04", "opening_date": "1948-03-03", "date_updated": "2016-03-30 07:10:47", "link": {"type": "article", "url": "http://www.nytimes.com/movie/review?res=9D07E6D71E3CE03ABC4C53DFB5668383659EDE", "suggested_link_text": "Read the New York Times Review of The Sign of the Ram"}, "multimedia": null}, {"display_title": "Manifesto", "mpaa_rating": "R", "critics_pick": 0, "byline": "BOSLEY CROWTHER", "headline": "Passionnelle", "summary_short": "", "publication_date": "1948-03-01", "opening_date": "1989-01-27", "date_updated": "2016-03-30 07:22:10", "link": {"type": "article", "url": "http://www.nytimes.com/movie/review?res=9F0DE7DE123EE03BBC4953DFB5668383659EDE", "suggested_link_text": "Read the New York Times Review of Manifesto"}, "multimedia": null}, {"display_title": "Albuquerque", "mpaa_rating": "", "critics_pick": 0, "byline": "T.M.P.", "headline": "Albuquerque", "summary_short": "", "publication_date": "1948-03-01", "opening_date": "1948-02-20", "date_updated": "2016-03-30 07:25:09", "link": {"type": "article", "url": "http://www.nytimes.com/movie/review?res=980DE7DE123EE03BBC4953DFB5668383659EDE", "suggested_link_text": "Read the New York Times Review of Albuquerque"}, "multimedia": null}, {"display_title": "Crime and Punishment", "mpaa_rating": "", "critics_pick": 0, "byline": "-- A.W.", "headline": "Crime and Punishment", "summary_short": "", "publication_date": "1948-03-01", "opening_date": "1948-02-28", "date_updated": "2016-03-30 07:10:50", "link": {"type": "article", "url": "http://www.nytimes.com/movie/review?res=990DE7DE123EE03BBC4953DFB5668383659EDE", "suggested_link_text": "Read the New York Times Review of Crime and Punishment"}, "multimedia": null}, {"display_title": "Farrebique", "mpaa_rating": "", "critics_pick": 0, "byline": "T. M. P.", "headline": "Farrebique", "summary_short": "", "publication_date": "1948-02-24", "opening_date": null, "date_updated": "2016-03-30 06:53:48", "link": {"type": "article", "url": "http://www.nytimes.com/movie/review?res=9E0DE3DC123FE23ABC4C51DFB4668383659EDE", "suggested_link_text": "Read the New York Times Review of Farrebique"}, "multimedia": null}]}