{"status": "OK", "copyright": "Copyright (c) 2017 The New York Times Company. All Rights Reserved.", "has_more": true, "num_results": 20, "results": [{"display_title": "Condemned to Death", "mpaa_rating": "", "critics_pick": 0, "byline": "L.N.", "headline": "Condemned to Death", "summary_short": "", "publication_date": "1932-07-14", "opening_date": null, "date_updated": "2016-03-30 06:44:39", "link": {"type": "article", "url": "http://www.nytimes.com/movie/review?res=9B01E1D9113EE633A25757C1A9619C946394D6CF", "suggested_link_text": "Read the New York Times Review of Condemned to Death"}, "multimedia": null}, {"display_title": "Purpur und Waschblau", "mpaa_rating": "", "critics_pick": 0, "byline": "H.T.S.", "headline": "Purpur und Waschblau", "summary_short": "", "publication_date": "1932-07-11", "opening_date": null, "date_updated": "2016-03-30 06:44:40", "link": {"type": "article", "url": "http://www.nytimes.com/movie/review?res=9504E2DC1531E633A25752C1A9619C946394D6CF", "suggested_link_text": "Read the New York Times Review of Purpur und Waschblau"}, "multimedia": null}, {"display_title": "Miss Pinkerton", "mpaa_rating": "", "critics_pick": 0, "byline": "A.D.S.", "headline": "Miss Pinkerton", "summary_short": "Many people with means and motive confuse a murder investigation.", "publication_date": "1932-07-09", "opening_date": "1932-07-30", "date_updated": "2016-03-30 07:29:42", "link": {"type": "article", "url": "http://www.nytimes.com/movie/review?res=9807E6D61031E333A2575AC0A9619C946394D6CF", "suggested_link_text": "Read the New York Times Review of Miss Pinkerton"}, "multimedia": null}, {"display_title": "Million Dollar Legs", "mpaa_rating": "", "critics_pick": 0, "byline": "L.N.", "headline": "Million Dollar Legs", "summary_short": "Olympics entrants from mythical country. Hail, Klopstokia! Delightful old farce.", "publication_date": "1932-07-09", "opening_date": "1932-07-08", "date_updated": "2016-03-30 07:11:35", "link": {"type": "article", "url": "http://www.nytimes.com/movie/review?res=9D07E6D61031E333A2575AC0A9619C946394D6CF", "suggested_link_text": "Read the New York Times Review of Million Dollar Legs"}, "multimedia": null}, {"display_title": "Freaks", "mpaa_rating": "Not Rated", "critics_pick": 0, "byline": "L.N.", "headline": "Freaks", "summary_short": "Tod Browning's horror classic about sideshow intrigue.", "publication_date": "1932-07-09", "opening_date": "1932-02-20", "date_updated": "2016-03-30 07:11:28", "link": {"type": "article", "url": "http://www.nytimes.com/movie/review?res=9E07E6D61031E333A2575AC0A9619C946394D6CF", "suggested_link_text": "Read the New York Times Review of Freaks"}, "multimedia": null}, {"display_title": "Storm in a Water Glass", "mpaa_rating": "", "critics_pick": 0, "byline": "H.T.S.", "headline": "Blumenfrau von Lindenau, Die", "summary_short": "", "publication_date": "1932-07-08", "opening_date": null, "date_updated": "2016-03-30 06:45:06", "link": {"type": "article", "url": "http://www.nytimes.com/movie/review?res=9501E5DC1531E633A2575BC0A9619C946394D6CF", "suggested_link_text": "Read the New York Times Review of Storm in a Water Glass"}, "multimedia": null}, {"display_title": "Red Headed Woman", "mpaa_rating": "", "critics_pick": 0, "byline": "L.N.", "headline": "Red Headed Woman", "summary_short": "Predatory secretary on the make. Well-meshed pulp tale, good cast, magnetic Harlow.", "publication_date": "1932-07-01", "opening_date": "1932-06-25", "date_updated": "2016-03-30 07:28:14", "link": {"type": "article", "url": "http://www.nytimes.com/movie/review?res=9404E4DC113EE633A25752C0A9619C946394D6CF", "suggested_link_text": "Read the New York Times Review of Red Headed Woman"}, "multimedia": null}, {"display_title": "Aren't We All?", "mpaa_rating": "", "critics_pick": 0, "byline": "L.N.", "headline": "Aren't We All?", "summary_short": "", "publication_date": "1932-07-01", "opening_date": "1932-07-01", "date_updated": "2016-03-30 06:43:00", "link": {"type": "article", "url": "http://www.nytimes.com/movie/review?res=9B04E4DC113EE633A25752C0A9619C946394D6CF", "suggested_link_text": "Read the New York Times Review of Aren't We All?"}, "multimedia": null}, {"display_title": "Dangers of the Arctic", "mpaa_rating": "", "critics_pick": 0, "byline": "M.H.", "headline": "Dangers of the Arctic", "summary_short": "", "publication_date": "1932-06-30", "opening_date": "1932-07-02", "date_updated": "2016-03-30 06:42:34", "link": {"type": "article", "url": "http://www.nytimes.com/movie/review?res=9904E1DE1531E633A25753C3A9609C946394D6CF", "suggested_link_text": "Read the New York Times Review of Dangers of the Arctic"}, "multimedia": null}, {"display_title": "Mystery Ranch", "mpaa_rating": "", "critics_pick": 0, "byline": "MORDAUNT HALL.", "headline": "Mystery Ranch", "summary_short": "", "publication_date": "1932-06-30", "opening_date": "1932-07-01", "date_updated": "2016-03-30 07:19:46", "link": {"type": "article", "url": "http://www.nytimes.com/movie/review?res=9D04E1DE1531E633A25753C3A9609C946394D6CF", "suggested_link_text": "Read the New York Times Review of Mystery Ranch"}, "multimedia": null}, {"display_title": "The Office Girl", "mpaa_rating": "", "critics_pick": 0, "byline": "MORDAUNT HALL.", "headline": "Office Girl", "summary_short": "", "publication_date": "1932-06-27", "opening_date": null, "date_updated": "2016-03-30 06:56:18", "link": {"type": "article", "url": "http://www.nytimes.com/movie/review?res=9803EFDE113EE633A25754C2A9609C946394D6CF", "suggested_link_text": "Read the New York Times Review of The Office Girl"}, "multimedia": null}, {"display_title": "Der Herr Finanzdirektor", "mpaa_rating": "", "critics_pick": 0, "byline": "H.T.S.", "headline": "Herr Finanzdirektor, Der", "summary_short": "", "publication_date": "1932-06-25", "opening_date": "1932-06-24", "date_updated": "2016-03-30 06:49:40", "link": {"type": "article", "url": "http://www.nytimes.com/movie/review?res=9F0DE4D6103EE633A25756C2A9609C946394D6CF", "suggested_link_text": "Read the New York Times Review of Der Herr Finanzdirektor"}, "multimedia": null}, {"display_title": "The Man from Yesterday", "mpaa_rating": "", "critics_pick": 0, "byline": "M.H.", "headline": "Man From Yesterday, The", "summary_short": "", "publication_date": "1932-06-25", "opening_date": "1932-06-24", "date_updated": "2016-03-30 06:57:20", "link": {"type": "article", "url": "http://www.nytimes.com/movie/review?res=9E0DE4D6103EE633A25756C2A9609C946394D6CF", "suggested_link_text": "Read the New York Times Review of The Man from Yesterday"}, "multimedia": null}, {"display_title": "Bachelor's Affairs", "mpaa_rating": "", "critics_pick": 0, "byline": "MORDAUNT HALL", "headline": "Bachelor's Affairs", "summary_short": "", "publication_date": "1932-06-25", "opening_date": "1932-06-26", "date_updated": "2016-03-30 07:21:57", "link": {"type": "article", "url": "http://www.nytimes.com/movie/review?res=9D0DE4D6103EE633A25756C2A9609C946394D6CF", "suggested_link_text": "Read the New York Times Review of Bachelor's Affairs"}, "multimedia": null}, {"display_title": "New Morals for Old", "mpaa_rating": "", "critics_pick": 0, "byline": "MORDAUNT HALL", "headline": "New Morals for Old", "summary_short": "Crisis in middle-class family.", "publication_date": "1932-06-24", "opening_date": "1932-06-04", "date_updated": "2016-03-30 07:28:19", "link": {"type": "article", "url": "http://www.nytimes.com/movie/review?res=9407E2DF1531E633A25757C2A9609C946394D6CF", "suggested_link_text": "Read the New York Times Review of New Morals for Old"}, "multimedia": null}, {"display_title": "Hurra - Ein Junge", "mpaa_rating": "", "critics_pick": 0, "byline": "H.T.S.", "headline": "Hurra! Ein Junge!", "summary_short": "", "publication_date": "1932-06-21", "opening_date": null, "date_updated": "2016-03-30 07:28:52", "link": {"type": "article", "url": "http://www.nytimes.com/movie/review?res=9F00E7D8103EE633A25752C2A9609C946394D6CF", "suggested_link_text": "Read the New York Times Review of Hurra - Ein Junge"}, "multimedia": null}, {"display_title": "Thunder Below", "mpaa_rating": "", "critics_pick": 0, "byline": "MORDAUNT HALL.", "headline": "Thunder Below", "summary_short": "", "publication_date": "1932-06-20", "opening_date": "1932-06-17", "date_updated": "2016-03-30 07:14:53", "link": {"type": "article", "url": "http://www.nytimes.com/movie/review?res=9E0DE7D9103EE633A25753C2A9609C946394D6CF", "suggested_link_text": "Read the New York Times Review of Thunder Below"}, "multimedia": null}, {"display_title": "Alte Burscherherlichkeit", "mpaa_rating": "", "critics_pick": 0, "byline": "H.T.S.", "headline": "O Alte Burschenherrlichkeit", "summary_short": "", "publication_date": "1932-06-18", "opening_date": null, "date_updated": "2016-03-30 06:51:28", "link": {"type": "article", "url": "http://www.nytimes.com/movie/review?res=9503E6DB103EE633A2575BC1A9609C946394D6CF", "suggested_link_text": "Read the New York Times Review of Alte Burscherherlichkeit"}, "multimedia": null}, {"display_title": "Bring 'Em Back Alive", "mpaa_rating": "", "critics_pick": 0, "byline": "MORDAUNT HALL.", "headline": "Bring 'Em Back Alive", "summary_short": "Vintage jungle animal documentary.", "publication_date": "1932-06-18", "opening_date": "1932-08-19", "date_updated": "2016-03-30 06:48:48", "link": {"type": "article", "url": "http://www.nytimes.com/movie/review?res=9A03E6DB103EE633A2575BC1A9609C946394D6CF", "suggested_link_text": "Read the New York Times Review of Bring 'Em Back Alive"}, "multimedia": null}, {"display_title": "Winner Take All", "mpaa_rating": "Not Rated", "critics_pick": 0, "byline": "M.H.", "headline": "Winner Take All", "summary_short": "Appealing old-fashioned yarn of young boxer. Kind they don't make any more, ditto the cast.", "publication_date": "1932-06-18", "opening_date": "1932-07-16", "date_updated": "2016-03-30 07:13:00", "link": {"type": "article", "url": "http://www.nytimes.com/movie/review?res=9B03E6DB103EE633A2575BC1A9609C946394D6CF", "suggested_link_text": "Read the New York Times Review of Winner Take All"}, "multimedia": null}]}