{"status": "OK", "copyright": "Copyright (c) 2017 The New York Times Company. All Rights Reserved.", "has_more": true, "num_results": 20, "results": [{"display_title": "Frisco Sal", "mpaa_rating": "", "critics_pick": 0, "byline": "BOSLEY CROWTHER", "headline": "Frisco Sal", "summary_short": "", "publication_date": "1945-02-17", "opening_date": "1945-02-23", "date_updated": "2016-03-30 06:43:31", "link": {"type": "article", "url": "http://www.nytimes.com/movie/review?res=9E07E7D9153FE532A05754C1A9649C946493D6CF", "suggested_link_text": "Read the New York Times Review of Frisco Sal"}, "multimedia": null}, {"display_title": "Guest in the House", "mpaa_rating": "", "critics_pick": 0, "byline": "BOSLEY CROWTHER", "headline": "Guest in the House", "summary_short": "A poisonous visitor, via Broadway. Bit transparent but well done, good characterizations.", "publication_date": "1945-02-16", "opening_date": "1944-12-08", "date_updated": "2016-03-30 06:56:20", "link": {"type": "article", "url": "http://www.nytimes.com/movie/review?res=9901EFD9143FE23BBC4E52DFB466838E659EDE", "suggested_link_text": "Read the New York Times Review of Guest in the House"}, "multimedia": null}, {"display_title": "The Princess and the Pirate", "mpaa_rating": "", "critics_pick": 0, "byline": "BOSLEY CROWTHER", "headline": "Princess and the Pirate, The", "summary_short": "Top Hope hop. One of his funniest and classiest.", "publication_date": "1945-02-10", "opening_date": null, "date_updated": "2016-03-30 07:05:10", "link": {"type": "article", "url": "http://www.nytimes.com/movie/review?res=9E0DE3D9173FE333A05753C1A9649C946493D6CF", "suggested_link_text": "Read the New York Times Review of The Princess and the Pirate"}, "multimedia": null}, {"display_title": "Ministry of Fear", "mpaa_rating": "Not Rated", "critics_pick": 0, "byline": "BOSLEY CROWTHER", "headline": "Ministry of Fear", "summary_short": "Graham Greene's Nazi spies in London, via Fritz Lang. Nifty suspense.", "publication_date": "1945-02-08", "opening_date": "1944-10-16", "date_updated": "2016-03-30 07:10:38", "link": {"type": "article", "url": "http://www.nytimes.com/movie/review?res=9D06EED6173FE731A2575BC0A9649C946493D6CF", "suggested_link_text": "Read the New York Times Review of Ministry of Fear"}, "multimedia": null}, {"display_title": "The Three Caballeros", "mpaa_rating": "G", "critics_pick": 0, "byline": "BOSLEY CROWTHER", "headline": "Three Caballeros, The", "summary_short": "Best sequence: Jose Carioca and the great ``Brazil.''", "publication_date": "1945-02-05", "opening_date": "1945-02-22", "date_updated": "2016-03-30 07:10:49", "link": {"type": "article", "url": "http://www.nytimes.com/movie/review?res=9503E5DE1F38EE3BBC4D53DFB466838E659EDE", "suggested_link_text": "Read the New York Times Review of The Three Caballeros"}, "multimedia": null}, {"display_title": "Roughly Speaking", "mpaa_rating": "", "critics_pick": 0, "byline": "BOSLEY CROWTHER", "headline": "Roughly Speaking", "summary_short": "Divorcee with four children marries irresponsible charmer and has three more. Hearty, boisterous comedy-drama.", "publication_date": "1945-02-01", "opening_date": null, "date_updated": "2016-03-30 06:42:56", "link": {"type": "article", "url": "http://www.nytimes.com/movie/review?res=9A04E5DF1F38EE3BBC4953DFB466838E659EDE", "suggested_link_text": "Read the New York Times Review of Roughly Speaking"}, "multimedia": null}, {"display_title": "Main Street After Dark", "mpaa_rating": "", "critics_pick": 0, "byline": "BOSLEY CROWTHER", "headline": "Main Street After Dark", "summary_short": "A pickpocket family, no less, and not bad, though should have been better. Good cast.", "publication_date": "1945-01-13", "opening_date": null, "date_updated": "2016-03-30 07:14:49", "link": {"type": "article", "url": "http://www.nytimes.com/movie/review?res=9402EFD7173FE731A25750C1A9679C946493D6CF", "suggested_link_text": "Read the New York Times Review of Main Street After Dark"}, "multimedia": null}, {"display_title": "Mr. Emmanuel", "mpaa_rating": "", "critics_pick": 0, "byline": "BOSLEY CROWTHER", "headline": "Mr Emmanuel", "summary_short": "Strong, moving drama of Nazi Germany search.", "publication_date": "1945-01-08", "opening_date": null, "date_updated": "2016-03-30 06:55:03", "link": {"type": "article", "url": "http://www.nytimes.com/movie/review?res=9A04EED91138EE3BBC4053DFB766838E659EDE", "suggested_link_text": "Read the New York Times Review of Mr. Emmanuel"}, "multimedia": null}, {"display_title": "The Keys of the Kingdom", "mpaa_rating": "", "critics_pick": 0, "byline": "BOSLEY CROWTHER", "headline": "Keys of the Kingdom, The", "summary_short": "Pious and plodding.", "publication_date": "1944-12-30", "opening_date": "1944-12-15", "date_updated": "2016-03-30 06:43:38", "link": {"type": "article", "url": "http://www.nytimes.com/movie/review?res=9E03E7DD1F31E03BBC4850DFB467838F659EDE", "suggested_link_text": "Read the New York Times Review of The Keys of the Kingdom"}, "multimedia": null}, {"display_title": "Here Come the Waves", "mpaa_rating": "", "critics_pick": 0, "byline": "BOSLEY CROWTHER", "headline": "Here Come the Waves", "summary_short": "Pleasant and melodic, good batch of tunes. Our pet: ``Let's Take the Long Way Home.''", "publication_date": "1944-12-28", "opening_date": "1944-12-18", "date_updated": "2016-03-30 07:12:39", "link": {"type": "article", "url": "http://www.nytimes.com/movie/review?res=9500E2D91739E23BBC4051DFB467838F659EDE", "suggested_link_text": "Read the New York Times Review of Here Come the Waves"}, "multimedia": null}, {"display_title": "Fighting Lady", "mpaa_rating": "", "critics_pick": 0, "byline": "Special to THE NEW YORK TIMES.", "headline": "Fighting Lady, The", "summary_short": "", "publication_date": "1944-12-28", "opening_date": null, "date_updated": "2016-03-30 07:29:33", "link": {"type": "article", "url": "http://www.nytimes.com/movie/review?res=9C05E5D91739E23BBC4051DFB467838F659EDE", "suggested_link_text": "Read the New York Times Review of Fighting Lady"}, "multimedia": null}, {"display_title": "Can't Help Singing", "mpaa_rating": "", "critics_pick": 0, "byline": "BOSLEY CROWTHER", "headline": "Can't Help Singing", "summary_short": "Frontier frills for maturing Deanna, and some nice Kern songs. Best: ``Any Moment Now.''", "publication_date": "1944-12-26", "opening_date": "1944-12-29", "date_updated": "2016-03-30 07:21:36", "link": {"type": "article", "url": "http://www.nytimes.com/movie/review?res=950CE5DF173FEE3BBC4E51DFB467838F659EDE", "suggested_link_text": "Read the New York Times Review of Can't Help Singing"}, "multimedia": null}, {"display_title": "Lake Placid Serenade", "mpaa_rating": "", "critics_pick": 0, "byline": "A.W.", "headline": "Lake Placid Serenade", "summary_short": "", "publication_date": "1944-12-25", "opening_date": "1944-12-23", "date_updated": "2016-03-30 07:22:20", "link": {"type": "article", "url": "http://www.nytimes.com/movie/review?res=9B02E2DA1739E23BBC4D51DFB467838F659EDE", "suggested_link_text": "Read the New York Times Review of Lake Placid Serenade"}, "multimedia": null}, {"display_title": "Tomorrow the World", "mpaa_rating": "", "critics_pick": 0, "byline": "T.M.P.", "headline": "Tomorrow the World", "summary_short": "American professor, Jewish bride and orphaned nephew, a loyal member of Hitler Youth.", "publication_date": "1944-12-22", "opening_date": "1944-12-29", "date_updated": "2016-03-30 06:55:47", "link": {"type": "article", "url": "http://www.nytimes.com/movie/review?res=9A06E6D6113DE13BBC4A51DFB467838F659EDE", "suggested_link_text": "Read the New York Times Review of Tomorrow the World"}, "multimedia": null}, {"display_title": "Music for Millions", "mpaa_rating": "", "critics_pick": 0, "byline": "BOSLEY CROWTHER", "headline": "Music for Millions", "summary_short": "Medium Metro tune-up-time. Jim supplies some bounce.", "publication_date": "1944-12-22", "opening_date": "1944-12-18", "date_updated": "2016-03-30 07:06:08", "link": {"type": "article", "url": "http://www.nytimes.com/movie/review?res=9906E6D6113DE13BBC4A51DFB467838F659EDE", "suggested_link_text": "Read the New York Times Review of Music for Millions"}, "multimedia": null}, {"display_title": "Winged Victory", "mpaa_rating": "", "critics_pick": 0, "byline": "BOSLEY CROWTHER", "headline": "Winged Victory", "summary_short": "", "publication_date": "1944-12-21", "opening_date": "1944-12-22", "date_updated": "2016-03-30 06:49:06", "link": {"type": "article", "url": "http://www.nytimes.com/movie/review?res=9A02E7DE1F31E03BBC4951DFB467838F659EDE", "suggested_link_text": "Read the New York Times Review of Winged Victory"}, "multimedia": null}, {"display_title": "Three is a Family", "mpaa_rating": "", "critics_pick": 0, "byline": "BOSLEY CROWTHER", "headline": "3 Is a Family", "summary_short": "", "publication_date": "1944-12-20", "opening_date": "1944-11-23", "date_updated": "2016-03-30 06:54:26", "link": {"type": "article", "url": "http://www.nytimes.com/movie/review?res=9A00E1DF1F31E03BBC4851DFB467838F659EDE", "suggested_link_text": "Read the New York Times Review of Three is a Family"}, "multimedia": null}, {"display_title": "House of Frankenstein", "mpaa_rating": "", "critics_pick": 0, "byline": "A.W.", "headline": "House of Frankenstein", "summary_short": "Evil scientist meets other monsters. Entirely too many visitors, including Drac and Wolfie.", "publication_date": "1944-12-16", "opening_date": "1944-12-01", "date_updated": "2016-03-30 07:15:36", "link": {"type": "article", "url": "http://www.nytimes.com/movie/review?res=980DE2D71F3BE433A25755C1A9649D946593D6CF", "suggested_link_text": "Read the New York Times Review of House of Frankenstein"}, "multimedia": null}, {"display_title": "Hollywood Canteen", "mpaa_rating": "", "critics_pick": 0, "byline": "BOSLEY CROWTHER", "headline": "Hollywood Canteen", "summary_short": "Mostly wartime Warner-roster milling, with silly story peg. Best for glimpses of stars in dishier days.", "publication_date": "1944-12-16", "opening_date": "1944-12-31", "date_updated": "2016-03-30 07:05:16", "link": {"type": "article", "url": "http://www.nytimes.com/movie/review?res=9E0DE2D71F3BE433A25755C1A9649D946593D6CF", "suggested_link_text": "Read the New York Times Review of Hollywood Canteen"}, "multimedia": null}, {"display_title": "National Velvet", "mpaa_rating": "G", "critics_pick": 1, "byline": "BOSLEY CROWTHER", "headline": "National Velvet", "summary_short": "Charming family diversion, with a climactic horse race to end them all. Anne won supporting Oscar.", "publication_date": "1944-12-15", "opening_date": "1945-01-26", "date_updated": "2016-03-30 07:16:20", "link": {"type": "article", "url": "http://www.nytimes.com/movie/review?res=9D02E0D61E31E03BBC4D52DFB467838F659EDE", "suggested_link_text": "Read the New York Times Review of National Velvet"}, "multimedia": null}]}