{"status": "OK", "copyright": "Copyright (c) 2017 The New York Times Company. All Rights Reserved.", "has_more": true, "num_results": 20, "results": [{"display_title": "The Demi-Paradise", "mpaa_rating": "", "critics_pick": 0, "byline": "BOSLEY CROWTHER", "headline": "Adventure for Two", "summary_short": "Russian inventor falls for English girl in 1939 London.", "publication_date": "1945-12-14", "opening_date": null, "date_updated": "2016-03-30 06:53:44", "link": {"type": "article", "url": "http://www.nytimes.com/movie/review?res=9505EFDC1539E23ABC4C52DFB467838E659EDE", "suggested_link_text": "Read the New York Times Review of The Demi-Paradise"}, "multimedia": null}, {"display_title": "Appointment in Tokyo", "mpaa_rating": "", "critics_pick": 0, "byline": "BOSLEY CROWTHER", "headline": "Appointment in Tokyo", "summary_short": "", "publication_date": "1945-12-08", "opening_date": null, "date_updated": "2016-03-30 06:42:35", "link": {"type": "article", "url": "http://www.nytimes.com/movie/review?res=9407E4D8163FE533A2575BC0A9649D946493D6CF", "suggested_link_text": "Read the New York Times Review of Appointment in Tokyo"}, "multimedia": null}, {"display_title": "The Lost Weekend", "mpaa_rating": "Not Rated", "critics_pick": 1, "byline": "BOSLEY CROWTHER", "headline": "Lost Weekend, The", "summary_short": "Alcoholic binge. Milland's peak and four Oscars, including best film.", "publication_date": "1945-12-03", "opening_date": "1945-11-16", "date_updated": "2016-03-30 06:45:32", "link": {"type": "article", "url": "http://www.nytimes.com/movie/review?res=9402E6DA163FE533A25750C0A9649D946493D6CF", "suggested_link_text": "Read the New York Times Review of The Lost Weekend"}, "multimedia": null}, {"display_title": "The Man in Gray", "mpaa_rating": "", "critics_pick": 0, "byline": "BOSLEY CROWTHER", "headline": "Man in Grey, The", "summary_short": "Swashes and buckles. Dated and dead as a dodo.", "publication_date": "1945-11-30", "opening_date": "1946-03-13", "date_updated": "2016-03-30 07:11:43", "link": {"type": "article", "url": "http://www.nytimes.com/movie/review?res=940DEEDF143AEE3BBC4850DFB767838E659EDE", "suggested_link_text": "Read the New York Times Review of The Man in Gray"}, "multimedia": null}, {"display_title": "Masquerade in Mexico", "mpaa_rating": "", "critics_pick": 0, "byline": "BOSLEY CROWTHER", "headline": "Masquerade in Mexico", "summary_short": "Medium.", "publication_date": "1945-11-29", "opening_date": "1945-12-03", "date_updated": "2016-03-30 06:58:20", "link": {"type": "article", "url": "http://www.nytimes.com/movie/review?res=9401E7DF143AEE3BBC4151DFB767838E659EDE", "suggested_link_text": "Read the New York Times Review of Masquerade in Mexico"}, "multimedia": null}, {"display_title": "The Last Chance", "mpaa_rating": "", "critics_pick": 0, "byline": "BOSLEY CROWTHER", "headline": "Last Chance, The", "summary_short": "", "publication_date": "1945-11-28", "opening_date": null, "date_updated": "2016-03-30 07:25:12", "link": {"type": "article", "url": "http://www.nytimes.com/movie/review?res=9801E7D61438E133A2575BC2A9679D946493D6CF", "suggested_link_text": "Read the New York Times Review of The Last Chance"}, "multimedia": null}, {"display_title": "Bud Abbott and Lou Costello in Hollywood", "mpaa_rating": "", "critics_pick": 0, "byline": "BOSLEY CROWTHER", "headline": "Abbott and Costello in Hollywood", "summary_short": "Movie-studio stuff. In spades. Make that shovels.", "publication_date": "1945-11-23", "opening_date": "1945-10-05", "date_updated": "2016-03-30 06:48:52", "link": {"type": "article", "url": "http://www.nytimes.com/movie/review?res=9501E7D9173AEE3BBC4B51DFB767838E659EDE", "suggested_link_text": "Read the New York Times Review of Bud Abbott and Lou Costello in Hollywood"}, "multimedia": null}, {"display_title": "Allotment Wives, Inc.", "mpaa_rating": "", "critics_pick": 0, "byline": "BOSLEY CROWTHER", "headline": "Allotment Wives", "summary_short": "", "publication_date": "1945-11-22", "opening_date": "1945-11-08", "date_updated": "2016-03-30 06:55:25", "link": {"type": "article", "url": "http://www.nytimes.com/movie/review?res=9D07E1DB163FE533A25751C2A9679D946493D6CF", "suggested_link_text": "Read the New York Times Review of Allotment Wives, Inc."}, "multimedia": null}, {"display_title": "Man Alive", "mpaa_rating": "", "critics_pick": 0, "byline": "BOSLEY CROWTHER", "headline": "Man Alive", "summary_short": "Reasonably amusing marital romp, game cast.", "publication_date": "1945-11-17", "opening_date": null, "date_updated": "2016-03-30 06:58:13", "link": {"type": "article", "url": "http://www.nytimes.com/movie/review?res=9B0CEEDD173AEE3BBC4F52DFB767838E659EDE", "suggested_link_text": "Read the New York Times Review of Man Alive"}, "multimedia": null}, {"display_title": "The Way to the Stars", "mpaa_rating": "", "critics_pick": 0, "byline": "BOSLEY CROWTHER", "headline": "Johnny in the clouds", "summary_short": "Allied fliers and English locals at airfield hotel. Well done indeed.", "publication_date": "1945-11-16", "opening_date": null, "date_updated": "2016-03-30 06:52:58", "link": {"type": "article", "url": "http://www.nytimes.com/movie/review?res=9D03EEDC163FE533A25755C1A9679D946493D6CF", "suggested_link_text": "Read the New York Times Review of The Way to the Stars"}, "multimedia": null}, {"display_title": "The Dolly Sisters", "mpaa_rating": "", "critics_pick": 0, "byline": "BOSLEY CROWTHER", "headline": "Dolly Sisters, The", "summary_short": "Bouncy, tuneful, forgettable.", "publication_date": "1945-11-15", "opening_date": null, "date_updated": "2016-03-30 06:48:33", "link": {"type": "article", "url": "http://www.nytimes.com/movie/review?res=9E00E0D81531E333A05756C1A9679D946493D6CF", "suggested_link_text": "Read the New York Times Review of The Dolly Sisters"}, "multimedia": null}, {"display_title": "Marie-Louise", "mpaa_rating": "", "critics_pick": 0, "byline": "BOSLEY CROWTHER", "headline": "Marie-Louise", "summary_short": "", "publication_date": "1945-11-13", "opening_date": "1945-11-12", "date_updated": "2016-03-30 06:55:53", "link": {"type": "article", "url": "http://www.nytimes.com/movie/review?res=9E00E1D81631E333A05750C1A9679D946493D6CF", "suggested_link_text": "Read the New York Times Review of Marie-Louise"}, "multimedia": null}, {"display_title": "My Name Is Julia Ross", "mpaa_rating": "", "critics_pick": 0, "byline": "BOSLEY CROWTHER", "headline": "My Name is Julia Ross", "summary_short": "Duped secretary, murder scheme. Good plot, some suspense, middling results.", "publication_date": "1945-11-09", "opening_date": "1945-11-08", "date_updated": "2016-03-30 07:19:37", "link": {"type": "article", "url": "http://www.nytimes.com/movie/review?res=9801E6D91639E53ABC4153DFB767838E659EDE", "suggested_link_text": "Read the New York Times Review of My Name Is Julia Ross"}, "multimedia": null}, {"display_title": "Hold That Blonde", "mpaa_rating": "", "critics_pick": 0, "byline": "BOSLEY CROWTHER", "headline": "Hold That Blonde", "summary_short": "Let 'er go.", "publication_date": "1945-11-08", "opening_date": "1945-11-23", "date_updated": "2016-03-30 07:09:29", "link": {"type": "article", "url": "http://www.nytimes.com/movie/review?res=9E02E6DD163FE533A2575BC0A9679D946493D6CF", "suggested_link_text": "Read the New York Times Review of Hold That Blonde"}, "multimedia": null}, {"display_title": "The Spanish Main", "mpaa_rating": "", "critics_pick": 0, "byline": "BOSLEY CROWTHER", "headline": "Spanish Main, The", "summary_short": "Ripe, splashy swashbuckler. Good of this kind.", "publication_date": "1945-11-07", "opening_date": "1945-10-01", "date_updated": "2016-03-30 07:23:15", "link": {"type": "article", "url": "http://www.nytimes.com/movie/review?res=990CE5DE173AEE3BBC4F53DFB767838E659EDE", "suggested_link_text": "Read the New York Times Review of The Spanish Main"}, "multimedia": null}, {"display_title": "Confidential Agent", "mpaa_rating": "", "critics_pick": 0, "byline": "BOSLEY CROWTHER", "headline": "Confidential Agent", "summary_short": "Graham Greene's Spanish Civil War partisans in London. Steady suspense, top Boyer, tentative Bacall.", "publication_date": "1945-11-03", "opening_date": "1945-11-10", "date_updated": "2016-03-30 07:30:08", "link": {"type": "article", "url": "http://www.nytimes.com/movie/review?res=9E06E3D8123AEF33A25750C0A9679D946493D6CF", "suggested_link_text": "Read the New York Times Review of Confidential Agent"}, "multimedia": null}, {"display_title": "Spellbound", "mpaa_rating": "Not Rated", "critics_pick": 1, "byline": "BY BOSLEY CROWTHER", "headline": "Spellbound", "summary_short": "Psychiatrist and her patient. Dreamy suspense via Hitchcock, Freud and Dali.", "publication_date": "1945-11-02", "opening_date": "1945-12-28", "date_updated": "2016-03-30 06:51:42", "link": {"type": "article", "url": "http://www.nytimes.com/movie/review?res=9C02EFD7163AEE3BBC4A53DFB767838E659EDE", "suggested_link_text": "Read the New York Times Review of Spellbound"}, "multimedia": null}, {"display_title": "And Then There Were None", "mpaa_rating": "", "critics_pick": 0, "byline": "BOSLEY CROWTHER", "headline": "And Then There Were None", "summary_short": "Christie's island whodunit. Deft and witty.", "publication_date": "1945-11-01", "opening_date": "1945-10-31", "date_updated": "2016-03-30 07:10:38", "link": {"type": "article", "url": "http://www.nytimes.com/movie/review?res=9F02EFD8163AEE3BBC4953DFB767838E659EDE", "suggested_link_text": "Read the New York Times Review of And Then There Were None"}, "multimedia": null}, {"display_title": "Kiss and Tell", "mpaa_rating": "", "critics_pick": 0, "byline": "BOSLEY CROWTHER", "headline": "Kiss and Tell", "summary_short": "", "publication_date": "1945-10-26", "opening_date": "1945-10-04", "date_updated": "2016-03-30 07:27:08", "link": {"type": "article", "url": "http://www.nytimes.com/movie/review?res=940DE6D8163AEE3BBC4E51DFB667838E659EDE", "suggested_link_text": "Read the New York Times Review of Kiss and Tell"}, "multimedia": null}, {"display_title": "Paris Underground", "mpaa_rating": "", "critics_pick": 0, "byline": "BOSLEY CROWTHER", "headline": "Paris Underground", "summary_short": "The Nazi Occupation. Medium but Gracie grand as brave, frightened spinster.", "publication_date": "1945-10-20", "opening_date": "1945-10-19", "date_updated": "2016-03-30 07:21:41", "link": {"type": "article", "url": "http://www.nytimes.com/movie/review?res=9801EFD81439E23ABC4851DFB667838E659EDE", "suggested_link_text": "Read the New York Times Review of Paris Underground"}, "multimedia": null}]}