{"status": "OK", "copyright": "Copyright (c) 2017 The New York Times Company. All Rights Reserved.", "has_more": true, "num_results": 20, "results": [{"display_title": "Taxi!", "mpaa_rating": "", "critics_pick": 0, "byline": "MORDAUNT HALL.", "headline": "Taxi", "summary_short": "Competing cabbies. Fast and juicy. Jimmy in the groove.", "publication_date": "1932-01-08", "opening_date": "1932-01-23", "date_updated": "2016-03-30 07:22:53", "link": {"type": "article", "url": "http://www.nytimes.com/movie/review?res=9801EFDA103EE333A2575BC0A9679C946394D6CF", "suggested_link_text": "Read the New York Times Review of Taxi!"}, "multimedia": null}, {"display_title": "Secrets of the Orient", "mpaa_rating": "", "critics_pick": 0, "byline": "MORDAUNT HALL.", "headline": "Secrets of the Orient", "summary_short": "", "publication_date": "1932-01-04", "opening_date": null, "date_updated": "2016-03-30 06:44:13", "link": {"type": "article", "url": "http://www.nytimes.com/movie/review?res=9B02E3DB103EE333A25757C0A9679C946394D6CF", "suggested_link_text": "Read the New York Times Review of Secrets of the Orient"}, "multimedia": null}, {"display_title": "Dr. Jekyll and Mr. Hyde", "mpaa_rating": "", "critics_pick": 1, "byline": "Mordaunt Hall", "headline": "DR. JEKYLL AND MR. HYDE (MOVIE)", "summary_short": "Nice-guy doctor takes potion. Vivid, gripping, sexy. Fred's Oscar, super Miriam.", "publication_date": "1932-01-02", "opening_date": "1932-01-03", "date_updated": "2016-03-30 06:57:43", "link": {"type": "article", "url": "http://www.nytimes.com/movie/review?res=EE05E7DF173AE367BC4A53DFB7668389629EDE", "suggested_link_text": "Read the New York Times Review of Dr. Jekyll and Mr. Hyde"}, "multimedia": null}, {"display_title": "The Big Shot", "mpaa_rating": "", "critics_pick": 0, "byline": "MORDAUNT HALL", "headline": "Big Shot, The", "summary_short": "Hotel clerk's swampland hides a sulfur spring.", "publication_date": "1932-01-02", "opening_date": "1931-12-31", "date_updated": "2016-03-30 06:47:49", "link": {"type": "article", "url": "http://www.nytimes.com/movie/review?res=9F00E6DD1E3FE633A25751C0A9679C946394D6CF", "suggested_link_text": "Read the New York Times Review of The Big Shot"}, "multimedia": null}, {"display_title": "Fair People", "mpaa_rating": "", "critics_pick": 0, "byline": "H.T.S.", "headline": "Die vom Rummelplatz", "summary_short": "", "publication_date": "1932-01-02", "opening_date": null, "date_updated": "2016-03-30 06:42:28", "link": {"type": "article", "url": "http://www.nytimes.com/movie/review?res=9801E6DD1E3FE633A25751C0A9679C946394D6CF", "suggested_link_text": "Read the New York Times Review of Fair People"}, "multimedia": null}, {"display_title": "Mata Hari", "mpaa_rating": "", "critics_pick": 0, "byline": "MORDAUNT HALL.", "headline": "Mata Hari", "summary_short": "Great Greta and a reasonable drama of the spy legend. Very worthwhile.", "publication_date": "1932-01-01", "opening_date": "1931-12-26", "date_updated": "2016-03-30 07:09:30", "link": {"type": "article", "url": "http://www.nytimes.com/movie/review?res=9F07EFDC103EE333A25752C0A9679C946394D6CF", "suggested_link_text": "Read the New York Times Review of Mata Hari"}, "multimedia": null}, {"display_title": "Der Kleine Seitensprung", "mpaa_rating": "", "critics_pick": 0, "byline": "H.T.S.", "headline": "Kleine Seitensprung, Der", "summary_short": "", "publication_date": "1932-01-01", "opening_date": "1931-12-31", "date_updated": "2016-03-30 06:55:08", "link": {"type": "article", "url": "http://www.nytimes.com/movie/review?res=9907EFDC103EE333A25752C0A9679C946394D6CF", "suggested_link_text": "Read the New York Times Review of Der Kleine Seitensprung"}, "multimedia": null}, {"display_title": "Ladies of the Big House", "mpaa_rating": "", "critics_pick": 0, "byline": "A.D.S.", "headline": "Ladies of the Big House", "summary_short": "", "publication_date": "1932-01-01", "opening_date": "1931-12-26", "date_updated": "2016-03-30 06:42:06", "link": {"type": "article", "url": "http://www.nytimes.com/movie/review?res=9807EFDC103EE333A25752C0A9679C946394D6CF", "suggested_link_text": "Read the New York Times Review of Ladies of the Big House"}, "multimedia": null}, {"display_title": "Men of Chance", "mpaa_rating": "", "critics_pick": 0, "byline": "MORDAUNT HALL.", "headline": "Men of Chance", "summary_short": "Two gamblers involve woman in racetrack scheme.", "publication_date": "1931-12-28", "opening_date": "1932-01-08", "date_updated": "2016-03-30 06:55:10", "link": {"type": "article", "url": "http://www.nytimes.com/movie/review?res=9B02E5DB1430E03ABC4051DFB467838A629EDE", "suggested_link_text": "Read the New York Times Review of Men of Chance"}, "multimedia": null}, {"display_title": "Delicious", "mpaa_rating": "", "critics_pick": 0, "byline": "MORDAUNT HALL.", "headline": "Delicious", "summary_short": "Sticky old romantic comedy with earful of early Gershwin.", "publication_date": "1931-12-26", "opening_date": "1931-12-27", "date_updated": "2016-03-30 07:21:46", "link": {"type": "article", "url": "http://www.nytimes.com/movie/review?res=9905E3DE133AEE3ABC4E51DFB467838A629EDE", "suggested_link_text": "Read the New York Times Review of Delicious"}, "multimedia": null}, {"display_title": "Husband's Holiday", "mpaa_rating": "", "critics_pick": 0, "byline": "MORDAUNT HALL.", "headline": "Husband's Holiday", "summary_short": "", "publication_date": "1931-12-25", "opening_date": "1931-12-19", "date_updated": "2016-03-30 06:48:27", "link": {"type": "article", "url": "http://www.nytimes.com/movie/review?res=9A03EEDF133AEE3ABC4D51DFB467838A629EDE", "suggested_link_text": "Read the New York Times Review of Husband's Holiday"}, "multimedia": null}, {"display_title": "Hell Divers", "mpaa_rating": "", "critics_pick": 0, "byline": "MORDAUNT HALL.", "headline": "Hell Divers", "summary_short": "Vintage naval aviation drama. Don't stay up.", "publication_date": "1931-12-23", "opening_date": "1932-01-16", "date_updated": "2016-03-30 06:51:43", "link": {"type": "article", "url": "http://www.nytimes.com/movie/review?res=9906EFDC1F3CE533A25750C2A9649D946094D6CF", "suggested_link_text": "Read the New York Times Review of Hell Divers"}, "multimedia": null}, {"display_title": "Emil und die Detektive", "mpaa_rating": "", "critics_pick": 0, "byline": "MORDAUNT HALL.", "headline": "Emil und die Detektive", "summary_short": "", "publication_date": "1931-12-21", "opening_date": null, "date_updated": "2016-03-30 07:05:06", "link": {"type": "article", "url": "http://www.nytimes.com/movie/review?res=9A05E5DD1F39EE3ABC4951DFB467838A629EDE", "suggested_link_text": "Read the New York Times Review of Emil und die Detektive"}, "multimedia": null}, {"display_title": "Private Lives", "mpaa_rating": "", "critics_pick": 0, "byline": "MORDAUNT HALL.", "headline": "Private Lives", "summary_short": "Not Coward's sleek stage caviar but rakish and frisky just the same.", "publication_date": "1931-12-19", "opening_date": "1931-12-12", "date_updated": "2016-03-30 06:49:44", "link": {"type": "article", "url": "http://www.nytimes.com/movie/review?res=9E07E1DF153DEE32A2575AC1A9649D946094D6CF", "suggested_link_text": "Read the New York Times Review of Private Lives"}, "multimedia": null}, {"display_title": "Tonight or Never", "mpaa_rating": "", "critics_pick": 0, "byline": "MORDAUNT HALL.", "headline": "Tonight or Never", "summary_short": "", "publication_date": "1931-12-18", "opening_date": null, "date_updated": "2016-03-30 07:18:00", "link": {"type": "article", "url": "http://www.nytimes.com/movie/review?res=9F07E2DE1F39EE3ABC4052DFB467838A629EDE", "suggested_link_text": "Read the New York Times Review of Tonight or Never"}, "multimedia": null}, {"display_title": "La Douceur D'Aimer", "mpaa_rating": "", "critics_pick": 0, "byline": "MORDAUNT HALL.", "headline": "Douceur D'Aimer, La", "summary_short": "", "publication_date": "1931-12-14", "opening_date": null, "date_updated": "2016-03-30 06:46:07", "link": {"type": "article", "url": "http://www.nytimes.com/movie/review?res=9C04EFD71E39EE3ABC4C52DFB467838A629EDE", "suggested_link_text": "Read the New York Times Review of La Douceur D'Aimer"}, "multimedia": null}, {"display_title": "Elisabeth of Austria", "mpaa_rating": "", "critics_pick": 0, "byline": "MORDAUNT HALL.", "headline": "Elisabeth von Oesterreich", "summary_short": "", "publication_date": "1931-12-11", "opening_date": null, "date_updated": "2016-03-30 07:13:02", "link": {"type": "article", "url": "http://www.nytimes.com/movie/review?res=9807E5D81E39EE3ABC4952DFB467838A629EDE", "suggested_link_text": "Read the New York Times Review of Elisabeth of Austria"}, "multimedia": null}, {"display_title": "Arrowsmith", "mpaa_rating": "", "critics_pick": 0, "byline": "MORDAUNT HALL.", "headline": "Arrowsmith", "summary_short": "Purposeful, well played version of Sinclair Lewis story about a dedicated doctor.", "publication_date": "1931-12-08", "opening_date": "1931-12-26", "date_updated": "2016-03-30 06:45:02", "link": {"type": "article", "url": "http://www.nytimes.com/movie/review?res=9A04E2DA1E39EE3ABC4053DFB467838A629EDE", "suggested_link_text": "Read the New York Times Review of Arrowsmith"}, "multimedia": null}, {"display_title": "Tell England", "mpaa_rating": "", "critics_pick": 0, "byline": "MORDAUNT HALL.", "headline": "Battle of Gallipoli, The", "summary_short": "", "publication_date": "1931-12-07", "opening_date": null, "date_updated": "2016-03-30 07:14:04", "link": {"type": "article", "url": "http://www.nytimes.com/movie/review?res=9905E0DB1E39EE3ABC4F53DFB467838A629EDE", "suggested_link_text": "Read the New York Times Review of Tell England"}, "multimedia": null}, {"display_title": "Frankenstein", "mpaa_rating": "Not Rated", "critics_pick": 1, "byline": "MORDAUNT HALL.", "headline": "Frankenstein", "summary_short": "Highly artistic shocker. Made Karloff a star.", "publication_date": "1931-12-05", "opening_date": "1931-11-21", "date_updated": "2016-03-30 06:52:29", "link": {"type": "article", "url": "http://www.nytimes.com/movie/review?res=9901E5D6143DEE32A25756C0A9649D946094D6CF", "suggested_link_text": "Read the New York Times Review of Frankenstein"}, "multimedia": null}]}