{"status": "OK", "copyright": "Copyright (c) 2017 The New York Times Company. All Rights Reserved.", "has_more": true, "num_results": 20, "results": [{"display_title": "Men of Texas", "mpaa_rating": "", "critics_pick": 0, "byline": "BOSLEY CROWTHER", "headline": "Men of Texas", "summary_short": "", "publication_date": "1942-07-13", "opening_date": "1942-07-03", "date_updated": "2016-03-30 06:51:34", "link": {"type": "article", "url": "http://www.nytimes.com/movie/review?res=9B02EEDA103CE33BBC4B52DFB1668389659EDE", "suggested_link_text": "Read the New York Times Review of Men of Texas"}, "multimedia": null}, {"display_title": "Spy Ship", "mpaa_rating": "", "critics_pick": 0, "byline": "BOSLEY CROWTHER", "headline": "Spy Ship", "summary_short": "A newspaperman catches on to an heiress sending secret messages to Nazi submarines.", "publication_date": "1942-07-11", "opening_date": "1942-06-06", "date_updated": "2016-03-30 07:05:37", "link": {"type": "article", "url": "http://www.nytimes.com/movie/review?res=9D04E7DC103CE33BBC4952DFB1668389659EDE", "suggested_link_text": "Read the New York Times Review of Spy Ship"}, "multimedia": null}, {"display_title": "Lady Gangster", "mpaa_rating": "", "critics_pick": 0, "byline": "T.S.", "headline": "Lady Gangster", "summary_short": "Radio-station owner tries to reform small-town girl who has fallen in with mobsters.", "publication_date": "1942-07-10", "opening_date": "1942-04-01", "date_updated": "2016-03-30 07:14:14", "link": {"type": "article", "url": "http://www.nytimes.com/movie/review?res=9406E1DD103CE33BBC4852DFB1668389659EDE", "suggested_link_text": "Read the New York Times Review of Lady Gangster"}, "multimedia": null}, {"display_title": "I Married an Angel", "mpaa_rating": "", "critics_pick": 0, "byline": "BOSLEY CROWTHER", "headline": "I Married an Angel", "summary_short": "Glossy, flat-footed version of Broadway. Some of the charming Rodgers and Hart score survives.", "publication_date": "1942-07-10", "opening_date": "1942-07-09", "date_updated": "2016-03-30 06:41:50", "link": {"type": "article", "url": "http://www.nytimes.com/movie/review?res=9B06E1DD103CE33BBC4852DFB1668389659EDE", "suggested_link_text": "Read the New York Times Review of I Married an Angel"}, "multimedia": null}, {"display_title": "Are Husbands Necessary?", "mpaa_rating": "", "critics_pick": 0, "byline": "BOSLY CROWTHER", "headline": "Are Husbands Necessary?", "summary_short": "Not here, anyway.", "publication_date": "1942-07-09", "opening_date": "1942-06-15", "date_updated": "2016-03-30 06:55:19", "link": {"type": "article", "url": "http://www.nytimes.com/movie/review?res=9B01E5DD103CE33BBC4153DFB1668389659EDE", "suggested_link_text": "Read the New York Times Review of Are Husbands Necessary?"}, "multimedia": null}, {"display_title": "Pacific Rendezvous", "mpaa_rating": "", "critics_pick": 0, "byline": "BOSLEY CROWTHER", "headline": "Pacific Rendezvous", "summary_short": "A code expert with a flighty girlfriend sinks Axis spies for the Navy.", "publication_date": "1942-07-08", "opening_date": "1942-05-21", "date_updated": "2016-03-30 06:43:13", "link": {"type": "article", "url": "http://www.nytimes.com/movie/review?res=9405E6DD1239E33BBC4053DFB1668389659EDE", "suggested_link_text": "Read the New York Times Review of Pacific Rendezvous"}, "multimedia": null}, {"display_title": "Atlantic Convoy", "mpaa_rating": "", "critics_pick": 0, "byline": "T.S.", "headline": "Atlantic Convoy", "summary_short": "", "publication_date": "1942-07-06", "opening_date": "1942-07-02", "date_updated": "2016-03-30 07:29:30", "link": {"type": "article", "url": "http://www.nytimes.com/movie/review?res=9C00E0DE103CE33BBC4E53DFB1668389659EDE", "suggested_link_text": "Read the New York Times Review of Atlantic Convoy"}, "multimedia": null}, {"display_title": "This Is the Enemy", "mpaa_rating": "", "critics_pick": 0, "byline": "BOSLEY CROWTHER", "headline": "This Is the Enemy", "summary_short": "", "publication_date": "1942-07-04", "opening_date": "1942-07-03", "date_updated": "2016-03-30 07:15:25", "link": {"type": "article", "url": "http://www.nytimes.com/movie/review?res=9E04E6DF103CE33BBC4C53DFB1668389659EDE", "suggested_link_text": "Read the New York Times Review of This Is the Enemy"}, "multimedia": null}, {"display_title": "The Magnificent Dope", "mpaa_rating": "", "critics_pick": 0, "byline": "T.S.", "headline": "Magnificent Dope, The", "summary_short": "The old one about yokel besting city slickers, but quite amusing, still.", "publication_date": "1942-07-03", "opening_date": null, "date_updated": "2016-03-30 07:20:20", "link": {"type": "article", "url": "http://www.nytimes.com/movie/review?res=9502E0D6133CE33BBC4B53DFB1668389659EDE", "suggested_link_text": "Read the New York Times Review of The Magnificent Dope"}, "multimedia": null}, {"display_title": "It Happened in Flatbush", "mpaa_rating": "", "critics_pick": 0, "byline": "B.C.", "headline": "It Happened in Flatbush", "summary_short": "Fairly good comedy-drama, but dated.", "publication_date": "1942-07-03", "opening_date": "1942-05-28", "date_updated": "2016-03-30 07:11:58", "link": {"type": "article", "url": "http://www.nytimes.com/movie/review?res=9C0DE0D6133CE33BBC4B53DFB1668389659EDE", "suggested_link_text": "Read the New York Times Review of It Happened in Flatbush"}, "multimedia": null}, {"display_title": "Eagle Squadron", "mpaa_rating": "", "critics_pick": 0, "byline": "BOSLEY CROWTHER", "headline": "Eagle Squadron", "summary_short": "Okay, no more.", "publication_date": "1942-07-03", "opening_date": "1942-06-16", "date_updated": "2016-03-30 06:54:09", "link": {"type": "article", "url": "http://www.nytimes.com/movie/review?res=9402E0D6133CE33BBC4B53DFB1668389659EDE", "suggested_link_text": "Read the New York Times Review of Eagle Squadron"}, "multimedia": null}, {"display_title": "A Night in New Orleans", "mpaa_rating": "", "critics_pick": 0, "byline": "T.S.", "headline": "Night in New Orleans", "summary_short": "", "publication_date": "1942-07-02", "opening_date": null, "date_updated": "2016-03-30 07:26:32", "link": {"type": "article", "url": "http://www.nytimes.com/movie/review?res=980DE5D6133CE33BBC4A53DFB1668389659EDE", "suggested_link_text": "Read the New York Times Review of A Night in New Orleans"}, "multimedia": null}, {"display_title": "Jackass Mail", "mpaa_rating": "", "critics_pick": 0, "byline": "BOSLEY CROWTHER", "headline": "Jackass Mail", "summary_short": "The postman brays twice.", "publication_date": "1942-07-02", "opening_date": null, "date_updated": "2016-03-30 06:54:23", "link": {"type": "article", "url": "http://www.nytimes.com/movie/review?res=9E07E7D6133CE33BBC4A53DFB1668389659EDE", "suggested_link_text": "Read the New York Times Review of Jackass Mail"}, "multimedia": null}, {"display_title": "The Tower of Terror", "mpaa_rating": "", "critics_pick": 0, "byline": "T.S.", "headline": "Tower of Terror", "summary_short": "Lighthouse keeper. Not reviewed by us.", "publication_date": "1942-06-29", "opening_date": null, "date_updated": "2016-03-30 06:44:10", "link": {"type": "article", "url": "http://www.nytimes.com/movie/review?res=9C06E1D9173EE13BBC4151DFB0668389659EDE", "suggested_link_text": "Read the New York Times Review of The Tower of Terror"}, "multimedia": null}, {"display_title": "Ship Ahoy", "mpaa_rating": "", "critics_pick": 0, "byline": "BOSLEY CROWTHER", "headline": "Ship Ahoy", "summary_short": "Dancer, novelist and weapon on their way to Puerto Rico. Idiotic plot, mediocre music.", "publication_date": "1942-06-26", "opening_date": "1942-05-01", "date_updated": "2016-03-30 07:23:32", "link": {"type": "article", "url": "http://www.nytimes.com/movie/review?res=9404E1DB173EE13BBC4E51DFB0668389659EDE", "suggested_link_text": "Read the New York Times Review of Ship Ahoy"}, "multimedia": null}, {"display_title": "Mexican Spitfire at Sea", "mpaa_rating": "", "critics_pick": 0, "byline": "T.S.", "headline": "Mexican Spitfire at Sea", "summary_short": "Series corn all over the place. We're partial to Carmelita and Lord Epping.", "publication_date": "1942-06-26", "opening_date": "1942-03-13", "date_updated": "2016-03-30 06:50:49", "link": {"type": "article", "url": "http://www.nytimes.com/movie/review?res=9504E1DB173EE13BBC4E51DFB0668389659EDE", "suggested_link_text": "Read the New York Times Review of Mexican Spitfire at Sea"}, "multimedia": null}, {"display_title": "Private Buckaroo", "mpaa_rating": "", "critics_pick": 0, "byline": "T.S.", "headline": "Private Buckaroo", "summary_short": "Let it ride.", "publication_date": "1942-06-25", "opening_date": "1942-06-12", "date_updated": "2016-03-30 06:55:39", "link": {"type": "article", "url": "http://www.nytimes.com/movie/review?res=9404E2DF163FEF33A25756C2A9609C946393D6CF", "suggested_link_text": "Read the New York Times Review of Private Buckaroo"}, "multimedia": null}, {"display_title": "Beyond the Blue Horizon", "mpaa_rating": "", "critics_pick": 0, "byline": "BOSLEY CROWTHER", "headline": "Beyond the Blue Horizon", "summary_short": "Typical Lamour lallapalooza.", "publication_date": "1942-06-25", "opening_date": null, "date_updated": "2016-03-30 07:16:51", "link": {"type": "article", "url": "http://www.nytimes.com/movie/review?res=9B04E2DF163FEF33A25756C2A9609C946393D6CF", "suggested_link_text": "Read the New York Times Review of Beyond the Blue Horizon"}, "multimedia": null}, {"display_title": "Submarine Raider", "mpaa_rating": "", "critics_pick": 0, "byline": "T.M.P.", "headline": "Submarine Raider", "summary_short": "", "publication_date": "1942-06-22", "opening_date": "1942-06-04", "date_updated": "2016-03-30 06:51:14", "link": {"type": "article", "url": "http://www.nytimes.com/movie/review?res=9B0CE7DD173EE13BBC4A51DFB0668389659EDE", "suggested_link_text": "Read the New York Times Review of Submarine Raider"}, "multimedia": null}, {"display_title": "Friendly Enemies", "mpaa_rating": "", "critics_pick": 0, "byline": "T.S.", "headline": "Friendly Enemies", "summary_short": "Adequate comedy-drama of World War I.", "publication_date": "1942-06-22", "opening_date": "1942-06-21", "date_updated": "2016-03-30 06:44:18", "link": {"type": "article", "url": "http://www.nytimes.com/movie/review?res=980CE7DD173EE13BBC4A51DFB0668389659EDE", "suggested_link_text": "Read the New York Times Review of Friendly Enemies"}, "multimedia": null}]}