{"status": "OK", "copyright": "Copyright (c) 2017 The New York Times Company. All Rights Reserved.", "has_more": true, "num_results": 20, "results": [{"display_title": "Special Agent", "mpaa_rating": "", "critics_pick": 0, "byline": "F.S.N.", "headline": "Special Agent", "summary_short": "Bookkeeper and agent after syndicate chief. Fast, snappy Warner crime-digger.", "publication_date": "1935-09-19", "opening_date": "1935-09-14", "date_updated": "2016-03-30 06:41:37", "link": {"type": "article", "url": "http://www.nytimes.com/movie/review?res=9D00E5D71E3DE53ABC4152DFBF66838E629EDE", "suggested_link_text": "Read the New York Times Review of Special Agent"}, "multimedia": null}, {"display_title": "Broadway Melody of 1936", "mpaa_rating": "", "critics_pick": 0, "byline": "ANDRE SENNWALD.", "headline": "Broadway Melody of 1936", "summary_short": "Producer, dancer and evil columnist. Sporty shuffling.", "publication_date": "1935-09-19", "opening_date": "1935-09-20", "date_updated": "2016-03-30 06:43:39", "link": {"type": "article", "url": "http://www.nytimes.com/movie/review?res=9C00E5D71E3DE53ABC4152DFBF66838E629EDE", "suggested_link_text": "Read the New York Times Review of Broadway Melody of 1936"}, "multimedia": null}, {"display_title": "The Big Broadcast of 1936", "mpaa_rating": "", "critics_pick": 0, "byline": "ANDRE SENNWALD.", "headline": "Big Broadcast of 1936, The", "summary_short": "Scrambled, rather standard variety show. Lovely ballad: Bing's ``Wished on the Moon.''", "publication_date": "1935-09-16", "opening_date": "1935-09-20", "date_updated": "2016-03-30 07:29:39", "link": {"type": "article", "url": "http://www.nytimes.com/movie/review?res=9C02E6D91E3DE53ABC4E52DFBF66838E629EDE", "suggested_link_text": "Read the New York Times Review of The Big Broadcast of 1936"}, "multimedia": null}, {"display_title": "The 39 Steps", "mpaa_rating": "Not Rated", "critics_pick": 1, "byline": "Andre Sennwald", "headline": "THE THIRTY-NINE STEPS (MOVIE)", "summary_short": "Innocent man on the run. Super old Hitchcock thriller.", "publication_date": "1935-09-14", "opening_date": "1935-08-01", "date_updated": "2016-03-30 07:18:49", "link": {"type": "article", "url": "http://www.nytimes.com/movie/review?res=EE05E7DF1730E477BC4C52DFBF66838E629EDE", "suggested_link_text": "Read the New York Times Review of The 39 Steps"}, "multimedia": null}, {"display_title": "Jalna", "mpaa_rating": "", "critics_pick": 0, "byline": "F.S.N.", "headline": "Jalna", "summary_short": "Canadian writer brings his bride to his ancestral estate.", "publication_date": "1935-09-14", "opening_date": "1935-08-09", "date_updated": "2016-03-30 07:23:15", "link": {"type": "article", "url": "http://www.nytimes.com/movie/review?res=9D00E4DA1E3DE53ABC4C52DFBF66838E629EDE", "suggested_link_text": "Read the New York Times Review of Jalna"}, "multimedia": null}, {"display_title": "The Goose and the Gander", "mpaa_rating": "", "critics_pick": 0, "byline": "ANDRE SENNWALD.", "headline": "Goose and the Gander, The", "summary_short": "Divorcee helps ex-husband catch second wife cheating.", "publication_date": "1935-09-12", "opening_date": "1935-09-21", "date_updated": "2016-03-30 06:42:37", "link": {"type": "article", "url": "http://www.nytimes.com/movie/review?res=9405EFDB173FEE3BBC4A52DFBF66838E629EDE", "suggested_link_text": "Read the New York Times Review of The Goose and the Gander"}, "multimedia": null}, {"display_title": "Bulldog Jack", "mpaa_rating": "", "critics_pick": 0, "byline": "ANDRE SENNWALD.", "headline": "Alias Bulldog Drummond", "summary_short": "Filling in for British sleuth Bulldog Drummond, Jack pursues jewel thieves led by a madman.", "publication_date": "1935-09-10", "opening_date": "1935-09-01", "date_updated": "2016-03-30 06:58:32", "link": {"type": "article", "url": "http://www.nytimes.com/movie/review?res=9E01E7DA1E3DE53ABC4852DFBF66838E629EDE", "suggested_link_text": "Read the New York Times Review of Bulldog Jack"}, "multimedia": null}, {"display_title": "Swedenhielms", "mpaa_rating": "Not Rated", "critics_pick": 0, "byline": "H.T.S.", "headline": "Swedenhielms", "summary_short": "Nobel-worthy Swedish scientist with money and family problems.", "publication_date": "1935-09-06", "opening_date": "1935-09-05", "date_updated": "2016-03-30 07:29:12", "link": {"type": "article", "url": "http://www.nytimes.com/movie/review?res=9502E5DB1E3DE53ABC4E53DFBF66838E629EDE", "suggested_link_text": "Read the New York Times Review of Swedenhielms"}, "multimedia": null}, {"display_title": "The Dark Angel", "mpaa_rating": "", "critics_pick": 0, "byline": "ANDRE SENNWALD.", "headline": "Dark Angel, The", "summary_short": "Tender, tasteful romance of the old school.", "publication_date": "1935-09-06", "opening_date": "1935-09-08", "date_updated": "2016-03-30 06:58:43", "link": {"type": "article", "url": "http://www.nytimes.com/movie/review?res=9402E5DB1E3DE53ABC4E53DFBF66838E629EDE", "suggested_link_text": "Read the New York Times Review of The Dark Angel"}, "multimedia": null}, {"display_title": "Two for Tonight", "mpaa_rating": "", "critics_pick": 0, "byline": "F.S.N.", "headline": "Two for Tonight", "summary_short": "Pretty good Crosby.", "publication_date": "1935-08-31", "opening_date": "1935-09-12", "date_updated": "2016-03-30 07:22:41", "link": {"type": "article", "url": "http://www.nytimes.com/movie/review?res=9D05E1DE1E3DE53ABC4950DFBE66838E629EDE", "suggested_link_text": "Read the New York Times Review of Two for Tonight"}, "multimedia": null}, {"display_title": "Anna Karenina", "mpaa_rating": "", "critics_pick": 0, "byline": "ANDRE SENNWALD.", "headline": "Anna Karenina", "summary_short": "Greta the Great, via Tolstoy. Poignant, haunting.", "publication_date": "1935-08-31", "opening_date": null, "date_updated": "2016-03-30 06:57:27", "link": {"type": "article", "url": "http://www.nytimes.com/movie/review?res=9C05E1DE1E3DE53ABC4950DFBE66838E629EDE", "suggested_link_text": "Read the New York Times Review of Anna Karenina"}, "multimedia": null}, {"display_title": "Top Hat", "mpaa_rating": "", "critics_pick": 1, "byline": "ANDRE SENNWALD.", "headline": "Top Hat", "summary_short": "Mistaken-identity musical. Tip-top Irving Berlin.", "publication_date": "1935-08-30", "opening_date": "1935-09-06", "date_updated": "2016-03-30 06:56:14", "link": {"type": "article", "url": "http://www.nytimes.com/movie/review?res=9800EFD91E39E33ABC4850DFBE66838E629EDE", "suggested_link_text": "Read the New York Times Review of Top Hat"}, "multimedia": null}, {"display_title": "Page Miss Glory", "mpaa_rating": "", "critics_pick": 0, "byline": "ANDRE SENNWALD.", "headline": "Page Miss Glory", "summary_short": "Beauty-contest scheming. Juicy old cast keeps it moving, if not soaring.", "publication_date": "1935-08-29", "opening_date": "1935-09-07", "date_updated": "2016-03-30 07:14:10", "link": {"type": "article", "url": "http://www.nytimes.com/movie/review?res=9402EEDF1E3DE53ABC4151DFBE66838E629EDE", "suggested_link_text": "Read the New York Times Review of Page Miss Glory"}, "multimedia": null}, {"display_title": "Krestyane", "mpaa_rating": "", "critics_pick": 0, "byline": "A.S.", "headline": "Peasants", "summary_short": "", "publication_date": "1935-08-29", "opening_date": "1935-08-28", "date_updated": "2016-03-30 06:46:20", "link": {"type": "article", "url": "http://www.nytimes.com/movie/review?res=9502EEDF1E3DE53ABC4151DFBE66838E629EDE", "suggested_link_text": "Read the New York Times Review of Krestyane"}, "multimedia": null}, {"display_title": "El Dia Que Me Quieras", "mpaa_rating": "", "critics_pick": 0, "byline": "H.T.S.", "headline": "Dia que me Quieras, El", "summary_short": "", "publication_date": "1935-08-27", "opening_date": null, "date_updated": "2016-03-30 07:22:46", "link": {"type": "article", "url": "http://www.nytimes.com/movie/review?res=9C06E4DF163EE53ABC4F51DFBE66838E629EDE", "suggested_link_text": "Read the New York Times Review of El Dia Que Me Quieras"}, "multimedia": null}, {"display_title": "Charlemagne", "mpaa_rating": "", "critics_pick": 0, "byline": "H.T.S.", "headline": "Charlemagne", "summary_short": "", "publication_date": "1935-08-24", "opening_date": "1935-08-23", "date_updated": "2016-03-30 07:11:34", "link": {"type": "article", "url": "http://www.nytimes.com/movie/review?res=9B00E5DB113EE53ABC4C51DFBE66838E629EDE", "suggested_link_text": "Read the New York Times Review of Charlemagne"}, "multimedia": null}, {"display_title": "Diamond Jim", "mpaa_rating": "", "critics_pick": 0, "byline": "ANDRE SENNWALD.", "headline": "Diamond Jim", "summary_short": "Well-rigged, eyefilling tale, solid Arnold,", "publication_date": "1935-08-24", "opening_date": "1935-09-02", "date_updated": "2016-03-30 06:48:20", "link": {"type": "article", "url": "http://www.nytimes.com/movie/review?res=9900E5DB113EE53ABC4C51DFBE66838E629EDE", "suggested_link_text": "Read the New York Times Review of Diamond Jim"}, "multimedia": null}, {"display_title": "Annapolis Farewell", "mpaa_rating": "", "critics_pick": 0, "byline": "F.S.N.", "headline": "Annapolis Farewell", "summary_short": "", "publication_date": "1935-08-24", "opening_date": "1935-08-23", "date_updated": "2016-03-30 06:50:09", "link": {"type": "article", "url": "http://www.nytimes.com/movie/review?res=9A00E5DB113EE53ABC4C51DFBE66838E629EDE", "suggested_link_text": "Read the New York Times Review of Annapolis Farewell"}, "multimedia": null}, {"display_title": "We're in the Money", "mpaa_rating": "", "critics_pick": 0, "byline": "F.S.N.", "headline": "We're In the Money", "summary_short": "Comedy about two tricky women process servers. Two snappy dolls.", "publication_date": "1935-08-22", "opening_date": "1935-08-17", "date_updated": "2016-03-30 06:51:48", "link": {"type": "article", "url": "http://www.nytimes.com/movie/review?res=9B01E2D6113DE53ABC4A51DFBE66838E629EDE", "suggested_link_text": "Read the New York Times Review of We're in the Money"}, "multimedia": null}, {"display_title": "The Crusades", "mpaa_rating": "Not Rated", "critics_pick": 0, "byline": "ANDRE SENNWALD.", "headline": "Crusades, The", "summary_short": "Richly ornate, teeming DeMille spectacle. One of his best. Terrific opening.", "publication_date": "1935-08-22", "opening_date": "1935-10-25", "date_updated": "2016-03-30 07:12:30", "link": {"type": "article", "url": "http://www.nytimes.com/movie/review?res=9A01E2D6113DE53ABC4A51DFBE66838E629EDE", "suggested_link_text": "Read the New York Times Review of The Crusades"}, "multimedia": null}]}