{"status": "OK", "copyright": "Copyright (c) 2017 The New York Times Company. All Rights Reserved.", "has_more": true, "num_results": 20, "results": [{"display_title": "Bulldog Drummond's Peril", "mpaa_rating": "", "critics_pick": 0, "byline": "FRANK S. NUGENT", "headline": "Bulldog Drummond's Peril", "summary_short": "", "publication_date": "1938-03-18", "opening_date": "1938-03-18", "date_updated": "2016-03-30 06:42:27", "link": {"type": "article", "url": "http://www.nytimes.com/movie/review?res=9D0DE7DD1738EE3ABC4052DFB5668383629EDE", "suggested_link_text": "Read the New York Times Review of Bulldog Drummond's Peril"}, "multimedia": null}, {"display_title": "Start Cheering", "mpaa_rating": "", "critics_pick": 0, "byline": "FRANK S. NUGENT", "headline": "Start Cheering", "summary_short": "Actor leaves Hollywood to attend college. Buoyed by Durante's comic intensity.", "publication_date": "1938-03-17", "opening_date": "1938-03-16", "date_updated": "2016-03-30 06:54:45", "link": {"type": "article", "url": "http://www.nytimes.com/movie/review?res=9C0CE5D91631E03ABC4F52DFB5668383629EDE", "suggested_link_text": "Read the New York Times Review of Start Cheering"}, "multimedia": null}, {"display_title": "The Big Broadcast of 1938", "mpaa_rating": "", "critics_pick": 0, "byline": "FRANK S. NUGENT", "headline": "Big Broadcast of 1938, The", "summary_short": "All-star milling with sparks. Like Bob and Shirley Ross doing ``Thanks for the Memory.''", "publication_date": "1938-03-10", "opening_date": "1938-02-11", "date_updated": "2016-03-30 06:51:28", "link": {"type": "article", "url": "http://www.nytimes.com/movie/review?res=990DEED71638EE3ABC4852DFB5668383629EDE", "suggested_link_text": "Read the New York Times Review of The Big Broadcast of 1938"}, "multimedia": null}, {"display_title": "Arsene Lupin Returns", "mpaa_rating": "Not Rated", "critics_pick": 0, "byline": "FRANK S. NUGENT", "headline": "Arsene Lupin Returns", "summary_short": "Ex-thief back to Paris to nab imposter.", "publication_date": "1938-03-09", "opening_date": "1938-02-25", "date_updated": "2016-03-30 07:23:32", "link": {"type": "article", "url": "http://www.nytimes.com/movie/review?res=9B07E6DA1631E03ABC4153DFB5668383629EDE", "suggested_link_text": "Read the New York Times Review of Arsene Lupin Returns"}, "multimedia": null}, {"display_title": "Generals without Buttons", "mpaa_rating": "", "critics_pick": 0, "byline": "FRANK S. NUGENT", "headline": "Generals Without Buttons", "summary_short": "", "publication_date": "1938-03-08", "opening_date": "1938-03-07", "date_updated": "2016-03-30 07:21:04", "link": {"type": "article", "url": "http://www.nytimes.com/movie/review?res=9A05E1D71638EE3ABC4053DFB5668383629EDE", "suggested_link_text": "Read the New York Times Review of Generals without Buttons"}, "multimedia": null}, {"display_title": "Ball Im Metropol", "mpaa_rating": "", "critics_pick": 0, "byline": "FRANK S. NUGENT", "headline": "Ball im Metropol", "summary_short": "", "publication_date": "1938-03-05", "opening_date": "1938-03-04", "date_updated": "2016-03-30 07:10:37", "link": {"type": "article", "url": "http://www.nytimes.com/movie/review?res=950CE6D81638EE3ABC4D53DFB5668383629EDE", "suggested_link_text": "Read the New York Times Review of Ball Im Metropol"}, "multimedia": null}, {"display_title": "Bringing Up Baby", "mpaa_rating": "", "critics_pick": 1, "byline": "Frank S. Nugent", "headline": "BRINGING UP BABY (MOVIE)", "summary_short": "Pet leopard. Broad, freewheeling fun.", "publication_date": "1938-03-04", "opening_date": "1938-02-18", "date_updated": "2016-03-30 06:50:21", "link": {"type": "article", "url": "http://www.nytimes.com/movie/review?res=EE05E7DF173FE161BC4C53DFB5668383629EDE", "suggested_link_text": "Read the New York Times Review of Bringing Up Baby"}, "multimedia": null}, {"display_title": "Women in Prison", "mpaa_rating": "", "critics_pick": 0, "byline": "FRANK S. NUGENT", "headline": "Women in Prison", "summary_short": "", "publication_date": "1938-03-01", "opening_date": "1938-03-02", "date_updated": "2016-03-30 07:06:06", "link": {"type": "article", "url": "http://www.nytimes.com/movie/review?res=9B0CE7DB1638EE3ABC4953DFB5668383629EDE", "suggested_link_text": "Read the New York Times Review of Women in Prison"}, "multimedia": null}, {"display_title": "A Slight Case of Murder", "mpaa_rating": "", "critics_pick": 1, "byline": "Frank S. Nugent", "headline": "A SLIGHT CASE OF MURDER (MOVIE)", "summary_short": "Runyon bootlegger turns legit. Very funny.", "publication_date": "1938-02-28", "opening_date": "1938-03-05", "date_updated": "2016-03-30 06:55:53", "link": {"type": "article", "url": "http://www.nytimes.com/movie/review?res=EE05E7DF1738E070BC4051DFB4668383629EDE", "suggested_link_text": "Read the New York Times Review of A Slight Case of Murder"}, "multimedia": null}, {"display_title": "She Married an Artist", "mpaa_rating": "", "critics_pick": 0, "byline": "FRANK S. NUGENT", "headline": "She Married an Artist", "summary_short": "No review", "publication_date": "1938-02-25", "opening_date": "1937-11-27", "date_updated": "2016-03-30 07:13:19", "link": {"type": "article", "url": "http://www.nytimes.com/movie/review?res=9901E2DD1638EE3ABC4D51DFB4668383629EDE", "suggested_link_text": "Read the New York Times Review of She Married an Artist"}, "multimedia": null}, {"display_title": "Daredevil Drivers", "mpaa_rating": "", "critics_pick": 0, "byline": "FRANK S. NUGENT", "headline": "Daredevil Drivers, The", "summary_short": "Auto racer goes to work for girlfriend's business rival.", "publication_date": "1938-02-23", "opening_date": "1938-02-12", "date_updated": "2016-03-30 07:28:38", "link": {"type": "article", "url": "http://www.nytimes.com/movie/review?res=940DE3DE1638EE3ABC4B51DFB4668383629EDE", "suggested_link_text": "Read the New York Times Review of Daredevil Drivers"}, "multimedia": null}, {"display_title": "Young and Innocent", "mpaa_rating": "Not Rated", "critics_pick": 0, "byline": "FRANK S. NUGENT", "headline": "Girl Was Young, The", "summary_short": "Constable's daughter aids young fugitive. Early, charming Hitchcock chaser.", "publication_date": "1938-02-11", "opening_date": "1938-02-17", "date_updated": "2016-03-30 07:16:23", "link": {"type": "article", "url": "http://www.nytimes.com/movie/review?res=980DE7DF1439E733A25752C1A9649C946994D6CF", "suggested_link_text": "Read the New York Times Review of Young and Innocent"}, "multimedia": null}, {"display_title": "Il Destino", "mpaa_rating": "", "critics_pick": 0, "byline": "H. T. S.", "headline": "Destino, Il", "summary_short": "", "publication_date": "1938-02-08", "opening_date": "1938-02-07", "date_updated": "2016-03-30 07:26:19", "link": {"type": "article", "url": "http://www.nytimes.com/movie/review?res=9805E5D71F3EE03ABC4053DFB4668383629EDE", "suggested_link_text": "Read the New York Times Review of Il Destino"}, "multimedia": null}, {"display_title": "The River", "mpaa_rating": "", "critics_pick": 0, "byline": "FRANK S. NUGENT", "headline": "River, The", "summary_short": "", "publication_date": "1938-02-05", "opening_date": null, "date_updated": "2016-03-30 07:13:46", "link": {"type": "article", "url": "http://www.nytimes.com/movie/review?res=9B0DE7DA1F3EE03ABC4D53DFB4668383629EDE", "suggested_link_text": "Read the New York Times Review of The River"}, "multimedia": null}, {"display_title": "Karl Fredrik Regerer", "mpaa_rating": "", "critics_pick": 0, "byline": "FRANK S. NUGENT", "headline": "Karl Fredrik Reigns", "summary_short": "", "publication_date": "1938-02-02", "opening_date": "1938-02-01", "date_updated": "2016-03-30 06:46:15", "link": {"type": "article", "url": "http://www.nytimes.com/movie/review?res=9E03EFDD1F3EE03ABC4A53DFB4668383629EDE", "suggested_link_text": "Read the New York Times Review of Karl Fredrik Regerer"}, "multimedia": null}, {"display_title": "Zu Neuen Ufern", "mpaa_rating": "", "critics_pick": 0, "byline": "FRANK S. NUGENT", "headline": "To new Shores", "summary_short": "", "publication_date": "1938-01-29", "opening_date": "1938-01-28", "date_updated": "2016-03-30 06:54:38", "link": {"type": "article", "url": "http://www.nytimes.com/movie/review?res=9502E5D71E3EE03ABC4151DFB7668383629EDE", "suggested_link_text": "Read the New York Times Review of Zu Neuen Ufern"}, "multimedia": null}, {"display_title": "The Dybbuk", "mpaa_rating": "Not Rated", "critics_pick": 0, "byline": "FRANK S. NUGENT", "headline": "Dybbuk, The", "summary_short": "", "publication_date": "1938-01-28", "opening_date": "1938-01-27", "date_updated": "2016-03-30 06:41:46", "link": {"type": "article", "url": "http://www.nytimes.com/movie/review?res=9E02EED91E3EE03ABC4051DFB7668383629EDE", "suggested_link_text": "Read the New York Times Review of The Dybbuk"}, "multimedia": null}, {"display_title": "Behind the Mike", "mpaa_rating": "", "critics_pick": 0, "byline": "Special to THE NEW YORK TIMES.", "headline": "Behind the Mike", "summary_short": "", "publication_date": "1938-01-28", "opening_date": "1937-09-26", "date_updated": "2016-03-30 06:55:08", "link": {"type": "article", "url": "http://www.nytimes.com/movie/review?res=9C0DEED91E3EE03ABC4051DFB7668383629EDE", "suggested_link_text": "Read the New York Times Review of Behind the Mike"}, "multimedia": null}, {"display_title": "Wells Fargo", "mpaa_rating": "", "critics_pick": 0, "byline": "FRANK S. NUGENT", "headline": "Wells Fargo", "summary_short": "Western with size, color and sweep galore. Bit too crammed for unity and depth. But a real eyeful.", "publication_date": "1938-01-16", "opening_date": "1937-12-31", "date_updated": "2016-03-30 06:51:07", "link": {"type": "article", "url": "http://www.nytimes.com/movie/review?res=9E0DE0DD153CEF3ABC4E52DFB7668383629EDE", "suggested_link_text": "Read the New York Times Review of Wells Fargo"}, "multimedia": null}, {"display_title": "Snow White and the Seven Dwarfs", "mpaa_rating": "", "critics_pick": 1, "byline": "Frank S. Nugent", "headline": "SNOW WHITE AND THE SEVEN DWARFS (MOVIE)", "summary_short": "", "publication_date": "1938-01-14", "opening_date": "1938-02-04", "date_updated": "2016-03-30 06:46:15", "link": {"type": "article", "url": "http://www.nytimes.com/movie/review?res=EE05E7DF173FE070BC4C52DFB7668383629EDE", "suggested_link_text": "Read the New York Times Review of Snow White and the Seven Dwarfs"}, "multimedia": null}]}