{"status": "OK", "copyright": "Copyright (c) 2017 The New York Times Company. All Rights Reserved.", "has_more": true, "num_results": 20, "results": [{"display_title": "Whither Germany?", "mpaa_rating": "", "critics_pick": 0, "byline": "H.T.S.", "headline": "Kuhle Wampe", "summary_short": "", "publication_date": "1933-04-24", "opening_date": "1933-04-23", "date_updated": "2016-03-30 07:18:01", "link": {"type": "article", "url": "http://www.nytimes.com/movie/review?res=940CE2D61E3AE333A25757C2A9629C946294D6CF", "suggested_link_text": "Read the New York Times Review of Whither Germany?"}, "multimedia": null}, {"display_title": "Don Quixote", "mpaa_rating": "", "critics_pick": 0, "byline": "HERBERT L. MATTHEWS.", "headline": "Don Quichotte", "summary_short": "", "publication_date": "1933-04-23", "opening_date": "1934-12-23", "date_updated": "2016-03-30 07:20:43", "link": {"type": "article", "url": "http://www.nytimes.com/movie/review?res=9904E3D61E3AE333A25750C2A9629C946294D6CF", "suggested_link_text": "Read the New York Times Review of Don Quixote"}, "multimedia": null}, {"display_title": "Supernatural", "mpaa_rating": "", "critics_pick": 0, "byline": "MORDAUNT HALL.", "headline": "Supernatural", "summary_short": "Girl possessed by soul of murderer. Dated but gripping thriller.", "publication_date": "1933-04-22", "opening_date": "1933-05-12", "date_updated": "2016-03-30 07:13:49", "link": {"type": "article", "url": "http://www.nytimes.com/movie/review?res=9B01E5D71E3AE333A25751C2A9629C946294D6CF", "suggested_link_text": "Read the New York Times Review of Supernatural"}, "multimedia": null}, {"display_title": "Humanity", "mpaa_rating": "", "critics_pick": 0, "byline": "A.D.S.", "headline": "Humanity", "summary_short": "", "publication_date": "1933-04-22", "opening_date": "1933-03-03", "date_updated": "2016-03-30 07:23:32", "link": {"type": "article", "url": "http://www.nytimes.com/movie/review?res=9A03E5D71E3AE333A25751C2A9629C946294D6CF", "suggested_link_text": "Read the New York Times Review of Humanity"}, "multimedia": null}, {"display_title": "Frau Von Der Man Spricht", "mpaa_rating": "", "critics_pick": 0, "byline": "H.T.S.", "headline": "Frau von der Man Spricht, Die", "summary_short": "", "publication_date": "1933-04-22", "opening_date": null, "date_updated": "2016-03-30 06:54:57", "link": {"type": "article", "url": "http://www.nytimes.com/movie/review?res=9803E5D71E3AE333A25751C2A9629C946294D6CF", "suggested_link_text": "Read the New York Times Review of Frau Von Der Man Spricht"}, "multimedia": null}, {"display_title": "The Working Man", "mpaa_rating": "", "critics_pick": 0, "byline": "MORDAUNT HALL.", "headline": "Working Man, The", "summary_short": "Vacationing tycoon changes the lives of two rich, spoiled youngsters. Delightful, mellow comedy. Viva Arliss!", "publication_date": "1933-04-21", "opening_date": "1933-04-20", "date_updated": "2016-03-30 07:22:34", "link": {"type": "article", "url": "http://www.nytimes.com/movie/review?res=9E01E0D8143BEF3ABC4951DFB2668388629EDE", "suggested_link_text": "Read the New York Times Review of The Working Man"}, "multimedia": null}, {"display_title": "A Bedtime Story", "mpaa_rating": "", "critics_pick": 0, "byline": "MORDAUNT HALL.", "headline": "Bedtime Story, A", "summary_short": "Winning as it is dated.", "publication_date": "1933-04-20", "opening_date": "1933-04-22", "date_updated": "2016-03-30 06:49:00", "link": {"type": "article", "url": "http://www.nytimes.com/movie/review?res=9C05E7D8143BEF3ABC4851DFB2668388629EDE", "suggested_link_text": "Read the New York Times Review of A Bedtime Story"}, "multimedia": null}, {"display_title": "The Blue Idol", "mpaa_rating": "", "critics_pick": 0, "byline": "H.T.S.", "headline": "Blue Idol, The", "summary_short": "", "publication_date": "1933-04-18", "opening_date": "1933-04-17", "date_updated": "2016-03-30 06:58:55", "link": {"type": "article", "url": "http://www.nytimes.com/movie/review?res=9402E6DA1438E333A2575BC1A9629C946294D6CF", "suggested_link_text": "Read the New York Times Review of The Blue Idol"}, "multimedia": null}, {"display_title": "Truth About Africa", "mpaa_rating": "", "critics_pick": 0, "byline": "MORDAUNT HALL.", "headline": "Truth About Africa, The", "summary_short": "", "publication_date": "1933-04-17", "opening_date": "1933-04-08", "date_updated": "2016-03-30 07:26:18", "link": {"type": "article", "url": "http://www.nytimes.com/movie/review?res=9E02E0DB123DEF32A25754C1A9629C946294D6CF", "suggested_link_text": "Read the New York Times Review of Truth About Africa"}, "multimedia": null}, {"display_title": "The Cohens and Kellys in Trouble", "mpaa_rating": "", "critics_pick": 0, "byline": "A.D.S.", "headline": "Cohens and Kellys in Trouble, The", "summary_short": "", "publication_date": "1933-04-17", "opening_date": "1933-04-15", "date_updated": "2016-03-30 06:41:56", "link": {"type": "article", "url": "http://www.nytimes.com/movie/review?res=9402E0DB123DEF32A25754C1A9629C946294D6CF", "suggested_link_text": "Read the New York Times Review of The Cohens and Kellys in Trouble"}, "multimedia": null}, {"display_title": "The World Gone Mad", "mpaa_rating": "Not Rated", "critics_pick": 0, "byline": "M.H.", "headline": "World Gone Mad, The", "summary_short": "", "publication_date": "1933-04-15", "opening_date": "1933-04-15", "date_updated": "2016-03-30 06:45:49", "link": {"type": "article", "url": "http://www.nytimes.com/movie/review?res=9C02E4DB143BEF3ABC4D52DFB2668388629EDE", "suggested_link_text": "Read the New York Times Review of The World Gone Mad"}, "multimedia": null}, {"display_title": "Today We Live", "mpaa_rating": "", "critics_pick": 0, "byline": "MORDAUNT HALL.", "headline": "Today We Live", "summary_short": "Very wobbly romantic drama of World War I.", "publication_date": "1933-04-15", "opening_date": "1933-04-14", "date_updated": "2016-03-30 06:54:27", "link": {"type": "article", "url": "http://www.nytimes.com/movie/review?res=9B03E4DB143BEF3ABC4D52DFB2668388629EDE", "suggested_link_text": "Read the New York Times Review of Today We Live"}, "multimedia": null}, {"display_title": "Return of Nathan Becker", "mpaa_rating": "", "critics_pick": 0, "byline": "H.T.S.", "headline": "Return of Nathan Becker, The", "summary_short": "", "publication_date": "1933-04-15", "opening_date": null, "date_updated": "2016-03-30 07:13:34", "link": {"type": "article", "url": "http://www.nytimes.com/movie/review?res=9D02E4DB143BEF3ABC4D52DFB2668388629EDE", "suggested_link_text": "Read the New York Times Review of Return of Nathan Becker"}, "multimedia": null}, {"display_title": "Be Mine Tonight", "mpaa_rating": "", "critics_pick": 0, "byline": "MORDAUNT HALL.", "headline": "Be Mine Tonight", "summary_short": "", "publication_date": "1933-04-14", "opening_date": "1933-02-18", "date_updated": "2016-03-30 07:11:12", "link": {"type": "article", "url": "http://www.nytimes.com/movie/review?res=9D00E3DD143BEF3ABC4C52DFB2668388629EDE", "suggested_link_text": "Read the New York Times Review of Be Mine Tonight"}, "multimedia": null}, {"display_title": "Marius", "mpaa_rating": "", "critics_pick": 0, "byline": "H.T.S.", "headline": "Marius", "summary_short": "First part of memorable French trilogy about old Marseilles port people, from Pagnol stories.", "publication_date": "1933-04-14", "opening_date": "1933-04-13", "date_updated": "2016-03-30 07:19:10", "link": {"type": "article", "url": "http://www.nytimes.com/movie/review?res=9903E3DD143BEF3ABC4C52DFB2668388629EDE", "suggested_link_text": "Read the New York Times Review of Marius"}, "multimedia": null}, {"display_title": "Oliver Twist", "mpaa_rating": "", "critics_pick": 0, "byline": "MORDAUNT HALL.", "headline": "Oliver Twist", "summary_short": "Acceptably modest Hollywood Dickens. Wait for Britain's great post-war beauty.", "publication_date": "1933-04-13", "opening_date": "1933-02-28", "date_updated": "2016-03-30 06:56:12", "link": {"type": "article", "url": "http://www.nytimes.com/movie/review?res=9801E2DE143BEF3ABC4B52DFB2668388629EDE", "suggested_link_text": "Read the New York Times Review of Oliver Twist"}, "multimedia": null}, {"display_title": "Der Tanzhusar", "mpaa_rating": "", "critics_pick": 0, "byline": "H T S", "headline": "Tanzhusar, Der", "summary_short": "", "publication_date": "1933-04-10", "opening_date": "1933-04-09", "date_updated": "2016-03-30 06:48:30", "link": {"type": "article", "url": "http://www.nytimes.com/movie/review?res=9E05EFDA1E3FE135A65753C1A9629C946294D6CF", "suggested_link_text": "Read the New York Times Review of Der Tanzhusar"}, "multimedia": null}, {"display_title": "Viktoria und Ihr Husar", "mpaa_rating": "", "critics_pick": 0, "byline": "H T S", "headline": "Viktoria und Ihr Husar", "summary_short": "", "publication_date": "1933-04-10", "opening_date": null, "date_updated": "2016-03-30 07:12:59", "link": {"type": "article", "url": "http://www.nytimes.com/movie/review?res=9E0CE0DA1E3FE135A65753C1A9629C946294D6CF", "suggested_link_text": "Read the New York Times Review of Viktoria und Ihr Husar"}, "multimedia": null}, {"display_title": "Parole Girl", "mpaa_rating": "", "critics_pick": 0, "byline": "MORDAUNT HALL", "headline": "Parole Girl", "summary_short": "An ex-convict falls in love with the store manager who caught her.", "publication_date": "1933-04-10", "opening_date": "1933-03-04", "date_updated": "2016-03-30 06:46:42", "link": {"type": "article", "url": "http://www.nytimes.com/movie/review?res=9E0DE0DA1E3FE135A65753C1A9629C946294D6CF", "suggested_link_text": "Read the New York Times Review of Parole Girl"}, "multimedia": null}, {"display_title": "Destination Unknown", "mpaa_rating": "", "critics_pick": 0, "byline": "MORDAUNT HALL.", "headline": "Destination Unknown", "summary_short": "", "publication_date": "1933-04-08", "opening_date": "1933-04-01", "date_updated": "2016-03-30 06:44:54", "link": {"type": "article", "url": "http://www.nytimes.com/movie/review?res=940CE1DC163AEF3ABC4053DFB2668388629EDE", "suggested_link_text": "Read the New York Times Review of Destination Unknown"}, "multimedia": null}]}