{"status": "OK", "copyright": "Copyright (c) 2017 The New York Times Company. All Rights Reserved.", "has_more": true, "num_results": 20, "results": [{"display_title": "Heartbeat", "mpaa_rating": "", "critics_pick": 0, "byline": "BOSLEY CROWTHER", "headline": "Heartbeat", "summary_short": "Pickpocket and diplomat. Fluffy.", "publication_date": "1946-05-11", "opening_date": "1946-05-01", "date_updated": "2016-03-30 06:48:33", "link": {"type": "article", "url": "http://www.nytimes.com/movie/review?res=9E07E7DB1F39E53ABC4952DFB366838D659EDE", "suggested_link_text": "Read the New York Times Review of Heartbeat"}, "multimedia": null}, {"display_title": "The Dark Corner", "mpaa_rating": "", "critics_pick": 0, "byline": "BOSLEY CROWTHER", "headline": "Dark Corner, The", "summary_short": "A middle-class ``Laura.'' Neat job.", "publication_date": "1946-05-09", "opening_date": "1946-04-09", "date_updated": "2016-03-30 06:43:56", "link": {"type": "article", "url": "http://www.nytimes.com/movie/review?res=9F02EFD81F30E633A2575AC0A9639C946793D6CF", "suggested_link_text": "Read the New York Times Review of The Dark Corner"}, "multimedia": null}, {"display_title": "Her Kind of Man", "mpaa_rating": "", "critics_pick": 0, "byline": "BOSLEY CROWTHER", "headline": "Her Kind of Man", "summary_short": "Prohibition-era Manhattan. Some brisk dialogue, the usual mayhem.", "publication_date": "1946-05-04", "opening_date": "1946-05-11", "date_updated": "2016-03-30 06:44:55", "link": {"type": "article", "url": "http://www.nytimes.com/movie/review?res=9A02E5DC143FE731A25757C0A9639C946793D6CF", "suggested_link_text": "Read the New York Times Review of Her Kind of Man"}, "multimedia": null}, {"display_title": "The Postman Always Rings Twice", "mpaa_rating": "Not Rated", "critics_pick": 1, "byline": "BOSLEY CROWTHER", "headline": "Postman Always Rings Twice, The", "summary_short": "Strong, sizzling melodrama of adulterous murder, via Cain novel. Peak John and Lana, power of suggestion.", "publication_date": "1946-05-03", "opening_date": "1946-05-02", "date_updated": "2016-03-30 07:30:37", "link": {"type": "article", "url": "http://www.nytimes.com/movie/review?res=9C05EEDD133AEF33A25750C0A9639C946793D6CF", "suggested_link_text": "Read the New York Times Review of The Postman Always Rings Twice"}, "multimedia": null}, {"display_title": "A Stolen Life", "mpaa_rating": "", "critics_pick": 0, "byline": "BOSLEY CROWTHER", "headline": "Stolen Life, A", "summary_short": "Double Davis as twins, one a schemer. Farfetched but engrossing.", "publication_date": "1946-05-02", "opening_date": "1946-07-06", "date_updated": "2016-03-30 07:25:58", "link": {"type": "article", "url": "http://www.nytimes.com/movie/review?res=9E00E3DF103AEE3BBC4A53DFB366838D659EDE", "suggested_link_text": "Read the New York Times Review of A Stolen Life"}, "multimedia": null}, {"display_title": "Hunting for Pheasant", "mpaa_rating": "", "critics_pick": 0, "byline": "BOSLEY CROWTHER", "headline": "Hymn of the Nations", "summary_short": "", "publication_date": "1946-04-22", "opening_date": "1997-12-05", "date_updated": "2016-03-30 07:12:19", "link": {"type": "article", "url": "http://www.nytimes.com/movie/review?res=950DE5DD1339E23ABC4A51DFB266838D659EDE", "suggested_link_text": "Read the New York Times Review of Hunting for Pheasant"}, "multimedia": null}, {"display_title": "Bedlam", "mpaa_rating": "", "critics_pick": 0, "byline": "BOSLEY CROWTHER", "headline": "Bedlam", "summary_short": "Brave girl exposes 18th-century London asylum. Rounded, engrossing thriller.", "publication_date": "1946-04-20", "opening_date": "1946-05-10", "date_updated": "2016-03-30 07:21:05", "link": {"type": "article", "url": "http://www.nytimes.com/movie/review?res=9E0CE7D8153FE23BBC4851DFB266838D659EDE", "suggested_link_text": "Read the New York Times Review of Bedlam"}, "multimedia": null}, {"display_title": "The Kid From Brooklyn", "mpaa_rating": "", "critics_pick": 0, "byline": "BOSLEY CROWTHER", "headline": "Kid From Brooklyn, The", "summary_short": "Milkman turns boxer. Very amusing. Appealing Kaye in his heyday.", "publication_date": "1946-04-19", "opening_date": "1946-03-21", "date_updated": "2016-03-30 06:46:42", "link": {"type": "article", "url": "http://www.nytimes.com/movie/review?res=9A07E0DA153FE23BBC4152DFB266838D659EDE", "suggested_link_text": "Read the New York Times Review of The Kid From Brooklyn"}, "multimedia": null}, {"display_title": "The Virginian", "mpaa_rating": "", "critics_pick": 0, "byline": "BOSLEY CROWTHER", "headline": "Virginian, The", "summary_short": "Leisurely but appealing remake of classic western.", "publication_date": "1946-04-18", "opening_date": "1946-05-05", "date_updated": "2016-03-30 07:19:46", "link": {"type": "article", "url": "http://www.nytimes.com/movie/review?res=9403E0DB153FE23BBC4052DFB266838D659EDE", "suggested_link_text": "Read the New York Times Review of The Virginian"}, "multimedia": null}, {"display_title": "Dragonwyck", "mpaa_rating": "", "critics_pick": 0, "byline": "BOSLEY CROWTHER", "headline": "Dragonwyck", "summary_short": "Creepy mansion, strange family. Atmospheric but standard gothic romance.", "publication_date": "1946-04-11", "opening_date": "1946-04-10", "date_updated": "2016-03-30 07:25:54", "link": {"type": "article", "url": "http://www.nytimes.com/movie/review?res=9405EFDF153FE23BBC4952DFB266838D659EDE", "suggested_link_text": "Read the New York Times Review of Dragonwyck"}, "multimedia": null}, {"display_title": "Devotion", "mpaa_rating": "", "critics_pick": 0, "byline": "BOSLEY CROWTHER", "headline": "Devotion", "summary_short": "Bronte siblings' moors and amours. Fine performances, solid atmosphere.", "publication_date": "1946-04-06", "opening_date": "1946-04-20", "date_updated": "2016-03-30 07:13:39", "link": {"type": "article", "url": "http://www.nytimes.com/movie/review?res=9F03E7D81139E53ABC4E53DFB266838D659EDE", "suggested_link_text": "Read the New York Times Review of Devotion"}, "multimedia": null}, {"display_title": "Colonel Effingham's Raid", "mpaa_rating": "", "critics_pick": 0, "byline": "BOSLEY CROWTHER", "headline": "Colonel Effingham's Raid", "summary_short": "Frisky old Dixiecrat reforms town. Diverting comedy with fine Coburn.", "publication_date": "1946-04-05", "opening_date": null, "date_updated": "2016-03-30 07:14:03", "link": {"type": "article", "url": "http://www.nytimes.com/movie/review?res=990CE5DC1139E53ABC4D53DFB266838D659EDE", "suggested_link_text": "Read the New York Times Review of Colonel Effingham's Raid"}, "multimedia": null}, {"display_title": "Deadline at Dawn", "mpaa_rating": "", "critics_pick": 0, "byline": "BOSLEY CROWTHER", "headline": "Deadline at Dawn", "summary_short": "Framed sailor, helpful girl and New York cabbie. Snug whodunit.", "publication_date": "1946-04-04", "opening_date": "1946-04-03", "date_updated": "2016-03-30 07:26:20", "link": {"type": "article", "url": "http://www.nytimes.com/movie/review?res=9805E5DE1139E53ABC4C53DFB266838D659EDE", "suggested_link_text": "Read the New York Times Review of Deadline at Dawn"}, "multimedia": null}, {"display_title": "Black Market Babies", "mpaa_rating": "", "critics_pick": 0, "byline": "BOSLEY CROWTHER", "headline": "Black Market Babies", "summary_short": "", "publication_date": "1946-04-01", "opening_date": "1945-12-15", "date_updated": "2016-03-30 07:25:33", "link": {"type": "article", "url": "http://www.nytimes.com/movie/review?res=9A0DE7D91039E53ABC4953DFB266838D659EDE", "suggested_link_text": "Read the New York Times Review of Black Market Babies"}, "multimedia": null}, {"display_title": "Doll Face", "mpaa_rating": "", "critics_pick": 0, "byline": "BOSLEY CROWTHER", "headline": "Doll Face", "summary_short": "Flabby.", "publication_date": "1946-03-28", "opening_date": "1945-12-31", "date_updated": "2016-03-30 06:52:22", "link": {"type": "article", "url": "http://www.nytimes.com/movie/review?res=9A0DE1D61239E23ABC4051DFB566838D659EDE", "suggested_link_text": "Read the New York Times Review of Doll Face"}, "multimedia": null}, {"display_title": "Ziegfeld Follies", "mpaa_rating": "", "critics_pick": 0, "byline": "BOSLEY CROWTHER", "headline": "Ziegfeld Follies", "summary_short": "", "publication_date": "1946-03-23", "opening_date": "1946-04-08", "date_updated": "2016-03-30 07:23:43", "link": {"type": "article", "url": "http://www.nytimes.com/movie/review?res=9805E2DA1239E23ABC4B51DFB566838D659EDE", "suggested_link_text": "Read the New York Times Review of Ziegfeld Follies"}, "multimedia": null}, {"display_title": "Whistle Stop", "mpaa_rating": "", "critics_pick": 0, "byline": "BOSLEY CROWTHER", "headline": "Whistle Stop", "summary_short": "Small peanuts.", "publication_date": "1946-03-18", "opening_date": "1946-01-25", "date_updated": "2016-03-30 07:16:18", "link": {"type": "article", "url": "http://www.nytimes.com/movie/review?res=9D03E4DD133AEE3BBC4052DFB566838D659EDE", "suggested_link_text": "Read the New York Times Review of Whistle Stop"}, "multimedia": null}, {"display_title": "Cinderella Jones", "mpaa_rating": "", "critics_pick": 0, "byline": "BOSLEY CROWTHER", "headline": "Cinderella Jones", "summary_short": "Inane.", "publication_date": "1946-03-16", "opening_date": "1946-03-09", "date_updated": "2016-03-30 06:58:53", "link": {"type": "article", "url": "http://www.nytimes.com/movie/review?res=9F02E7DE133AEE3BBC4E52DFB566838D659EDE", "suggested_link_text": "Read the New York Times Review of Cinderella Jones"}, "multimedia": null}, {"display_title": "Gilda", "mpaa_rating": "", "critics_pick": 0, "byline": "BOSLEY CROWTHER", "headline": "Gilda", "summary_short": "Gambler loves singer married to casino owner. Foggy old drama, with one bright point: ``Put the Blame on Mame.''", "publication_date": "1946-03-15", "opening_date": "1946-03-15", "date_updated": "2016-03-30 07:20:43", "link": {"type": "article", "url": "http://www.nytimes.com/movie/review?res=9404E2DF133AEE3BBC4D52DFB566838D659EDE", "suggested_link_text": "Read the New York Times Review of Gilda"}, "multimedia": null}, {"display_title": "Shock!", "mpaa_rating": "Not Rated", "critics_pick": 0, "byline": "BOSLEY CROWTHER", "headline": "Shock", "summary_short": "Junk.", "publication_date": "1946-03-09", "opening_date": "1946-02-01", "date_updated": "2016-03-30 06:45:10", "link": {"type": "article", "url": "http://www.nytimes.com/movie/review?res=950CE3DA1F30E633A2575AC0A9659C946793D6CF", "suggested_link_text": "Read the New York Times Review of Shock!"}, "multimedia": null}]}