{"status": "OK", "copyright": "Copyright (c) 2017 The New York Times Company. All Rights Reserved.", "has_more": true, "num_results": 20, "results": [{"display_title": "Great God Gold", "mpaa_rating": "", "critics_pick": 0, "byline": "F.S.N.", "headline": "Great God Gold", "summary_short": "", "publication_date": "1935-05-06", "opening_date": "1935-04-15", "date_updated": "2016-03-30 06:49:49", "link": {"type": "article", "url": "http://www.nytimes.com/movie/review?res=940DEFDC1139E33ABC4E53DFB366838E629EDE", "suggested_link_text": "Read the New York Times Review of Great God Gold"}, "multimedia": null}, {"display_title": "Go Into Your Dance", "mpaa_rating": "", "critics_pick": 0, "byline": "F.S.N.", "headline": "Go Into Your Dance", "summary_short": "Medium story but good show-goes-on flavoring and fine score. Only film with  married Al and Ruby.", "publication_date": "1935-05-04", "opening_date": "1935-04-20", "date_updated": "2016-03-30 06:48:19", "link": {"type": "article", "url": "http://www.nytimes.com/movie/review?res=9D03EEDD163CE33ABC4C53DFB366838E629EDE", "suggested_link_text": "Read the New York Times Review of Go Into Your Dance"}, "multimedia": null}, {"display_title": "The Devil Is a Woman", "mpaa_rating": "", "critics_pick": 0, "byline": "ANDRE SENNWALD.", "headline": "Devil Is a Woman, The", "summary_short": "Artful, picaresque and Marlene's favorite picture ``because I was never more beautiful.'' Amen.", "publication_date": "1935-05-04", "opening_date": null, "date_updated": "2016-03-30 07:26:03", "link": {"type": "article", "url": "http://www.nytimes.com/movie/review?res=9C03EEDD163CE33ABC4C53DFB366838E629EDE", "suggested_link_text": "Read the New York Times Review of The Devil Is a Woman"}, "multimedia": null}, {"display_title": "The Scoundrel", "mpaa_rating": "", "critics_pick": 1, "byline": "ANDRE SENNWALD.", "headline": "Scoundrel, The", "summary_short": "Mystical drama of worldly man's last chance at love. Decidedly different. Ditto Coward -- too mannered.", "publication_date": "1935-05-03", "opening_date": "1935-04-30", "date_updated": "2016-03-30 06:53:40", "link": {"type": "article", "url": "http://www.nytimes.com/movie/review?res=9C05E7DD1139E33ABC4B53DFB366838E629EDE", "suggested_link_text": "Read the New York Times Review of The Scoundrel"}, "multimedia": null}, {"display_title": "Mark of the Vampire", "mpaa_rating": "", "critics_pick": 0, "byline": "F.S.N.", "headline": "Mark of the Vampire", "summary_short": "A professor-criminologist investigates a murder by hiring actors to play vampires.", "publication_date": "1935-05-03", "opening_date": "1935-04-26", "date_updated": "2016-03-30 07:09:15", "link": {"type": "article", "url": "http://www.nytimes.com/movie/review?res=9D05E7DD1139E33ABC4B53DFB366838E629EDE", "suggested_link_text": "Read the New York Times Review of Mark of the Vampire"}, "multimedia": null}, {"display_title": "The People's Enemy", "mpaa_rating": "", "critics_pick": 0, "byline": "ANDRE SENNWALD.", "headline": "People's Enemy, The", "summary_short": "", "publication_date": "1935-04-30", "opening_date": "1935-04-29", "date_updated": "2016-03-30 07:16:17", "link": {"type": "article", "url": "http://www.nytimes.com/movie/review?res=9B01E0DF1139E33ABC4850DFB266838E629EDE", "suggested_link_text": "Read the New York Times Review of The People's Enemy"}, "multimedia": null}, {"display_title": "George White's Scandals", "mpaa_rating": "", "critics_pick": 0, "byline": "ANDRE SENNWALD.", "headline": "George White's 1935 Scandals", "summary_short": "Corny old-time musical but good cast in there pitching. Okay antique.", "publication_date": "1935-04-29", "opening_date": "1935-03-29", "date_updated": "2016-03-30 07:11:54", "link": {"type": "article", "url": "http://www.nytimes.com/movie/review?res=990CE4DF1F3FE03ABC4151DFB266838E629EDE", "suggested_link_text": "Read the New York Times Review of George White's Scandals"}, "multimedia": null}, {"display_title": "The Florentine Dagger", "mpaa_rating": "", "critics_pick": 0, "byline": "F.S.N.", "headline": "Florentine Dagger, The", "summary_short": "Playwright descendant of the Borgias casts his Lucrezia, followed by murder.", "publication_date": "1935-04-27", "opening_date": "1935-03-30", "date_updated": "2016-03-30 07:29:19", "link": {"type": "article", "url": "http://www.nytimes.com/movie/review?res=9A04E1DC163FE23ABC4F51DFB266838E629EDE", "suggested_link_text": "Read the New York Times Review of The Florentine Dagger"}, "multimedia": null}, {"display_title": "Pechmarie", "mpaa_rating": "", "critics_pick": 0, "byline": "H.T.S.", "headline": "Pechmarie", "summary_short": "", "publication_date": "1935-04-22", "opening_date": "1935-04-21", "date_updated": "2016-03-30 06:50:06", "link": {"type": "article", "url": "http://www.nytimes.com/movie/review?res=940CE0D81039E33ABC4A51DFB266838E629EDE", "suggested_link_text": "Read the New York Times Review of Pechmarie"}, "multimedia": null}, {"display_title": "Yunost Maksima", "mpaa_rating": "", "critics_pick": 0, "byline": "ANDRE SENNWALD.", "headline": "Youth of Maxim, The", "summary_short": "", "publication_date": "1935-04-20", "opening_date": "1935-04-19", "date_updated": "2016-03-30 07:20:42", "link": {"type": "article", "url": "http://www.nytimes.com/movie/review?res=9C07E5DE163CE33ABC4851DFB266838E629EDE", "suggested_link_text": "Read the New York Times Review of Yunost Maksima"}, "multimedia": null}, {"display_title": "Stolen Harmony", "mpaa_rating": "", "critics_pick": 0, "byline": "F.S.N.", "headline": "Stolen Harmony", "summary_short": "", "publication_date": "1935-04-20", "opening_date": "1935-04-20", "date_updated": "2016-03-30 06:46:17", "link": {"type": "article", "url": "http://www.nytimes.com/movie/review?res=9E07E5DE163CE33ABC4851DFB266838E629EDE", "suggested_link_text": "Read the New York Times Review of Stolen Harmony"}, "multimedia": null}, {"display_title": "Reckless", "mpaa_rating": "Not Rated", "critics_pick": 0, "byline": "A.S.", "headline": "Reckless", "summary_short": "Chorus girl in hot water. Intense milling, little more.", "publication_date": "1935-04-20", "opening_date": "1935-04-19", "date_updated": "2016-03-30 07:05:31", "link": {"type": "article", "url": "http://www.nytimes.com/movie/review?res=9D07E5DE163CE33ABC4851DFB266838E629EDE", "suggested_link_text": "Read the New York Times Review of Reckless"}, "multimedia": null}, {"display_title": "Love in Bloom", "mpaa_rating": "", "critics_pick": 0, "byline": "F.S.N.", "headline": "Love in Bloom", "summary_short": "Some bloom from perky Gracie.", "publication_date": "1935-04-20", "opening_date": "1935-04-20", "date_updated": "2016-03-30 06:52:27", "link": {"type": "article", "url": "http://www.nytimes.com/movie/review?res=9F07E5DE163CE33ABC4851DFB266838E629EDE", "suggested_link_text": "Read the New York Times Review of Love in Bloom"}, "multimedia": null}, {"display_title": "Cardinal Richelieu", "mpaa_rating": "", "critics_pick": 0, "byline": "ANDRE SENNWALD.", "headline": "Cardinal Richelieu", "summary_short": "Edward Arnold. Rich production, fine George.", "publication_date": "1935-04-19", "opening_date": "1935-04-28", "date_updated": "2016-03-30 07:13:46", "link": {"type": "article", "url": "http://www.nytimes.com/movie/review?res=9B01E6DF163FE23ABC4152DFB266838E629EDE", "suggested_link_text": "Read the New York Times Review of Cardinal Richelieu"}, "multimedia": null}, {"display_title": "Mississippi", "mpaa_rating": "", "critics_pick": 0, "byline": "ANDRE SENNWALD.", "headline": "Mississippi", "summary_short": "Tattered magnolia petals now but three tasty Rodgers and Hart ballads.", "publication_date": "1935-04-18", "opening_date": "1935-03-22", "date_updated": "2016-03-30 07:29:37", "link": {"type": "article", "url": "http://www.nytimes.com/movie/review?res=9902E1D61F3CE23ABC4052DFB266838E629EDE", "suggested_link_text": "Read the New York Times Review of Mississippi"}, "multimedia": null}, {"display_title": "The Casino Murder Case", "mpaa_rating": "", "critics_pick": 0, "byline": "ANDRE SENNWALD.", "headline": "Casino Murder Case, The", "summary_short": "Sleek Philo Vance sleuther. Old but offbeat.", "publication_date": "1935-04-17", "opening_date": "1935-03-15", "date_updated": "2016-03-30 06:41:56", "link": {"type": "article", "url": "http://www.nytimes.com/movie/review?res=9B0CE7D61F3CE23ABC4F52DFB266838E629EDE", "suggested_link_text": "Read the New York Times Review of The Casino Murder Case"}, "multimedia": null}, {"display_title": "Men of Tomorrow", "mpaa_rating": "", "critics_pick": 0, "byline": "ANDRE SENNWALD.", "headline": "Men of Tomorrow", "summary_short": "", "publication_date": "1935-04-16", "opening_date": "1933-03-20", "date_updated": "2016-03-30 07:23:00", "link": {"type": "article", "url": "http://www.nytimes.com/movie/review?res=9400E7D81039E33ABC4E52DFB266838E629EDE", "suggested_link_text": "Read the New York Times Review of Men of Tomorrow"}, "multimedia": null}, {"display_title": "My Heart Is Calling", "mpaa_rating": "", "critics_pick": 0, "byline": "ANDRE SENNWALD.", "headline": "My Heart Is Calling", "summary_short": "", "publication_date": "1935-04-15", "opening_date": null, "date_updated": "2016-03-30 06:58:29", "link": {"type": "article", "url": "http://www.nytimes.com/movie/review?res=9E05E3D91039E33ABC4D52DFB266838E629EDE", "suggested_link_text": "Read the New York Times Review of My Heart Is Calling"}, "multimedia": null}, {"display_title": "Sons of Steel", "mpaa_rating": "", "critics_pick": 0, "byline": "F.S.N.", "headline": "Sons of Steel", "summary_short": "", "publication_date": "1935-04-15", "opening_date": "1934-12-15", "date_updated": "2016-03-30 06:45:46", "link": {"type": "article", "url": "http://www.nytimes.com/movie/review?res=9F05E3D91039E33ABC4D52DFB266838E629EDE", "suggested_link_text": "Read the New York Times Review of Sons of Steel"}, "multimedia": null}, {"display_title": "Vanessa, Her Love Story", "mpaa_rating": "", "critics_pick": 0, "byline": "ANDRE SENNWALD.", "headline": "Vanessa: Her Love Story", "summary_short": "Young wife and roguish gypsy. Weak, dated stuff.", "publication_date": "1935-04-13", "opening_date": "1935-03-01", "date_updated": "2016-03-30 06:43:27", "link": {"type": "article", "url": "http://www.nytimes.com/movie/review?res=9B00E1DA1039E33ABC4B52DFB266838E629EDE", "suggested_link_text": "Read the New York Times Review of Vanessa, Her Love Story"}, "multimedia": null}]}