{"status": "OK", "copyright": "Copyright (c) 2017 The New York Times Company. All Rights Reserved.", "has_more": true, "num_results": 20, "results": [{"display_title": "Satan Met a Lady", "mpaa_rating": "", "critics_pick": 0, "byline": "B.R.C.", "headline": "Satan Met a Lady", "summary_short": "Early, silly swat at ``The Maltese Falcon,'' with some odd casting. The bird is a horn, of all things.", "publication_date": "1936-07-23", "opening_date": "1936-07-22", "date_updated": "2016-03-30 06:51:28", "link": {"type": "article", "url": "http://www.nytimes.com/movie/review?res=9407EEDE1E3FEE3BBC4B51DFB166838D629EDE", "suggested_link_text": "Read the New York Times Review of Satan Met a Lady"}, "multimedia": null}, {"display_title": "Counterfeit", "mpaa_rating": "", "critics_pick": 0, "byline": "B.R.C.", "headline": "Counterfeit", "summary_short": "", "publication_date": "1936-07-20", "opening_date": "1936-05-25", "date_updated": "2016-03-30 06:58:00", "link": {"type": "article", "url": "http://www.nytimes.com/movie/review?res=9F05E1DF173DE33BBC4851DFB166838D629EDE", "suggested_link_text": "Read the New York Times Review of Counterfeit"}, "multimedia": null}, {"display_title": "Amo Te Sola", "mpaa_rating": "", "critics_pick": 0, "byline": "H.T.S.", "headline": "Amo Te Sola", "summary_short": "", "publication_date": "1936-07-20", "opening_date": "1936-07-19", "date_updated": "2016-03-30 07:24:08", "link": {"type": "article", "url": "http://www.nytimes.com/movie/review?res=9805E1DF173DE33BBC4851DFB166838D629EDE", "suggested_link_text": "Read the New York Times Review of Amo Te Sola"}, "multimedia": null}, {"display_title": "Eine Frau, Die Weiss, Was Sie Will", "mpaa_rating": "", "critics_pick": 0, "byline": "H.T.S.", "headline": "Frau die Weiss Was Sie Will, Ein", "summary_short": "", "publication_date": "1936-07-18", "opening_date": null, "date_updated": "2016-03-30 07:15:55", "link": {"type": "article", "url": "http://www.nytimes.com/movie/review?res=9A00E5DA143CE53ABC4052DFB166838D629EDE", "suggested_link_text": "Read the New York Times Review of Eine Frau, Die Weiss, Was Sie Will"}, "multimedia": null}, {"display_title": "White Fang", "mpaa_rating": "", "critics_pick": 0, "byline": "B.R.C.", "headline": "White Fang", "summary_short": "", "publication_date": "1936-07-18", "opening_date": "1936-07-17", "date_updated": "2016-03-30 07:07:28", "link": {"type": "article", "url": "http://www.nytimes.com/movie/review?res=9800E5DA143CE53ABC4052DFB166838D629EDE", "suggested_link_text": "Read the New York Times Review of White Fang"}, "multimedia": null}, {"display_title": "And Sudden Death", "mpaa_rating": "", "critics_pick": 0, "byline": "T.M.P.", "headline": "Sudden Death, And", "summary_short": "Flat little drama-sermon on bad driving. As dated as the hills.", "publication_date": "1936-07-18", "opening_date": "1936-06-16", "date_updated": "2016-03-30 07:13:17", "link": {"type": "article", "url": "http://www.nytimes.com/movie/review?res=9900E5DA143CE53ABC4052DFB166838D629EDE", "suggested_link_text": "Read the New York Times Review of And Sudden Death"}, "multimedia": null}, {"display_title": "The Green Pastures", "mpaa_rating": "", "critics_pick": 1, "byline": "B.R.C.", "headline": "Green Pastures, The", "summary_short": "Black minister's Bible stories. Highly evocative.", "publication_date": "1936-07-17", "opening_date": "1936-08-01", "date_updated": "2016-03-30 06:46:46", "link": {"type": "article", "url": "http://www.nytimes.com/movie/review?res=9B00E1DB143CE53ABC4F52DFB166838D629EDE", "suggested_link_text": "Read the New York Times Review of The Green Pastures"}, "multimedia": null}, {"display_title": "Partiynyy Bilet", "mpaa_rating": "", "critics_pick": 0, "byline": "H.T.S.", "headline": "Anna", "summary_short": "", "publication_date": "1936-07-17", "opening_date": "1936-07-16", "date_updated": "2016-03-30 07:15:49", "link": {"type": "article", "url": "http://www.nytimes.com/movie/review?res=9400E1DB143CE53ABC4F52DFB166838D629EDE", "suggested_link_text": "Read the New York Times Review of Partiynyy Bilet"}, "multimedia": null}, {"display_title": "Meet Nero Wolfe", "mpaa_rating": "", "critics_pick": 0, "byline": "J.T.M.", "headline": "Meet Nero Wolfe", "summary_short": "", "publication_date": "1936-07-16", "opening_date": "1936-07-17", "date_updated": "2016-03-30 06:51:07", "link": {"type": "article", "url": "http://www.nytimes.com/movie/review?res=9903E1DD1030E13BBC4E52DFB166838D629EDE", "suggested_link_text": "Read the New York Times Review of Meet Nero Wolfe"}, "multimedia": null}, {"display_title": "Early to Bed", "mpaa_rating": "", "critics_pick": 0, "byline": "B.R.C.", "headline": "Early to Bed", "summary_short": "Silly domestic comedy.", "publication_date": "1936-07-16", "opening_date": "1936-06-05", "date_updated": "2016-03-30 07:06:14", "link": {"type": "article", "url": "http://www.nytimes.com/movie/review?res=9A03E1DD1030E13BBC4E52DFB166838D629EDE", "suggested_link_text": "Read the New York Times Review of Early to Bed"}, "multimedia": null}, {"display_title": "The Mine with the Iron Door", "mpaa_rating": "", "critics_pick": 0, "byline": "J.T.M.", "headline": "Mine With the Iron Door, The", "summary_short": "", "publication_date": "1936-07-11", "opening_date": "1936-05-06", "date_updated": "2016-03-30 06:56:26", "link": {"type": "article", "url": "http://www.nytimes.com/movie/review?res=9403E6DE1E3FEE3BBC4952DFB166838D629EDE", "suggested_link_text": "Read the New York Times Review of The Mine with the Iron Door"}, "multimedia": null}, {"display_title": "High Tension", "mpaa_rating": "", "critics_pick": 0, "byline": "T.M.P.", "headline": "High Tension", "summary_short": "", "publication_date": "1936-07-11", "opening_date": "1936-07-17", "date_updated": "2016-03-30 06:47:42", "link": {"type": "article", "url": "http://www.nytimes.com/movie/review?res=9D02E6DE1E3FEE3BBC4952DFB166838D629EDE", "suggested_link_text": "Read the New York Times Review of High Tension"}, "multimedia": null}, {"display_title": "Fatal Lady", "mpaa_rating": "", "critics_pick": 0, "byline": "B.R.C.", "headline": "Fatal Lady", "summary_short": "A most unfortunate specimen.", "publication_date": "1936-07-11", "opening_date": "1936-05-15", "date_updated": "2016-03-30 06:51:39", "link": {"type": "article", "url": "http://www.nytimes.com/movie/review?res=9A03E6DE1E3FEE3BBC4952DFB166838D629EDE", "suggested_link_text": "Read the New York Times Review of Fatal Lady"}, "multimedia": null}, {"display_title": "This Is the Land", "mpaa_rating": "", "critics_pick": 0, "byline": "Harry T. Smith", "headline": "This is the Land", "summary_short": "", "publication_date": "1936-07-10", "opening_date": "1936-07-09", "date_updated": "2016-03-30 06:44:06", "link": {"type": "article", "url": "http://www.nytimes.com/movie/review?res=9C03E5DE1030E13BBC4852DFB166838D629EDE", "suggested_link_text": "Read the New York Times Review of This Is the Land"}, "multimedia": null}, {"display_title": "The Bride Walks Out", "mpaa_rating": "", "critics_pick": 0, "byline": "John T. McManus", "headline": "Bride Walks Out, The", "summary_short": "Harmless, dated fluff, nice cast.", "publication_date": "1936-07-10", "opening_date": "1936-07-10", "date_updated": "2016-03-30 07:21:40", "link": {"type": "article", "url": "http://www.nytimes.com/movie/review?res=9500E5DE1030E13BBC4852DFB166838D629EDE", "suggested_link_text": "Read the New York Times Review of The Bride Walks Out"}, "multimedia": null}, {"display_title": "Public Enemy's Wife", "mpaa_rating": "", "critics_pick": 0, "byline": "J.T.M.", "headline": "Public Enemy's Wife", "summary_short": "Convict's wife finds new love.", "publication_date": "1936-07-09", "opening_date": "1936-07-25", "date_updated": "2016-03-30 06:41:36", "link": {"type": "article", "url": "http://www.nytimes.com/movie/review?res=9C00E0D6113FEE3BBC4153DFB166838D629EDE", "suggested_link_text": "Read the New York Times Review of Public Enemy's Wife"}, "multimedia": null}, {"display_title": "Wanted Men", "mpaa_rating": "", "critics_pick": 0, "byline": "J.T.M.", "headline": "Wanted Men", "summary_short": "", "publication_date": "1936-07-08", "opening_date": "1936-07-07", "date_updated": "2016-03-30 06:52:28", "link": {"type": "article", "url": "http://www.nytimes.com/movie/review?res=9F0CEED61330E13BBC4053DFB166838D629EDE", "suggested_link_text": "Read the New York Times Review of Wanted Men"}, "multimedia": null}, {"display_title": "Fiat Voluntas Dei", "mpaa_rating": "", "critics_pick": 0, "byline": "H.T.S.", "headline": "Fiat Voluntas Dei", "summary_short": "", "publication_date": "1936-07-06", "opening_date": "1936-07-05", "date_updated": "2016-03-30 07:25:47", "link": {"type": "article", "url": "http://www.nytimes.com/movie/review?res=9D02E6D81330E13BBC4E53DFB166838D629EDE", "suggested_link_text": "Read the New York Times Review of Fiat Voluntas Dei"}, "multimedia": null}, {"display_title": "The Harvester", "mpaa_rating": "", "critics_pick": 0, "byline": "J.T.M.", "headline": "Harvester, The", "summary_short": "", "publication_date": "1936-07-04", "opening_date": "1936-04-18", "date_updated": "2016-03-30 07:22:16", "link": {"type": "article", "url": "http://www.nytimes.com/movie/review?res=9A03E2D6113FEE3BBC4C53DFB166838D629EDE", "suggested_link_text": "Read the New York Times Review of The Harvester"}, "multimedia": null}, {"display_title": "Forgotten Faces", "mpaa_rating": "", "critics_pick": 0, "byline": "B.R.C.", "headline": "Forgotten Faces", "summary_short": "", "publication_date": "1936-07-04", "opening_date": "1936-05-15", "date_updated": "2016-03-30 06:46:41", "link": {"type": "article", "url": "http://www.nytimes.com/movie/review?res=9C02E2D6113FEE3BBC4C53DFB166838D629EDE", "suggested_link_text": "Read the New York Times Review of Forgotten Faces"}, "multimedia": null}]}