{"status": "OK", "copyright": "Copyright (c) 2017 The New York Times Company. All Rights Reserved.", "has_more": true, "num_results": 20, "results": [{"display_title": "Ist Mein Mann Nicht Fabelhaft?", "mpaa_rating": "", "critics_pick": 0, "byline": "Harry T. Smith", "headline": "Ist Mein Mann Nicht Fabelhaft", "summary_short": "", "publication_date": "1936-12-08", "opening_date": "1936-12-07", "date_updated": "2016-03-30 07:15:46", "link": {"type": "article", "url": "http://www.nytimes.com/movie/review?res=9B06E6D7173EEE3BBC4053DFB467838D629EDE", "suggested_link_text": "Read the New York Times Review of Ist Mein Mann Nicht Fabelhaft?"}, "multimedia": null}, {"display_title": "Old Hutch", "mpaa_rating": "", "critics_pick": 0, "byline": "J.T.M.", "headline": "Old Hutch", "summary_short": "Town loafer finds fortune.", "publication_date": "1936-12-07", "opening_date": "1936-09-25", "date_updated": "2016-03-30 07:22:35", "link": {"type": "article", "url": "http://www.nytimes.com/movie/review?res=9D01E5D9173EEE3BBC4F53DFB467838D629EDE", "suggested_link_text": "Read the New York Times Review of Old Hutch"}, "multimedia": null}, {"display_title": "The Luckiest Girl in the World", "mpaa_rating": "", "critics_pick": 0, "byline": "B.R.C.", "headline": "Luckiest Girl in the World, The", "summary_short": "", "publication_date": "1936-12-05", "opening_date": "1936-10-01", "date_updated": "2016-03-30 07:22:04", "link": {"type": "article", "url": "http://www.nytimes.com/movie/review?res=9A07E2D6143BE33BBC4D53DFB467838D629EDE", "suggested_link_text": "Read the New York Times Review of The Luckiest Girl in the World"}, "multimedia": null}, {"display_title": "Charlie Chan at the Opera", "mpaa_rating": "Not Rated", "critics_pick": 0, "byline": "T.M.P.", "headline": "Charlie Chan at the Opera", "summary_short": "Firm, atmospheric Chan puzzle, good mini-operatic flavoring.", "publication_date": "1936-12-05", "opening_date": "1937-01-08", "date_updated": "2016-03-30 07:28:54", "link": {"type": "article", "url": "http://www.nytimes.com/movie/review?res=9807E2D6143BE33BBC4D53DFB467838D629EDE", "suggested_link_text": "Read the New York Times Review of Charlie Chan at the Opera"}, "multimedia": null}, {"display_title": "Born to Dance", "mpaa_rating": "", "critics_pick": 0, "byline": "J.T.M.", "headline": "Born to Dance", "summary_short": "Broadway star loves sailor who loves aspiring dancer. Cole Porter's first original film score, and it's a honey.", "publication_date": "1936-12-05", "opening_date": "1936-11-27", "date_updated": "2016-03-30 07:21:53", "link": {"type": "article", "url": "http://www.nytimes.com/movie/review?res=9907E2D6143BE33BBC4D53DFB467838D629EDE", "suggested_link_text": "Read the New York Times Review of Born to Dance"}, "multimedia": null}, {"display_title": "Winterset", "mpaa_rating": "", "critics_pick": 0, "byline": "J.T.M.", "headline": "Winterset", "summary_short": "Sacco-Vanzetti aftermath. Stagy but compelling.", "publication_date": "1936-12-04", "opening_date": "1936-12-03", "date_updated": "2016-03-30 07:30:37", "link": {"type": "article", "url": "http://www.nytimes.com/movie/review?res=9903E5D9173EEE3BBC4C53DFB467838D629EDE", "suggested_link_text": "Read the New York Times Review of Winterset"}, "multimedia": null}, {"display_title": "Tundra", "mpaa_rating": "", "critics_pick": 0, "byline": "J. T.M.", "headline": "Tundra", "summary_short": "", "publication_date": "1936-12-03", "opening_date": "1936-08-25", "date_updated": "2016-03-30 06:43:13", "link": {"type": "article", "url": "http://www.nytimes.com/movie/review?res=9C01E5DE1F39EE3BBC4B53DFB467838D629EDE", "suggested_link_text": "Read the New York Times Review of Tundra"}, "multimedia": null}, {"display_title": "Rembrandt", "mpaa_rating": "", "critics_pick": 0, "byline": "B.R.C.", "headline": "Rembrandt", "summary_short": "A Laughton peak. Charles the Great.", "publication_date": "1936-12-03", "opening_date": "1936-12-25", "date_updated": "2016-03-30 07:22:25", "link": {"type": "article", "url": "http://www.nytimes.com/movie/review?res=9D06E5DE1F39EE3BBC4B53DFB467838D629EDE", "suggested_link_text": "Read the New York Times Review of Rembrandt"}, "multimedia": null}, {"display_title": "Once in a Blue Moon", "mpaa_rating": "", "critics_pick": 0, "byline": "B.R.C.", "headline": "Once in a Blue Moon", "summary_short": "", "publication_date": "1936-12-02", "opening_date": "1935-05-10", "date_updated": "2016-03-30 07:24:51", "link": {"type": "article", "url": "http://www.nytimes.com/movie/review?res=9C0DE5DF1F39EE3BBC4A53DFB467838D629EDE", "suggested_link_text": "Read the New York Times Review of Once in a Blue Moon"}, "multimedia": null}, {"display_title": "Wanted: Jane Turner", "mpaa_rating": "", "critics_pick": 0, "byline": "J.T.M.", "headline": "Wanted: Jane Turner", "summary_short": "Postal inspectors track killers.", "publication_date": "1936-11-30", "opening_date": "1936-12-04", "date_updated": "2016-03-30 06:49:31", "link": {"type": "article", "url": "http://www.nytimes.com/movie/review?res=9504EED71E39EE3BBC4850DFB767838D629EDE", "suggested_link_text": "Read the New York Times Review of Wanted: Jane Turner"}, "multimedia": null}, {"display_title": "Ember a Hid Alatt", "mpaa_rating": "", "critics_pick": 0, "byline": "H.T.S.", "headline": "Ember a hid Alatt", "summary_short": "", "publication_date": "1936-11-30", "opening_date": "1936-11-29", "date_updated": "2016-03-30 07:04:57", "link": {"type": "article", "url": "http://www.nytimes.com/movie/review?res=9C07EED71E39EE3BBC4850DFB767838D629EDE", "suggested_link_text": "Read the New York Times Review of Ember a Hid Alatt"}, "multimedia": null}, {"display_title": "Love on the Run", "mpaa_rating": "", "critics_pick": 0, "byline": "J.T.M", "headline": "Love on the Run", "summary_short": "Rival newsmen and an American heiress get mixed up with spies in Europe.", "publication_date": "1936-11-28", "opening_date": "1936-11-20", "date_updated": "2016-03-30 06:49:54", "link": {"type": "article", "url": "http://www.nytimes.com/movie/review?res=9F02E7DB153CE53ABC4051DFB767838D629EDE", "suggested_link_text": "Read the New York Times Review of Love on the Run"}, "multimedia": null}, {"display_title": "Befehl Ist Befehl", "mpaa_rating": "", "critics_pick": 0, "byline": "H.T.S.", "headline": "Befehl 1st Befehl", "summary_short": "", "publication_date": "1936-11-28", "opening_date": "1936-11-27", "date_updated": "2016-03-30 06:45:41", "link": {"type": "article", "url": "http://www.nytimes.com/movie/review?res=9802E7DB153CE53ABC4051DFB767838D629EDE", "suggested_link_text": "Read the New York Times Review of Befehl Ist Befehl"}, "multimedia": null}, {"display_title": "Reunion", "mpaa_rating": "", "critics_pick": 0, "byline": "B.R.C.", "headline": "Reunion", "summary_short": "", "publication_date": "1936-11-27", "opening_date": "1936-11-20", "date_updated": "2016-03-30 06:48:10", "link": {"type": "article", "url": "http://www.nytimes.com/movie/review?res=9F05E0DB173EEE3BBC4F51DFB767838D629EDE", "suggested_link_text": "Read the New York Times Review of Reunion"}, "multimedia": null}, {"display_title": "White Hunter", "mpaa_rating": "", "critics_pick": 0, "byline": "B.R.C.", "headline": "White Hunter", "summary_short": "", "publication_date": "1936-11-26", "opening_date": null, "date_updated": "2016-03-30 07:27:15", "link": {"type": "article", "url": "http://www.nytimes.com/movie/review?res=9803E3D6153DE33BBC4E51DFB767838D629EDE", "suggested_link_text": "Read the New York Times Review of White Hunter"}, "multimedia": null}, {"display_title": "Three Men on a Horse", "mpaa_rating": "", "critics_pick": 0, "byline": "B.R.C.", "headline": "Three Men on a Horse", "summary_short": "Lowbrow racetrack fans. Brash, sassy farce.", "publication_date": "1936-11-26", "opening_date": "1936-11-21", "date_updated": "2016-03-30 07:25:26", "link": {"type": "article", "url": "http://www.nytimes.com/movie/review?res=9F03E3D6153DE33BBC4E51DFB767838D629EDE", "suggested_link_text": "Read the New York Times Review of Three Men on a Horse"}, "multimedia": null}, {"display_title": "Mad Holiday", "mpaa_rating": "", "critics_pick": 0, "byline": "J.T.M.", "headline": "Mad Holiday", "summary_short": "Murder on a cruise ship.", "publication_date": "1936-11-26", "opening_date": "1936-11-13", "date_updated": "2016-03-30 06:43:59", "link": {"type": "article", "url": "http://www.nytimes.com/movie/review?res=9A06E7D6153DE33BBC4E51DFB767838D629EDE", "suggested_link_text": "Read the New York Times Review of Mad Holiday"}, "multimedia": null}, {"display_title": "Lloyd's of London", "mpaa_rating": "", "critics_pick": 0, "byline": "J.T.M.", "headline": "Lloyds of London", "summary_short": "Sweeping, engrossing yarn of the insurance company founding. Good adventure, ripe production.", "publication_date": "1936-11-26", "opening_date": "1937-01-29", "date_updated": "2016-03-30 07:16:25", "link": {"type": "article", "url": "http://www.nytimes.com/movie/review?res=9E03E3D6153DE33BBC4E51DFB767838D629EDE", "suggested_link_text": "Read the New York Times Review of Lloyd's of London"}, "multimedia": null}, {"display_title": "Come Closer, Folks", "mpaa_rating": "", "critics_pick": 0, "byline": "J. T. M.", "headline": "Come Closer, Folks", "summary_short": "", "publication_date": "1936-11-23", "opening_date": "1936-11-07", "date_updated": "2016-03-30 07:11:15", "link": {"type": "article", "url": "http://www.nytimes.com/movie/review?res=9D01E2D91E39EE3BBC4B51DFB767838D629EDE", "suggested_link_text": "Read the New York Times Review of Come Closer, Folks"}, "multimedia": null}, {"display_title": "Alla En El Rancho Grande", "mpaa_rating": "", "critics_pick": 0, "byline": "H. T. S.", "headline": "Alla en el Rancho Grande", "summary_short": "", "publication_date": "1936-11-23", "opening_date": null, "date_updated": "2016-03-30 07:16:00", "link": {"type": "article", "url": "http://www.nytimes.com/movie/review?res=9E01E2D91E39EE3BBC4B51DFB767838D629EDE", "suggested_link_text": "Read the New York Times Review of Alla En El Rancho Grande"}, "multimedia": null}]}