{"status": "OK", "copyright": "Copyright (c) 2017 The New York Times Company. All Rights Reserved.", "has_more": true, "num_results": 20, "results": [{"display_title": "The Secret of Madame Blanche", "mpaa_rating": "", "critics_pick": 0, "byline": "MORDAUNT HALL.", "headline": "Secret of Madame Blanche, The", "summary_short": "Widowed music-hall entertainer. A forgotten one worth investigating.", "publication_date": "1933-02-04", "opening_date": "1933-02-03", "date_updated": "2016-03-30 06:47:09", "link": {"type": "article", "url": "http://www.nytimes.com/movie/review?res=9E02EFDF1F3BEF3ABC4C53DFB4668388629EDE", "suggested_link_text": "Read the New York Times Review of The Secret of Madame Blanche"}, "multimedia": null}, {"display_title": "The Iron Master", "mpaa_rating": "", "critics_pick": 0, "byline": "A.D.S.", "headline": "Iron Master, The", "summary_short": "", "publication_date": "1933-02-04", "opening_date": "1933-02-04", "date_updated": "2016-03-30 06:54:49", "link": {"type": "article", "url": "http://www.nytimes.com/movie/review?res=9F02EFDF1F3BEF3ABC4C53DFB4668388629EDE", "suggested_link_text": "Read the New York Times Review of The Iron Master"}, "multimedia": null}, {"display_title": "Mon Coeur Balance", "mpaa_rating": "", "critics_pick": 0, "byline": "H.T.S.", "headline": "Mon Coeur Balance", "summary_short": "", "publication_date": "1933-02-03", "opening_date": "1933-02-02", "date_updated": "2016-03-30 07:19:44", "link": {"type": "article", "url": "http://www.nytimes.com/movie/review?res=9C00E5D6163BEF3ABC4B53DFB4668388629EDE", "suggested_link_text": "Read the New York Times Review of Mon Coeur Balance"}, "multimedia": null}, {"display_title": "Luxury Liner", "mpaa_rating": "", "critics_pick": 0, "byline": "MORDAUNT HALL.", "headline": "Luxury Liner", "summary_short": "", "publication_date": "1933-02-03", "opening_date": "1933-02-03", "date_updated": "2016-03-30 06:43:50", "link": {"type": "article", "url": "http://www.nytimes.com/movie/review?res=9501E5D6163BEF3ABC4B53DFB4668388629EDE", "suggested_link_text": "Read the New York Times Review of Luxury Liner"}, "multimedia": null}, {"display_title": "Hard to Handle", "mpaa_rating": "", "critics_pick": 0, "byline": "MORDAUNT HALL", "headline": "Hard to Handle", "summary_short": "A con man. Fast, funny and rowdy.", "publication_date": "1933-02-02", "opening_date": "1933-01-28", "date_updated": "2016-03-30 06:55:30", "link": {"type": "article", "url": "http://www.nytimes.com/movie/review?res=9C03E1D7163BEF3ABC4A53DFB4668388629EDE", "suggested_link_text": "Read the New York Times Review of Hard to Handle"}, "multimedia": null}, {"display_title": "No Other Woman", "mpaa_rating": "", "critics_pick": 0, "byline": "MORDAUNT HALL.", "headline": "No Other Woman", "summary_short": "Tycoon turns restless after aggressive wife engineers his rise.", "publication_date": "1933-01-30", "opening_date": "1933-01-06", "date_updated": "2016-03-30 07:20:02", "link": {"type": "article", "url": "http://www.nytimes.com/movie/review?res=9505E7D61E39EF32A25753C3A9679C946294D6CF", "suggested_link_text": "Read the New York Times Review of No Other Woman"}, "multimedia": null}, {"display_title": "Hello, Everybody!", "mpaa_rating": "", "critics_pick": 0, "byline": "A.D.S.", "headline": "Hello, Everybody", "summary_short": "Pure, wholesome corn from a large, golden-voiced lady.", "publication_date": "1933-01-30", "opening_date": "1933-02-17", "date_updated": "2016-03-30 07:11:41", "link": {"type": "article", "url": "http://www.nytimes.com/movie/review?res=9405E7D61E39EF32A25753C3A9679C946294D6CF", "suggested_link_text": "Read the New York Times Review of Hello, Everybody!"}, "multimedia": null}, {"display_title": "State Fair", "mpaa_rating": "", "critics_pick": 1, "byline": "MORDAUNT HALL.", "headline": "State Fair", "summary_short": "Phil Stong's Iowans. First and best of three versions.", "publication_date": "1933-01-27", "opening_date": "1933-02-10", "date_updated": "2016-03-30 07:19:58", "link": {"type": "article", "url": "http://www.nytimes.com/movie/review?res=9400E6DD1E3AE333A25754C2A9679C946294D6CF", "suggested_link_text": "Read the New York Times Review of State Fair"}, "multimedia": null}, {"display_title": "Parachute Jumper", "mpaa_rating": "", "critics_pick": 0, "byline": "MORDAUNT HALL.", "headline": "Parachute Jumper", "summary_short": "Marine pilot and pal go to work for a gangster.", "publication_date": "1933-01-26", "opening_date": "1933-01-28", "date_updated": "2016-03-30 07:26:59", "link": {"type": "article", "url": "http://www.nytimes.com/movie/review?res=9500E1DC1738E333A25755C2A9679C946294D6CF", "suggested_link_text": "Read the New York Times Review of Parachute Jumper"}, "multimedia": null}, {"display_title": "Piri Mindent Tud", "mpaa_rating": "", "critics_pick": 0, "byline": "H.T.S.", "headline": "Piri Mindont Tud", "summary_short": "", "publication_date": "1933-01-26", "opening_date": null, "date_updated": "2016-03-30 06:42:12", "link": {"type": "article", "url": "http://www.nytimes.com/movie/review?res=9D03E1DC1738E333A25755C2A9679C946294D6CF", "suggested_link_text": "Read the New York Times Review of Piri Mindent Tud"}, "multimedia": null}, {"display_title": "Das Nachtigall Madel", "mpaa_rating": "", "critics_pick": 0, "byline": "H.T.S.", "headline": "Nachtigall Maedel, Das", "summary_short": "", "publication_date": "1933-01-23", "opening_date": null, "date_updated": "2016-03-30 06:57:42", "link": {"type": "article", "url": "http://www.nytimes.com/movie/review?res=950DE6D71E3BEF3ABC4B51DFB7668388629EDE", "suggested_link_text": "Read the New York Times Review of Das Nachtigall Madel"}, "multimedia": null}, {"display_title": "The Vampire Bat", "mpaa_rating": "", "critics_pick": 0, "byline": "A.D.S.", "headline": "Vampire Bat, The", "summary_short": "A terrified village. Above average thriller, power of suggestion.", "publication_date": "1933-01-23", "opening_date": "1933-01-21", "date_updated": "2016-03-30 07:24:18", "link": {"type": "article", "url": "http://www.nytimes.com/movie/review?res=9A0DE6D71E3BEF3ABC4B51DFB7668388629EDE", "suggested_link_text": "Read the New York Times Review of The Vampire Bat"}, "multimedia": null}, {"display_title": "Hot Pepper", "mpaa_rating": "", "critics_pick": 0, "byline": "MORDAUNT HALL.", "headline": "Hot Pepper", "summary_short": "", "publication_date": "1933-01-23", "opening_date": "1933-01-15", "date_updated": "2016-03-30 06:57:03", "link": {"type": "article", "url": "http://www.nytimes.com/movie/review?res=980DE6D71E3BEF3ABC4B51DFB7668388629EDE", "suggested_link_text": "Read the New York Times Review of Hot Pepper"}, "multimedia": null}, {"display_title": "Air Hostess", "mpaa_rating": "", "critics_pick": 0, "byline": "A.D.S.", "headline": "Air Hostess", "summary_short": "", "publication_date": "1933-01-23", "opening_date": "1933-01-15", "date_updated": "2016-03-30 06:50:34", "link": {"type": "article", "url": "http://www.nytimes.com/movie/review?res=990DE6D71E3BEF3ABC4B51DFB7668388629EDE", "suggested_link_text": "Read the New York Times Review of Air Hostess"}, "multimedia": null}, {"display_title": "Les Cinq Gentlemen Maudits", "mpaa_rating": "", "critics_pick": 0, "byline": "H.T.S.", "headline": "Sous la Lune du Maroc", "summary_short": "", "publication_date": "1933-01-23", "opening_date": "1933-01-26", "date_updated": "2016-03-30 07:11:22", "link": {"type": "article", "url": "http://www.nytimes.com/movie/review?res=9B0DE6D71E3BEF3ABC4B51DFB7668388629EDE", "suggested_link_text": "Read the New York Times Review of Les Cinq Gentlemen Maudits"}, "multimedia": null}, {"display_title": "Tonight Is Ours", "mpaa_rating": "", "critics_pick": 0, "byline": "MORDAUNT HALL.", "headline": "Tonight Is Ours", "summary_short": "", "publication_date": "1933-01-21", "opening_date": "1933-01-21", "date_updated": "2016-03-30 07:20:10", "link": {"type": "article", "url": "http://www.nytimes.com/movie/review?res=9B04EED9163BEF3ABC4951DFB7668388629EDE", "suggested_link_text": "Read the New York Times Review of Tonight Is Ours"}, "multimedia": null}, {"display_title": "Employees' Entrance", "mpaa_rating": "", "critics_pick": 0, "byline": "M.H.", "headline": "Employees' Entrance", "summary_short": "Department store backstage, with icy manager. Colorful, bristly drama.", "publication_date": "1933-01-21", "opening_date": "1933-02-11", "date_updated": "2016-03-30 07:23:53", "link": {"type": "article", "url": "http://www.nytimes.com/movie/review?res=9404EED9163BEF3ABC4951DFB7668388629EDE", "suggested_link_text": "Read the New York Times Review of Employees' Entrance"}, "multimedia": null}, {"display_title": "The King's Vacation", "mpaa_rating": "", "critics_pick": 0, "byline": "MORDAUNT HALL.", "headline": "King's Vacation, The", "summary_short": "Monarch learns about the other half.", "publication_date": "1933-01-20", "opening_date": "1933-02-25", "date_updated": "2016-03-30 06:54:57", "link": {"type": "article", "url": "http://www.nytimes.com/movie/review?res=9E03E3D71F31E333A25753C2A9679C946294D6CF", "suggested_link_text": "Read the New York Times Review of The King's Vacation"}, "multimedia": null}, {"display_title": "The Pride of the Legion", "mpaa_rating": "", "critics_pick": 0, "byline": "A.D.S.", "headline": "Big Pay-Off, The", "summary_short": "", "publication_date": "1933-01-17", "opening_date": "1932-10-18", "date_updated": "2016-03-30 07:28:34", "link": {"type": "article", "url": "http://www.nytimes.com/movie/review?res=9F0CE1DA1E3BEF3ABC4F52DFB7668388629EDE", "suggested_link_text": "Read the New York Times Review of The Pride of the Legion"}, "multimedia": null}, {"display_title": "Hypnotized", "mpaa_rating": "R", "critics_pick": 0, "byline": "MORDAUNT HALL.", "headline": "Hypnotized", "summary_short": "", "publication_date": "1933-01-16", "opening_date": null, "date_updated": "2016-03-30 06:53:34", "link": {"type": "article", "url": "http://www.nytimes.com/movie/review?res=9F02E1DE1E3AE333A25755C1A9679C946294D6CF", "suggested_link_text": "Read the New York Times Review of Hypnotized"}, "multimedia": null}]}