{"status": "OK", "copyright": "Copyright (c) 2017 The New York Times Company. All Rights Reserved.", "has_more": true, "num_results": 20, "results": [{"display_title": "Polo Joe", "mpaa_rating": "", "critics_pick": 0, "byline": "FRANK S. NUGENT", "headline": "Polo Joe", "summary_short": "Man allergic to horses tries to impress woman he loves.", "publication_date": "1936-11-05", "opening_date": "1936-12-08", "date_updated": "2016-03-30 06:53:19", "link": {"type": "article", "url": "http://www.nytimes.com/movie/review?res=9B02E2DE153CE53ABC4D53DFB767838D629EDE", "suggested_link_text": "Read the New York Times Review of Polo Joe"}, "multimedia": null}, {"display_title": "Without Orders", "mpaa_rating": "", "critics_pick": 0, "byline": "B.R.C.", "headline": "Without Orders", "summary_short": "Pilot vs. playboy for stewardess.", "publication_date": "1936-11-04", "opening_date": "1936-10-23", "date_updated": "2016-03-30 07:14:26", "link": {"type": "article", "url": "http://www.nytimes.com/movie/review?res=9C00E6DD173EEE3BBC4C53DFB767838D629EDE", "suggested_link_text": "Read the New York Times Review of Without Orders"}, "multimedia": null}, {"display_title": "Grunya Kornakova", "mpaa_rating": "", "critics_pick": 0, "byline": "FRANK S. NUGENT", "headline": "Nightingale", "summary_short": "", "publication_date": "1936-11-04", "opening_date": "1936-11-03", "date_updated": "2016-03-30 07:23:12", "link": {"type": "article", "url": "http://www.nytimes.com/movie/review?res=9A01E6DD173EEE3BBC4C53DFB767838D629EDE", "suggested_link_text": "Read the New York Times Review of Grunya Kornakova"}, "multimedia": null}, {"display_title": "Gesuzza La Sposa Garibaldina", "mpaa_rating": "", "critics_pick": 0, "byline": "H.T.S.", "headline": "Gesuzza, La Sposa Garibaldina", "summary_short": "", "publication_date": "1936-11-03", "opening_date": "1936-11-02", "date_updated": "2016-03-30 07:18:27", "link": {"type": "article", "url": "http://www.nytimes.com/movie/review?res=9B01EEDF173EEE3BBC4B53DFB767838D629EDE", "suggested_link_text": "Read the New York Times Review of Gesuzza La Sposa Garibaldina"}, "multimedia": null}, {"display_title": "Legion of Terror", "mpaa_rating": "", "critics_pick": 0, "byline": "J.T.M.", "headline": "Legion of Terror", "summary_short": "", "publication_date": "1936-11-02", "opening_date": "1936-11-01", "date_updated": "2016-03-30 06:47:50", "link": {"type": "article", "url": "http://www.nytimes.com/movie/review?res=9B04EEDF173EEE3BBC4A53DFB767838D629EDE", "suggested_link_text": "Read the New York Times Review of Legion of Terror"}, "multimedia": null}, {"display_title": "The Charge of the Light Brigade", "mpaa_rating": "", "critics_pick": 0, "byline": "FRANK S. NUGENT", "headline": "Charge of the Light Brigade, The", "summary_short": "Tennyson via Curtiz. Fanciful but shipshape.", "publication_date": "1936-11-02", "opening_date": "1936-10-20", "date_updated": "2016-03-30 07:14:29", "link": {"type": "article", "url": "http://www.nytimes.com/movie/review?res=9804EEDF173EEE3BBC4A53DFB767838D629EDE", "suggested_link_text": "Read the New York Times Review of The Charge of the Light Brigade"}, "multimedia": null}, {"display_title": "Wives Never Know", "mpaa_rating": "", "critics_pick": 0, "byline": "B.R.C.", "headline": "Wives Never Know", "summary_short": "", "publication_date": "1936-10-31", "opening_date": "1936-09-18", "date_updated": "2016-03-30 06:52:08", "link": {"type": "article", "url": "http://www.nytimes.com/movie/review?res=9901E2D6163EEE3BBC4950DFB667838D629EDE", "suggested_link_text": "Read the New York Times Review of Wives Never Know"}, "multimedia": null}, {"display_title": "The Man I Marry", "mpaa_rating": "", "critics_pick": 0, "byline": "T.M.P.", "headline": "Man I Marry, The", "summary_short": "", "publication_date": "1936-10-31", "opening_date": "1936-11-01", "date_updated": "2016-03-30 07:21:00", "link": {"type": "article", "url": "http://www.nytimes.com/movie/review?res=9E00E2D6163EEE3BBC4950DFB667838D629EDE", "suggested_link_text": "Read the New York Times Review of The Man I Marry"}, "multimedia": null}, {"display_title": "Libeled Lady", "mpaa_rating": "", "critics_pick": 0, "byline": "FRANK S. NUGENT", "headline": "Libeled Lady", "summary_short": "Socialites sue tabloid. Racy and funny, with good cast in top form.", "publication_date": "1936-10-31", "opening_date": "1936-10-09", "date_updated": "2016-03-30 06:54:25", "link": {"type": "article", "url": "http://www.nytimes.com/movie/review?res=9F01E2D6163EEE3BBC4950DFB667838D629EDE", "suggested_link_text": "Read the New York Times Review of Libeled Lady"}, "multimedia": null}, {"display_title": "East Meets West", "mpaa_rating": "", "critics_pick": 0, "byline": "J.T.M.", "headline": "East Meets West", "summary_short": "", "publication_date": "1936-10-31", "opening_date": "1936-10-16", "date_updated": "2016-03-30 06:56:48", "link": {"type": "article", "url": "http://www.nytimes.com/movie/review?res=9501E2D6163EEE3BBC4950DFB667838D629EDE", "suggested_link_text": "Read the New York Times Review of East Meets West"}, "multimedia": null}, {"display_title": "A Woman Rebels", "mpaa_rating": "", "critics_pick": 0, "byline": "FRANK S. NUGENT", "headline": "Woman Rebels, A", "summary_short": "Victorian suffragist. Compelling drama, capable cast and catnip for young Kate, who's super.", "publication_date": "1936-10-30", "opening_date": "1936-11-06", "date_updated": "2016-03-30 07:05:24", "link": {"type": "article", "url": "http://www.nytimes.com/movie/review?res=9806E4D6163EEE3BBC4850DFB667838D629EDE", "suggested_link_text": "Read the New York Times Review of A Woman Rebels"}, "multimedia": null}, {"display_title": "Ladies in Love", "mpaa_rating": "", "critics_pick": 0, "byline": "FRANK S. NUGENT", "headline": "Ladies in Love", "summary_short": "Three women sharing an apartment seek romance. Primordial chick flick.", "publication_date": "1936-10-29", "opening_date": "1936-10-09", "date_updated": "2016-03-30 07:26:28", "link": {"type": "article", "url": "http://www.nytimes.com/movie/review?res=9B0CE7D7163EEE3BBC4151DFB667838D629EDE", "suggested_link_text": "Read the New York Times Review of Ladies in Love"}, "multimedia": null}, {"display_title": "In His Steps", "mpaa_rating": "", "critics_pick": 0, "byline": "J.T.M.", "headline": "In His Steps", "summary_short": "", "publication_date": "1936-10-29", "opening_date": "1936-09-22", "date_updated": "2016-03-30 07:13:12", "link": {"type": "article", "url": "http://www.nytimes.com/movie/review?res=950CE7D7163EEE3BBC4151DFB667838D629EDE", "suggested_link_text": "Read the New York Times Review of In His Steps"}, "multimedia": null}, {"display_title": "Friesennot", "mpaa_rating": "", "critics_pick": 0, "byline": "H.T.S.", "headline": "Friesennot", "summary_short": "", "publication_date": "1936-10-26", "opening_date": "1936-10-25", "date_updated": "2016-03-30 07:25:15", "link": {"type": "article", "url": "http://www.nytimes.com/movie/review?res=9A06E4D61239E632A25755C2A9669D946794D6CF", "suggested_link_text": "Read the New York Times Review of Friesennot"}, "multimedia": null}, {"display_title": "Legy Jo Mindhalalig", "mpaa_rating": "", "critics_pick": 0, "byline": "H.T.S.", "headline": "Legy Jo Mindhalalig", "summary_short": "", "publication_date": "1936-10-26", "opening_date": "1936-10-25", "date_updated": "2016-03-30 06:50:31", "link": {"type": "article", "url": "http://www.nytimes.com/movie/review?res=9B06E4D61239E632A25755C2A9669D946794D6CF", "suggested_link_text": "Read the New York Times Review of Legy Jo Mindhalalig"}, "multimedia": null}, {"display_title": "Killer at Large", "mpaa_rating": "", "critics_pick": 0, "byline": "FRANK S. NUGENT", "headline": "Killer at Large", "summary_short": "", "publication_date": "1936-10-26", "opening_date": "1936-10-27", "date_updated": "2016-03-30 06:58:34", "link": {"type": "article", "url": "http://www.nytimes.com/movie/review?res=9806E4D61239E632A25755C2A9669D946794D6CF", "suggested_link_text": "Read the New York Times Review of Killer at Large"}, "multimedia": null}, {"display_title": "The Magnificent Brute", "mpaa_rating": "", "critics_pick": 0, "byline": "FRANK S. NUGENT", "headline": "Magnificent Brute, The", "summary_short": "Good, old-fashioned melodrama of steel town.", "publication_date": "1936-10-24", "opening_date": "1936-10-11", "date_updated": "2016-03-30 07:14:33", "link": {"type": "article", "url": "http://www.nytimes.com/movie/review?res=9403E6D8163EEE3BBC4C51DFB667838D629EDE", "suggested_link_text": "Read the New York Times Review of The Magnificent Brute"}, "multimedia": null}, {"display_title": "Daniel Boone", "mpaa_rating": "", "critics_pick": 0, "byline": "T.M.P.", "headline": "Daniel Boone", "summary_short": "Okay and best for the youngsters.", "publication_date": "1936-10-24", "opening_date": "1936-10-16", "date_updated": "2016-03-30 07:14:11", "link": {"type": "article", "url": "http://www.nytimes.com/movie/review?res=9F02E6D8163EEE3BBC4C51DFB667838D629EDE", "suggested_link_text": "Read the New York Times Review of Daniel Boone"}, "multimedia": null}, {"display_title": "The Big Game", "mpaa_rating": "", "critics_pick": 0, "byline": "B.R.C.", "headline": "Big Game, The", "summary_short": "Gamblers kidnap quarterback.", "publication_date": "1936-10-24", "opening_date": "1936-10-09", "date_updated": "2016-03-30 07:05:52", "link": {"type": "article", "url": "http://www.nytimes.com/movie/review?res=9C02E6D8163EEE3BBC4C51DFB667838D629EDE", "suggested_link_text": "Read the New York Times Review of The Big Game"}, "multimedia": null}, {"display_title": "Adventure in Manhattan", "mpaa_rating": "", "critics_pick": 0, "byline": "FRANK S. NUGENT", "headline": "Adventure in Manhattan", "summary_short": "Thievery and romance.", "publication_date": "1936-10-23", "opening_date": "1936-10-08", "date_updated": "2016-03-30 07:17:11", "link": {"type": "article", "url": "http://www.nytimes.com/movie/review?res=9E0CE1D9163EEE3BBC4B51DFB667838D629EDE", "suggested_link_text": "Read the New York Times Review of Adventure in Manhattan"}, "multimedia": null}]}