{"status": "OK", "copyright": "Copyright (c) 2017 The New York Times Company. All Rights Reserved.", "has_more": true, "num_results": 20, "results": [{"display_title": "The Song of Bernadette", "mpaa_rating": "", "critics_pick": 0, "byline": "BOSLEY CROWTHER", "headline": "Song of Bernadette, The", "summary_short": "All about Lourdes. Tasteful and often touching.", "publication_date": "1944-01-27", "opening_date": "1945-04-01", "date_updated": "2016-03-30 07:06:10", "link": {"type": "article", "url": "http://www.nytimes.com/movie/review?res=9D05E7DC153DE13BBC4F51DFB766838F659EDE", "suggested_link_text": "Read the New York Times Review of The Song of Bernadette"}, "multimedia": null}, {"display_title": "Gung Ho!", "mpaa_rating": "", "critics_pick": 0, "byline": "BOSLEY CROWTHER", "headline": "Gung Ho!", "summary_short": "Fine World War II battles, otherwise rah-rah cliches.", "publication_date": "1944-01-26", "opening_date": "1943-12-20", "date_updated": "2016-03-30 07:28:00", "link": {"type": "article", "url": "http://www.nytimes.com/movie/review?res=9F07EFDD153DE13BBC4E51DFB766838F659EDE", "suggested_link_text": "Read the New York Times Review of Gung Ho!"}, "multimedia": null}, {"display_title": "Higher and Higher", "mpaa_rating": "", "critics_pick": 0, "byline": "BOSLEY CROWTHER", "headline": "Higher and Higher", "summary_short": "Servants scheme to marry off pretty maid. Frank's first, slight but agreeable. Some nice Rodgers and Hart.", "publication_date": "1944-01-22", "opening_date": "1943-12-01", "date_updated": "2016-03-30 07:05:22", "link": {"type": "article", "url": "http://www.nytimes.com/movie/review?res=9900E6DC1030E53BBC4A51DFB766838F659EDE", "suggested_link_text": "Read the New York Times Review of Higher and Higher"}, "multimedia": null}, {"display_title": "The Miracle of Morgan's Creek", "mpaa_rating": "Not Rated", "critics_pick": 1, "byline": "BOSLEY CROWTHER", "headline": "Miracle of Morgan's Creek, The", "summary_short": "Small-town girl gets very drunk on date with soldier. Preston Sturges gem.", "publication_date": "1944-01-20", "opening_date": "1944-01-01", "date_updated": "2016-03-30 07:28:38", "link": {"type": "article", "url": "http://www.nytimes.com/movie/review?res=980CE5DD1231E03BBC4851DFB766838F659EDE", "suggested_link_text": "Read the New York Times Review of The Miracle of Morgan's Creek"}, "multimedia": null}, {"display_title": "The Lodger", "mpaa_rating": "", "critics_pick": 0, "byline": "T.M.P.", "headline": "Lodger, The", "summary_short": "Jack the Ripper. Florid but richly atmospheric.", "publication_date": "1944-01-20", "opening_date": "1944-01-19", "date_updated": "2016-03-30 06:52:27", "link": {"type": "article", "url": "http://www.nytimes.com/movie/review?res=9A0CE5DD1231E03BBC4851DFB766838F659EDE", "suggested_link_text": "Read the New York Times Review of The Lodger"}, "multimedia": null}, {"display_title": "Where Are Your Children?", "mpaa_rating": "", "critics_pick": 0, "byline": "T.S.", "headline": "Where Are Your Children?", "summary_short": "", "publication_date": "1944-01-17", "opening_date": "1943-11-26", "date_updated": "2016-03-30 07:20:11", "link": {"type": "article", "url": "http://www.nytimes.com/movie/review?res=9500E7D6163DE03ABC4F52DFB766838F659EDE", "suggested_link_text": "Read the New York Times Review of Where Are Your Children?"}, "multimedia": null}, {"display_title": "Lifeboat", "mpaa_rating": "", "critics_pick": 0, "byline": "BOSLEY CROWTHER", "headline": "Lifeboat", "summary_short": "Hitchcock's floataways. Briny bull's-eye.", "publication_date": "1944-01-13", "opening_date": "1944-01-28", "date_updated": "2016-03-30 06:54:18", "link": {"type": "article", "url": "http://www.nytimes.com/movie/review?res=9C0CE0D91238E33BBC4B52DFB766838F659EDE", "suggested_link_text": "Read the New York Times Review of Lifeboat"}, "multimedia": null}, {"display_title": "Destination Tokyo", "mpaa_rating": "", "critics_pick": 1, "byline": "BOSLEY CROWTHER", "headline": "Destination Tokyo", "summary_short": "American sub in wartime Japanese waters. Very shipshape.", "publication_date": "1944-01-09", "opening_date": "1943-12-31", "date_updated": "2016-03-30 06:54:51", "link": {"type": "article", "url": "http://www.nytimes.com/movie/review?res=9F0DE7D91238E33BBC4153DFB766838F659EDE", "suggested_link_text": "Read the New York Times Review of Destination Tokyo"}, "multimedia": null}, {"display_title": "Government Girl", "mpaa_rating": "", "critics_pick": 0, "byline": "BOSLEY CROWTHER", "headline": "Government Girl", "summary_short": "God bless America.", "publication_date": "1944-01-07", "opening_date": "1943-11-05", "date_updated": "2016-03-30 06:47:35", "link": {"type": "article", "url": "http://www.nytimes.com/movie/review?res=9C0CE1D61531E03BBC4F53DFB766838F659EDE", "suggested_link_text": "Read the New York Times Review of Government Girl"}, "multimedia": null}, {"display_title": "His Butler's Sister", "mpaa_rating": "", "critics_pick": 0, "byline": "BOSLEY CROWTHER", "headline": "His Butler's Sister", "summary_short": "Very palatable comedy, with good warbling by Deanna. Viva Sunshine Sisters!", "publication_date": "1943-12-30", "opening_date": "1943-11-26", "date_updated": "2016-03-30 06:57:24", "link": {"type": "article", "url": "http://www.nytimes.com/movie/review?res=940DE5DE1030E53BBC4850DFB4678388659EDE", "suggested_link_text": "Read the New York Times Review of His Butler's Sister"}, "multimedia": null}, {"display_title": "Tarzan's Desert Mystery", "mpaa_rating": "", "critics_pick": 0, "byline": "T.S.", "headline": "Tarzan's Desert Mystery", "summary_short": "Nazis, and guess who wins.", "publication_date": "1943-12-27", "opening_date": null, "date_updated": "2016-03-30 06:44:00", "link": {"type": "article", "url": "http://www.nytimes.com/movie/review?res=9506E4DB1238E33BBC4F51DFB4678388659EDE", "suggested_link_text": "Read the New York Times Review of Tarzan's Desert Mystery"}, "multimedia": null}, {"display_title": "The Ghost Ship", "mpaa_rating": "", "critics_pick": 0, "byline": "BOSLEY CROWTHER", "headline": "Ghost Ship, The", "summary_short": "No one believes a third mate complaining of sadistic treatment by a psychotic captain.", "publication_date": "1943-12-25", "opening_date": null, "date_updated": "2016-03-30 06:52:45", "link": {"type": "article", "url": "http://www.nytimes.com/movie/review?res=9B05E6DB1238E33BBC4D51DFB4678388659EDE", "suggested_link_text": "Read the New York Times Review of The Ghost Ship"}, "multimedia": null}, {"display_title": "Riding High", "mpaa_rating": "", "critics_pick": 0, "byline": "BOSLEY CROWTHER", "headline": "Riding High", "summary_short": "Anything but.", "publication_date": "1943-12-23", "opening_date": "1943-11-11", "date_updated": "2016-03-30 07:18:03", "link": {"type": "article", "url": "http://www.nytimes.com/movie/review?res=9C02E7D61E3CEE3BBC4B51DFB4678388659EDE", "suggested_link_text": "Read the New York Times Review of Riding High"}, "multimedia": null}, {"display_title": "The Gang's All Here", "mpaa_rating": "", "critics_pick": 0, "byline": "T.S.", "headline": "Gang's All Here, The", "summary_short": "Genial milling, nice songs, some way-out musical trimmings.", "publication_date": "1943-12-23", "opening_date": "1943-12-24", "date_updated": "2016-03-30 07:07:27", "link": {"type": "article", "url": "http://www.nytimes.com/movie/review?res=9D02E7D61E3CEE3BBC4B51DFB4678388659EDE", "suggested_link_text": "Read the New York Times Review of The Gang's All Here"}, "multimedia": null}, {"display_title": "Pistol Packin' Mama", "mpaa_rating": "", "critics_pick": 0, "byline": "T.S.", "headline": "Pistol Packin' Mama", "summary_short": "", "publication_date": "1943-12-20", "opening_date": "1943-12-15", "date_updated": "2016-03-30 07:29:14", "link": {"type": "article", "url": "http://www.nytimes.com/movie/review?res=9D00E5DD1238E33BBC4851DFB4678388659EDE", "suggested_link_text": "Read the New York Times Review of Pistol Packin' Mama"}, "multimedia": null}, {"display_title": "The Desert Song", "mpaa_rating": "", "critics_pick": 0, "byline": "BOSLEY CROWTHER", "headline": "Desert Song, The", "summary_short": "", "publication_date": "1943-12-18", "opening_date": null, "date_updated": "2016-03-30 06:58:23", "link": {"type": "article", "url": "http://www.nytimes.com/movie/review?res=9501EEDE1238E33BBC4052DFB4678388659EDE", "suggested_link_text": "Read the New York Times Review of The Desert Song"}, "multimedia": null}, {"display_title": "Crazy House", "mpaa_rating": "", "critics_pick": 0, "byline": "BOSLEY CROWTHER", "headline": "Crazy House", "summary_short": "Old-time musical scramble about two comics taking over movie studio. Sometimes the corn shines.", "publication_date": "1943-12-16", "opening_date": "1943-10-08", "date_updated": "2016-03-30 06:44:13", "link": {"type": "article", "url": "http://www.nytimes.com/movie/review?res=9405EFD81330E53BBC4E52DFB4678388659EDE", "suggested_link_text": "Read the New York Times Review of Crazy House"}, "multimedia": null}, {"display_title": "The Mad Ghoul", "mpaa_rating": "Not Rated", "critics_pick": 0, "byline": "B.C.", "headline": "Mad Ghoul, The", "summary_short": "Far from the worst. Wild but engrossing.", "publication_date": "1943-12-11", "opening_date": "1943-11-12", "date_updated": "2016-03-30 07:28:42", "link": {"type": "article", "url": "http://www.nytimes.com/movie/review?res=9C05E7DF1238E33BBC4952DFB4678388659EDE", "suggested_link_text": "Read the New York Times Review of The Mad Ghoul"}, "multimedia": null}, {"display_title": "The Happy Land", "mpaa_rating": "", "critics_pick": 0, "byline": "BOSLEY CROWTHER", "headline": "Happy Land", "summary_short": "Corny but nice.", "publication_date": "1943-12-09", "opening_date": "1943-11-10", "date_updated": "2016-03-30 07:11:54", "link": {"type": "article", "url": "http://www.nytimes.com/movie/review?res=9E01E1D61538E33BBC4153DFB4678388659EDE", "suggested_link_text": "Read the New York Times Review of The Happy Land"}, "multimedia": null}, {"display_title": "In Old Oklahoma", "mpaa_rating": "", "critics_pick": 0, "byline": "T.S.", "headline": "In old Oklahoma", "summary_short": "Oil. The usual spouting.", "publication_date": "1943-12-06", "opening_date": "1943-12-06", "date_updated": "2016-03-30 07:12:13", "link": {"type": "article", "url": "http://www.nytimes.com/movie/review?res=9507E2D6143DE13BBC4E53DFB4678388659EDE", "suggested_link_text": "Read the New York Times Review of In Old Oklahoma"}, "multimedia": null}]}