{"status": "OK", "copyright": "Copyright (c) 2017 The New York Times Company. All Rights Reserved.", "has_more": true, "num_results": 20, "results": [{"display_title": "Our Wife", "mpaa_rating": "", "critics_pick": 0, "byline": "BOSLEY CROWTHER", "headline": "Our Wife", "summary_short": "Tame taffy.", "publication_date": "1941-09-18", "opening_date": "1941-08-20", "date_updated": "2016-03-30 06:42:13", "link": {"type": "article", "url": "http://www.nytimes.com/movie/review?res=9D05E7DF113FE13BBC4052DFBF66838A659EDE", "suggested_link_text": "Read the New York Times Review of Our Wife"}, "multimedia": null}, {"display_title": "Dr. Kildare's Wedding Day", "mpaa_rating": "", "critics_pick": 0, "byline": "T.S.", "headline": "Dr Kildare's Wedding Day", "summary_short": "And about time. But she ups and, well, see for yourself.", "publication_date": "1941-09-18", "opening_date": "1941-08-22", "date_updated": "2016-03-30 07:13:14", "link": {"type": "article", "url": "http://www.nytimes.com/movie/review?res=9E05E7DF113FE13BBC4052DFBF66838A659EDE", "suggested_link_text": "Read the New York Times Review of Dr. Kildare's Wedding Day"}, "multimedia": null}, {"display_title": "West Point Widow", "mpaa_rating": "", "critics_pick": 0, "byline": "BOSLEY CROWTHER", "headline": "West Point Widow", "summary_short": "", "publication_date": "1941-09-11", "opening_date": "1941-06-20", "date_updated": "2016-03-30 07:27:09", "link": {"type": "article", "url": "http://www.nytimes.com/movie/review?res=9502E7D9103FE13BBC4952DFBF66838A659EDE", "suggested_link_text": "Read the New York Times Review of West Point Widow"}, "multimedia": null}, {"display_title": "Badlands of Dakota", "mpaa_rating": "", "critics_pick": 0, "byline": "BOSLEY CROWTHER", "headline": "Badlands of Dakota", "summary_short": "Wild and wooly-minded.", "publication_date": "1941-09-09", "opening_date": "1941-09-15", "date_updated": "2016-03-30 06:44:53", "link": {"type": "article", "url": "http://www.nytimes.com/movie/review?res=9F03E1DA103FE13BBC4153DFBF66838A659EDE", "suggested_link_text": "Read the New York Times Review of Badlands of Dakota"}, "multimedia": null}, {"display_title": "Sun Valley Serenade", "mpaa_rating": "", "critics_pick": 0, "byline": "BOSLEY CROWTHER", "headline": "Sun Valley Serenade", "summary_short": "Entertaining tho formula ice-slicer. Some nice songs.", "publication_date": "1941-09-06", "opening_date": "1941-08-29", "date_updated": "2016-03-30 06:45:16", "link": {"type": "article", "url": "http://www.nytimes.com/movie/review?res=9A06E7DB103FE13BBC4E53DFBF66838A659EDE", "suggested_link_text": "Read the New York Times Review of Sun Valley Serenade"}, "multimedia": null}, {"display_title": "When Ladies Meet", "mpaa_rating": "", "critics_pick": 0, "byline": "BOSLEY CROWTHER", "headline": "When Ladies Meet", "summary_short": "Publisher's mistress vs. wife. Moronic new label for Crothers play, ``When Ladies Meet.'' Swank chitchat, smoothly served. Crawford-Garson exude rivalry tang.", "publication_date": "1941-09-05", "opening_date": "1941-08-29", "date_updated": "2016-03-30 06:50:10", "link": {"type": "article", "url": "http://www.nytimes.com/movie/review?res=9907E6DC103FE13BBC4D53DFBF66838A659EDE", "suggested_link_text": "Read the New York Times Review of When Ladies Meet"}, "multimedia": null}, {"display_title": "Father Takes a Wife", "mpaa_rating": "", "critics_pick": 0, "byline": "T.M.P.", "headline": "Father takes a Wife", "summary_short": "Actress marries widower. Harmless bauble.", "publication_date": "1941-09-05", "opening_date": "1941-10-03", "date_updated": "2016-03-30 07:06:15", "link": {"type": "article", "url": "http://www.nytimes.com/movie/review?res=9507E6DC103FE13BBC4D53DFBF66838A659EDE", "suggested_link_text": "Read the New York Times Review of Father Takes a Wife"}, "multimedia": null}, {"display_title": "Unfinished Business", "mpaa_rating": "", "critics_pick": 0, "byline": "BOSLEY CROWTHER", "headline": "Unfinished Business", "summary_short": "Paper-thin romantic milling.", "publication_date": "1941-09-02", "opening_date": "1941-08-27", "date_updated": "2016-03-30 06:52:08", "link": {"type": "article", "url": "http://www.nytimes.com/movie/review?res=9D0CE1DE103FE13BBC4A53DFBF66838A659EDE", "suggested_link_text": "Read the New York Times Review of Unfinished Business"}, "multimedia": null}, {"display_title": "Wild Geese Calling", "mpaa_rating": "", "critics_pick": 0, "byline": "T.M.P.", "headline": "Wild Geese Calling", "summary_short": "", "publication_date": "1941-08-30", "opening_date": "1941-08-15", "date_updated": "2016-03-30 06:49:19", "link": {"type": "article", "url": "http://www.nytimes.com/movie/review?res=9D06E1DE1038E333A25753C3A96E9C946093D6CF", "suggested_link_text": "Read the New York Times Review of Wild Geese Calling"}, "multimedia": null}, {"display_title": "Dive Bomber", "mpaa_rating": "", "critics_pick": 0, "byline": "BOSLEY CROWTHER", "headline": "Dive Bomber", "summary_short": "Engrossing drama about experiments to eliminate pilot blackout.", "publication_date": "1941-08-30", "opening_date": "1941-08-30", "date_updated": "2016-03-30 07:21:14", "link": {"type": "article", "url": "http://www.nytimes.com/movie/review?res=9E06E1DE1038E333A25753C3A96E9C946093D6CF", "suggested_link_text": "Read the New York Times Review of Dive Bomber"}, "multimedia": null}, {"display_title": "Private Nurse", "mpaa_rating": "", "critics_pick": 0, "byline": "A.W.", "headline": "Private Nurse", "summary_short": "", "publication_date": "1941-08-29", "opening_date": "1941-08-22", "date_updated": "2016-03-30 06:58:52", "link": {"type": "article", "url": "http://www.nytimes.com/movie/review?res=9E02EEDA123BEF3ABC4151DFBE66838A659EDE", "suggested_link_text": "Read the New York Times Review of Private Nurse"}, "multimedia": null}, {"display_title": "Parachute Battalion", "mpaa_rating": "", "critics_pick": 0, "byline": "BOSLEY CROWTHER", "headline": "Parachute Battalion", "summary_short": "Rookies. Competent and standard.", "publication_date": "1941-08-29", "opening_date": "1941-09-12", "date_updated": "2016-03-30 06:54:42", "link": {"type": "article", "url": "http://www.nytimes.com/movie/review?res=9C02EEDA123BEF3ABC4151DFBE66838A659EDE", "suggested_link_text": "Read the New York Times Review of Parachute Battalion"}, "multimedia": null}, {"display_title": "No Greater Sin", "mpaa_rating": "PG", "critics_pick": 0, "byline": "T.M.P.", "headline": "No Greater Sin", "summary_short": "", "publication_date": "1941-08-29", "opening_date": null, "date_updated": "2016-03-30 07:15:23", "link": {"type": "article", "url": "http://www.nytimes.com/movie/review?res=9D02EEDA123BEF3ABC4151DFBE66838A659EDE", "suggested_link_text": "Read the New York Times Review of No Greater Sin"}, "multimedia": null}, {"display_title": "Whistling in the Dark", "mpaa_rating": "", "critics_pick": 0, "byline": "BOSLEY CROWTHER", "headline": "Whistling in the Dark", "summary_short": "Goons steal crime writer's perfect murder plot.", "publication_date": "1941-08-28", "opening_date": "1941-08-08", "date_updated": "2016-03-30 06:46:34", "link": {"type": "article", "url": "http://www.nytimes.com/movie/review?res=9F06E0DF113DEF3ABC4051DFBE66838A659EDE", "suggested_link_text": "Read the New York Times Review of Whistling in the Dark"}, "multimedia": null}, {"display_title": "Aloma of the South Seas", "mpaa_rating": "", "critics_pick": 0, "byline": "T.M.P.", "headline": "Aloma of the South Seas", "summary_short": "Palmy, period. Nice trouping by Katherine DeMille.", "publication_date": "1941-08-28", "opening_date": null, "date_updated": "2016-03-30 06:46:47", "link": {"type": "article", "url": "http://www.nytimes.com/movie/review?res=9906E0DF113DEF3ABC4051DFBE66838A659EDE", "suggested_link_text": "Read the New York Times Review of Aloma of the South Seas"}, "multimedia": null}, {"display_title": "The Little Foxes", "mpaa_rating": "", "critics_pick": 1, "byline": "BOSLEY CROWTHER", "headline": "Little Foxes, The", "summary_short": "Hellman's Southern-fried greed. Wondrously fine.", "publication_date": "1941-08-22", "opening_date": "1941-08-29", "date_updated": "2016-03-30 06:47:21", "link": {"type": "article", "url": "http://www.nytimes.com/movie/review?res=9E04EFD61F3BE233A25751C2A96E9C946093D6CF", "suggested_link_text": "Read the New York Times Review of The Little Foxes"}, "multimedia": null}, {"display_title": "Life Begins for Andy Hardy", "mpaa_rating": "", "critics_pick": 0, "byline": "T.M.P.", "headline": "Life Begins for Andy Hardy", "summary_short": "Andy in New York, summer before he starts college.", "publication_date": "1941-08-22", "opening_date": "1941-08-15", "date_updated": "2016-03-30 07:12:25", "link": {"type": "article", "url": "http://www.nytimes.com/movie/review?res=9F04EFD61F3BE233A25751C2A96E9C946093D6CF", "suggested_link_text": "Read the New York Times Review of Life Begins for Andy Hardy"}, "multimedia": null}, {"display_title": "World Premiere", "mpaa_rating": "", "critics_pick": 0, "byline": "BOSLEY CROWTHER", "headline": "World Premiere", "summary_short": "Silly but entertaining.", "publication_date": "1941-08-21", "opening_date": "1941-08-21", "date_updated": "2016-03-30 07:05:05", "link": {"type": "article", "url": "http://www.nytimes.com/movie/review?res=9800E5DC123BEF3ABC4951DFBE66838A659EDE", "suggested_link_text": "Read the New York Times Review of World Premiere"}, "multimedia": null}, {"display_title": "Mystery Ship", "mpaa_rating": "", "critics_pick": 0, "byline": "A.W.", "headline": "Mystery Ship", "summary_short": "", "publication_date": "1941-08-16", "opening_date": "1941-09-04", "date_updated": "2016-03-30 06:54:42", "link": {"type": "article", "url": "http://www.nytimes.com/movie/review?res=9B0DE0DF1038E333A25755C1A96E9C946093D6CF", "suggested_link_text": "Read the New York Times Review of Mystery Ship"}, "multimedia": null}, {"display_title": "Bad Men of Missouri", "mpaa_rating": "", "critics_pick": 0, "byline": "T.S.", "headline": "Bad Men of Missouri", "summary_short": "Carpetbaggers and outlaws. Keep moving.", "publication_date": "1941-08-16", "opening_date": "1941-07-26", "date_updated": "2016-03-30 06:54:39", "link": {"type": "article", "url": "http://www.nytimes.com/movie/review?res=980DE0DF1038E333A25755C1A96E9C946093D6CF", "suggested_link_text": "Read the New York Times Review of Bad Men of Missouri"}, "multimedia": null}]}