{"status": "OK", "copyright": "Copyright (c) 2017 The New York Times Company. All Rights Reserved.", "has_more": true, "num_results": 20, "results": [{"display_title": "Casanova Brown", "mpaa_rating": "", "critics_pick": 0, "byline": "BOSLEY CROWTHER", "headline": "Casanova Brown", "summary_short": "Tamely amusing, extremely dated.", "publication_date": "1944-09-15", "opening_date": null, "date_updated": "2016-03-30 06:50:38", "link": {"type": "article", "url": "http://www.nytimes.com/movie/review?res=9E00E2D7103DE13BBC4D52DFBF66838F659EDE", "suggested_link_text": "Read the New York Times Review of Casanova Brown"}, "multimedia": null}, {"display_title": "Thunder Rock", "mpaa_rating": "Not Rated", "critics_pick": 0, "byline": "P.P.K.", "headline": "Thunder Rock", "summary_short": "Ghosts of maritime tragedy haunt lighthouse keeper. Strays down tortuous paths.", "publication_date": "1944-09-15", "opening_date": "1944-09-16", "date_updated": "2016-03-30 07:27:21", "link": {"type": "article", "url": "http://www.nytimes.com/movie/review?res=9F00E2D7103DE13BBC4D52DFBF66838F659EDE", "suggested_link_text": "Read the New York Times Review of Thunder Rock"}, "multimedia": null}, {"display_title": "Maria Candelaria", "mpaa_rating": "", "critics_pick": 0, "byline": "T.M.P.", "headline": "Maria Candelaria", "summary_short": "Doomed daughter of outcast Mexican peasant. Static sorrow, in Spanish.", "publication_date": "1944-09-12", "opening_date": "1944-09-11", "date_updated": "2016-03-30 06:49:12", "link": {"type": "article", "url": "http://www.nytimes.com/movie/review?res=9A04E1D61F30E53BBC4A52DFBF66838F659EDE", "suggested_link_text": "Read the New York Times Review of Maria Candelaria"}, "multimedia": null}, {"display_title": "Enemy of Women", "mpaa_rating": "", "critics_pick": 0, "byline": "BOSLEY CROWTHER", "headline": "Enemy of Women", "summary_short": "", "publication_date": "1944-09-12", "opening_date": "1944-11-10", "date_updated": "2016-03-30 07:23:06", "link": {"type": "article", "url": "http://www.nytimes.com/movie/review?res=9405E1D61F30E53BBC4A52DFBF66838F659EDE", "suggested_link_text": "Read the New York Times Review of Enemy of Women"}, "multimedia": null}, {"display_title": "Storm over Lisbon", "mpaa_rating": "", "critics_pick": 0, "byline": "A.W.", "headline": "Storm Over Lisbon", "summary_short": "", "publication_date": "1944-09-11", "opening_date": "1944-10-16", "date_updated": "2016-03-30 07:05:12", "link": {"type": "article", "url": "http://www.nytimes.com/movie/review?res=9505E4D71F30E53BBC4952DFBF66838F659EDE", "suggested_link_text": "Read the New York Times Review of Storm over Lisbon"}, "multimedia": null}, {"display_title": "The Soul of a Monster", "mpaa_rating": "", "critics_pick": 0, "byline": "B.C.", "headline": "Soul of a Monster, The", "summary_short": "", "publication_date": "1944-09-09", "opening_date": "1944-08-17", "date_updated": "2016-03-30 06:41:59", "link": {"type": "article", "url": "http://www.nytimes.com/movie/review?res=9B07E4D6163FEE3BBC4153DFBF66838F659EDE", "suggested_link_text": "Read the New York Times Review of The Soul of a Monster"}, "multimedia": null}, {"display_title": "Meet the People", "mpaa_rating": "", "critics_pick": 0, "byline": "BOSLEY CROWTHER", "headline": "Meet The People", "summary_short": "Broadway star and shipyard worker turned playwright.", "publication_date": "1944-09-08", "opening_date": null, "date_updated": "2016-03-30 06:54:15", "link": {"type": "article", "url": "http://www.nytimes.com/movie/review?res=9D02E3DA1F30E53BBC4053DFBF66838F659EDE", "suggested_link_text": "Read the New York Times Review of Meet the People"}, "multimedia": null}, {"display_title": "Double Indemnity", "mpaa_rating": "", "critics_pick": 1, "byline": "BOSLEY CROWTHER", "headline": "Double Indemnity", "summary_short": "A housewife (Barbara Stanwyck) plots to rub out hubby with the help of a nasty insurance agent (Fred MacMurray). Directed by Billy Wilder.\n", "publication_date": "1944-09-07", "opening_date": "1944-04-24", "date_updated": "2016-03-30 07:20:23", "link": {"type": "article", "url": "http://www.nytimes.com/movie/review?res=9E03E4D7143EE03BBC4F53DFBF66838F659EDE", "suggested_link_text": "Read the New York Times Review of Double Indemnity"}, "multimedia": null}, {"display_title": "Youth Runs Wild", "mpaa_rating": "", "critics_pick": 0, "byline": "T.M.P.", "headline": "Youth Runs Wild", "summary_short": "Idle wartime teenagers turn reckless.", "publication_date": "1944-09-02", "opening_date": null, "date_updated": "2016-03-30 07:11:38", "link": {"type": "article", "url": "http://www.nytimes.com/movie/review?res=9D0CE1D7163FEE3BBC4A53DFBF66838F659EDE", "suggested_link_text": "Read the New York Times Review of Youth Runs Wild"}, "multimedia": null}, {"display_title": "Arsenic and Old Lace", "mpaa_rating": "Not Rated", "critics_pick": 0, "byline": "P.P.K.", "headline": "Arsenic and old Lace", "summary_short": "The multiple-murder stage romp, bowdlerized and draped around a jittery Grant. Also minus the original fade-out, a crime in itself.", "publication_date": "1944-09-02", "opening_date": "1944-09-23", "date_updated": "2016-03-30 07:11:32", "link": {"type": "article", "url": "http://www.nytimes.com/movie/review?res=9C0CE1D7163FEE3BBC4A53DFBF66838F659EDE", "suggested_link_text": "Read the New York Times Review of Arsenic and Old Lace"}, "multimedia": null}, {"display_title": "A Wing and a Prayer", "mpaa_rating": "", "critics_pick": 0, "byline": "T.M.P.", "headline": "Wing and a Prayer", "summary_short": "Aircraft-carrier pilots. Well-assembled, forceful drama.", "publication_date": "1944-08-31", "opening_date": null, "date_updated": "2016-03-30 07:05:49", "link": {"type": "article", "url": "http://www.nytimes.com/movie/review?res=9F07E1DB1F30E53BBC4950DFBE66838F659EDE", "suggested_link_text": "Read the New York Times Review of A Wing and a Prayer"}, "multimedia": null}, {"display_title": "The Doughgirls", "mpaa_rating": "", "critics_pick": 0, "byline": "P.P.K.", "headline": "Doughgirls, The", "summary_short": "Jovial scramble set in crowded, wartime Washington. Diverting but lacks Broadway's bite and speed.", "publication_date": "1944-08-31", "opening_date": "1944-11-25", "date_updated": "2016-03-30 06:50:36", "link": {"type": "article", "url": "http://www.nytimes.com/movie/review?res=9D07E1DB1F30E53BBC4950DFBE66838F659EDE", "suggested_link_text": "Read the New York Times Review of The Doughgirls"}, "multimedia": null}, {"display_title": "Till We Meet Again", "mpaa_rating": "", "critics_pick": 0, "byline": "P.P.K.", "headline": "Till We Meet Again", "summary_short": "Tangled, fanciful war espionage. Hooey.", "publication_date": "1944-08-30", "opening_date": "1944-08-30", "date_updated": "2016-03-30 07:21:04", "link": {"type": "article", "url": "http://www.nytimes.com/movie/review?res=9E07EED9103DE13BBC4850DFBE66838F659EDE", "suggested_link_text": "Read the New York Times Review of Till We Meet Again"}, "multimedia": null}, {"display_title": "The Pearl of Death", "mpaa_rating": "", "critics_pick": 0, "byline": "P.P.K.", "headline": "Pearl of Death", "summary_short": "Sherlock Holmes and Dr. Watson solve village murders blamed on a monster in Canada.", "publication_date": "1944-08-26", "opening_date": "1944-08-01", "date_updated": "2016-03-30 06:48:42", "link": {"type": "article", "url": "http://www.nytimes.com/movie/review?res=9507E1DD1F30E53BBC4E51DFBE66838F659EDE", "suggested_link_text": "Read the New York Times Review of The Pearl of Death"}, "multimedia": null}, {"display_title": "Kismet", "mpaa_rating": "", "critics_pick": 0, "byline": "P.P.K.", "headline": "Kismet", "summary_short": "Old Baghdad, ornately appointed and dishily served. Very entertaining.", "publication_date": "1944-08-23", "opening_date": "1944-10-01", "date_updated": "2016-03-30 06:56:12", "link": {"type": "article", "url": "http://www.nytimes.com/movie/review?res=9D06E1DE1F30E53BBC4B51DFBE66838F659EDE", "suggested_link_text": "Read the New York Times Review of Kismet"}, "multimedia": null}, {"display_title": "Are These Our Parents?", "mpaa_rating": "", "critics_pick": 0, "byline": "T.M.P.", "headline": "Are These our Parents?", "summary_short": "", "publication_date": "1944-08-23", "opening_date": "1944-06-27", "date_updated": "2016-03-30 06:41:23", "link": {"type": "article", "url": "http://www.nytimes.com/movie/review?res=9A06E1DE1F30E53BBC4B51DFBE66838F659EDE", "suggested_link_text": "Read the New York Times Review of Are These Our Parents?"}, "multimedia": null}, {"display_title": "Nasreddin v Bukhare", "mpaa_rating": "", "critics_pick": 0, "byline": "P.P.K.", "headline": "Adventures in Bokhara", "summary_short": "", "publication_date": "1944-08-21", "opening_date": "1944-08-20", "date_updated": "2016-03-30 07:15:37", "link": {"type": "article", "url": "http://www.nytimes.com/movie/review?res=9506E1DF1F30E53BBC4951DFBE66838F659EDE", "suggested_link_text": "Read the New York Times Review of Nasreddin v Bukhare"}, "multimedia": null}, {"display_title": "In Society", "mpaa_rating": "", "critics_pick": 0, "byline": "P.P.K.", "headline": "In Society", "summary_short": "Yeah, and what society.", "publication_date": "1944-08-17", "opening_date": "1944-08-18", "date_updated": "2016-03-30 07:22:27", "link": {"type": "article", "url": "http://www.nytimes.com/movie/review?res=9D04E0DB103DE13BBC4F52DFBE66838F659EDE", "suggested_link_text": "Read the New York Times Review of In Society"}, "multimedia": null}, {"display_title": "A Wave, a Wac and a Marine", "mpaa_rating": "", "critics_pick": 0, "byline": "A.W.", "headline": "Wave, A Wac and a Marine, A", "summary_short": "", "publication_date": "1944-08-14", "opening_date": "1944-10-07", "date_updated": "2016-03-30 07:30:23", "link": {"type": "article", "url": "http://www.nytimes.com/movie/review?res=9805E4DC103DE13BBC4C52DFBE66838F659EDE", "suggested_link_text": "Read the New York Times Review of A Wave, a Wac and a Marine"}, "multimedia": null}, {"display_title": "Atlantic City", "mpaa_rating": "", "critics_pick": 0, "byline": "P.P.K.", "headline": "Atlantic City", "summary_short": "Promoter loses his friends while building boardwalk empire.", "publication_date": "1944-08-14", "opening_date": "1944-09-15", "date_updated": "2016-03-30 07:19:16", "link": {"type": "article", "url": "http://www.nytimes.com/movie/review?res=9E05E4DC103DE13BBC4C52DFBE66838F659EDE", "suggested_link_text": "Read the New York Times Review of Atlantic City"}, "multimedia": null}]}