{"status": "OK", "copyright": "Copyright (c) 2017 The New York Times Company. All Rights Reserved.", "has_more": true, "num_results": 20, "results": [{"display_title": "Ivy", "mpaa_rating": "", "critics_pick": 0, "byline": "T.M.P.", "headline": "Ivy", "summary_short": "Genteel Victorian poisoner. Very smooth and chilling.", "publication_date": "1947-06-26", "opening_date": null, "date_updated": "2016-03-30 07:22:05", "link": {"type": "article", "url": "http://www.nytimes.com/movie/review?res=9B06E4DC123CE13BBC4E51DFB066838C659EDE", "suggested_link_text": "Read the New York Times Review of Ivy"}, "multimedia": null}, {"display_title": "Dark Delusion", "mpaa_rating": "", "critics_pick": 0, "byline": "A.W.", "headline": "Dark Delusion", "summary_short": "Medium hospital drama.", "publication_date": "1947-06-26", "opening_date": null, "date_updated": "2016-03-30 07:27:10", "link": {"type": "article", "url": "http://www.nytimes.com/movie/review?res=9C01E4DC123CE13BBC4E51DFB066838C659EDE", "suggested_link_text": "Read the New York Times Review of Dark Delusion"}, "multimedia": null}, {"display_title": "The King's Jester", "mpaa_rating": "", "critics_pick": 0, "byline": "J.B.", "headline": "King's Jester, The", "summary_short": "", "publication_date": "1947-06-26", "opening_date": "1947-06-25", "date_updated": "2016-03-30 06:46:36", "link": {"type": "article", "url": "http://www.nytimes.com/movie/review?res=9D01E4DC123CE13BBC4E51DFB066838C659EDE", "suggested_link_text": "Read the New York Times Review of The King's Jester"}, "multimedia": null}, {"display_title": "L' Atalante", "mpaa_rating": "Not Rated", "critics_pick": 1, "byline": "A. H. Weiler", "headline": "L'ATALANTE (MOVIE)", "summary_short": "", "publication_date": "1947-06-23", "opening_date": "1947-06-21", "date_updated": "2016-03-30 06:47:13", "link": {"type": "article", "url": "http://www.nytimes.com/movie/review?res=EE05E7DF173AE262BC4B51DFB066838C659EDE", "suggested_link_text": "Read the New York Times Review of L' Atalante"}, "multimedia": null}, {"display_title": "Klyatva", "mpaa_rating": "", "critics_pick": 0, "byline": "BOSLEY CROWTHER", "headline": "Vow, The", "summary_short": "", "publication_date": "1947-06-23", "opening_date": "1947-06-21", "date_updated": "2016-03-30 06:45:52", "link": {"type": "article", "url": "http://www.nytimes.com/movie/review?res=9A04EEDE113EE13BBC4B51DFB066838C659EDE", "suggested_link_text": "Read the New York Times Review of Klyatva"}, "multimedia": null}, {"display_title": "Zero for Conduct", "mpaa_rating": "Not Rated", "critics_pick": 0, "byline": "A.W.", "headline": "Zero de Conduite", "summary_short": "Jean Vigo's classic study of a strictly regimented boarding school for boys. Memorable.", "publication_date": "1947-06-23", "opening_date": "1947-06-21", "date_updated": "2016-03-30 07:10:46", "link": {"type": "article", "url": "http://www.nytimes.com/movie/review?res=9D07EEDE113EE13BBC4B51DFB066838C659EDE", "suggested_link_text": "Read the New York Times Review of Zero for Conduct"}, "multimedia": null}, {"display_title": "Colonel Chabert", "mpaa_rating": "", "critics_pick": 0, "byline": "B.C.", "headline": "Colonel Chabert", "summary_short": "", "publication_date": "1947-06-21", "opening_date": null, "date_updated": "2016-03-30 06:54:44", "link": {"type": "article", "url": "http://www.nytimes.com/movie/review?res=9B03E7DB1339E632A25752C2A9609C946693D6CF", "suggested_link_text": "Read the New York Times Review of Colonel Chabert"}, "multimedia": null}, {"display_title": "New Orleans", "mpaa_rating": "", "critics_pick": 0, "byline": "BOSLEY CROWTHER", "headline": "New Orleans", "summary_short": "A jazz story, with plenty of it. Billie sings six songs, sublimely.", "publication_date": "1947-06-20", "opening_date": "1947-04-18", "date_updated": "2016-03-30 06:47:28", "link": {"type": "article", "url": "http://www.nytimes.com/movie/review?res=9803E3DC1339E632A25753C2A9609C946693D6CF", "suggested_link_text": "Read the New York Times Review of New Orleans"}, "multimedia": null}, {"display_title": "Lost Honeymoon", "mpaa_rating": "", "critics_pick": 0, "byline": "A.W.", "headline": "Lost Honeymoon", "summary_short": "Routine spoof.", "publication_date": "1947-06-20", "opening_date": "1947-03-29", "date_updated": "2016-03-30 07:19:57", "link": {"type": "article", "url": "http://www.nytimes.com/movie/review?res=9C03E3DC1339E632A25753C2A9609C946693D6CF", "suggested_link_text": "Read the New York Times Review of Lost Honeymoon"}, "multimedia": null}, {"display_title": "My Brother Talks to Horses", "mpaa_rating": "", "critics_pick": 0, "byline": "T.M.P.", "headline": "My Brother Talks to Horses", "summary_short": "A bit much. See for yourself.", "publication_date": "1947-06-19", "opening_date": "1947-02-04", "date_updated": "2016-03-30 06:43:19", "link": {"type": "article", "url": "http://www.nytimes.com/movie/review?res=9B02EFDE123CE13BBC4152DFB066838C659EDE", "suggested_link_text": "Read the New York Times Review of My Brother Talks to Horses"}, "multimedia": null}, {"display_title": "The Private Affairs of Bel Ami", "mpaa_rating": "", "critics_pick": 0, "byline": "BOSLEY CROWTHER", "headline": "Private Affairs of Bel Ami, The", "summary_short": "A rake's progress. Old story, good acting.", "publication_date": "1947-06-16", "opening_date": "1947-04-25", "date_updated": "2016-03-30 07:27:38", "link": {"type": "article", "url": "http://www.nytimes.com/movie/review?res=9D05EFD6153CE13BBC4E52DFB066838C659EDE", "suggested_link_text": "Read the New York Times Review of The Private Affairs of Bel Ami"}, "multimedia": null}, {"display_title": "Dear Ruth", "mpaa_rating": "", "critics_pick": 0, "byline": "BOSLEY CROWTHER", "headline": "Dear Ruth", "summary_short": "Harmless wartime wafer.", "publication_date": "1947-06-11", "opening_date": "1947-06-10", "date_updated": "2016-03-30 06:58:49", "link": {"type": "article", "url": "http://www.nytimes.com/movie/review?res=9D00E5D9103EE13BBC4952DFB066838C659EDE", "suggested_link_text": "Read the New York Times Review of Dear Ruth"}, "multimedia": null}, {"display_title": "The High Barbaree", "mpaa_rating": "", "critics_pick": 0, "byline": "BOSLEY CROWTHER", "headline": "High Barbaree", "summary_short": "Downed pilot recalls his life. So-so.", "publication_date": "1947-06-06", "opening_date": "1947-05-01", "date_updated": "2016-03-30 07:16:04", "link": {"type": "article", "url": "http://www.nytimes.com/movie/review?res=9A07E1DB103EE13BBC4E53DFB066838C659EDE", "suggested_link_text": "Read the New York Times Review of The High Barbaree"}, "multimedia": null}, {"display_title": "Miracle on 34th Street", "mpaa_rating": "", "critics_pick": 1, "byline": "BOSLEY CROWTHER", "headline": "Miracle on 34th Street", "summary_short": "The Macy's Santa comedy, warmly reassuring as ever.", "publication_date": "1947-06-05", "opening_date": "1947-05-02", "date_updated": "2016-03-30 06:52:59", "link": {"type": "article", "url": "http://www.nytimes.com/movie/review?res=9401E7DB103EE13BBC4D53DFB066838C659EDE", "suggested_link_text": "Read the New York Times Review of Miracle on 34th Street"}, "multimedia": null}, {"display_title": "The Web", "mpaa_rating": "", "critics_pick": 0, "byline": "T.M.P.", "headline": "Web, The", "summary_short": "Bodyguard in hot water. Well-meshed melodrama, good cast.", "publication_date": "1947-06-05", "opening_date": "1947-05-25", "date_updated": "2016-03-30 06:45:22", "link": {"type": "article", "url": "http://www.nytimes.com/movie/review?res=9501E7DB103EE13BBC4D53DFB066838C659EDE", "suggested_link_text": "Read the New York Times Review of The Web"}, "multimedia": null}, {"display_title": "The Fabulous Dorseys", "mpaa_rating": "", "critics_pick": 0, "byline": "BOSLEY CROWTHER", "headline": "Fabulous Dorseys, The", "summary_short": "Anything but, dramatically. Some nice, nostalgic sounds.", "publication_date": "1947-05-30", "opening_date": "1947-02-21", "date_updated": "2016-03-30 06:47:25", "link": {"type": "article", "url": "http://www.nytimes.com/movie/review?res=9900E5D8133EE13BBC4850DFB366838C659EDE", "suggested_link_text": "Read the New York Times Review of The Fabulous Dorseys"}, "multimedia": null}, {"display_title": "Nuremberg", "mpaa_rating": "", "critics_pick": 0, "byline": "BOSLEY CROWTHER", "headline": "Nuremberg Trials, The", "summary_short": "", "publication_date": "1947-05-26", "opening_date": "2010-09-29", "date_updated": "2016-03-30 06:58:29", "link": {"type": "article", "url": "http://www.nytimes.com/movie/review?res=9507E7DA153CE13BBC4E51DFB366838C659EDE", "suggested_link_text": "Read the New York Times Review of Nuremberg"}, "multimedia": null}, {"display_title": "Framed", "mpaa_rating": "", "critics_pick": 0, "byline": "A.W.", "headline": "Framed", "summary_short": "Very trim, effective suspense.", "publication_date": "1947-05-26", "opening_date": "1947-05-25", "date_updated": "2016-03-30 06:51:08", "link": {"type": "article", "url": "http://www.nytimes.com/movie/review?res=9E06E7DA153CE13BBC4E51DFB366838C659EDE", "suggested_link_text": "Read the New York Times Review of Framed"}, "multimedia": null}, {"display_title": "Dishonored Lady", "mpaa_rating": "", "critics_pick": 0, "byline": "BOSLEY CROWTHER", "headline": "Dishonored Lady", "summary_short": "Filet of tripe.", "publication_date": "1947-05-24", "opening_date": "1947-05-16", "date_updated": "2016-03-30 06:44:18", "link": {"type": "article", "url": "http://www.nytimes.com/movie/review?res=9407E5DE153CE13BBC4C51DFB366838C659EDE", "suggested_link_text": "Read the New York Times Review of Dishonored Lady"}, "multimedia": null}, {"display_title": "Backlash", "mpaa_rating": "", "critics_pick": 0, "byline": "T.M.P.", "headline": "Backlash", "summary_short": "Police sleuth questions lawyer's wife and others in murder case.", "publication_date": "1947-05-24", "opening_date": "1947-03-01", "date_updated": "2016-03-30 06:55:03", "link": {"type": "article", "url": "http://www.nytimes.com/movie/review?res=9507E5DE153CE13BBC4C51DFB366838C659EDE", "suggested_link_text": "Read the New York Times Review of Backlash"}, "multimedia": null}]}