{"status": "OK", "copyright": "Copyright (c) 2017 The New York Times Company. All Rights Reserved.", "has_more": true, "num_results": 20, "results": [{"display_title": "Miss Pacific Fleet", "mpaa_rating": "", "critics_pick": 0, "byline": "F.S.N.", "headline": "Miss Pacific Fleet", "summary_short": "Two stranded chorus girls entertain their way back to New York. Very minor high jinks.", "publication_date": "1935-12-07", "opening_date": "1935-12-14", "date_updated": "2016-03-30 06:51:16", "link": {"type": "article", "url": "http://www.nytimes.com/movie/review?res=9B05E6D6163CE53ABC4F53DFB467838E629EDE", "suggested_link_text": "Read the New York Times Review of Miss Pacific Fleet"}, "multimedia": null}, {"display_title": "Man of Iron", "mpaa_rating": "", "critics_pick": 0, "byline": "T.M.P.", "headline": "Man of Iron", "summary_short": "A factory worker rises to vice president and loses his friends in the process.", "publication_date": "1935-12-07", "opening_date": "1935-12-21", "date_updated": "2016-03-30 07:21:09", "link": {"type": "article", "url": "http://www.nytimes.com/movie/review?res=9405E6D6163CE53ABC4F53DFB467838E629EDE", "suggested_link_text": "Read the New York Times Review of Man of Iron"}, "multimedia": null}, {"display_title": "In Old Kentucky", "mpaa_rating": "", "critics_pick": 0, "byline": "FRANK S. NUGENT", "headline": "Old Kentucky, In", "summary_short": "", "publication_date": "1935-11-29", "opening_date": "1935-11-28", "date_updated": "2016-03-30 07:21:21", "link": {"type": "article", "url": "http://www.nytimes.com/movie/review?res=9502E0D8143DEE3ABC4151DFB767838E629EDE", "suggested_link_text": "Read the New York Times Review of In Old Kentucky"}, "multimedia": null}, {"display_title": "I Dream Too Much", "mpaa_rating": "", "critics_pick": 0, "byline": "ANDRE SENNWALD.", "headline": "I Dream too Much", "summary_short": "Charming diva showcase, luscious Kern and operatic ``Bell Song.'' Spot Lucy Ball as teen-age tourist. Peak: ``Jockey on the Carousel.''", "publication_date": "1935-11-29", "opening_date": "1935-11-29", "date_updated": "2016-03-30 07:18:03", "link": {"type": "article", "url": "http://www.nytimes.com/movie/review?res=9402E0D8143DEE3ABC4151DFB767838E629EDE", "suggested_link_text": "Read the New York Times Review of I Dream Too Much"}, "multimedia": null}, {"display_title": "So Red the Rose", "mpaa_rating": "", "critics_pick": 0, "byline": "ANDRE SENNWALD.", "headline": "So Red the Rose", "summary_short": "Excellent drama of Southern family in Civil War with a peerless, poignant Maggie.", "publication_date": "1935-11-28", "opening_date": "1935-12-20", "date_updated": "2016-03-30 07:28:12", "link": {"type": "article", "url": "http://www.nytimes.com/movie/review?res=9807E1D7173FEE3BBC4051DFB767838E629EDE", "suggested_link_text": "Read the New York Times Review of So Red the Rose"}, "multimedia": null}, {"display_title": "Herr Kobin Geht Auf", "mpaa_rating": "", "critics_pick": 0, "byline": "H.T.S.", "headline": "Mr Kobin Seeks Adventure", "summary_short": "", "publication_date": "1935-11-26", "opening_date": "1935-11-25", "date_updated": "2016-03-30 06:46:20", "link": {"type": "article", "url": "http://www.nytimes.com/movie/review?res=9E06EFDA163CE53ABC4E51DFB767838E629EDE", "suggested_link_text": "Read the New York Times Review of Herr Kobin Geht Auf"}, "multimedia": null}, {"display_title": "Frisco Kid", "mpaa_rating": "", "critics_pick": 0, "byline": "ANDRE SENNWALD.", "headline": "Frisco Kid", "summary_short": "Fullsome, bristling old-timer, crammed with Barbary Coast color. Lively antique.", "publication_date": "1935-11-25", "opening_date": "1935-11-30", "date_updated": "2016-03-30 07:27:26", "link": {"type": "article", "url": "http://www.nytimes.com/movie/review?res=990CEFD7153CEE3ABC4D51DFB767838E629EDE", "suggested_link_text": "Read the New York Times Review of Frisco Kid"}, "multimedia": null}, {"display_title": "Escape from Devil's Island", "mpaa_rating": "", "critics_pick": 0, "byline": "T. M. P.", "headline": "Escape from Devil's Island", "summary_short": "Like it says. New one on us.", "publication_date": "1935-11-25", "opening_date": "1935-11-24", "date_updated": "2016-03-30 07:13:56", "link": {"type": "article", "url": "http://www.nytimes.com/movie/review?res=9A0CEFD7153CEE3ABC4D51DFB767838E629EDE", "suggested_link_text": "Read the New York Times Review of Escape from Devil's Island"}, "multimedia": null}, {"display_title": "To Beat the Band", "mpaa_rating": "", "critics_pick": 0, "byline": "F.S.N.", "headline": "To Beat the Band", "summary_short": "Playboy must wed soon or legacy goes to bandleader.", "publication_date": "1935-11-23", "opening_date": "1935-11-23", "date_updated": "2016-03-30 06:58:48", "link": {"type": "article", "url": "http://www.nytimes.com/movie/review?res=990DE6DC163CE53ABC4B51DFB767838E629EDE", "suggested_link_text": "Read the New York Times Review of To Beat the Band"}, "multimedia": null}, {"display_title": "Splendor", "mpaa_rating": "", "critics_pick": 0, "byline": "ANDRE SENNWALD.", "headline": "Splendor", "summary_short": "Crothers play of poor bride in rich clan. Doesn't score but quite literate. Some good trouping.", "publication_date": "1935-11-23", "opening_date": null, "date_updated": "2016-03-30 06:46:48", "link": {"type": "article", "url": "http://www.nytimes.com/movie/review?res=980DE6DC163CE53ABC4B51DFB767838E629EDE", "suggested_link_text": "Read the New York Times Review of Splendor"}, "multimedia": null}, {"display_title": "The Case of the Missing Man", "mpaa_rating": "", "critics_pick": 0, "byline": "T.M.P.", "headline": "Case of the Missing Man, The", "summary_short": "", "publication_date": "1935-11-23", "opening_date": "1935-10-20", "date_updated": "2016-03-30 06:48:34", "link": {"type": "article", "url": "http://www.nytimes.com/movie/review?res=9A0DE6DC163CE53ABC4B51DFB767838E629EDE", "suggested_link_text": "Read the New York Times Review of The Case of the Missing Man"}, "multimedia": null}, {"display_title": "Crime and Punishment", "mpaa_rating": "Not Rated", "critics_pick": 0, "byline": "ANDRE SENNWALD.", "headline": "Crime and Punishment", "summary_short": "", "publication_date": "1935-11-22", "opening_date": "1935-11-22", "date_updated": "2016-03-30 06:52:08", "link": {"type": "article", "url": "http://www.nytimes.com/movie/review?res=9800E3DA173CE733A25751C2A9679D946494D6CF", "suggested_link_text": "Read the New York Times Review of Crime and Punishment"}, "multimedia": null}, {"display_title": "Land of Promise", "mpaa_rating": "", "critics_pick": 0, "byline": ".F. S. N.", "headline": "Land of Promise, The", "summary_short": "", "publication_date": "1935-11-21", "opening_date": "1935-11-20", "date_updated": "2016-03-30 06:53:36", "link": {"type": "article", "url": "http://www.nytimes.com/movie/review?res=9802E7D61238E13ABC4951DFB767838E629EDE", "suggested_link_text": "Read the New York Times Review of Land of Promise"}, "multimedia": null}, {"display_title": "Kind Stepmother", "mpaa_rating": "", "critics_pick": 0, "byline": "H. T. S.", "headline": "Edes Mostoha", "summary_short": "", "publication_date": "1935-11-21", "opening_date": "1935-11-20", "date_updated": "2016-03-30 07:23:55", "link": {"type": "article", "url": "http://www.nytimes.com/movie/review?res=9F02E7D61238E13ABC4951DFB767838E629EDE", "suggested_link_text": "Read the New York Times Review of Kind Stepmother"}, "multimedia": null}, {"display_title": "Remember Last Night", "mpaa_rating": "", "critics_pick": 0, "byline": "ANDRE SENNWALD.", "headline": "Remember Last Night?", "summary_short": "Murder during and after Long Island orgy. The more the merrier in this likable old comedy melodrama.", "publication_date": "1935-11-21", "opening_date": "1935-10-28", "date_updated": "2016-03-30 07:13:26", "link": {"type": "article", "url": "http://www.nytimes.com/movie/review?res=9E02E7D61238E13ABC4951DFB767838E629EDE", "suggested_link_text": "Read the New York Times Review of Remember Last Night"}, "multimedia": null}, {"display_title": "Mary Burns, Fugitive", "mpaa_rating": "", "critics_pick": 0, "byline": "ANDRE SENNWALD.", "headline": "Mary Burns, Fugitive", "summary_short": "Alan Baxter, Pert Kelton. Colorful, well-meshed crime melodrama.", "publication_date": "1935-11-16", "opening_date": "1935-11-15", "date_updated": "2016-03-30 06:45:11", "link": {"type": "article", "url": "http://www.nytimes.com/movie/review?res=9507EEDE163CE53ABC4E52DFB767838E629EDE", "suggested_link_text": "Read the New York Times Review of Mary Burns, Fugitive"}, "multimedia": null}, {"display_title": "His Night Out", "mpaa_rating": "", "critics_pick": 0, "byline": "T.M.P.", "headline": "His Night Out", "summary_short": "", "publication_date": "1935-11-16", "opening_date": "1935-10-01", "date_updated": "2016-03-30 07:28:08", "link": {"type": "article", "url": "http://www.nytimes.com/movie/review?res=9C06EEDE163CE53ABC4E52DFB767838E629EDE", "suggested_link_text": "Read the New York Times Review of His Night Out"}, "multimedia": null}, {"display_title": "The Man Who Broke the Bank at Monte Carlo", "mpaa_rating": "", "critics_pick": 0, "byline": "ANDRE SENNWALD", "headline": "Man Who Broke the Bank at Monte Carlo, The", "summary_short": "Light, amusing antique.", "publication_date": "1935-11-15", "opening_date": "1935-11-14", "date_updated": "2016-03-30 06:47:55", "link": {"type": "article", "url": "http://www.nytimes.com/movie/review?res=9E07E3D8173CEE32A25756C1A9679D946494D6CF", "suggested_link_text": "Read the New York Times Review of The Man Who Broke the Bank at Monte Carlo"}, "multimedia": null}, {"display_title": "Thanks a Million", "mpaa_rating": "", "critics_pick": 0, "byline": "ANDRE SENNWALD.", "headline": "Thanks a Million", "summary_short": "Crooner runs for governor. Sprightly political spoof with lilting songs. Allen steals it.", "publication_date": "1935-11-14", "opening_date": "1935-11-15", "date_updated": "2016-03-30 07:24:18", "link": {"type": "article", "url": "http://www.nytimes.com/movie/review?res=9403EFD8173FEE3BBC4C52DFB767838E629EDE", "suggested_link_text": "Read the New York Times Review of Thanks a Million"}, "multimedia": null}, {"display_title": "Stars over Broadway", "mpaa_rating": "", "critics_pick": 0, "byline": "F.S.N.", "headline": "Stars Over Broadway", "summary_short": "Dim wattage now.", "publication_date": "1935-11-14", "opening_date": "1935-11-23", "date_updated": "2016-03-30 06:58:21", "link": {"type": "article", "url": "http://www.nytimes.com/movie/review?res=9503EFD8173FEE3BBC4C52DFB767838E629EDE", "suggested_link_text": "Read the New York Times Review of Stars over Broadway"}, "multimedia": null}]}