{"status": "OK", "copyright": "Copyright (c) 2017 The New York Times Company. All Rights Reserved.", "has_more": true, "num_results": 20, "results": [{"display_title": "Hellzapoppin'", "mpaa_rating": "", "critics_pick": 0, "byline": "T.S.", "headline": "Hellzapoppin", "summary_short": "Mulligan stew spiced by Martha Raye.", "publication_date": "1941-12-26", "opening_date": "1941-12-26", "date_updated": "2016-03-30 06:43:17", "link": {"type": "article", "url": "http://www.nytimes.com/movie/review?res=9902E7DF163FEF33A25755C2A9649D946093D6CF", "suggested_link_text": "Read the New York Times Review of Hellzapoppin'"}, "multimedia": null}, {"display_title": "Tarzan's Secret Treasure", "mpaa_rating": "Not Rated", "critics_pick": 0, "byline": "BOSLEY CROWTHER", "headline": "Tarzan's Secret Treasure", "summary_short": "Series tapering off.", "publication_date": "1941-12-25", "opening_date": "1941-12-01", "date_updated": "2016-03-30 07:17:02", "link": {"type": "article", "url": "http://www.nytimes.com/movie/review?res=9505E5DF153AEF3ABC4D51DFB467838A659EDE", "suggested_link_text": "Read the New York Times Review of Tarzan's Secret Treasure"}, "multimedia": null}, {"display_title": "The Wolf Man", "mpaa_rating": "", "critics_pick": 0, "byline": "T.S.", "headline": "Wolf Man, The", "summary_short": "Can't touch the original ``Werewolf of London.''", "publication_date": "1941-12-22", "opening_date": "1941-12-12", "date_updated": "2016-03-30 07:11:19", "link": {"type": "article", "url": "http://www.nytimes.com/movie/review?res=9E00E7DC173DE333A25751C2A9649D946093D6CF", "suggested_link_text": "Read the New York Times Review of The Wolf Man"}, "multimedia": null}, {"display_title": "No Hands on the Clock", "mpaa_rating": "", "critics_pick": 0, "byline": "T.M.P.", "headline": "No Hands on the Clock", "summary_short": "", "publication_date": "1941-12-22", "opening_date": "1941-12-01", "date_updated": "2016-03-30 06:46:14", "link": {"type": "article", "url": "http://www.nytimes.com/movie/review?res=9E03E7DC173DE333A25751C2A9649D946093D6CF", "suggested_link_text": "Read the New York Times Review of No Hands on the Clock"}, "multimedia": null}, {"display_title": "Frontovye Podrugi", "mpaa_rating": "", "critics_pick": 0, "byline": "BOSLEY CROWTHER", "headline": "Girl From Leningrad", "summary_short": "", "publication_date": "1941-12-20", "opening_date": "1941-12-19", "date_updated": "2016-03-30 06:45:31", "link": {"type": "article", "url": "http://www.nytimes.com/movie/review?res=9B00EFD61F3FE13BBC4851DFB467838A659EDE", "suggested_link_text": "Read the New York Times Review of Frontovye Podrugi"}, "multimedia": null}, {"display_title": "The Night of January 16th", "mpaa_rating": "", "critics_pick": 0, "byline": "A.W.", "headline": "Night of January 16th, The", "summary_short": "A dated but not bad whodunit. The plot's the thing here.", "publication_date": "1941-12-19", "opening_date": "1941-11-28", "date_updated": "2016-03-30 06:56:40", "link": {"type": "article", "url": "http://www.nytimes.com/movie/review?res=9806E2D6143AEF3ABC4152DFB467838A659EDE", "suggested_link_text": "Read the New York Times Review of The Night of January 16th"}, "multimedia": null}, {"display_title": "Kathleen", "mpaa_rating": "Not Rated", "critics_pick": 0, "byline": "T.S.", "headline": "Kathleen", "summary_short": "Mild.", "publication_date": "1941-12-19", "opening_date": "1942-01-22", "date_updated": "2016-03-30 07:20:34", "link": {"type": "article", "url": "http://www.nytimes.com/movie/review?res=9A06E2D6143AEF3ABC4152DFB467838A659EDE", "suggested_link_text": "Read the New York Times Review of Kathleen"}, "multimedia": null}, {"display_title": "H.M. Pulham, Esq.", "mpaa_rating": "", "critics_pick": 0, "byline": "BOSLEY CROWTHER", "headline": "H M Pulham, Esq", "summary_short": "Marquand's Boston blueblood and his loves. Intelligent, interesting drama. A surprisingly credible Hedy.", "publication_date": "1941-12-19", "opening_date": "1941-12-18", "date_updated": "2016-03-30 06:44:10", "link": {"type": "article", "url": "http://www.nytimes.com/movie/review?res=9F06E2D6143AEF3ABC4152DFB467838A659EDE", "suggested_link_text": "Read the New York Times Review of H.M. Pulham, Esq."}, "multimedia": null}, {"display_title": "Confirm or Deny", "mpaa_rating": "", "critics_pick": 0, "byline": "T.M.P.", "headline": "Confirm or Deny", "summary_short": "American newsman and teletype operator in Nazi-blitzed London. Effective moments.", "publication_date": "1941-12-19", "opening_date": "1941-12-12", "date_updated": "2016-03-30 06:52:19", "link": {"type": "article", "url": "http://www.nytimes.com/movie/review?res=9906E2D6143AEF3ABC4152DFB467838A659EDE", "suggested_link_text": "Read the New York Times Review of Confirm or Deny"}, "multimedia": null}, {"display_title": "The Men in Her Life", "mpaa_rating": "", "critics_pick": 0, "byline": "BOSLEY CROWTHER", "headline": "Men In her Life, The", "summary_short": "Glossy soapie, a Young showcase.", "publication_date": "1941-12-12", "opening_date": "1941-10-30", "date_updated": "2016-03-30 06:42:24", "link": {"type": "article", "url": "http://www.nytimes.com/movie/review?res=9801E4DF133DEF32A25751C1A9649D946093D6CF", "suggested_link_text": "Read the New York Times Review of The Men in Her Life"}, "multimedia": null}, {"display_title": "The Feminine Touch", "mpaa_rating": "", "critics_pick": 0, "byline": "T.S.", "headline": "Feminine Touch, The", "summary_short": "Professor, wife, publisher, secretary. Quite amusing and Kay, who's a doll, steals it.", "publication_date": "1941-12-12", "opening_date": "1941-10-01", "date_updated": "2016-03-30 07:22:02", "link": {"type": "article", "url": "http://www.nytimes.com/movie/review?res=9901E4DF133DEF32A25751C1A9649D946093D6CF", "suggested_link_text": "Read the New York Times Review of The Feminine Touch"}, "multimedia": null}, {"display_title": "Blues in the Night", "mpaa_rating": "", "critics_pick": 0, "byline": "T.M.P.", "headline": "Blues in the Night", "summary_short": "One of the few good dramas about a touring band. Graphic eyeful, flavored with marvelous title ballad.", "publication_date": "1941-12-12", "opening_date": "1941-11-15", "date_updated": "2016-03-30 07:09:16", "link": {"type": "article", "url": "http://www.nytimes.com/movie/review?res=9F01E4DF133DEF32A25751C1A9649D946093D6CF", "suggested_link_text": "Read the New York Times Review of Blues in the Night"}, "multimedia": null}, {"display_title": "Cadet Girl", "mpaa_rating": "", "critics_pick": 0, "byline": "T.S.", "headline": "Cadet Girl", "summary_short": "Typical. }0154&quot;&quot;Caesar And Cleopatra'' (1946) Vivien Leigh, Claude Rains.< Shaw's version. Very fine to look at, better to hear. Viv's okay but Rains is wonderful.", "publication_date": "1941-12-11", "opening_date": "1941-11-28", "date_updated": "2016-03-30 07:25:41", "link": {"type": "article", "url": "http://www.nytimes.com/movie/review?res=9402E0D8143AEF3ABC4952DFB467838A659EDE", "suggested_link_text": "Read the New York Times Review of Cadet Girl"}, "multimedia": null}, {"display_title": "Birth of the Blues", "mpaa_rating": "", "critics_pick": 0, "byline": "BOSLEY CROWTHER", "headline": "Birth of the Blues", "summary_short": "Down New Orleans way. Tuneful as it is fanciful.", "publication_date": "1941-12-11", "opening_date": "1941-11-07", "date_updated": "2016-03-30 06:48:11", "link": {"type": "article", "url": "http://www.nytimes.com/movie/review?res=9B02E0D8143AEF3ABC4952DFB467838A659EDE", "suggested_link_text": "Read the New York Times Review of Birth of the Blues"}, "multimedia": null}, {"display_title": "Rise and Shine", "mpaa_rating": "", "critics_pick": 0, "byline": "BOSLEY CROWTHER", "headline": "Rise and Shine", "summary_short": "", "publication_date": "1941-12-06", "opening_date": "1941-11-21", "date_updated": "2016-03-30 06:50:13", "link": {"type": "article", "url": "http://www.nytimes.com/movie/review?res=9B05E3DE173AE233A25755C0A9649D946093D6CF", "suggested_link_text": "Read the New York Times Review of Rise and Shine"}, "multimedia": null}, {"display_title": "Smilin' Through", "mpaa_rating": "", "critics_pick": 0, "byline": "BOSLEY CROWTHER", "headline": "Smilin' Through", "summary_short": "Love lost and found. Fetching and tender, but Shearer-March-Howard original is better.", "publication_date": "1941-12-05", "opening_date": "1941-10-01", "date_updated": "2016-03-30 06:42:02", "link": {"type": "article", "url": "http://www.nytimes.com/movie/review?res=9B03EEDF173AE233A25756C0A9649D946093D6CF", "suggested_link_text": "Read the New York Times Review of Smilin' Through"}, "multimedia": null}, {"display_title": "Marry the Boss's Daughter", "mpaa_rating": "", "critics_pick": 0, "byline": "BOSLEY CROWTHER", "headline": "Marry the Boss's Daughter", "summary_short": "", "publication_date": "1941-12-04", "opening_date": "1941-11-28", "date_updated": "2016-03-30 06:48:54", "link": {"type": "article", "url": "http://www.nytimes.com/movie/review?res=9C00E0DA1F3FE13BBC4C53DFB467838A659EDE", "suggested_link_text": "Read the New York Times Review of Marry the Boss's Daughter"}, "multimedia": null}, {"display_title": "The Kid from Kansas", "mpaa_rating": "", "critics_pick": 0, "byline": "T.M.P.", "headline": "Kid From Kansas, The", "summary_short": "", "publication_date": "1941-12-02", "opening_date": "1941-09-19", "date_updated": "2016-03-30 07:29:24", "link": {"type": "article", "url": "http://www.nytimes.com/movie/review?res=9D02E2D81038E333A25751C0A9649D946093D6CF", "suggested_link_text": "Read the New York Times Review of The Kid from Kansas"}, "multimedia": null}, {"display_title": "Sing for Your Supper", "mpaa_rating": "", "critics_pick": 0, "byline": "T.S.", "headline": "Sing for Your Supper", "summary_short": "", "publication_date": "1941-12-01", "opening_date": "1941-12-04", "date_updated": "2016-03-30 06:47:40", "link": {"type": "article", "url": "http://www.nytimes.com/movie/review?res=9C00E0DF173DE333A25752C0A9649D946093D6CF", "suggested_link_text": "Read the New York Times Review of Sing for Your Supper"}, "multimedia": null}, {"display_title": "You Belong to Me", "mpaa_rating": "", "critics_pick": 0, "byline": "BOSLEY CROWTHER", "headline": "You Belong to Me", "summary_short": "A woman doctor. Perky though minor romantic comedy. Amusing trifle.", "publication_date": "1941-11-29", "opening_date": "1941-10-22", "date_updated": "2016-03-30 06:46:05", "link": {"type": "article", "url": "http://www.nytimes.com/movie/review?res=9503E4DF173AE233A2575AC2A9679D946093D6CF", "suggested_link_text": "Read the New York Times Review of You Belong to Me"}, "multimedia": null}]}