{"status": "OK", "copyright": "Copyright (c) 2017 The New York Times Company. All Rights Reserved.", "has_more": true, "num_results": 20, "results": [{"display_title": "Faithless", "mpaa_rating": "", "critics_pick": 0, "byline": "MORDAUNT HALL", "headline": "Faithless", "summary_short": "Woman starts anew after Depression. Tallu on the half-shell.", "publication_date": "1932-11-19", "opening_date": "1932-10-15", "date_updated": "2016-03-30 07:19:58", "link": {"type": "article", "url": "http://www.nytimes.com/movie/review?res=9B0CEEDC1539E033A2575AC1A9679D946394D6CF", "suggested_link_text": "Read the New York Times Review of Faithless"}, "multimedia": null}, {"display_title": "Varmlanningarna", "mpaa_rating": "", "critics_pick": 0, "byline": "H.T.S.", "headline": "Vaermlaenningarna", "summary_short": "", "publication_date": "1932-11-18", "opening_date": null, "date_updated": "2016-03-30 06:44:18", "link": {"type": "article", "url": "http://www.nytimes.com/movie/review?res=9A05E7D81E31E333A2575BC1A9679D946394D6CF", "suggested_link_text": "Read the New York Times Review of Varmlanningarna"}, "multimedia": null}, {"display_title": "The Kid From Spain", "mpaa_rating": "", "critics_pick": 0, "byline": "MORDAUNT HALL", "headline": "Kid From Spain, The", "summary_short": "Medium Cantor caper, some color from Berkeley choreography. Spot blonde chorine Paulette Goddard.", "publication_date": "1932-11-18", "opening_date": "1932-11-17", "date_updated": "2016-03-30 06:45:25", "link": {"type": "article", "url": "http://www.nytimes.com/movie/review?res=9405E7D81E31E333A2575BC1A9679D946394D6CF", "suggested_link_text": "Read the New York Times Review of The Kid From Spain"}, "multimedia": null}, {"display_title": "Kongo", "mpaa_rating": "", "critics_pick": 0, "byline": "MORDAUNT HALL.", "headline": "Kongo", "summary_short": "Insane paralyzed man ruling African colony. Striking pre-code horror-melodrama.", "publication_date": "1932-11-17", "opening_date": "1932-10-01", "date_updated": "2016-03-30 06:41:52", "link": {"type": "article", "url": "http://www.nytimes.com/movie/review?res=9E0CE4DA1131E633A25754C1A9679D946394D6CF", "suggested_link_text": "Read the New York Times Review of Kongo"}, "multimedia": null}, {"display_title": "Man Braucht Kein Geld", "mpaa_rating": "", "critics_pick": 0, "byline": "H.T.S.", "headline": "Man Braucht Kein Geld", "summary_short": "", "publication_date": "1932-11-16", "opening_date": "1932-11-15", "date_updated": "2016-03-30 07:28:14", "link": {"type": "article", "url": "http://www.nytimes.com/movie/review?res=9801EFDB1131E633A25755C1A9679D946394D6CF", "suggested_link_text": "Read the New York Times Review of Man Braucht Kein Geld"}, "multimedia": null}, {"display_title": "Held for Murder", "mpaa_rating": "", "critics_pick": 0, "byline": "MORDAUNT HALL.", "headline": "Her mad Night", "summary_short": "", "publication_date": "1932-11-15", "opening_date": "1932-10-12", "date_updated": "2016-03-30 06:42:53", "link": {"type": "article", "url": "http://www.nytimes.com/movie/review?res=9F07E2D91E31E333A25756C1A9679D946394D6CF", "suggested_link_text": "Read the New York Times Review of Held for Murder"}, "multimedia": null}, {"display_title": "Un Reve Blond", "mpaa_rating": "", "critics_pick": 0, "byline": "C. HOOPER TRASK.", "headline": "Blonder Tram, Ein", "summary_short": "", "publication_date": "1932-11-13", "opening_date": null, "date_updated": "2016-03-30 07:22:56", "link": {"type": "article", "url": "http://www.nytimes.com/movie/review?res=9402E6DB1131E633A25750C1A9679D946394D6CF", "suggested_link_text": "Read the New York Times Review of Un Reve Blond"}, "multimedia": null}, {"display_title": "Evenings for Sale", "mpaa_rating": "", "critics_pick": 0, "byline": "MORDAUNT HALL.", "headline": "Evenings for Sale", "summary_short": "", "publication_date": "1932-11-12", "opening_date": "1932-11-12", "date_updated": "2016-03-30 07:12:57", "link": {"type": "article", "url": "http://www.nytimes.com/movie/review?res=9B01E1D61530E333A25751C1A9679D946394D6CF", "suggested_link_text": "Read the New York Times Review of Evenings for Sale"}, "multimedia": null}, {"display_title": "Kameradschaft", "mpaa_rating": "", "critics_pick": 0, "byline": "MORDAUNT HALL", "headline": "Kameradschaft", "summary_short": "German coal miners cross the border to help hundreds of trapped French miners. Directed by G.W. Pabst.", "publication_date": "1932-11-09", "opening_date": null, "date_updated": "2016-03-30 06:50:42", "link": {"type": "article", "url": "http://www.nytimes.com/movie/review?res=990DE5DB1E31E333A2575AC0A9679D946394D6CF", "suggested_link_text": "Read the New York Times Review of Kameradschaft"}, "multimedia": null}, {"display_title": "Payment Deferred", "mpaa_rating": "", "critics_pick": 0, "byline": "MORDAUNT HALL.", "headline": "Payment Deferred", "summary_short": "Shy bank clerk commits murder. Tight but stagy drama.", "publication_date": "1932-11-08", "opening_date": "1932-11-07", "date_updated": "2016-03-30 06:47:20", "link": {"type": "article", "url": "http://www.nytimes.com/movie/review?res=9E07E0DD1E31E333A2575BC0A9679D946394D6CF", "suggested_link_text": "Read the New York Times Review of Payment Deferred"}, "multimedia": null}, {"display_title": "Anush", "mpaa_rating": "", "critics_pick": 0, "byline": "H.T.S.", "headline": "Anush", "summary_short": "", "publication_date": "1932-11-07", "opening_date": "1932-11-06", "date_updated": "2016-03-30 07:26:22", "link": {"type": "article", "url": "http://www.nytimes.com/movie/review?res=9B05E7DC1131E633A25754C0A9679D946394D6CF", "suggested_link_text": "Read the New York Times Review of Anush"}, "multimedia": null}, {"display_title": "Mensch Ohne Namen", "mpaa_rating": "", "critics_pick": 0, "byline": "H.T.S.", "headline": "Mensch Ohne Namen", "summary_short": "", "publication_date": "1932-11-07", "opening_date": null, "date_updated": "2016-03-30 07:14:53", "link": {"type": "article", "url": "http://www.nytimes.com/movie/review?res=9A05E7DC1131E633A25754C0A9679D946394D6CF", "suggested_link_text": "Read the New York Times Review of Mensch Ohne Namen"}, "multimedia": null}, {"display_title": "Air Mail", "mpaa_rating": "", "critics_pick": 0, "byline": "MORDAUNT HALL.", "headline": "Air Mail", "summary_short": "Daredevil mail pilot comes to the rescue after his boss crash-lands in the Rockies. Directed by John Ford.", "publication_date": "1932-11-07", "opening_date": "1932-11-03", "date_updated": "2016-03-30 06:42:05", "link": {"type": "article", "url": "http://www.nytimes.com/movie/review?res=9905E7DC1131E633A25754C0A9679D946394D6CF", "suggested_link_text": "Read the New York Times Review of Air Mail"}, "multimedia": null}, {"display_title": "Monsieur De Pourceaugnac", "mpaa_rating": "", "critics_pick": 0, "byline": "HERBERT L. MATTHEWS.", "headline": "Monsieur de Pourceaugnac", "summary_short": "", "publication_date": "1932-11-06", "opening_date": null, "date_updated": "2016-03-30 06:51:32", "link": {"type": "article", "url": "http://www.nytimes.com/movie/review?res=9B05E0DD1131E633A25755C0A9679D946394D6CF", "suggested_link_text": "Read the New York Times Review of Monsieur De Pourceaugnac"}, "multimedia": null}, {"display_title": "Red Dust", "mpaa_rating": "", "critics_pick": 0, "byline": "M.H.", "headline": "Red Dust", "summary_short": "Steamy sex in Malaya, and grand fun every time. Far juicier than Ford's Cadillac remake, ``Mogambo.''", "publication_date": "1932-11-05", "opening_date": "1932-10-22", "date_updated": "2016-03-30 07:12:12", "link": {"type": "article", "url": "http://www.nytimes.com/movie/review?res=9802EFDE1E31E333A25756C0A9679D946394D6CF", "suggested_link_text": "Read the New York Times Review of Red Dust"}, "multimedia": null}, {"display_title": "Rackety Rax", "mpaa_rating": "", "critics_pick": 0, "byline": "MORDAUNT HALL.", "headline": "Rackety Rax", "summary_short": "", "publication_date": "1932-11-05", "opening_date": "1932-10-23", "date_updated": "2016-03-30 06:50:56", "link": {"type": "article", "url": "http://www.nytimes.com/movie/review?res=9B03EFDE1E31E333A25756C0A9679D946394D6CF", "suggested_link_text": "Read the New York Times Review of Rackety Rax"}, "multimedia": null}, {"display_title": "Hot Saturday", "mpaa_rating": "", "critics_pick": 0, "byline": "A.D.S.", "headline": "Hot Saturday", "summary_short": "", "publication_date": "1932-11-05", "opening_date": "1932-10-28", "date_updated": "2016-03-30 06:50:51", "link": {"type": "article", "url": "http://www.nytimes.com/movie/review?res=9F02EFDE1E31E333A25756C0A9679D946394D6CF", "suggested_link_text": "Read the New York Times Review of Hot Saturday"}, "multimedia": null}, {"display_title": "Scarlet Dawn", "mpaa_rating": "", "critics_pick": 0, "byline": "MORDAUNT HALL.", "headline": "Scarlet Dawn", "summary_short": "A Russian prince tries to start anew by marrying a servant who saved his life.", "publication_date": "1932-11-04", "opening_date": "1932-11-12", "date_updated": "2016-03-30 07:29:38", "link": {"type": "article", "url": "http://www.nytimes.com/movie/review?res=9A06E4DE1E31E333A25757C0A9679D946394D6CF", "suggested_link_text": "Read the New York Times Review of Scarlet Dawn"}, "multimedia": null}, {"display_title": "Magic Night", "mpaa_rating": "", "critics_pick": 0, "byline": "MORDAUNT HALL.", "headline": "Magic Night", "summary_short": "", "publication_date": "1932-11-03", "opening_date": null, "date_updated": "2016-03-30 07:23:19", "link": {"type": "article", "url": "http://www.nytimes.com/movie/review?res=9806E2DF1E31E333A25750C0A9679D946394D6CF", "suggested_link_text": "Read the New York Times Review of Magic Night"}, "multimedia": null}, {"display_title": "Night After Night", "mpaa_rating": "", "critics_pick": 0, "byline": "MORDAUNT HALL.", "headline": "Night after Night", "summary_short": "", "publication_date": "1932-10-31", "opening_date": "1932-10-30", "date_updated": "2016-03-30 07:22:37", "link": {"type": "article", "url": "http://www.nytimes.com/movie/review?res=9801EEDF1131E633A25752C3A9669D946394D6CF", "suggested_link_text": "Read the New York Times Review of Night After Night"}, "multimedia": null}]}