{"status": "OK", "copyright": "Copyright (c) 2017 The New York Times Company. All Rights Reserved.", "has_more": true, "num_results": 20, "results": [{"display_title": "The Beast with Five Fingers", "mpaa_rating": "", "critics_pick": 0, "byline": "BOSLEY CROWTHER", "headline": "Beast With Five Fingers, The", "summary_short": "Hair-raising. If this doesn't cure your dandruff, nothing will.", "publication_date": "1946-12-26", "opening_date": "1946-12-25", "date_updated": "2016-03-30 06:56:31", "link": {"type": "article", "url": "http://www.nytimes.com/movie/review?res=9E0CE0D61E3BE333A05755C2A9649D946793D6CF", "suggested_link_text": "Read the New York Times Review of The Beast with Five Fingers"}, "multimedia": null}, {"display_title": "Temptation", "mpaa_rating": "", "critics_pick": 0, "byline": "BOSLEY CROWTHER", "headline": "Temptation", "summary_short": "Anthropologist's new wife strays. Smooth doings, good cast.", "publication_date": "1946-12-25", "opening_date": "1946-12-02", "date_updated": "2016-03-30 07:22:36", "link": {"type": "article", "url": "http://www.nytimes.com/movie/review?res=9E0CE2D8153BE333A05756C2A9649D946793D6CF", "suggested_link_text": "Read the New York Times Review of Temptation"}, "multimedia": null}, {"display_title": "It's a Wonderful Life", "mpaa_rating": "", "critics_pick": 1, "byline": "BOSLEY CROWTHER", "headline": "It's a Wonderful Life", "summary_short": "Suicidal family man saved by guardian angel. Capra's cast-iron cheer will hook you.", "publication_date": "1946-12-23", "opening_date": "1947-01-07", "date_updated": "2016-03-30 07:07:37", "link": {"type": "article", "url": "http://www.nytimes.com/movie/review?res=9E00EFDE163DEE3BBC4B51DFB467838D659EDE", "suggested_link_text": "Read the New York Times Review of It's a Wonderful Life"}, "multimedia": null}, {"display_title": "Franz Kafka's &quot;It's a Wonderful Life&quot;", "mpaa_rating": "", "critics_pick": 0, "byline": "Bosley Crowther", "headline": "IT'S A WONDERFUL LIFE (MOVIE)", "summary_short": "", "publication_date": "1946-12-23", "opening_date": "1995-11-29", "date_updated": "2016-03-30 06:50:11", "link": {"type": "article", "url": "http://www.nytimes.com/movie/review?res=EE05E7DF1739E46ABC4B51DFB467838D659EDE", "suggested_link_text": "Read the New York Times Review of Franz Kafka's &quot;It's a Wonderful Life&quot;"}, "multimedia": null}, {"display_title": "The Overlanders", "mpaa_rating": "", "critics_pick": 1, "byline": "BOSLEY CROWTHER", "headline": "Overlanders, The", "summary_short": "Australian cattle drive in wartime. Good, gritty going.", "publication_date": "1946-12-20", "opening_date": "1946-12-26", "date_updated": "2016-03-30 07:30:30", "link": {"type": "article", "url": "http://www.nytimes.com/movie/review?res=9404E4DF163DEE3BBC4851DFB467838D659EDE", "suggested_link_text": "Read the New York Times Review of The Overlanders"}, "multimedia": null}, {"display_title": "Cross My Heart", "mpaa_rating": "", "critics_pick": 0, "byline": "BOSLEY CROWTHER", "headline": "Cross my Heart", "summary_short": "", "publication_date": "1946-12-19", "opening_date": "1947-01-10", "date_updated": "2016-03-30 07:16:08", "link": {"type": "article", "url": "http://www.nytimes.com/movie/review?res=9D0DE7D61F3AEE3BBC4152DFB467838D659EDE", "suggested_link_text": "Read the New York Times Review of Cross My Heart"}, "multimedia": null}, {"display_title": "The Verdict", "mpaa_rating": "", "critics_pick": 0, "byline": "BOSLEY CROWTHER", "headline": "Verdict, The", "summary_short": "Outcast Scotland Yard inspector. Some brave trouping but doesn't quite click.", "publication_date": "1946-12-13", "opening_date": "1946-11-23", "date_updated": "2016-03-30 06:49:55", "link": {"type": "article", "url": "http://www.nytimes.com/movie/review?res=9E02EFDE1F3AEE3BBC4B52DFB467838D659EDE", "suggested_link_text": "Read the New York Times Review of The Verdict"}, "multimedia": null}, {"display_title": "Wanted for Murder", "mpaa_rating": "", "critics_pick": 0, "byline": "BOSLEY CROWTHER", "headline": "Wanted for Murder", "summary_short": "", "publication_date": "1946-12-12", "opening_date": "1946-11-02", "date_updated": "2016-03-30 07:12:14", "link": {"type": "article", "url": "http://www.nytimes.com/movie/review?res=9E03E0DC1431E333A05751C1A9649D946793D6CF", "suggested_link_text": "Read the New York Times Review of Wanted for Murder"}, "multimedia": null}, {"display_title": "That Brennan Girl", "mpaa_rating": "", "critics_pick": 0, "byline": "BOSLEY CROWTHER", "headline": "That Brennan Girl", "summary_short": "Suds, up to here.", "publication_date": "1946-12-09", "opening_date": "1946-12-23", "date_updated": "2016-03-30 07:05:39", "link": {"type": "article", "url": "http://www.nytimes.com/movie/review?res=9A07E3DC123FE23BBC4153DFB467838D659EDE", "suggested_link_text": "Read the New York Times Review of That Brennan Girl"}, "multimedia": null}, {"display_title": "Till the Clouds Roll By", "mpaa_rating": "Not Rated", "critics_pick": 0, "byline": "BOSLEY CROWTHER", "headline": "Till the Clouds Roll By", "summary_short": "Bio of composer Kern. Garland, Lansbury stand out; Sinatra finale is dreadful.", "publication_date": "1946-12-06", "opening_date": "1947-01-03", "date_updated": "2016-03-30 07:27:34", "link": {"type": "article", "url": "http://www.nytimes.com/movie/review?res=9B02E6D71E3AEE3BBC4E53DFB467838D659EDE", "suggested_link_text": "Read the New York Times Review of Till the Clouds Roll By"}, "multimedia": null}, {"display_title": "My Darling Clementine", "mpaa_rating": "", "critics_pick": 1, "byline": "BOSLEY CROWTHER", "headline": "My Darling Clementine", "summary_short": "John Ford's Wyatt Earp saga, as only he could tell it.", "publication_date": "1946-12-04", "opening_date": "1946-12-03", "date_updated": "2016-03-30 07:05:46", "link": {"type": "article", "url": "http://www.nytimes.com/movie/review?res=9E06E4DF173BE033A05757C0A9649D946793D6CF", "suggested_link_text": "Read the New York Times Review of My Darling Clementine"}, "multimedia": null}, {"display_title": "Undercurrent", "mpaa_rating": "", "critics_pick": 0, "byline": "BOSLEY CROWTHER", "headline": "Undercurrent", "summary_short": "The old one of naive bride and strange groom. Completely ridiculous, but neat cameo by Jayne Meadows.", "publication_date": "1946-11-29", "opening_date": "1946-11-28", "date_updated": "2016-03-30 06:50:53", "link": {"type": "article", "url": "http://www.nytimes.com/movie/review?res=9F0CE1D7103BE433A2575AC2A9679D946793D6CF", "suggested_link_text": "Read the New York Times Review of Undercurrent"}, "multimedia": null}, {"display_title": "The Time of Their Lives", "mpaa_rating": "", "critics_pick": 0, "byline": "BOSLEY CROWTHER", "headline": "Time of Their Lives, The", "summary_short": "Theirs.", "publication_date": "1946-11-28", "opening_date": "1946-08-16", "date_updated": "2016-03-30 07:15:27", "link": {"type": "article", "url": "http://www.nytimes.com/movie/review?res=9B03E7D71E38E53ABC4051DFB767838D659EDE", "suggested_link_text": "Read the New York Times Review of The Time of Their Lives"}, "multimedia": null}, {"display_title": "Carmen", "mpaa_rating": "", "critics_pick": 0, "byline": "BOSLEY CROWTHER", "headline": "Carmen", "summary_short": "", "publication_date": "1946-11-27", "opening_date": "1946-11-26", "date_updated": "2016-03-30 07:12:30", "link": {"type": "article", "url": "http://www.nytimes.com/movie/review?res=9F04E6D7143FE73ABC4F51DFB767838D659EDE", "suggested_link_text": "Read the New York Times Review of Carmen"}, "multimedia": null}, {"display_title": "Never Say Goodbye", "mpaa_rating": "", "critics_pick": 0, "byline": "BOSLEY CROWTHER", "headline": "Never Say Goodbye", "summary_short": "Marine meets his pen pal. Small, strained marital caper.", "publication_date": "1946-11-23", "opening_date": "1946-11-09", "date_updated": "2016-03-30 06:46:24", "link": {"type": "article", "url": "http://www.nytimes.com/movie/review?res=980DE5DB1E38E53ABC4B51DFB767838D659EDE", "suggested_link_text": "Read the New York Times Review of Never Say Goodbye"}, "multimedia": null}, {"display_title": "The Best Years of Our Lives", "mpaa_rating": "Not Rated", "critics_pick": 1, "byline": "BOSLEY CROWTHER", "headline": "Best Years of our Lives, The", "summary_short": "War vets come home. One of the real champs.", "publication_date": "1946-11-22", "opening_date": null, "date_updated": "2016-03-30 07:16:56", "link": {"type": "article", "url": "http://www.nytimes.com/movie/review?res=9506E1DC1E38E53ABC4A51DFB767838D659EDE", "suggested_link_text": "Read the New York Times Review of The Best Years of Our Lives"}, "multimedia": null}, {"display_title": "The Razor's Edge", "mpaa_rating": "", "critics_pick": 0, "byline": "BOSLEY CROWTHER", "headline": "Razor's Edge, The", "summary_short": "Maugham's young American soul-searcher. Often interesting but unprofound.", "publication_date": "1946-11-20", "opening_date": "1946-12-01", "date_updated": "2016-03-30 06:45:34", "link": {"type": "article", "url": "http://www.nytimes.com/movie/review?res=9802EEDD1E38E53ABC4851DFB767838D659EDE", "suggested_link_text": "Read the New York Times Review of The Razor's Edge"}, "multimedia": null}, {"display_title": "Notorious Gentleman", "mpaa_rating": "", "critics_pick": 0, "byline": "BOSLEY CROWTHER", "headline": "Notorious Gentleman", "summary_short": "An Oxford reject makes his way as a 1930's playboy until it all ends in World War II.", "publication_date": "1946-11-14", "opening_date": "1946-11-01", "date_updated": "2016-03-30 07:15:51", "link": {"type": "article", "url": "http://www.nytimes.com/movie/review?res=990DEED81138E53ABC4C52DFB767838D659EDE", "suggested_link_text": "Read the New York Times Review of Notorious Gentleman"}, "multimedia": null}, {"display_title": "White Tie and Tails", "mpaa_rating": "", "critics_pick": 0, "byline": "BOSLEY CROWTHER", "headline": "White Tie and Tails", "summary_short": "Extremely uncertain sophistication. All dressed up, goes nowhere.", "publication_date": "1946-11-08", "opening_date": "1946-08-30", "date_updated": "2016-03-30 06:53:17", "link": {"type": "article", "url": "http://www.nytimes.com/movie/review?res=9B0CE6D61538E532A2575BC0A9679D946793D6CF", "suggested_link_text": "Read the New York Times Review of White Tie and Tails"}, "multimedia": null}, {"display_title": "Nobody Lives Forever", "mpaa_rating": "", "critics_pick": 0, "byline": "BOSLEY CROWTHER", "headline": "Nobody Lives Forever", "summary_short": "Slick but engrossing melodrama of con man, rich woman.", "publication_date": "1946-11-02", "opening_date": "1946-11-01", "date_updated": "2016-03-30 06:55:20", "link": {"type": "article", "url": "http://www.nytimes.com/movie/review?res=9D07E6DF1138E53ABC4A53DFB767838D659EDE", "suggested_link_text": "Read the New York Times Review of Nobody Lives Forever"}, "multimedia": null}]}