{"status": "OK", "copyright": "Copyright (c) 2017 The New York Times Company. All Rights Reserved.", "has_more": true, "num_results": 20, "results": [{"display_title": "Wednesday's Child", "mpaa_rating": "", "critics_pick": 0, "byline": "ANDRE SENNWALD.", "headline": "Wednesday's Child", "summary_short": "Sensitive boy traumatized by parents' divorce plan.", "publication_date": "1934-12-15", "opening_date": "1934-10-26", "date_updated": "2016-03-30 06:41:27", "link": {"type": "article", "url": "http://www.nytimes.com/movie/review?res=9C06E5D81E3CE23ABC4D52DFB467838F629EDE", "suggested_link_text": "Read the New York Times Review of Wednesday's Child"}, "multimedia": null}, {"display_title": "Music in the Air", "mpaa_rating": "", "critics_pick": 0, "byline": "ANDRE SENNWALD.", "headline": "Music in the Air", "summary_short": "Broad as a barn door, at least now. Some pretty Kern survives from Broadway.", "publication_date": "1934-12-14", "opening_date": "1934-12-13", "date_updated": "2016-03-30 06:49:07", "link": {"type": "article", "url": "http://www.nytimes.com/movie/review?res=9E05E1DF103FE53ABC4C52DFB467838F629EDE", "suggested_link_text": "Read the New York Times Review of Music in the Air"}, "multimedia": null}, {"display_title": "Babes in Toyland", "mpaa_rating": "", "critics_pick": 0, "byline": "ANDRE SENNWALD.", "headline": "Babes in Toyland", "summary_short": "Very nice, readjusted ``Babes in Toyland.''", "publication_date": "1934-12-13", "opening_date": "1934-12-14", "date_updated": "2016-03-30 07:13:32", "link": {"type": "article", "url": "http://www.nytimes.com/movie/review?res=9402E5D6133FE53ABC4B52DFB467838F629EDE", "suggested_link_text": "Read the New York Times Review of Babes in Toyland"}, "multimedia": null}, {"display_title": "Limehouse Blues", "mpaa_rating": "", "critics_pick": 0, "byline": "ANDRE SENNWALD.", "headline": "Limehouse Blues", "summary_short": "Anna May Wong. Colorful old-style melodrama. Now minus that wonderful original title, &quot;&quot;Limehouse Blues.''", "publication_date": "1934-12-12", "opening_date": "1934-12-11", "date_updated": "2016-03-30 07:16:50", "link": {"type": "article", "url": "http://www.nytimes.com/movie/review?res=9F0DE1D7133FE53ABC4A52DFB467838F629EDE", "suggested_link_text": "Read the New York Times Review of Limehouse Blues"}, "multimedia": null}, {"display_title": "Hell in the Heavens", "mpaa_rating": "", "critics_pick": 0, "byline": "F.S.N.", "headline": "Hell in the Heavens", "summary_short": "", "publication_date": "1934-12-12", "opening_date": "1934-12-12", "date_updated": "2016-03-30 06:56:53", "link": {"type": "article", "url": "http://www.nytimes.com/movie/review?res=980DE1D7133FE53ABC4A52DFB467838F629EDE", "suggested_link_text": "Read the New York Times Review of Hell in the Heavens"}, "multimedia": null}, {"display_title": "Crainquebille", "mpaa_rating": "", "critics_pick": 0, "byline": "H.T.S.", "headline": "Crainquebille", "summary_short": "", "publication_date": "1934-12-10", "opening_date": "1934-12-09", "date_updated": "2016-03-30 06:53:48", "link": {"type": "article", "url": "http://www.nytimes.com/movie/review?res=9504E7D7133FE53ABC4852DFB467838F629EDE", "suggested_link_text": "Read the New York Times Review of Crainquebille"}, "multimedia": null}, {"display_title": "War Is a Racket", "mpaa_rating": "", "critics_pick": 0, "byline": "F.S.N.", "headline": "War Is a Racket", "summary_short": "", "publication_date": "1934-12-10", "opening_date": "1934-12-08", "date_updated": "2016-03-30 07:16:21", "link": {"type": "article", "url": "http://www.nytimes.com/movie/review?res=9B04E7D7133FE53ABC4852DFB467838F629EDE", "suggested_link_text": "Read the New York Times Review of War Is a Racket"}, "multimedia": null}, {"display_title": "The Private Life of Don Juan", "mpaa_rating": "Not Rated", "critics_pick": 0, "byline": "ANDRE SENNWALD.", "headline": "Private Life of Don Juan, The", "summary_short": "Creaky but quite ornate. Dashing Doug's swan song.", "publication_date": "1934-12-10", "opening_date": "1934-11-30", "date_updated": "2016-03-30 06:47:50", "link": {"type": "article", "url": "http://www.nytimes.com/movie/review?res=9A04E7D7133FE53ABC4852DFB467838F629EDE", "suggested_link_text": "Read the New York Times Review of The Private Life of Don Juan"}, "multimedia": null}, {"display_title": "Poruchik Kizhe", "mpaa_rating": "", "critics_pick": 0, "byline": "H.T.S.", "headline": "Czar wants to Sleep, The", "summary_short": "", "publication_date": "1934-12-10", "opening_date": "1934-12-09", "date_updated": "2016-03-30 07:17:07", "link": {"type": "article", "url": "http://www.nytimes.com/movie/review?res=9404E7D7133FE53ABC4852DFB467838F629EDE", "suggested_link_text": "Read the New York Times Review of Poruchik Kizhe"}, "multimedia": null}, {"display_title": "The President Vanishes", "mpaa_rating": "", "critics_pick": 0, "byline": "ANDRE SENNWALD.", "headline": "President Vanishes, The", "summary_short": "", "publication_date": "1934-12-08", "opening_date": "1935-01-11", "date_updated": "2016-03-30 06:45:24", "link": {"type": "article", "url": "http://www.nytimes.com/movie/review?res=9D03E6D91E3CE23ABC4053DFB467838F629EDE", "suggested_link_text": "Read the New York Times Review of The President Vanishes"}, "multimedia": null}, {"display_title": "The Painted Veil", "mpaa_rating": "", "critics_pick": 0, "byline": "ANDRE SENNWALD.", "headline": "Painted Veil, The", "summary_short": "Dated, plodding Maugham yarn of colonial adultery, but Garbo is Garbo.", "publication_date": "1934-12-07", "opening_date": "1934-11-23", "date_updated": "2016-03-30 07:24:22", "link": {"type": "article", "url": "http://www.nytimes.com/movie/review?res=940CE7D8133FE53ABC4F53DFB467838F629EDE", "suggested_link_text": "Read the New York Times Review of The Painted Veil"}, "multimedia": null}, {"display_title": "Gambling", "mpaa_rating": "", "critics_pick": 0, "byline": "ANDRE SENNWALD.", "headline": "Gambling", "summary_short": "", "publication_date": "1934-12-04", "opening_date": "1934-11-03", "date_updated": "2016-03-30 07:22:24", "link": {"type": "article", "url": "http://www.nytimes.com/movie/review?res=9C0DE7DB1E3CE23ABC4C53DFB467838F629EDE", "suggested_link_text": "Read the New York Times Review of Gambling"}, "multimedia": null}, {"display_title": "L'Agonie Des Aigles", "mpaa_rating": "", "critics_pick": 0, "byline": "H.T.S.", "headline": "Agonie des Aigles, L'", "summary_short": "", "publication_date": "1934-12-01", "opening_date": "1934-11-30", "date_updated": "2016-03-30 07:23:07", "link": {"type": "article", "url": "http://www.nytimes.com/movie/review?res=9E07E5DD1E3CE23ABC4953DFB467838F629EDE", "suggested_link_text": "Read the New York Times Review of L'Agonie Des Aigles"}, "multimedia": null}, {"display_title": "Broadway Bill", "mpaa_rating": "", "critics_pick": 0, "byline": "ANDRE SENNWALD.", "headline": "Broadway Bill", "summary_short": "Sentimental, flavorsome comedy of the race-track orbit. Typical Frank Capra touches and a sporting cast make a winner.", "publication_date": "1934-11-30", "opening_date": "1934-12-27", "date_updated": "2016-03-30 06:56:32", "link": {"type": "article", "url": "http://www.nytimes.com/movie/review?res=9906E3D8123DE733A25753C3A9679D946594D6CF", "suggested_link_text": "Read the New York Times Review of Broadway Bill"}, "multimedia": null}, {"display_title": "Mutter und Kind", "mpaa_rating": "", "critics_pick": 0, "byline": "H.T.S.", "headline": "Mutter und Kind", "summary_short": "", "publication_date": "1934-11-30", "opening_date": "1934-11-29", "date_updated": "2016-03-30 07:11:42", "link": {"type": "article", "url": "http://www.nytimes.com/movie/review?res=9A06E3D8123DE733A25753C3A9679D946594D6CF", "suggested_link_text": "Read the New York Times Review of Mutter und Kind"}, "multimedia": null}, {"display_title": "Flirtation Walk", "mpaa_rating": "", "critics_pick": 0, "byline": "ANDRE SENNWALD.", "headline": "Flirtation Walk", "summary_short": "Genial, painless musical about West Point. Best song: title one.", "publication_date": "1934-11-29", "opening_date": "1934-12-01", "date_updated": "2016-03-30 07:15:58", "link": {"type": "article", "url": "http://www.nytimes.com/movie/review?res=9406E5DB1238E13ABC4151DFB767838F629EDE", "suggested_link_text": "Read the New York Times Review of Flirtation Walk"}, "multimedia": null}, {"display_title": "The Captain Hates the Sea", "mpaa_rating": "", "critics_pick": 0, "byline": "F. S. N,", "headline": "Captain Hates the Sea, The", "summary_short": "", "publication_date": "1934-11-29", "opening_date": "1934-11-02", "date_updated": "2016-03-30 06:48:35", "link": {"type": "article", "url": "http://www.nytimes.com/movie/review?res=9506E5DB1238E13ABC4151DFB767838F629EDE", "suggested_link_text": "Read the New York Times Review of The Captain Hates the Sea"}, "multimedia": null}, {"display_title": "Nada Mas Que Una Mujer", "mpaa_rating": "", "critics_pick": 0, "byline": "H. T. S.", "headline": "Nada Mas Que Una Mujer", "summary_short": "", "publication_date": "1934-11-26", "opening_date": null, "date_updated": "2016-03-30 07:14:01", "link": {"type": "article", "url": "http://www.nytimes.com/movie/review?res=9B05E6D8143DEE3ABC4E51DFB767838F629EDE", "suggested_link_text": "Read the New York Times Review of Nada Mas Que Una Mujer"}, "multimedia": null}, {"display_title": "Imitation of Life", "mpaa_rating": "", "critics_pick": 0, "byline": "ANDRE SENNWALD.", "headline": "Imitation of Life", "summary_short": "Mother love and racial tensions. Highly effective drama. Washington will break your heart.", "publication_date": "1934-11-24", "opening_date": "1934-11-26", "date_updated": "2016-03-30 06:43:28", "link": {"type": "article", "url": "http://www.nytimes.com/movie/review?res=9A03E7D71430E033A25757C2A9679D946594D6CF", "suggested_link_text": "Read the New York Times Review of Imitation of Life"}, "multimedia": null}, {"display_title": "College Rhythm", "mpaa_rating": "", "critics_pick": 0, "byline": "F. 8. N.", "headline": "College Rhythm", "summary_short": "", "publication_date": "1934-11-24", "opening_date": "1934-11-23", "date_updated": "2016-03-30 06:42:49", "link": {"type": "article", "url": "http://www.nytimes.com/movie/review?res=9903E7D71430E033A25757C2A9679D946594D6CF", "suggested_link_text": "Read the New York Times Review of College Rhythm"}, "multimedia": null}]}