{"status": "OK", "copyright": "Copyright (c) 2017 The New York Times Company. All Rights Reserved.", "has_more": true, "num_results": 20, "results": [{"display_title": "Love from a Stranger", "mpaa_rating": "", "critics_pick": 0, "byline": "T.M.P.", "headline": "Love From a Stranger", "summary_short": "Okay suspense, no more, derived from Agatha Christie.", "publication_date": "1947-11-28", "opening_date": "1947-11-15", "date_updated": "2016-03-30 07:05:06", "link": {"type": "article", "url": "http://www.nytimes.com/movie/review?res=9F05E2D7113BEF3ABC4051DFB767838C659EDE", "suggested_link_text": "Read the New York Times Review of Love from a Stranger"}, "multimedia": null}, {"display_title": "Christmas Eve", "mpaa_rating": "", "critics_pick": 0, "byline": "A.W", "headline": "Christmas Eve", "summary_short": "Humbug.", "publication_date": "1947-11-28", "opening_date": "1947-10-31", "date_updated": "2016-03-30 07:21:49", "link": {"type": "article", "url": "http://www.nytimes.com/movie/review?res=940CE3D7113BEF3ABC4051DFB767838C659EDE", "suggested_link_text": "Read the New York Times Review of Christmas Eve"}, "multimedia": null}, {"display_title": "Bush Christmas", "mpaa_rating": "", "critics_pick": 0, "byline": "T.M.P.", "headline": "Bush Christmas", "summary_short": "Australian rancher's children track two rustlers. The kids are captivating. ", "publication_date": "1947-11-27", "opening_date": null, "date_updated": "2016-03-30 07:23:29", "link": {"type": "article", "url": "http://www.nytimes.com/movie/review?res=9D00E4DE103CE13BBC4F51DFB767838C659EDE", "suggested_link_text": "Read the New York Times Review of Bush Christmas"}, "multimedia": null}, {"display_title": "Out of the Past", "mpaa_rating": "Not Rated", "critics_pick": 1, "byline": "BOSLEY CROWTHER", "headline": "Out of the Past", "summary_short": "Smoothly intricate, slightly ambling melodrama. A cult favorite.", "publication_date": "1947-11-26", "opening_date": "1947-11-13", "date_updated": "2016-03-30 06:46:37", "link": {"type": "article", "url": "http://www.nytimes.com/movie/review?res=9500E0DE1E3AE233A25755C2A9679D946693D6CF", "suggested_link_text": "Read the New York Times Review of Out of the Past"}, "multimedia": null}, {"display_title": "Smithy", "mpaa_rating": "", "critics_pick": 0, "byline": "T.M.P.", "headline": "Pacific Adventure", "summary_short": "Authoritative biography of Sir Charles Kingsford Smith, pioneer aviator.", "publication_date": "1947-11-26", "opening_date": "1947-11-25", "date_updated": "2016-03-30 06:45:43", "link": {"type": "article", "url": "http://www.nytimes.com/movie/review?res=9C03E0DE1E3AE233A25755C2A9679D946693D6CF", "suggested_link_text": "Read the New York Times Review of Smithy"}, "multimedia": null}, {"display_title": "Vivere in Pace", "mpaa_rating": "", "critics_pick": 0, "byline": "BOSLEY CROWTHER", "headline": "To Live in Peace", "summary_short": "", "publication_date": "1947-11-25", "opening_date": null, "date_updated": "2016-03-30 07:24:38", "link": {"type": "article", "url": "http://www.nytimes.com/movie/review?res=940DE3DF1E3AE233A25756C2A9679D946693D6CF", "suggested_link_text": "Read the New York Times Review of Vivere in Pace"}, "multimedia": null}, {"display_title": "The Lost Moment", "mpaa_rating": "Not Rated", "critics_pick": 0, "byline": "BOSLEY CROWTHER", "headline": "Lost Moment, The", "summary_short": "Middling version of Henry James' ``Aspern Papers.'' Best element is that haunting music.", "publication_date": "1947-11-22", "opening_date": "1947-11-21", "date_updated": "2016-03-30 06:52:26", "link": {"type": "article", "url": "http://www.nytimes.com/movie/review?res=9501EED7113AE233A25751C2A9679D946693D6CF", "suggested_link_text": "Read the New York Times Review of The Lost Moment"}, "multimedia": null}, {"display_title": "The Wistful Widow of Wagon Gap", "mpaa_rating": "", "critics_pick": 0, "byline": "BOSLEY CROWTHER", "headline": "Wistful Widow of Wagon Gap, The", "summary_short": "She's Marjorie Main, which helps. Some.", "publication_date": "1947-11-21", "opening_date": "1947-10-08", "date_updated": "2016-03-30 06:46:14", "link": {"type": "article", "url": "http://www.nytimes.com/movie/review?res=9F04EFD8113AE233A25752C2A9679D946693D6CF", "suggested_link_text": "Read the New York Times Review of The Wistful Widow of Wagon Gap"}, "multimedia": null}, {"display_title": "Francois 1er", "mpaa_rating": "", "critics_pick": 0, "byline": "T.M.P.", "headline": "Francis the First", "summary_short": "", "publication_date": "1947-11-20", "opening_date": "1947-03-25", "date_updated": "2016-03-30 06:56:35", "link": {"type": "article", "url": "http://www.nytimes.com/movie/review?res=9B04E5D8113AE233A25753C2A9679D946693D6CF", "suggested_link_text": "Read the New York Times Review of Francois 1er"}, "multimedia": null}, {"display_title": "Mourning Becomes Electra", "mpaa_rating": "", "critics_pick": 0, "byline": "BOSLEY CROWTHER", "headline": "Mourning Becomes Electra", "summary_short": "All in the family, the O'Neill way. Good and grim.", "publication_date": "1947-11-20", "opening_date": "1947-11-19", "date_updated": "2016-03-30 06:52:16", "link": {"type": "article", "url": "http://www.nytimes.com/movie/review?res=9A04E5D8113AE233A25753C2A9679D946693D6CF", "suggested_link_text": "Read the New York Times Review of Mourning Becomes Electra"}, "multimedia": null}, {"display_title": "Roses Are Red", "mpaa_rating": "", "critics_pick": 0, "byline": "B.C.", "headline": "Roses Are Red", "summary_short": "", "publication_date": "1947-11-15", "opening_date": "1947-11-10", "date_updated": "2016-03-30 06:43:49", "link": {"type": "article", "url": "http://www.nytimes.com/movie/review?res=9501E4DC113AE233A25756C1A9679D946693D6CF", "suggested_link_text": "Read the New York Times Review of Roses Are Red"}, "multimedia": null}, {"display_title": "Her Husband's Affairs", "mpaa_rating": "", "critics_pick": 0, "byline": "BOSLEY CROWTHER", "headline": "Her Husband's Affairs", "summary_short": "Her father's mustache. Lucy in limbo.", "publication_date": "1947-11-14", "opening_date": "1947-11-12", "date_updated": "2016-03-30 06:54:52", "link": {"type": "article", "url": "http://www.nytimes.com/movie/review?res=9C06EEDD113AE233A25757C1A9679D946693D6CF", "suggested_link_text": "Read the New York Times Review of Her Husband's Affairs"}, "multimedia": null}, {"display_title": "Heaven Only Knows", "mpaa_rating": "", "critics_pick": 0, "byline": "T.M.P.", "headline": "Heaven Only Knows", "summary_short": "", "publication_date": "1947-11-14", "opening_date": "1947-09-12", "date_updated": "2016-03-30 07:12:06", "link": {"type": "article", "url": "http://www.nytimes.com/movie/review?res=9D06EEDD113AE233A25757C1A9679D946693D6CF", "suggested_link_text": "Read the New York Times Review of Heaven Only Knows"}, "multimedia": null}, {"display_title": "Wild Harvest", "mpaa_rating": "", "critics_pick": 0, "byline": "BOSLEY CROWTHER", "headline": "Wild Harvest", "summary_short": "Wheat harvesters. The old jazz.", "publication_date": "1947-11-13", "opening_date": "1947-09-26", "date_updated": "2016-03-30 06:46:37", "link": {"type": "article", "url": "http://www.nytimes.com/movie/review?res=9A04E5DD113AE233A25750C1A9679D946693D6CF", "suggested_link_text": "Read the New York Times Review of Wild Harvest"}, "multimedia": null}, {"display_title": "Zygmunt Kolosowski", "mpaa_rating": "", "critics_pick": 0, "byline": "T.M.P.", "headline": "Zygmunt Kolosowski", "summary_short": "", "publication_date": "1947-11-13", "opening_date": "1947-11-12", "date_updated": "2016-03-30 06:44:26", "link": {"type": "article", "url": "http://www.nytimes.com/movie/review?res=9404E5DD113AE233A25750C1A9679D946693D6CF", "suggested_link_text": "Read the New York Times Review of Zygmunt Kolosowski"}, "multimedia": null}, {"display_title": "Gentleman's Agreement", "mpaa_rating": "", "critics_pick": 1, "byline": "BOSLEY CROWTHER", "headline": "Gentleman's Agreement", "summary_short": "Early anti-Semitism drama, via Hobson novel. Powerful.", "publication_date": "1947-11-12", "opening_date": "1948-02-01", "date_updated": "2016-03-30 07:27:30", "link": {"type": "article", "url": "http://www.nytimes.com/movie/review?res=9E0DE7DE113AE233A25751C1A9679D946693D6CF", "suggested_link_text": "Read the New York Times Review of Gentleman's Agreement"}, "multimedia": null}, {"display_title": "Body and Soul", "mpaa_rating": "", "critics_pick": 0, "byline": "BOSLEY CROWTHER", "headline": "Body and Soul", "summary_short": "William Conrad. Solid boxing drama, exceptional ring photography.", "publication_date": "1947-11-10", "opening_date": "1947-11-09", "date_updated": "2016-03-30 07:13:51", "link": {"type": "article", "url": "http://www.nytimes.com/movie/review?res=9502E0D6103AE233A25753C1A9679D946693D6CF", "suggested_link_text": "Read the New York Times Review of Body and Soul"}, "multimedia": null}, {"display_title": "School for Danger", "mpaa_rating": "", "critics_pick": 0, "byline": "A.W.", "headline": "School for Danger", "summary_short": "", "publication_date": "1947-11-10", "opening_date": null, "date_updated": "2016-03-30 07:15:31", "link": {"type": "article", "url": "http://www.nytimes.com/movie/review?res=9D0DE0D6103AE233A25753C1A9679D946693D6CF", "suggested_link_text": "Read the New York Times Review of School for Danger"}, "multimedia": null}, {"display_title": "Escape Me Never", "mpaa_rating": "", "critics_pick": 0, "byline": "BOSLEY CROWTHER", "headline": "Escape me Never", "summary_short": "Trapped -- everybody. Dreadful.", "publication_date": "1947-11-08", "opening_date": null, "date_updated": "2016-03-30 06:44:06", "link": {"type": "article", "url": "http://www.nytimes.com/movie/review?res=940CEFD9103AE233A2575BC0A9679D946693D6CF", "suggested_link_text": "Read the New York Times Review of Escape Me Never"}, "multimedia": null}, {"display_title": "Merton of the Movies", "mpaa_rating": "", "critics_pick": 0, "byline": "T.M.P.", "headline": "Merton of the Movies", "summary_short": "Fair frolic about silent-film era.", "publication_date": "1947-11-07", "opening_date": "1947-10-11", "date_updated": "2016-03-30 07:16:10", "link": {"type": "article", "url": "http://www.nytimes.com/movie/review?res=9803E4D9103AE233A25754C0A9679D946693D6CF", "suggested_link_text": "Read the New York Times Review of Merton of the Movies"}, "multimedia": null}]}