{"status": "OK", "copyright": "Copyright (c) 2017 The New York Times Company. All Rights Reserved.", "has_more": true, "num_results": 20, "results": [{"display_title": "Cry of the Werewolf", "mpaa_rating": "Not Rated", "critics_pick": 0, "byline": "B.C.", "headline": "Cry of the Werewolf, The", "summary_short": "Ouch.", "publication_date": "1944-08-12", "opening_date": "1944-08-17", "date_updated": "2016-03-30 07:25:43", "link": {"type": "article", "url": "http://www.nytimes.com/movie/review?res=990CE0DF153FE33BBC4A52DFBE66838F659EDE", "suggested_link_text": "Read the New York Times Review of Cry of the Werewolf"}, "multimedia": null}, {"display_title": "Hail the Conquering Hero", "mpaa_rating": "", "critics_pick": 1, "byline": "BOSLEY CROWTHER", "headline": "Hail the Conquering Hero", "summary_short": "4F weakling mistaken for war hero. Brilliant, funny satire, the Preston Sturges way.", "publication_date": "1944-08-10", "opening_date": "1944-08-09", "date_updated": "2016-03-30 06:53:34", "link": {"type": "article", "url": "http://www.nytimes.com/movie/review?res=9F06E4DD103DE13BBC4852DFBE66838F659EDE", "suggested_link_text": "Read the New York Times Review of Hail the Conquering Hero"}, "multimedia": null}, {"display_title": "Janie", "mpaa_rating": "", "critics_pick": 0, "byline": "BOSLEY CROWTHER", "headline": "Janie", "summary_short": "Teenage girl and soldier. Pleasantly wide-eyed comedy..", "publication_date": "1944-08-05", "opening_date": "1944-09-02", "date_updated": "2016-04-11 18:36:03", "link": {"type": "article", "url": "http://www.nytimes.com/movie/review?res=9406E5DD103DE13BBC4D53DFBE66838F659EDE", "suggested_link_text": "Read the New York Times Review of Janie"}, "multimedia": null}, {"display_title": "The Falcon in Mexico", "mpaa_rating": "", "critics_pick": 0, "byline": "P.P.K.", "headline": "Falcon in Mexico, The", "summary_short": "Amiable enough suspense.", "publication_date": "1944-08-05", "opening_date": null, "date_updated": "2016-03-30 07:30:25", "link": {"type": "article", "url": "http://www.nytimes.com/movie/review?res=9D01E5DD103DE13BBC4D53DFBE66838F659EDE", "suggested_link_text": "Read the New York Times Review of The Falcon in Mexico"}, "multimedia": null}, {"display_title": "Mr. Winkle Goes to War", "mpaa_rating": "", "critics_pick": 0, "byline": "BOSLEY CROWTHER", "headline": "Mr Winkle Goes to War", "summary_short": "Evolution of aging, milquetoast draftee. Slight, entertaining, not quite convincing.", "publication_date": "1944-08-03", "opening_date": "1944-07-19", "date_updated": "2016-03-30 07:20:44", "link": {"type": "article", "url": "http://www.nytimes.com/movie/review?res=9900E3D9163FEE3BBC4B53DFBE66838F659EDE", "suggested_link_text": "Read the New York Times Review of Mr. Winkle Goes to War"}, "multimedia": null}, {"display_title": "Wilson", "mpaa_rating": "Not Rated", "critics_pick": 1, "byline": "BOSLEY CROWTHER", "headline": "Wilson", "summary_short": "Splendid biodrama about our World War I President. A major box-office dud. Why, indeed?", "publication_date": "1944-08-02", "opening_date": "1945-08-01", "date_updated": "2016-03-30 07:23:58", "link": {"type": "article", "url": "http://www.nytimes.com/movie/review?res=9D06E5D9163FEE3BBC4A53DFBE66838F659EDE", "suggested_link_text": "Read the New York Times Review of Wilson"}, "multimedia": null}, {"display_title": "Candlelight in Algeria", "mpaa_rating": "", "critics_pick": 0, "byline": "P. P. K.", "headline": "Candlelight in Algeria", "summary_short": "", "publication_date": "1944-07-31", "opening_date": "1944-07-30", "date_updated": "2016-03-30 06:58:25", "link": {"type": "article", "url": "http://www.nytimes.com/movie/review?res=9400E5DF103DE13BBC4950DFB166838F659EDE", "suggested_link_text": "Read the New York Times Review of Candlelight in Algeria"}, "multimedia": null}, {"display_title": "Shadows in the Night", "mpaa_rating": "", "critics_pick": 0, "byline": "P.P.K.", "headline": "Shadows in the Night", "summary_short": "Fair crime-doctor movie.", "publication_date": "1944-07-29", "opening_date": "1944-07-27", "date_updated": "2016-03-30 07:14:06", "link": {"type": "article", "url": "http://www.nytimes.com/movie/review?res=9F0DE2DA163FEE3BBC4151DFB166838F659EDE", "suggested_link_text": "Read the New York Times Review of Shadows in the Night"}, "multimedia": null}, {"display_title": "The Canterville Ghost", "mpaa_rating": "", "critics_pick": 0, "byline": "BOSLEY CROWTHER", "headline": "Canterville Ghost, The", "summary_short": "Very old ghost needs to be a hero. Diverting fantasy-comedy.", "publication_date": "1944-07-29", "opening_date": "1944-07-01", "date_updated": "2016-03-30 07:29:36", "link": {"type": "article", "url": "http://www.nytimes.com/movie/review?res=9E0DE2DA163FEE3BBC4151DFB166838F659EDE", "suggested_link_text": "Read the New York Times Review of The Canterville Ghost"}, "multimedia": null}, {"display_title": "Step Lively", "mpaa_rating": "", "critics_pick": 0, "byline": "BOSLEY CROWTHER", "headline": "Step Lively", "summary_short": "Extremely slender.", "publication_date": "1944-07-27", "opening_date": null, "date_updated": "2016-03-30 06:44:15", "link": {"type": "article", "url": "http://www.nytimes.com/movie/review?res=990CE3D8143EE03BBC4F51DFB166838F659EDE", "suggested_link_text": "Read the New York Times Review of Step Lively"}, "multimedia": null}, {"display_title": "Dva Boytsa", "mpaa_rating": "", "critics_pick": 0, "byline": "P.P.K.", "headline": "Two Soldiers", "summary_short": "", "publication_date": "1944-07-27", "opening_date": "1944-07-26", "date_updated": "2016-03-30 06:43:10", "link": {"type": "article", "url": "http://www.nytimes.com/movie/review?res=9A0CE3D8143EE03BBC4F51DFB166838F659EDE", "suggested_link_text": "Read the New York Times Review of Dva Boytsa"}, "multimedia": null}, {"display_title": "Since You Went Away", "mpaa_rating": "", "critics_pick": 0, "byline": "BOSLEY CROWTHER", "headline": "Since You Went Away", "summary_short": "Wartime hearth and family. Intelligent, often moving, despite apple pie facade.", "publication_date": "1944-07-21", "opening_date": "1944-07-20", "date_updated": "2016-03-30 06:48:07", "link": {"type": "article", "url": "http://www.nytimes.com/movie/review?res=940CE7D8143EE03BBC4951DFB166838F659EDE", "suggested_link_text": "Read the New York Times Review of Since You Went Away"}, "multimedia": null}, {"display_title": "Dragon Seed", "mpaa_rating": "", "critics_pick": 0, "byline": "P.P.K.", "headline": "Dragon Seed", "summary_short": "Chinese village, Japanese yoke, via Pearl Buck novel. Vivid drama but Kate should have stayed home.", "publication_date": "1944-07-21", "opening_date": "1944-08-01", "date_updated": "2016-03-30 06:58:39", "link": {"type": "article", "url": "http://www.nytimes.com/movie/review?res=950CE7D8143EE03BBC4951DFB166838F659EDE", "suggested_link_text": "Read the New York Times Review of Dragon Seed"}, "multimedia": null}, {"display_title": "Minstrel Man", "mpaa_rating": "", "critics_pick": 0, "byline": "P.P.K.", "headline": "Minstrel Man", "summary_short": "Vaudevillian reunited with his long-lost daughter.", "publication_date": "1944-07-17", "opening_date": "1944-08-01", "date_updated": "2016-03-30 07:14:05", "link": {"type": "article", "url": "http://www.nytimes.com/movie/review?res=9B02E4D91E30E53BBC4F52DFB166838F659EDE", "suggested_link_text": "Read the New York Times Review of Minstrel Man"}, "multimedia": null}, {"display_title": "Man of Evil", "mpaa_rating": "", "critics_pick": 0, "byline": "C.A. LEJEUNE", "headline": "Fanny by Gaslight", "summary_short": "Rather lumbering Victorian Gothic.", "publication_date": "1944-07-16", "opening_date": "1948-01-01", "date_updated": "2016-03-30 07:14:43", "link": {"type": "article", "url": "http://www.nytimes.com/movie/review?res=9901E0D61338E33BBC4E52DFB166838F659EDE", "suggested_link_text": "Read the New York Times Review of Man of Evil"}, "multimedia": null}, {"display_title": "Jungle Woman", "mpaa_rating": "", "critics_pick": 0, "byline": "B.C.", "headline": "Jungle Woman", "summary_short": "No better than she should be.", "publication_date": "1944-07-15", "opening_date": "1944-06-01", "date_updated": "2016-03-30 07:27:38", "link": {"type": "article", "url": "http://www.nytimes.com/movie/review?res=9800E0D6133DE13BBC4D52DFB166838F659EDE", "suggested_link_text": "Read the New York Times Review of Jungle Woman"}, "multimedia": null}, {"display_title": "Take It or Leave It", "mpaa_rating": "", "critics_pick": 0, "byline": "P.P.K.", "headline": "Take It or Leave It", "summary_short": "", "publication_date": "1944-07-13", "opening_date": "1944-07-17", "date_updated": "2016-03-30 07:24:42", "link": {"type": "article", "url": "http://www.nytimes.com/movie/review?res=9B07E7DA1E30E53BBC4B52DFB166838F659EDE", "suggested_link_text": "Read the New York Times Review of Take It or Leave It"}, "multimedia": null}, {"display_title": "And the Angels Sing", "mpaa_rating": "", "critics_pick": 0, "byline": "BOSLEY CROWTHER", "headline": "And the Angels Sing", "summary_short": "Sister act and bandleader. Pleasant, some good old tunes.", "publication_date": "1944-07-13", "opening_date": "1944-04-25", "date_updated": "2016-03-30 06:44:20", "link": {"type": "article", "url": "http://www.nytimes.com/movie/review?res=9907E7DA1E30E53BBC4B52DFB166838F659EDE", "suggested_link_text": "Read the New York Times Review of And the Angels Sing"}, "multimedia": null}, {"display_title": "Sensations of 1945", "mpaa_rating": "", "critics_pick": 0, "byline": "P.P.K.", "headline": "Sensations of 1945", "summary_short": "", "publication_date": "1944-07-07", "opening_date": "1944-06-30", "date_updated": "2016-03-30 06:42:04", "link": {"type": "article", "url": "http://www.nytimes.com/movie/review?res=9A0DE2D8133DE13BBC4F53DFB166838F659EDE", "suggested_link_text": "Read the New York Times Review of Sensations of 1945"}, "multimedia": null}, {"display_title": "The Hairy Ape", "mpaa_rating": "", "critics_pick": 0, "byline": "P.P.K.", "headline": "Hairy Ape, The", "summary_short": "Eugene O'Neill's brutish ship's stoker and spoiled passenger. Brightest thing here is witchy young Susan.", "publication_date": "1944-07-03", "opening_date": "1944-07-02", "date_updated": "2016-03-30 06:41:44", "link": {"type": "article", "url": "http://www.nytimes.com/movie/review?res=9C02E7DB1E30E53BBC4B53DFB166838F659EDE", "suggested_link_text": "Read the New York Times Review of The Hairy Ape"}, "multimedia": null}]}