{"status": "OK", "copyright": "Copyright (c) 2017 The New York Times Company. All Rights Reserved.", "has_more": true, "num_results": 20, "results": [{"display_title": "The Bride Comes Home", "mpaa_rating": "", "critics_pick": 0, "byline": "A.S.", "headline": "Bride Comes Home, The", "summary_short": "Robert Young. Light and quite amusing.", "publication_date": "1935-12-25", "opening_date": null, "date_updated": "2016-03-30 07:24:04", "link": {"type": "article", "url": "http://www.nytimes.com/movie/review?res=9F00E2DC173CE53ABC4D51DFB467838E629EDE", "suggested_link_text": "Read the New York Times Review of The Bride Comes Home"}, "multimedia": null}, {"display_title": "Ah, Wilderness!", "mpaa_rating": "", "critics_pick": 0, "byline": "ANDRE SENNWALD.", "headline": "Ah, Wilderness!", "summary_short": "O'Neill's nostalgic Americana. Very nicely handled.", "publication_date": "1935-12-25", "opening_date": null, "date_updated": "2016-03-30 06:56:23", "link": {"type": "article", "url": "http://www.nytimes.com/movie/review?res=9E00E2DC173CE53ABC4D51DFB467838E629EDE", "suggested_link_text": "Read the New York Times Review of Ah, Wilderness!"}, "multimedia": null}, {"display_title": "Annie Oakley", "mpaa_rating": "Not Rated", "critics_pick": 0, "byline": "ANDRE SENNWALD.", "headline": "Annie Oakley", "summary_short": "Very winning, even without Irving Berlin.", "publication_date": "1935-12-24", "opening_date": "1935-11-15", "date_updated": "2016-03-30 07:15:44", "link": {"type": "article", "url": "http://www.nytimes.com/movie/review?res=9E04E6D6173EE53ABC4C51DFB467838E629EDE", "suggested_link_text": "Read the New York Times Review of Annie Oakley"}, "multimedia": null}, {"display_title": "The Old Curiosity Shop", "mpaa_rating": "", "critics_pick": 0, "byline": "ANDRE SENNWALD.", "headline": "Old Curiosity Shop, The", "summary_short": "", "publication_date": "1935-12-23", "opening_date": null, "date_updated": "2016-03-30 07:10:28", "link": {"type": "article", "url": "http://www.nytimes.com/movie/review?res=990CE2D7173EE53ABC4B51DFB467838E629EDE", "suggested_link_text": "Read the New York Times Review of The Old Curiosity Shop"}, "multimedia": null}, {"display_title": "Alles Um Eine Frau", "mpaa_rating": "", "critics_pick": 0, "byline": "T. S.", "headline": "Alles um Eine Frau", "summary_short": "", "publication_date": "1935-12-21", "opening_date": "1935-12-24", "date_updated": "2016-03-30 07:09:57", "link": {"type": "article", "url": "http://www.nytimes.com/movie/review?res=9B00E0DE1338E13ABC4951DFB467838E629EDE", "suggested_link_text": "Read the New York Times Review of Alles Um Eine Frau"}, "multimedia": null}, {"display_title": "The Littlest Rebel", "mpaa_rating": "", "critics_pick": 0, "byline": "ANDRE SENNWALD.", "headline": "Littlest Rebel, The", "summary_short": "Dandy Temple vehicle, good Civil War story. Highlight: Shirley and the great Bojangles Robinson.", "publication_date": "1935-12-20", "opening_date": "1935-12-27", "date_updated": "2016-03-30 06:42:56", "link": {"type": "article", "url": "http://www.nytimes.com/movie/review?res=9B00E4DE1338E13ABC4851DFB467838E629EDE", "suggested_link_text": "Read the New York Times Review of The Littlest Rebel"}, "multimedia": null}, {"display_title": "The Perfect Gentleman", "mpaa_rating": "", "critics_pick": 0, "byline": "ANDRE SENNWALD.", "headline": "Perfect Gentleman, The", "summary_short": "Old British major joins music-hall singer's act.", "publication_date": "1935-12-19", "opening_date": "1935-11-22", "date_updated": "2016-03-30 07:05:44", "link": {"type": "article", "url": "http://www.nytimes.com/movie/review?res=9404E2DE143FEE3BBC4152DFB467838E629EDE", "suggested_link_text": "Read the New York Times Review of The Perfect Gentleman"}, "multimedia": null}, {"display_title": "Coronado", "mpaa_rating": "", "critics_pick": 0, "byline": "F.S.N.", "headline": "Coronado", "summary_short": "", "publication_date": "1935-12-19", "opening_date": "1935-11-28", "date_updated": "2016-03-30 06:53:24", "link": {"type": "article", "url": "http://www.nytimes.com/movie/review?res=9504E2DE143FEE3BBC4152DFB467838E629EDE", "suggested_link_text": "Read the New York Times Review of Coronado"}, "multimedia": null}, {"display_title": "Broadway Hostess", "mpaa_rating": "", "critics_pick": 0, "byline": "ANDRE SENNWALD.", "headline": "Broadway Hostess", "summary_short": "Demands by her manager make it difficult for a successful nightclub singer to meet a man.", "publication_date": "1935-12-16", "opening_date": "1935-12-07", "date_updated": "2016-03-30 07:11:31", "link": {"type": "article", "url": "http://www.nytimes.com/movie/review?res=9807E5DD173CE53ABC4E52DFB467838E629EDE", "suggested_link_text": "Read the New York Times Review of Broadway Hostess"}, "multimedia": null}, {"display_title": "Master of the World", "mpaa_rating": "", "critics_pick": 0, "byline": "H.T.S.", "headline": "Herr Der Welt, Der", "summary_short": "", "publication_date": "1935-12-16", "opening_date": "1935-12-15", "date_updated": "2016-03-30 06:57:27", "link": {"type": "article", "url": "http://www.nytimes.com/movie/review?res=9907E5DD173CE53ABC4E52DFB467838E629EDE", "suggested_link_text": "Read the New York Times Review of Master of the World"}, "multimedia": null}, {"display_title": "Seven Keys to Baldpate", "mpaa_rating": "", "critics_pick": 0, "byline": "T. M. P.", "headline": "Seven Keys to Baldpate", "summary_short": "Things happen around a mystery writer on a deadline at a New England inn.", "publication_date": "1935-12-14", "opening_date": "1935-12-13", "date_updated": "2016-03-30 07:11:57", "link": {"type": "article", "url": "http://www.nytimes.com/movie/review?res=9F0DE3DE173CE53ABC4C52DFB467838E629EDE", "suggested_link_text": "Read the New York Times Review of Seven Keys to Baldpate"}, "multimedia": null}, {"display_title": "Scrooge", "mpaa_rating": "", "critics_pick": 0, "byline": "F.S.N.", "headline": "Scrooge", "summary_short": "Early British version of Dickens's ``Christmas Carol.''", "publication_date": "1935-12-14", "opening_date": "1935-11-30", "date_updated": "2016-03-30 07:21:57", "link": {"type": "article", "url": "http://www.nytimes.com/movie/review?res=9E0DE3DE173CE53ABC4C52DFB467838E629EDE", "suggested_link_text": "Read the New York Times Review of Scrooge"}, "multimedia": null}, {"display_title": "The Great Impersonation", "mpaa_rating": "", "critics_pick": 0, "byline": "ANDRE SENNWALD.", "headline": "Great Impersonation, The", "summary_short": "", "publication_date": "1935-12-14", "opening_date": "1935-12-09", "date_updated": "2016-03-30 07:12:38", "link": {"type": "article", "url": "http://www.nytimes.com/movie/review?res=9D0DE3DE173CE53ABC4C52DFB467838E629EDE", "suggested_link_text": "Read the New York Times Review of The Great Impersonation"}, "multimedia": null}, {"display_title": "Was Bin Ich Ohne Dich?", "mpaa_rating": "", "critics_pick": 0, "byline": "H.T.S.", "headline": "Was Bin Ich Ohne dich?", "summary_short": "", "publication_date": "1935-12-14", "opening_date": "1935-12-13", "date_updated": "2016-03-30 06:56:45", "link": {"type": "article", "url": "http://www.nytimes.com/movie/review?res=980DE3DE173CE53ABC4C52DFB467838E629EDE", "suggested_link_text": "Read the New York Times Review of Was Bin Ich Ohne Dich?"}, "multimedia": null}, {"display_title": "In Person", "mpaa_rating": "", "critics_pick": 0, "byline": "ANDRE SENNWALD.", "headline": "In Person", "summary_short": "Pleasant Rogers time-marker, minus Astaire, as incognito movie star. Three nifty tunes by Oscar Levant.", "publication_date": "1935-12-13", "opening_date": "1935-11-22", "date_updated": "2016-03-30 06:44:01", "link": {"type": "article", "url": "http://www.nytimes.com/movie/review?res=9C0CE6DF1338E13ABC4B52DFB467838E629EDE", "suggested_link_text": "Read the New York Times Review of In Person"}, "multimedia": null}, {"display_title": "Your Uncle Dudley", "mpaa_rating": "", "critics_pick": 0, "byline": "ANDRE SENNWALD.", "headline": "Your Uncle Dudley", "summary_short": "", "publication_date": "1935-12-12", "opening_date": "1935-12-13", "date_updated": "2016-03-30 06:51:00", "link": {"type": "article", "url": "http://www.nytimes.com/movie/review?res=9407E2DF143FEE3BBC4A52DFB467838E629EDE", "suggested_link_text": "Read the New York Times Review of Your Uncle Dudley"}, "multimedia": null}, {"display_title": "Millions in the Air", "mpaa_rating": "", "critics_pick": 0, "byline": "F.S.N.", "headline": "Millions in the Air", "summary_short": "", "publication_date": "1935-12-12", "opening_date": "1935-12-12", "date_updated": "2016-03-30 07:22:04", "link": {"type": "article", "url": "http://www.nytimes.com/movie/review?res=9D06E2DF143FEE3BBC4A52DFB467838E629EDE", "suggested_link_text": "Read the New York Times Review of Millions in the Air"}, "multimedia": null}, {"display_title": "Show Them No Mercy!", "mpaa_rating": "", "critics_pick": 0, "byline": "ANDRE SENNWALD.", "headline": "Show Them no Mercy", "summary_short": "G-men track kidnappers hiding in shack with young couple. Good vintage actioner.", "publication_date": "1935-12-09", "opening_date": "1935-12-06", "date_updated": "2016-03-30 07:24:40", "link": {"type": "article", "url": "http://www.nytimes.com/movie/review?res=9C06E1D8173EE53ABC4153DFB467838E629EDE", "suggested_link_text": "Read the New York Times Review of Show Them No Mercy!"}, "multimedia": null}, {"display_title": "Der Traum Vom Rhein", "mpaa_rating": "", "critics_pick": 0, "byline": "H.T.S.", "headline": "Traum vom Rhein, Der", "summary_short": "", "publication_date": "1935-12-09", "opening_date": "1935-12-08", "date_updated": "2016-03-30 07:10:34", "link": {"type": "article", "url": "http://www.nytimes.com/movie/review?res=9D06E1D8173EE53ABC4153DFB467838E629EDE", "suggested_link_text": "Read the New York Times Review of Der Traum Vom Rhein"}, "multimedia": null}, {"display_title": "A Night at the Opera", "mpaa_rating": "", "critics_pick": 0, "byline": "ANDRE SENNWALD.", "headline": "Night at the Opera, A", "summary_short": "The boys at their best. Hilarious sabotage.", "publication_date": "1935-12-07", "opening_date": "1935-11-15", "date_updated": "2016-03-30 07:05:36", "link": {"type": "article", "url": "http://www.nytimes.com/movie/review?res=9A05E6D6163CE53ABC4F53DFB467838E629EDE", "suggested_link_text": "Read the New York Times Review of A Night at the Opera"}, "multimedia": null}]}