{"status": "OK", "copyright": "Copyright (c) 2017 The New York Times Company. All Rights Reserved.", "has_more": true, "num_results": 20, "results": [{"display_title": "Rosa de Francia", "mpaa_rating": "", "critics_pick": 0, "byline": "H. T. S.", "headline": "Rosa de Francia", "summary_short": "", "publication_date": "1935-10-28", "opening_date": null, "date_updated": "2016-03-30 06:42:30", "link": {"type": "article", "url": "http://www.nytimes.com/movie/review?res=9E00EED6163AE13ABC4051DFB667838E629EDE", "suggested_link_text": "Read the New York Times Review of Rosa de Francia"}, "multimedia": null}, {"display_title": "Transatlantic Tunnel", "mpaa_rating": "", "critics_pick": 0, "byline": "ANDRE SENNWALD.", "headline": "Transatlantic Tunnel", "summary_short": "Madge Evans, Helen Vinson. Interesting futuristic drama of trans-Atlantic digs. Good Dix.", "publication_date": "1935-10-28", "opening_date": null, "date_updated": "2016-03-30 07:20:04", "link": {"type": "article", "url": "http://www.nytimes.com/movie/review?res=9C00EED6163AE13ABC4051DFB667838E629EDE", "suggested_link_text": "Read the New York Times Review of Transatlantic Tunnel"}, "multimedia": null}, {"display_title": "Freckles", "mpaa_rating": "", "critics_pick": 0, "byline": "T. M. P.", "headline": "Freckles", "summary_short": "", "publication_date": "1935-10-26", "opening_date": "1935-09-20", "date_updated": "2016-03-30 07:13:44", "link": {"type": "article", "url": "http://www.nytimes.com/movie/review?res=9A07EFD81238E13ABC4E51DFB667838E629EDE", "suggested_link_text": "Read the New York Times Review of Freckles"}, "multimedia": null}, {"display_title": "A Feather in Her Hat", "mpaa_rating": "", "critics_pick": 0, "byline": "ANDRE SENNWALD.", "headline": "Feather in her Hat, A", "summary_short": "", "publication_date": "1935-10-25", "opening_date": "1935-10-25", "date_updated": "2016-03-30 06:57:50", "link": {"type": "article", "url": "http://www.nytimes.com/movie/review?res=9B07E4D91F3DE53ABC4D51DFB667838E629EDE", "suggested_link_text": "Read the New York Times Review of A Feather in Her Hat"}, "multimedia": null}, {"display_title": "Harmony Lane", "mpaa_rating": "", "critics_pick": 0, "byline": "ANDRE SENNWALD.", "headline": "Harmony Lane", "summary_short": "Stephen Foster bio drama. New to us.", "publication_date": "1935-10-24", "opening_date": "1935-10-23", "date_updated": "2016-03-30 06:41:22", "link": {"type": "article", "url": "http://www.nytimes.com/movie/review?res=9D01EEDB173CE733A25757C2A9669D946494D6CF", "suggested_link_text": "Read the New York Times Review of Harmony Lane"}, "multimedia": null}, {"display_title": "Born for Glory", "mpaa_rating": "", "critics_pick": 0, "byline": "ANDRE SENNWALD.", "headline": "Born for Glory", "summary_short": "", "publication_date": "1935-10-21", "opening_date": "1935-10-19", "date_updated": "2016-03-30 06:48:50", "link": {"type": "article", "url": "http://www.nytimes.com/movie/review?res=9902E0DA1F3DE53ABC4951DFB667838E629EDE", "suggested_link_text": "Read the New York Times Review of Born for Glory"}, "multimedia": null}, {"display_title": "Klein Dorrit", "mpaa_rating": "", "critics_pick": 0, "byline": "I. T. S.", "headline": "Klein Dorrit", "summary_short": "", "publication_date": "1935-10-19", "opening_date": "1935-10-18", "date_updated": "2016-03-30 07:05:07", "link": {"type": "article", "url": "http://www.nytimes.com/movie/review?res=9406E3D81238E13ABC4152DFB667838E629EDE", "suggested_link_text": "Read the New York Times Review of Klein Dorrit"}, "multimedia": null}, {"display_title": "Larsson I Andra Giftet", "mpaa_rating": "", "critics_pick": 0, "byline": "H. T. S.", "headline": "Larsson I Andra Giftet", "summary_short": "", "publication_date": "1935-10-19", "opening_date": "1935-10-18", "date_updated": "2016-03-30 06:49:15", "link": {"type": "article", "url": "http://www.nytimes.com/movie/review?res=9C01E3D81238E13ABC4152DFB667838E629EDE", "suggested_link_text": "Read the New York Times Review of Larsson I Andra Giftet"}, "multimedia": null}, {"display_title": "King Solomon of Broadway", "mpaa_rating": "", "critics_pick": 0, "byline": "ANDRE SENNWALD.", "headline": "King Solomon of Broadway", "summary_short": "", "publication_date": "1935-10-19", "opening_date": "1935-10-01", "date_updated": "2016-03-30 07:09:21", "link": {"type": "article", "url": "http://www.nytimes.com/movie/review?res=9A06E3D81238E13ABC4152DFB667838E629EDE", "suggested_link_text": "Read the New York Times Review of King Solomon of Broadway"}, "multimedia": null}, {"display_title": "I Live for Love", "mpaa_rating": "", "critics_pick": 0, "byline": "T. I::", "headline": "I Live for Love", "summary_short": "South American actress and singer-lover separated by careers. Furiously commonplace backstage musical.", "publication_date": "1935-10-19", "opening_date": "1935-09-28", "date_updated": "2016-03-30 07:29:45", "link": {"type": "article", "url": "http://www.nytimes.com/movie/review?res=9B06E3D81238E13ABC4152DFB667838E629EDE", "suggested_link_text": "Read the New York Times Review of I Live for Love"}, "multimedia": null}, {"display_title": "Metropolitan", "mpaa_rating": "", "critics_pick": 0, "byline": "ANDRE SENNWALD.", "headline": "Metropolitan", "summary_short": "Prima donna forms her own opera company.", "publication_date": "1935-10-18", "opening_date": "1935-11-08", "date_updated": "2016-03-30 06:47:48", "link": {"type": "article", "url": "http://www.nytimes.com/movie/review?res=9801EFDB1F3DE53ABC4052DFB667838E629EDE", "suggested_link_text": "Read the New York Times Review of Metropolitan"}, "multimedia": null}, {"display_title": "A Csunya Lany", "mpaa_rating": "", "critics_pick": 0, "byline": "H.T.S.", "headline": "Csunya Lany, A", "summary_short": "", "publication_date": "1935-10-18", "opening_date": "1935-10-17", "date_updated": "2016-03-30 07:05:32", "link": {"type": "article", "url": "http://www.nytimes.com/movie/review?res=9901EFDB1F3DE53ABC4052DFB667838E629EDE", "suggested_link_text": "Read the New York Times Review of A Csunya Lany"}, "multimedia": null}, {"display_title": "Shipmates Forever", "mpaa_rating": "", "critics_pick": 0, "byline": "F.S.N.", "headline": "Shipmates Forever", "summary_short": "Annapolis cadets. Pleasant training, and mooning, and pleasant tunes.", "publication_date": "1935-10-17", "opening_date": "1935-10-12", "date_updated": "2016-03-30 07:20:56", "link": {"type": "article", "url": "http://www.nytimes.com/movie/review?res=9805E4DB1F3DE53ABC4F52DFB667838E629EDE", "suggested_link_text": "Read the New York Times Review of Shipmates Forever"}, "multimedia": null}, {"display_title": "The Last Days of Pompeii", "mpaa_rating": "", "critics_pick": 0, "byline": "ANDRE SENNWALD.", "headline": "Last Days of Pompeii, The", "summary_short": "Troubled gladiator. Excellent, rounded drama-spectacle, and fine Foster.", "publication_date": "1935-10-17", "opening_date": "1935-10-18", "date_updated": "2016-03-30 06:42:14", "link": {"type": "article", "url": "http://www.nytimes.com/movie/review?res=9F05E4DB1F3DE53ABC4F52DFB667838E629EDE", "suggested_link_text": "Read the New York Times Review of The Last Days of Pompeii"}, "multimedia": null}, {"display_title": "The New Adventures of Tarzan", "mpaa_rating": "Not Rated", "critics_pick": 0, "byline": "-- T.M.P.", "headline": "New Adventures of Tarzan, The", "summary_short": "", "publication_date": "1935-10-15", "opening_date": "1935-05-21", "date_updated": "2016-03-30 06:53:09", "link": {"type": "article", "url": "http://www.nytimes.com/movie/review?res=9D06E3DA1239E632A25756C1A9669D946494D6CF", "suggested_link_text": "Read the New York Times Review of The New Adventures of Tarzan"}, "multimedia": null}, {"display_title": "La Maternelle", "mpaa_rating": "", "critics_pick": 0, "byline": "ANDRE SENNWALD.", "headline": "Maternelle, La", "summary_short": "Compassionate drama of a Paris day nursery focuses on the abandoned child of a prostitute. Heartbreaking.", "publication_date": "1935-10-15", "opening_date": "1935-11-15", "date_updated": "2016-03-30 06:52:42", "link": {"type": "article", "url": "http://www.nytimes.com/movie/review?res=9E06E3DA1239E632A25756C1A9669D946494D6CF", "suggested_link_text": "Read the New York Times Review of La Maternelle"}, "multimedia": null}, {"display_title": "Green Is The Heath", "mpaa_rating": "", "critics_pick": 0, "byline": "H.T.S.", "headline": "Gruen ist die Heide", "summary_short": "", "publication_date": "1935-10-14", "opening_date": "1932-10-13", "date_updated": "2016-03-30 06:44:27", "link": {"type": "article", "url": "http://www.nytimes.com/movie/review?res=9B00E6DB173EE53ABC4C52DFB667838E629EDE", "suggested_link_text": "Read the New York Times Review of Green Is The Heath"}, "multimedia": null}, {"display_title": "Charlie Chan in Shanghai", "mpaa_rating": "", "critics_pick": 0, "byline": "F.S.N.", "headline": "Charlie Chan in Shanghai", "summary_short": "Murder at banquet honoring Honorable Chan.", "publication_date": "1935-10-14", "opening_date": "1935-10-11", "date_updated": "2016-03-30 06:47:52", "link": {"type": "article", "url": "http://www.nytimes.com/movie/review?res=9A00E6DB173EE53ABC4C52DFB667838E629EDE", "suggested_link_text": "Read the New York Times Review of Charlie Chan in Shanghai"}, "multimedia": null}, {"display_title": "Barbary Coast", "mpaa_rating": "", "critics_pick": 0, "byline": "ANDRE SENNWALD.", "headline": "Barbary Coast", "summary_short": "Good simmering melodrama and star trio chemistry.", "publication_date": "1935-10-14", "opening_date": null, "date_updated": "2016-03-30 07:09:53", "link": {"type": "article", "url": "http://www.nytimes.com/movie/review?res=9900E6DB173EE53ABC4C52DFB667838E629EDE", "suggested_link_text": "Read the New York Times Review of Barbary Coast"}, "multimedia": null}, {"display_title": "Here Comes Cookie", "mpaa_rating": "", "critics_pick": 0, "byline": "F.S.N.", "headline": "Here Comes Cookie", "summary_short": "It's Gracie's whole show, for Miss Allen's staunchest fans only.", "publication_date": "1935-10-12", "opening_date": "1935-09-10", "date_updated": "2016-03-30 06:41:28", "link": {"type": "article", "url": "http://www.nytimes.com/movie/review?res=9506E6DD1F3DE53ABC4A52DFB667838E629EDE", "suggested_link_text": "Read the New York Times Review of Here Comes Cookie"}, "multimedia": null}]}