{"status": "OK", "copyright": "Copyright (c) 2017 The New York Times Company. All Rights Reserved.", "has_more": true, "num_results": 20, "results": [{"display_title": "It Had to Happen", "mpaa_rating": "", "critics_pick": 0, "byline": "FRANK S. NUGENT.", "headline": "It Had to Happen", "summary_short": "", "publication_date": "1936-02-15", "opening_date": "1936-02-14", "date_updated": "2016-03-30 07:07:30", "link": {"type": "article", "url": "http://www.nytimes.com/movie/review?res=9505EED81630E13BBC4D52DFB466838D629EDE", "suggested_link_text": "Read the New York Times Review of It Had to Happen"}, "multimedia": null}, {"display_title": "Chatterbox", "mpaa_rating": "", "critics_pick": 0, "byline": "T.M.P.", "headline": "Chatterbox", "summary_short": "Talkative Vermont girl yearns to become actress, like mama.", "publication_date": "1936-02-15", "opening_date": "1936-01-17", "date_updated": "2016-03-30 07:27:14", "link": {"type": "article", "url": "http://www.nytimes.com/movie/review?res=9E04EED81630E13BBC4D52DFB466838D629EDE", "suggested_link_text": "Read the New York Times Review of Chatterbox"}, "multimedia": null}, {"display_title": "The Prisoner of Shark Island", "mpaa_rating": "", "critics_pick": 0, "byline": "FRANK S. NUGENT.", "headline": "Prisoner of Shark Island, The", "summary_short": "Excellent drama of victimized doctor who tended John Wilkes Booth. Baxter superb.", "publication_date": "1936-02-13", "opening_date": "1936-02-28", "date_updated": "2016-03-30 06:44:34", "link": {"type": "article", "url": "http://www.nytimes.com/movie/review?res=9A04E4DB153FEE3BBC4B52DFB466838D629EDE", "suggested_link_text": "Read the New York Times Review of The Prisoner of Shark Island"}, "multimedia": null}, {"display_title": "Mr. Cohen Takes a Walk", "mpaa_rating": "", "critics_pick": 0, "byline": "J.T.M.", "headline": "Mr Cohen Takes a Walk", "summary_short": "Troubled merchant prince of humble origins goes on walkabout. Time-tested merchandise.", "publication_date": "1936-02-13", "opening_date": "1936-02-12", "date_updated": "2016-03-30 07:26:05", "link": {"type": "article", "url": "http://www.nytimes.com/movie/review?res=9E07E4DB153FEE3BBC4B52DFB466838D629EDE", "suggested_link_text": "Read the New York Times Review of Mr. Cohen Takes a Walk"}, "multimedia": null}, {"display_title": "The Story of Louis Pasteur", "mpaa_rating": "Not Rated", "critics_pick": 1, "byline": "FRANK S. NUGENT.", "headline": "Story of Louis Pasteur, The", "summary_short": "Fine, scholarly drama about the French scientist. Muni's first Oscar.", "publication_date": "1936-02-10", "opening_date": "1936-02-01", "date_updated": "2016-03-30 06:56:52", "link": {"type": "article", "url": "http://www.nytimes.com/movie/review?res=9A03E2DB1630E13BBC4852DFB466838D629EDE", "suggested_link_text": "Read the New York Times Review of The Story of Louis Pasteur"}, "multimedia": null}, {"display_title": "Spy 77", "mpaa_rating": "", "critics_pick": 0, "byline": "T.M.P.", "headline": "Spy 77", "summary_short": "", "publication_date": "1936-02-10", "opening_date": "1936-02-09", "date_updated": "2016-03-30 07:22:42", "link": {"type": "article", "url": "http://www.nytimes.com/movie/review?res=9B03E2DB1630E13BBC4852DFB466838D629EDE", "suggested_link_text": "Read the New York Times Review of Spy 77"}, "multimedia": null}, {"display_title": "Paddy O'Day", "mpaa_rating": "", "critics_pick": 0, "byline": "B.R.C.", "headline": "Paddy O'Day", "summary_short": "", "publication_date": "1936-02-08", "opening_date": "1936-01-17", "date_updated": "2016-03-30 06:50:06", "link": {"type": "article", "url": "http://www.nytimes.com/movie/review?res=9403E1DD153FEE3BBC4053DFB466838D629EDE", "suggested_link_text": "Read the New York Times Review of Paddy O'Day"}, "multimedia": null}, {"display_title": "Leichte Kavallerie", "mpaa_rating": "", "critics_pick": 0, "byline": "H.T.S.", "headline": "Leichte Kavallerie", "summary_short": "", "publication_date": "1936-02-08", "opening_date": "1936-02-07", "date_updated": "2016-03-30 06:58:21", "link": {"type": "article", "url": "http://www.nytimes.com/movie/review?res=9D02E1DD153FEE3BBC4053DFB466838D629EDE", "suggested_link_text": "Read the New York Times Review of Leichte Kavallerie"}, "multimedia": null}, {"display_title": "The Guv'nor", "mpaa_rating": "", "critics_pick": 0, "byline": "FRANK S. NUGENT.", "headline": "Mister Hobo", "summary_short": "A tramp mistaken for a Rothschild saves the British empire. The \u201cTrading Places\u201d of its day. ", "publication_date": "1936-02-08", "opening_date": "1935-11-22", "date_updated": "2016-03-30 06:55:50", "link": {"type": "article", "url": "http://www.nytimes.com/movie/review?res=9F03E1DD153FEE3BBC4053DFB466838D629EDE", "suggested_link_text": "Read the New York Times Review of The Guv'nor"}, "multimedia": null}, {"display_title": "Modern Times", "mpaa_rating": "G", "critics_pick": 0, "byline": "FRANK S. NUGENT.", "headline": "Modern Times", "summary_short": "The Little Tramp vs. the Assembly Line. Priceless.", "publication_date": "1936-02-06", "opening_date": "1936-02-25", "date_updated": "2016-03-30 06:56:21", "link": {"type": "article", "url": "http://www.nytimes.com/movie/review?res=9403E3DE153FEE3BBC4E53DFB466838D629EDE", "suggested_link_text": "Read the New York Times Review of Modern Times"}, "multimedia": null}, {"display_title": "The Lady Consents", "mpaa_rating": "", "critics_pick": 0, "byline": "B.R.C.", "headline": "Lady Consents, The", "summary_short": "Divorced doctor regrets his remarriage.", "publication_date": "1936-02-06", "opening_date": "1936-02-07", "date_updated": "2016-03-30 06:46:48", "link": {"type": "article", "url": "http://www.nytimes.com/movie/review?res=9A02E3DE153FEE3BBC4E53DFB466838D629EDE", "suggested_link_text": "Read the New York Times Review of The Lady Consents"}, "multimedia": null}, {"display_title": "Soak the Rich", "mpaa_rating": "", "critics_pick": 0, "byline": "FRANK S. NUGENT.", "headline": "Soak the Rich", "summary_short": "", "publication_date": "1936-02-05", "opening_date": "1936-01-17", "date_updated": "2016-03-30 06:56:10", "link": {"type": "article", "url": "http://www.nytimes.com/movie/review?res=9900EFDF153FEE3BBC4D53DFB466838D629EDE", "suggested_link_text": "Read the New York Times Review of Soak the Rich"}, "multimedia": null}, {"display_title": "The Lone Wolf Returns", "mpaa_rating": "", "critics_pick": 0, "byline": "FRANK S. NUGENT.", "headline": "Lone Wolf Returns, The", "summary_short": "Ex-thief outwits rival, charms heiress.", "publication_date": "1936-02-04", "opening_date": "1935-12-31", "date_updated": "2016-03-30 07:05:32", "link": {"type": "article", "url": "http://www.nytimes.com/movie/review?res=9900EED8173CE53ABC4C53DFB466838D629EDE", "suggested_link_text": "Read the New York Times Review of The Lone Wolf Returns"}, "multimedia": null}, {"display_title": "Muss 'em Up", "mpaa_rating": "", "critics_pick": 0, "byline": "FRANK S. NUGENT.", "headline": "Muss 'Em Up", "summary_short": "Sleuth probes kidnap involving rich man and his supposed daughter.", "publication_date": "1936-02-03", "opening_date": "1936-02-14", "date_updated": "2016-03-30 06:51:42", "link": {"type": "article", "url": "http://www.nytimes.com/movie/review?res=9C02E1D6143FEE3BBC4B53DFB466838D629EDE", "suggested_link_text": "Read the New York Times Review of Muss 'em Up"}, "multimedia": null}, {"display_title": "Two in the Dark", "mpaa_rating": "", "critics_pick": 0, "byline": "T.M.P.", "headline": "Two in the Dark", "summary_short": "At-liberty actress helps amnesiac who thinks he may have slain a producer.", "publication_date": "1936-02-01", "opening_date": "1936-01-10", "date_updated": "2016-03-30 07:28:49", "link": {"type": "article", "url": "http://www.nytimes.com/movie/review?res=9F0DEFDC1630E13BBC4953DFB466838D629EDE", "suggested_link_text": "Read the New York Times Review of Two in the Dark"}, "multimedia": null}, {"display_title": "Rose Marie", "mpaa_rating": "", "critics_pick": 0, "byline": "FRANK S. NUGENT.", "headline": "Rose Marie", "summary_short": "Friml's diva and Canadian Mountie. Melodious, woodsy and winning. Effective bit by young Jim Stewart.", "publication_date": "1936-02-01", "opening_date": "1936-01-31", "date_updated": "2016-03-30 07:07:29", "link": {"type": "article", "url": "http://www.nytimes.com/movie/review?res=9D0DEFDC1630E13BBC4953DFB466838D629EDE", "suggested_link_text": "Read the New York Times Review of Rose Marie"}, "multimedia": null}, {"display_title": "King of the Damned", "mpaa_rating": "", "critics_pick": 0, "byline": "B.R.C.", "headline": "King of the Damned", "summary_short": "", "publication_date": "1936-02-01", "opening_date": "1936-01-20", "date_updated": "2016-03-30 06:53:25", "link": {"type": "article", "url": "http://www.nytimes.com/movie/review?res=9E0DEFDC1630E13BBC4953DFB466838D629EDE", "suggested_link_text": "Read the New York Times Review of King of the Damned"}, "multimedia": null}, {"display_title": "Next Time We Love", "mpaa_rating": "", "critics_pick": 0, "byline": "FRANK S. NUGENT.", "headline": "Next Time We Love", "summary_short": "Marriage of actress and journalist over years. Trim tale, charming leads.", "publication_date": "1936-01-31", "opening_date": "1936-01-30", "date_updated": "2016-03-30 06:53:26", "link": {"type": "article", "url": "http://www.nytimes.com/movie/review?res=9B03EED7143FEE3BBC4950DFB766838D629EDE", "suggested_link_text": "Read the New York Times Review of Next Time We Love"}, "multimedia": null}, {"display_title": "Professional Soldier", "mpaa_rating": "", "critics_pick": 0, "byline": "FRANK S. NUGENT.", "headline": "Professional Soldier", "summary_short": "Good plot, personable acting by the two leads.", "publication_date": "1936-01-30", "opening_date": "1935-12-27", "date_updated": "2016-03-30 07:25:24", "link": {"type": "article", "url": "http://www.nytimes.com/movie/review?res=9F07E7DD143BE33BBC4850DFB766838D629EDE", "suggested_link_text": "Read the New York Times Review of Professional Soldier"}, "multimedia": null}, {"display_title": "Man Hunt", "mpaa_rating": "", "critics_pick": 0, "byline": "B.R.C.", "headline": "Man Hunt", "summary_short": "Cub reporter, teacher and G-men hunt bank robber.", "publication_date": "1936-01-30", "opening_date": "1936-02-15", "date_updated": "2016-03-30 06:51:21", "link": {"type": "article", "url": "http://www.nytimes.com/movie/review?res=9C06EFDE143BE33BBC4850DFB766838D629EDE", "suggested_link_text": "Read the New York Times Review of Man Hunt"}, "multimedia": null}]}