{"status": "OK", "copyright": "Copyright (c) 2017 The New York Times Company. All Rights Reserved.", "has_more": true, "num_results": 20, "results": [{"display_title": "Who Is Hope Schuyler?", "mpaa_rating": "", "critics_pick": 0, "byline": "T.M.P.", "headline": "Who Is Hope Schuyler", "summary_short": "", "publication_date": "1942-05-22", "opening_date": "1942-04-17", "date_updated": "2016-03-30 07:12:34", "link": {"type": "article", "url": "http://www.nytimes.com/movie/review?res=9A0CE1DB133CE33BBC4A51DFB3668389659EDE", "suggested_link_text": "Read the New York Times Review of Who Is Hope Schuyler?"}, "multimedia": null}, {"display_title": "Tortilla Flat", "mpaa_rating": "", "critics_pick": 0, "byline": "BOSLEY CROWTHER", "headline": "Tortilla Flat", "summary_short": "Steinbeck's raffish coast folk. Very entertaining, and Morgan steals it.", "publication_date": "1942-05-22", "opening_date": null, "date_updated": "2016-03-30 06:47:43", "link": {"type": "article", "url": "http://www.nytimes.com/movie/review?res=990CE1DB133CE33BBC4A51DFB3668389659EDE", "suggested_link_text": "Read the New York Times Review of Tortilla Flat"}, "multimedia": null}, {"display_title": "The Spoilers", "mpaa_rating": "", "critics_pick": 0, "byline": "T.S.", "headline": "Spoilers, The", "summary_short": "The Yukon, burly and swirly. Good of this kind.", "publication_date": "1942-05-22", "opening_date": "1942-05-08", "date_updated": "2016-03-30 07:29:22", "link": {"type": "article", "url": "http://www.nytimes.com/movie/review?res=9E00E4DB133CE33BBC4A51DFB3668389659EDE", "suggested_link_text": "Read the New York Times Review of The Spoilers"}, "multimedia": null}, {"display_title": "Whispering Ghosts", "mpaa_rating": "", "critics_pick": 0, "byline": "T.S.", "headline": "Whispering Ghosts", "summary_short": "", "publication_date": "1942-05-18", "opening_date": null, "date_updated": "2016-03-30 07:25:42", "link": {"type": "article", "url": "http://www.nytimes.com/movie/review?res=9A0CE3DD133CE33BBC4052DFB3668389659EDE", "suggested_link_text": "Read the New York Times Review of Whispering Ghosts"}, "multimedia": null}, {"display_title": "Sing Your Worries Away", "mpaa_rating": "", "critics_pick": 0, "byline": "BOSLEY CROWTHER", "headline": "Sing Your Worries Away", "summary_short": "Schemers out to fleece inheritance from songwriter and club cigarette girl.", "publication_date": "1942-05-15", "opening_date": "1942-03-06", "date_updated": "2016-03-30 07:27:43", "link": {"type": "article", "url": "http://www.nytimes.com/movie/review?res=9B06E6D6153CE33BBC4D52DFB3668389659EDE", "suggested_link_text": "Read the New York Times Review of Sing Your Worries Away"}, "multimedia": null}, {"display_title": "This Gun For Hire", "mpaa_rating": "", "critics_pick": 0, "byline": "BOSLEY CROWTHER", "headline": "This Gun for Hire", "summary_short": "This one, a colorful melodrama, launched Ladd. He's quite effective as hit-man loner.", "publication_date": "1942-05-14", "opening_date": null, "date_updated": "2016-03-30 06:47:09", "link": {"type": "article", "url": "http://www.nytimes.com/movie/review?res=950CE2D7153CE33BBC4C52DFB3668389659EDE", "suggested_link_text": "Read the New York Times Review of This Gun For Hire"}, "multimedia": null}, {"display_title": "Dangerous Moonlight", "mpaa_rating": "", "critics_pick": 0, "byline": "T.S.", "headline": "Suicide Squadron", "summary_short": "Polish pianist torn between career and patriotism. Interesting drama, effective music.", "publication_date": "1942-05-14", "opening_date": "1942-04-20", "date_updated": "2016-03-30 07:11:21", "link": {"type": "article", "url": "http://www.nytimes.com/movie/review?res=9C05E1D7153CE33BBC4C52DFB3668389659EDE", "suggested_link_text": "Read the New York Times Review of Dangerous Moonlight"}, "multimedia": null}, {"display_title": "This Above All", "mpaa_rating": "", "critics_pick": 0, "byline": "BOSLEY CROWTHER", "headline": "This Above All", "summary_short": "WWII deserter falls for   British aristocrat.", "publication_date": "1942-05-13", "opening_date": "1942-05-12", "date_updated": "2016-03-30 06:47:00", "link": {"type": "article", "url": "http://www.nytimes.com/movie/review?res=9F03E4D8153CE33BBC4B52DFB3668389659EDE", "suggested_link_text": "Read the New York Times Review of This Above All"}, "multimedia": null}, {"display_title": "Native Land", "mpaa_rating": "Not Rated", "critics_pick": 0, "byline": "BOSLEY CROWTHER", "headline": "Native Land", "summary_short": "", "publication_date": "1942-05-12", "opening_date": "1942-05-11", "date_updated": "2016-03-30 06:56:16", "link": {"type": "article", "url": "http://www.nytimes.com/movie/review?res=9F07E3D71539E33BBC4A52DFB3668389659EDE", "suggested_link_text": "Read the New York Times Review of Native Land"}, "multimedia": null}, {"display_title": "Sunday Punch", "mpaa_rating": "", "critics_pick": 0, "byline": "T.S.", "headline": "Sunday Punch", "summary_short": "A Swedish boxer and a medical student become rivals for an ingenue.", "publication_date": "1942-05-11", "opening_date": "1942-05-08", "date_updated": "2016-03-30 07:15:00", "link": {"type": "article", "url": "http://www.nytimes.com/movie/review?res=9F0DEED9153CE33BBC4952DFB3668389659EDE", "suggested_link_text": "Read the New York Times Review of Sunday Punch"}, "multimedia": null}, {"display_title": "In This Our Life", "mpaa_rating": "", "critics_pick": 0, "byline": "BOSLEY CROWTHER", "headline": "In This our Life", "summary_short": "Richmond gentry sabotaged by husband-stealing relative. Davis witchery floats it.", "publication_date": "1942-05-09", "opening_date": "1942-05-16", "date_updated": "2016-03-30 06:56:44", "link": {"type": "article", "url": "http://www.nytimes.com/movie/review?res=9E00E6DA153CE33BBC4153DFB3668389659EDE", "suggested_link_text": "Read the New York Times Review of In This Our Life"}, "multimedia": null}, {"display_title": "Saboteur", "mpaa_rating": "", "critics_pick": 0, "byline": "BOSLEY CROWTHER", "headline": "Saboteur", "summary_short": "Aircraft factory worker accused of arson. Twisty cross-country chase, Hitchcock to the hilt.", "publication_date": "1942-05-08", "opening_date": "1942-04-24", "date_updated": "2016-03-30 06:43:33", "link": {"type": "article", "url": "http://www.nytimes.com/movie/review?res=9F05E4D91539E33BBC4053DFB3668389659EDE", "suggested_link_text": "Read the New York Times Review of Saboteur"}, "multimedia": null}, {"display_title": "Rio Rita", "mpaa_rating": "", "critics_pick": 0, "byline": "T.S.", "headline": "Rio Rita", "summary_short": "Really from hunger, with Nazis.", "publication_date": "1942-05-08", "opening_date": "1942-04-01", "date_updated": "2016-03-30 06:54:23", "link": {"type": "article", "url": "http://www.nytimes.com/movie/review?res=9805E4D91539E33BBC4053DFB3668389659EDE", "suggested_link_text": "Read the New York Times Review of Rio Rita"}, "multimedia": null}, {"display_title": "Murder in the Big House", "mpaa_rating": "", "critics_pick": 0, "byline": "T.M.P.", "headline": "Murder in the Big House", "summary_short": "Reporters dig to solve murder of man on death row.", "publication_date": "1942-05-08", "opening_date": "1942-04-11", "date_updated": "2016-03-30 07:22:41", "link": {"type": "article", "url": "http://www.nytimes.com/movie/review?res=9905E4D91539E33BBC4053DFB3668389659EDE", "suggested_link_text": "Read the New York Times Review of Murder in the Big House"}, "multimedia": null}, {"display_title": "The Mystery of Marie Roget", "mpaa_rating": "", "critics_pick": 0, "byline": "BOSLEY CROWTHER", "headline": "Mystery of Marie Roget, The", "summary_short": "Above-average puzzler derived from Poe.", "publication_date": "1942-05-05", "opening_date": "1942-04-23", "date_updated": "2016-03-30 07:27:08", "link": {"type": "article", "url": "http://www.nytimes.com/movie/review?res=9A0CE7DB153CE33BBC4D53DFB3668389659EDE", "suggested_link_text": "Read the New York Times Review of The Mystery of Marie Roget"}, "multimedia": null}, {"display_title": "We Were Dancing", "mpaa_rating": "", "critics_pick": 0, "byline": "B.C.", "headline": "We Were Dancing", "summary_short": "Should have kept on, instead of talking. A lead bubble.", "publication_date": "1942-05-01", "opening_date": null, "date_updated": "2016-03-30 07:09:32", "link": {"type": "article", "url": "http://www.nytimes.com/movie/review?res=9D02E5DA1539E33BBC4953DFB3668389659EDE", "suggested_link_text": "Read the New York Times Review of We Were Dancing"}, "multimedia": null}, {"display_title": "Twin Beds", "mpaa_rating": "", "critics_pick": 0, "byline": "T.M.P.", "headline": "Twin Beds", "summary_short": "", "publication_date": "1942-05-01", "opening_date": "1942-04-30", "date_updated": "2016-03-30 07:14:33", "link": {"type": "article", "url": "http://www.nytimes.com/movie/review?res=9F02E5DA1539E33BBC4953DFB3668389659EDE", "suggested_link_text": "Read the New York Times Review of Twin Beds"}, "multimedia": null}, {"display_title": "My Gal Sal", "mpaa_rating": "", "critics_pick": 0, "byline": "BOSLEY CROWTHER", "headline": "My Gal Sal", "summary_short": "A pleasant, tuneful Gay Nineties. Nice entertainment.", "publication_date": "1942-05-01", "opening_date": "1942-04-30", "date_updated": "2016-03-30 07:09:20", "link": {"type": "article", "url": "http://www.nytimes.com/movie/review?res=9C02E5DA1539E33BBC4953DFB3668389659EDE", "suggested_link_text": "Read the New York Times Review of My Gal Sal"}, "multimedia": null}, {"display_title": "Butch Minds the Baby", "mpaa_rating": "", "critics_pick": 0, "byline": "T.S.", "headline": "Butch Minds the Baby", "summary_short": "", "publication_date": "1942-05-01", "opening_date": "1942-03-20", "date_updated": "2016-03-30 07:06:16", "link": {"type": "article", "url": "http://www.nytimes.com/movie/review?res=9E02E5DA1539E33BBC4953DFB3668389659EDE", "suggested_link_text": "Read the New York Times Review of Butch Minds the Baby"}, "multimedia": null}, {"display_title": "The Tuttles of Tahiti", "mpaa_rating": "", "critics_pick": 0, "byline": "T.M.P.", "headline": "Tuttles of Tahiti, The", "summary_short": "Lazy patriarch and his clan. Raffishly amusing.", "publication_date": "1942-04-30", "opening_date": "1942-05-01", "date_updated": "2016-03-30 06:42:56", "link": {"type": "article", "url": "http://www.nytimes.com/movie/review?res=9D0CE4DA143EEE3BBC4850DFB2668389659EDE", "suggested_link_text": "Read the New York Times Review of The Tuttles of Tahiti"}, "multimedia": null}]}