{"status": "OK", "copyright": "Copyright (c) 2017 The New York Times Company. All Rights Reserved.", "has_more": true, "num_results": 20, "results": [{"display_title": "Appointment for Love", "mpaa_rating": "", "critics_pick": 0, "byline": "BOSLEY CROWTHER", "headline": "Appointment for Love", "summary_short": "Half-and-half froth, with good, star varnish.", "publication_date": "1941-11-07", "opening_date": "1941-10-31", "date_updated": "2016-03-30 06:45:49", "link": {"type": "article", "url": "http://www.nytimes.com/movie/review?res=9A05E2D9163AE233A25754C0A9679D946093D6CF", "suggested_link_text": "Read the New York Times Review of Appointment for Love"}, "multimedia": null}, {"display_title": "Moon over Her Shoulder", "mpaa_rating": "", "critics_pick": 0, "byline": "BOSLEY CROWTHER", "headline": "Moon Over her Shoulder", "summary_short": "", "publication_date": "1941-11-05", "opening_date": "1941-10-24", "date_updated": "2016-03-30 07:29:01", "link": {"type": "article", "url": "http://www.nytimes.com/movie/review?res=9406EED7133BEF3ABC4D53DFB767838A659EDE", "suggested_link_text": "Read the New York Times Review of Moon over Her Shoulder"}, "multimedia": null}, {"display_title": "Spooks Run Wild", "mpaa_rating": "", "critics_pick": 0, "byline": "A.W.", "headline": "Spooks Run Wild", "summary_short": "Poor Ava. But she outran 'em.", "publication_date": "1941-11-01", "opening_date": "1941-10-24", "date_updated": "2016-03-30 06:47:58", "link": {"type": "article", "url": "http://www.nytimes.com/movie/review?res=9901E0DC143AEF3ABC4953DFB767838A659EDE", "suggested_link_text": "Read the New York Times Review of Spooks Run Wild"}, "multimedia": null}, {"display_title": "The Chocolate Soldier", "mpaa_rating": "", "critics_pick": 0, "byline": "BOSLEY CROWTHER", "headline": "Chocolate Soldier, The", "summary_short": "Very nice music but a bit squatty. No cream puff.", "publication_date": "1941-11-01", "opening_date": "1941-11-01", "date_updated": "2016-03-30 07:22:04", "link": {"type": "article", "url": "http://www.nytimes.com/movie/review?res=9F01E0DC143AEF3ABC4953DFB767838A659EDE", "suggested_link_text": "Read the New York Times Review of The Chocolate Soldier"}, "multimedia": null}, {"display_title": "Belle Starr", "mpaa_rating": "", "critics_pick": 0, "byline": "T.S.", "headline": "Belle Starr", "summary_short": "A Confederate Joan of Arc. Mostly bunk, abetted by good battle scenes and Chill Wills.", "publication_date": "1941-11-01", "opening_date": "1941-09-05", "date_updated": "2016-03-30 07:12:03", "link": {"type": "article", "url": "http://www.nytimes.com/movie/review?res=9801E0DC143AEF3ABC4953DFB767838A659EDE", "suggested_link_text": "Read the New York Times Review of Belle Starr"}, "multimedia": null}, {"display_title": "My Life with Caroline", "mpaa_rating": "", "critics_pick": 0, "byline": "BOSLEY CROWTHER", "headline": "My Life With Caroline", "summary_short": "Publisher suspects wife of straying. Antique bauble with two real charmers.", "publication_date": "1941-10-30", "opening_date": "1941-08-01", "date_updated": "2016-03-30 07:22:00", "link": {"type": "article", "url": "http://www.nytimes.com/movie/review?res=9405E1D61530EF3ABC4850DFB667838A659EDE", "suggested_link_text": "Read the New York Times Review of My Life with Caroline"}, "multimedia": null}, {"display_title": "How Green Was My Valley", "mpaa_rating": "", "critics_pick": 1, "byline": "BOSLEY CROWTHER", "headline": "How Green Was my Valley", "summary_short": "John Ford's Welsh coal miners. One of the screen's great human dramas.", "publication_date": "1941-10-29", "opening_date": null, "date_updated": "2016-03-30 07:17:12", "link": {"type": "article", "url": "http://www.nytimes.com/movie/review?res=9E05E4D91E3FE13BBC4151DFB667838A659EDE", "suggested_link_text": "Read the New York Times Review of How Green Was My Valley"}, "multimedia": null}, {"display_title": "Never Give a Sucker an Even Break", "mpaa_rating": "", "critics_pick": 0, "byline": "T.S.", "headline": "Never Give a Sucker an Even Break", "summary_short": "Priceless old scramble.", "publication_date": "1941-10-27", "opening_date": "1941-10-10", "date_updated": "2016-03-30 06:51:05", "link": {"type": "article", "url": "http://www.nytimes.com/movie/review?res=9E05E3DA163AE233A25754C2A9669D946093D6CF", "suggested_link_text": "Read the New York Times Review of Never Give a Sucker an Even Break"}, "multimedia": null}, {"display_title": "A Day in Soviet Russia", "mpaa_rating": "", "critics_pick": 0, "byline": "T.M.P.", "headline": "One Day in Soviet Russia", "summary_short": "", "publication_date": "1941-10-27", "opening_date": "1941-10-01", "date_updated": "2016-03-30 07:26:25", "link": {"type": "article", "url": "http://www.nytimes.com/movie/review?res=9505E3DA163AE233A25754C2A9669D946093D6CF", "suggested_link_text": "Read the New York Times Review of A Day in Soviet Russia"}, "multimedia": null}, {"display_title": "Dumbo", "mpaa_rating": "", "critics_pick": 1, "byline": "BOSLEY CROWTHER", "headline": "Dumbo", "summary_short": "Enchanting, all the way.", "publication_date": "1941-10-24", "opening_date": "1941-10-31", "date_updated": "2016-03-30 07:24:40", "link": {"type": "article", "url": "http://www.nytimes.com/movie/review?res=9F05E5DC133BEF3ABC4C51DFB667838A659EDE", "suggested_link_text": "Read the New York Times Review of Dumbo"}, "multimedia": null}, {"display_title": "You'll Never Get Rich", "mpaa_rating": "", "critics_pick": 0, "byline": "T. S.", "headline": "You'll Never Get Rich", "summary_short": "Fred as Army draftee. Pleasant formula, and some good Cole Porter.", "publication_date": "1941-10-24", "opening_date": "1941-09-25", "date_updated": "2016-03-30 06:53:27", "link": {"type": "article", "url": "http://www.nytimes.com/movie/review?res=9805E5DC133BEF3ABC4C51DFB667838A659EDE", "suggested_link_text": "Read the New York Times Review of You'll Never Get Rich"}, "multimedia": null}, {"display_title": "Nothing But the Truth", "mpaa_rating": "", "critics_pick": 0, "byline": "BOSLEY CROWTHER", "headline": "Nothing but the Truth", "summary_short": "Medium Hope romp.", "publication_date": "1941-10-23", "opening_date": "1941-10-10", "date_updated": "2016-03-30 07:05:34", "link": {"type": "article", "url": "http://www.nytimes.com/movie/review?res=9900E1DD133BEF3ABC4B51DFB667838A659EDE", "suggested_link_text": "Read the New York Times Review of Nothing But the Truth"}, "multimedia": null}, {"display_title": "Ellery Queen and the Murder Ring", "mpaa_rating": "", "critics_pick": 0, "byline": "BOSLEY CROWTHER", "headline": "Ellery Queen and the Murder Ring", "summary_short": "", "publication_date": "1941-10-21", "opening_date": "1941-11-18", "date_updated": "2016-03-30 06:53:43", "link": {"type": "article", "url": "http://www.nytimes.com/movie/review?res=9B05E4DE143AEF3ABC4951DFB667838A659EDE", "suggested_link_text": "Read the New York Times Review of Ellery Queen and the Murder Ring"}, "multimedia": null}, {"display_title": "Target for Tonight", "mpaa_rating": "", "critics_pick": 0, "byline": "BOSLEY CROWTHER", "headline": "Target for Tonight", "summary_short": "", "publication_date": "1941-10-18", "opening_date": null, "date_updated": "2016-03-30 07:25:14", "link": {"type": "article", "url": "http://www.nytimes.com/movie/review?res=9807E0DB163DE333A2575BC1A9669D946093D6CF", "suggested_link_text": "Read the New York Times Review of Target for Tonight"}, "multimedia": null}, {"display_title": "Henry Aldrich for President", "mpaa_rating": "", "critics_pick": 0, "byline": "A.W.", "headline": "Henry Aldrich for President", "summary_short": "Paging Alf Landon.", "publication_date": "1941-10-18", "opening_date": "1941-10-24", "date_updated": "2016-03-30 06:49:41", "link": {"type": "article", "url": "http://www.nytimes.com/movie/review?res=9907E0DB163DE333A2575BC1A9669D946093D6CF", "suggested_link_text": "Read the New York Times Review of Henry Aldrich for President"}, "multimedia": null}, {"display_title": "Texas", "mpaa_rating": "", "critics_pick": 0, "byline": "T.S.", "headline": "Texas", "summary_short": "Teeming, lively western. Good job.", "publication_date": "1941-10-17", "opening_date": "1941-10-09", "date_updated": "2016-03-30 07:26:26", "link": {"type": "article", "url": "http://www.nytimes.com/movie/review?res=9A06E0DB1038E333A25754C1A9669D946093D6CF", "suggested_link_text": "Read the New York Times Review of Texas"}, "multimedia": null}, {"display_title": "The Devil and Daniel Webster", "mpaa_rating": "", "critics_pick": 0, "byline": "BOSLEY CROWTHER", "headline": "All That Money Can Buy", "summary_short": "Stunning Faustian drama set in New England. Superb Herrmann music.", "publication_date": "1941-10-17", "opening_date": "1941-10-29", "date_updated": "2016-03-30 07:10:45", "link": {"type": "article", "url": "http://www.nytimes.com/movie/review?res=9F06E0DB1038E333A25754C1A9669D946093D6CF", "suggested_link_text": "Read the New York Times Review of The Devil and Daniel Webster"}, "multimedia": null}, {"display_title": "Married Bachelor", "mpaa_rating": "", "critics_pick": 0, "byline": "BOSLEY CROWTHER", "headline": "Married Bachelor", "summary_short": "Husband poses as single author.", "publication_date": "1941-10-16", "opening_date": null, "date_updated": "2016-03-30 06:48:33", "link": {"type": "article", "url": "http://www.nytimes.com/movie/review?res=990DEEDB1E3FE13BBC4E52DFB667838A659EDE", "suggested_link_text": "Read the New York Times Review of Married Bachelor"}, "multimedia": null}, {"display_title": "Flying Cadets", "mpaa_rating": "", "critics_pick": 0, "byline": "BOSLEY CROWTHER", "headline": "Flying Cadets", "summary_short": "", "publication_date": "1941-10-14", "opening_date": "1941-10-24", "date_updated": "2016-03-30 06:46:32", "link": {"type": "article", "url": "http://www.nytimes.com/movie/review?res=9501E2DD1E3FE13BBC4C52DFB667838A659EDE", "suggested_link_text": "Read the New York Times Review of Flying Cadets"}, "multimedia": null}, {"display_title": "This Woman Is Mine", "mpaa_rating": "", "critics_pick": 0, "byline": "T.S.", "headline": "This Woman Is Mine", "summary_short": "Keep her.", "publication_date": "1941-10-13", "opening_date": "1941-08-22", "date_updated": "2016-03-30 07:14:52", "link": {"type": "article", "url": "http://www.nytimes.com/movie/review?res=9B03E7DD133BEF3ABC4B52DFB667838A659EDE", "suggested_link_text": "Read the New York Times Review of This Woman Is Mine"}, "multimedia": null}]}