{"status": "OK", "copyright": "Copyright (c) 2017 The New York Times Company. All Rights Reserved.", "has_more": true, "num_results": 20, "results": [{"display_title": "Next of Kin", "mpaa_rating": "", "critics_pick": 0, "byline": "BOSLE CROWTHER", "headline": "Next of Kin", "summary_short": "", "publication_date": "1943-05-06", "opening_date": null, "date_updated": "2016-03-30 06:46:13", "link": {"type": "article", "url": "http://www.nytimes.com/movie/review?res=9F05E2DD103CE03ABC4E53DFB3668388659EDE", "suggested_link_text": "Read the New York Times Review of Next of Kin"}, "multimedia": null}, {"display_title": "Johnny Doughboy", "mpaa_rating": "", "critics_pick": 0, "byline": "T.M.P.", "headline": "Johnny Doughboy", "summary_short": "", "publication_date": "1943-05-06", "opening_date": "1942-12-31", "date_updated": "2016-03-30 07:13:03", "link": {"type": "article", "url": "http://www.nytimes.com/movie/review?res=9805E2DD103CE03ABC4E53DFB3668388659EDE", "suggested_link_text": "Read the New York Times Review of Johnny Doughboy"}, "multimedia": null}, {"display_title": "La Isla de la Pasion", "mpaa_rating": "", "critics_pick": 0, "byline": "BOSLEY CROWTHER", "headline": "Passion Island", "summary_short": "", "publication_date": "1943-05-01", "opening_date": "1943-04-30", "date_updated": "2016-03-30 07:15:32", "link": {"type": "article", "url": "http://www.nytimes.com/movie/review?res=940DE2DD1638E33BBC4953DFB3668388659EDE", "suggested_link_text": "Read the New York Times Review of La Isla de la Pasion"}, "multimedia": null}, {"display_title": "Presenting Lily Mars", "mpaa_rating": "", "critics_pick": 0, "byline": "T. S.", "headline": "Presenting Lily Mars", "summary_short": "Stagestruck girl. Engaging yarn, and young Garland rarely more appealing.", "publication_date": "1943-04-30", "opening_date": null, "date_updated": "2016-03-30 06:49:56", "link": {"type": "article", "url": "http://www.nytimes.com/movie/review?res=9C04E5DD1638E33BBC4850DFB2668388659EDE", "suggested_link_text": "Read the New York Times Review of Presenting Lily Mars"}, "multimedia": null}, {"display_title": "Mission to Moscow", "mpaa_rating": "", "critics_pick": 0, "byline": "BOSLEY CROWTHER", "headline": "Mission to Moscow", "summary_short": "Walter Huston, Ann Harding.", "publication_date": "1943-04-30", "opening_date": "1943-05-22", "date_updated": "2016-03-30 07:16:01", "link": {"type": "article", "url": "http://www.nytimes.com/movie/review?res=9505E5DD1638E33BBC4850DFB2668388659EDE", "suggested_link_text": "Read the New York Times Review of Mission to Moscow"}, "multimedia": null}, {"display_title": "Good Morning, Judge", "mpaa_rating": "", "critics_pick": 0, "byline": "T.M.P.", "headline": "Good Morning, Judge", "summary_short": "", "publication_date": "1943-04-30", "opening_date": "1943-05-07", "date_updated": "2016-03-30 07:11:14", "link": {"type": "article", "url": "http://www.nytimes.com/movie/review?res=9D04E5DD1638E33BBC4850DFB2668388659EDE", "suggested_link_text": "Read the New York Times Review of Good Morning, Judge"}, "multimedia": null}, {"display_title": "Crash Dive", "mpaa_rating": "Not Rated", "critics_pick": 0, "byline": "BOSLEY CROWTHER", "headline": "Crash Dive", "summary_short": "Sub warfare, back when. Tasteful, steady drama.", "publication_date": "1943-04-29", "opening_date": null, "date_updated": "2016-03-30 07:19:57", "link": {"type": "article", "url": "http://www.nytimes.com/movie/review?res=9503E3D8143CEE3BBC4151DFB2668388659EDE", "suggested_link_text": "Read the New York Times Review of Crash Dive"}, "multimedia": null}, {"display_title": "White Savage", "mpaa_rating": "", "critics_pick": 0, "byline": "T.S.", "headline": "White Savage", "summary_short": "Utter tripe.", "publication_date": "1943-04-26", "opening_date": "1943-04-23", "date_updated": "2016-03-30 06:48:24", "link": {"type": "article", "url": "http://www.nytimes.com/movie/review?res=9404E4D9173DE13BBC4E51DFB2668388659EDE", "suggested_link_text": "Read the New York Times Review of White Savage"}, "multimedia": null}, {"display_title": "Russians at War", "mpaa_rating": "", "critics_pick": 0, "byline": "BOSLEY CROWTHER", "headline": "Russians at War", "summary_short": "", "publication_date": "1943-04-24", "opening_date": "1943-05-01", "date_updated": "2016-03-30 06:58:08", "link": {"type": "article", "url": "http://www.nytimes.com/movie/review?res=9503E3DF1638E33BBC4C51DFB2668388659EDE", "suggested_link_text": "Read the New York Times Review of Russians at War"}, "multimedia": null}, {"display_title": "Reveille With Beverly", "mpaa_rating": "", "critics_pick": 0, "byline": "T.S.", "headline": "Reveille With Beverly", "summary_short": "Disc jockey organizes a big show for servicemen.", "publication_date": "1943-04-24", "opening_date": "1943-02-04", "date_updated": "2016-03-30 06:50:15", "link": {"type": "article", "url": "http://www.nytimes.com/movie/review?res=9C02E3DF1638E33BBC4C51DFB2668388659EDE", "suggested_link_text": "Read the New York Times Review of Reveille With Beverly"}, "multimedia": null}, {"display_title": "Ay, Jalisco No Te Rajes", "mpaa_rating": "", "critics_pick": 0, "byline": "A.W.", "headline": "Ay Jalisco no te Rajes", "summary_short": "", "publication_date": "1943-04-24", "opening_date": null, "date_updated": "2016-03-30 06:56:38", "link": {"type": "article", "url": "http://www.nytimes.com/movie/review?res=9D02E3DF1638E33BBC4C51DFB2668388659EDE", "suggested_link_text": "Read the New York Times Review of Ay, Jalisco No Te Rajes"}, "multimedia": null}, {"display_title": "I Walked with a Zombie", "mpaa_rating": "", "critics_pick": 0, "byline": "T.M.P.", "headline": "I Walked With a Zombie", "summary_short": "Nurse and Caribbean voodoo patient. Literate and tingling.", "publication_date": "1943-04-22", "opening_date": "1943-04-30", "date_updated": "2016-03-30 06:47:00", "link": {"type": "article", "url": "http://www.nytimes.com/movie/review?res=9B0CEEDB1730E53BBC4A51DFB2668388659EDE", "suggested_link_text": "Read the New York Times Review of I Walked with a Zombie"}, "multimedia": null}, {"display_title": "China", "mpaa_rating": "", "critics_pick": 0, "byline": "BOSLEY CROWTHER", "headline": "China", "summary_short": "Glum, contrived war drama.", "publication_date": "1943-04-22", "opening_date": "1943-04-21", "date_updated": "2016-03-30 06:43:50", "link": {"type": "article", "url": "http://www.nytimes.com/movie/review?res=9F0CEEDB1730E53BBC4A51DFB2668388659EDE", "suggested_link_text": "Read the New York Times Review of China"}, "multimedia": null}, {"display_title": "Assignment in Brittany", "mpaa_rating": "", "critics_pick": 0, "byline": "T.S.", "headline": "Assignment in Brittany", "summary_short": "French captain poses as Nazi leader in coastal village. Fine Helen MacInnes thriller given uneven treatment.", "publication_date": "1943-04-22", "opening_date": "1943-03-11", "date_updated": "2016-03-30 06:43:01", "link": {"type": "article", "url": "http://www.nytimes.com/movie/review?res=980CEEDB1730E53BBC4A51DFB2668388659EDE", "suggested_link_text": "Read the New York Times Review of Assignment in Brittany"}, "multimedia": null}, {"display_title": "Hangmen Also Die", "mpaa_rating": "", "critics_pick": 0, "byline": "T. S.", "headline": "Hangmen Also Die", "summary_short": "Czechoslovak Resistance, WWII. Graphic, gripping, brilliantly directed by Lang.", "publication_date": "1943-04-16", "opening_date": "1943-04-15", "date_updated": "2016-03-30 07:09:28", "link": {"type": "article", "url": "http://www.nytimes.com/movie/review?res=9B0CE4DB173DE13BBC4E52DFB2668388659EDE", "suggested_link_text": "Read the New York Times Review of Hangmen Also Die"}, "multimedia": null}, {"display_title": "Flight for Freedom", "mpaa_rating": "", "critics_pick": 0, "byline": "BOSLEY CROWTHER", "headline": "Flight for Freedom", "summary_short": "Wide-eyed, chin-up aviation romance hinting at Amelia Earhart.", "publication_date": "1943-04-16", "opening_date": "1943-04-15", "date_updated": "2016-03-30 07:12:56", "link": {"type": "article", "url": "http://www.nytimes.com/movie/review?res=9A0CE4DB173DE13BBC4E52DFB2668388659EDE", "suggested_link_text": "Read the New York Times Review of Flight for Freedom"}, "multimedia": null}, {"display_title": "Hit Parade of 1943", "mpaa_rating": "", "critics_pick": 0, "byline": "T.M.P.", "headline": "Hit Parade of 1943", "summary_short": "Tin Pan Alley. Pleasant with some funny moments.", "publication_date": "1943-04-16", "opening_date": "1943-03-26", "date_updated": "2016-03-30 06:55:58", "link": {"type": "article", "url": "http://www.nytimes.com/movie/review?res=940CE4DB173DE13BBC4E52DFB2668388659EDE", "suggested_link_text": "Read the New York Times Review of Hit Parade of 1943"}, "multimedia": null}, {"display_title": "Tonight We Raid Calais", "mpaa_rating": "", "critics_pick": 0, "byline": "BOSLEY CROWTHER", "headline": "Tonight We Raid Calais", "summary_short": "", "publication_date": "1943-04-15", "opening_date": "1943-04-30", "date_updated": "2016-03-30 07:29:37", "link": {"type": "article", "url": "http://www.nytimes.com/movie/review?res=9900E0D81F39E33BBC4D52DFB2668388659EDE", "suggested_link_text": "Read the New York Times Review of Tonight We Raid Calais"}, "multimedia": null}, {"display_title": "Desert Victory", "mpaa_rating": "", "critics_pick": 0, "byline": "Wireless to THE NEW YORK TIMES.", "headline": "Desert Victory", "summary_short": "", "publication_date": "1943-04-14", "opening_date": "1943-04-13", "date_updated": "2016-03-30 07:09:54", "link": {"type": "article", "url": "http://www.nytimes.com/movie/review?res=9500EFDC173DE13BBC4C52DFB2668388659EDE", "suggested_link_text": "Read the New York Times Review of Desert Victory"}, "multimedia": null}, {"display_title": "Edge of Darkness", "mpaa_rating": "", "critics_pick": 0, "byline": "BOSLEY CROWTHER", "headline": "Edge of Darkness", "summary_short": "Vivid, pounding drama of Nazi-held Norway village, played to hilt by super cast. Terrific start and climax.", "publication_date": "1943-04-10", "opening_date": "1943-04-24", "date_updated": "2016-03-30 06:49:35", "link": {"type": "article", "url": "http://www.nytimes.com/movie/review?res=9D00E7D91F39E33BBC4852DFB2668388659EDE", "suggested_link_text": "Read the New York Times Review of Edge of Darkness"}, "multimedia": null}]}