{"status": "OK", "copyright": "Copyright (c) 2017 The New York Times Company. All Rights Reserved.", "has_more": true, "num_results": 20, "results": [{"display_title": "The Big Noise", "mpaa_rating": "", "critics_pick": 0, "byline": "T.M.P.", "headline": "Big Noise, The", "summary_short": "", "publication_date": "1936-07-04", "opening_date": "1936-06-22", "date_updated": "2016-03-30 07:13:33", "link": {"type": "article", "url": "http://www.nytimes.com/movie/review?res=9F02E2D6113FEE3BBC4C53DFB166838D629EDE", "suggested_link_text": "Read the New York Times Review of The Big Noise"}, "multimedia": null}, {"display_title": "La Porteuse De Pain", "mpaa_rating": "", "critics_pick": 0, "byline": "H.T.S.", "headline": "Porteuse de Pain, La", "summary_short": "", "publication_date": "1936-07-01", "opening_date": "1936-06-30", "date_updated": "2016-03-30 06:47:45", "link": {"type": "article", "url": "http://www.nytimes.com/movie/review?res=9A0CEFDA1330E13BBC4953DFB166838D629EDE", "suggested_link_text": "Read the New York Times Review of La Porteuse De Pain"}, "multimedia": null}, {"display_title": "The Lawless Nineties", "mpaa_rating": "", "critics_pick": 0, "byline": "B.R.C.", "headline": "Lawless Nineties, The", "summary_short": "", "publication_date": "1936-06-29", "opening_date": "1936-02-15", "date_updated": "2016-03-30 06:54:12", "link": {"type": "article", "url": "http://www.nytimes.com/movie/review?res=9B03E3DB1330E13BBC4151DFB066838D629EDE", "suggested_link_text": "Read the New York Times Review of The Lawless Nineties"}, "multimedia": null}, {"display_title": "The Border Patrolman", "mpaa_rating": "", "critics_pick": 0, "byline": "J.T.M.", "headline": "Border Patrolman", "summary_short": "", "publication_date": "1936-06-29", "opening_date": "1936-06-20", "date_updated": "2016-03-30 07:13:33", "link": {"type": "article", "url": "http://www.nytimes.com/movie/review?res=9403E3DB1330E13BBC4151DFB066838D629EDE", "suggested_link_text": "Read the New York Times Review of The Border Patrolman"}, "multimedia": null}, {"display_title": "San Francisco", "mpaa_rating": "Not Rated", "critics_pick": 0, "byline": "FRANK S. NUGENT", "headline": "San Francisco", "summary_short": "The works: Barbary Coast love, opera and that super-duper earthquake. Ripely entertaining.", "publication_date": "1936-06-27", "opening_date": "1936-06-26", "date_updated": "2016-03-30 06:57:00", "link": {"type": "article", "url": "http://www.nytimes.com/movie/review?res=9D01E2D9113FEE3BBC4F51DFB066838D629EDE", "suggested_link_text": "Read the New York Times Review of San Francisco"}, "multimedia": null}, {"display_title": "Parole!", "mpaa_rating": "", "critics_pick": 0, "byline": "B.R.C.", "headline": "Parole", "summary_short": "", "publication_date": "1936-06-27", "opening_date": "1936-06-14", "date_updated": "2016-03-30 06:48:14", "link": {"type": "article", "url": "http://www.nytimes.com/movie/review?res=9801E2D9113FEE3BBC4F51DFB066838D629EDE", "suggested_link_text": "Read the New York Times Review of Parole!"}, "multimedia": null}, {"display_title": "Bunker Bean", "mpaa_rating": "", "critics_pick": 0, "byline": "T.M.P.", "headline": "Bunker Bean", "summary_short": "Fortune teller boosts meek clerk's ego.", "publication_date": "1936-06-27", "opening_date": "1936-06-26", "date_updated": "2016-03-30 07:12:35", "link": {"type": "article", "url": "http://www.nytimes.com/movie/review?res=9501E2D9113FEE3BBC4F51DFB066838D629EDE", "suggested_link_text": "Read the New York Times Review of Bunker Bean"}, "multimedia": null}, {"display_title": "Poor Little Rich Girl", "mpaa_rating": "", "critics_pick": 0, "byline": "FRANK S. NUGENT", "headline": "Poor Little Rich Girl, The", "summary_short": "Okay Templer. Nice tunes. Best: ``When I'm With You.''", "publication_date": "1936-06-26", "opening_date": "1936-07-18", "date_updated": "2016-03-30 07:19:41", "link": {"type": "article", "url": "http://www.nytimes.com/movie/review?res=9F0CEEDD1330E13BBC4E51DFB066838D629EDE", "suggested_link_text": "Read the New York Times Review of Poor Little Rich Girl"}, "multimedia": null}, {"display_title": "The White Angel", "mpaa_rating": "", "critics_pick": 0, "byline": "FRANK S. NUGENT", "headline": "White Angel, The", "summary_short": "Florence Nightingale and the Crimean War. Very, very stately.", "publication_date": "1936-06-25", "opening_date": "1936-07-04", "date_updated": "2016-03-30 07:18:02", "link": {"type": "article", "url": "http://www.nytimes.com/movie/review?res=9902EFDA113FEE3BBC4D51DFB066838D629EDE", "suggested_link_text": "Read the New York Times Review of The White Angel"}, "multimedia": null}, {"display_title": "Red Wagon", "mpaa_rating": "", "critics_pick": 0, "byline": "J. T.. A[.", "headline": "Red Wagon", "summary_short": "", "publication_date": "1936-06-22", "opening_date": "1936-06-21", "date_updated": "2016-03-30 06:58:44", "link": {"type": "article", "url": "http://www.nytimes.com/movie/review?res=9904E7DD1330E13BBC4A51DFB066838D629EDE", "suggested_link_text": "Read the New York Times Review of Red Wagon"}, "multimedia": null}, {"display_title": "Border Flight", "mpaa_rating": "", "critics_pick": 0, "byline": "FRANK S. NUGENT", "headline": "Border Flight", "summary_short": "Coast Guard vs. smugglers.", "publication_date": "1936-06-22", "opening_date": "1936-05-29", "date_updated": "2016-03-30 07:16:24", "link": {"type": "article", "url": "http://www.nytimes.com/movie/review?res=9804E7DD1330E13BBC4A51DFB066838D629EDE", "suggested_link_text": "Read the New York Times Review of Border Flight"}, "multimedia": null}, {"display_title": "Luci Sommerse", "mpaa_rating": "", "critics_pick": 0, "byline": "H.T.S.", "headline": "Luci Sommerse", "summary_short": "", "publication_date": "1936-06-22", "opening_date": "1936-06-21", "date_updated": "2016-03-30 06:49:01", "link": {"type": "article", "url": "http://www.nytimes.com/movie/review?res=9A04E7DD1330E13BBC4A51DFB066838D629EDE", "suggested_link_text": "Read the New York Times Review of Luci Sommerse"}, "multimedia": null}, {"display_title": "Educating Father", "mpaa_rating": "", "critics_pick": 0, "byline": "FRANK S. NUGENT", "headline": "Educating Father", "summary_short": "", "publication_date": "1936-06-20", "opening_date": "1936-05-23", "date_updated": "2016-03-30 06:43:25", "link": {"type": "article", "url": "http://www.nytimes.com/movie/review?res=9E04E1DE1330E13BBC4851DFB066838D629EDE", "suggested_link_text": "Read the New York Times Review of Educating Father"}, "multimedia": null}, {"display_title": "Sins of Man", "mpaa_rating": "", "critics_pick": 0, "byline": "FRANK S. NUGENT", "headline": "Sins of Man", "summary_short": "", "publication_date": "1936-06-19", "opening_date": "1936-06-19", "date_updated": "2016-03-30 06:41:33", "link": {"type": "article", "url": "http://www.nytimes.com/movie/review?res=9907E6DD143CE53ABC4152DFB066838D629EDE", "suggested_link_text": "Read the New York Times Review of Sins of Man"}, "multimedia": null}, {"display_title": "Poppy", "mpaa_rating": "", "critics_pick": 0, "byline": "FRANK S. NUGENT", "headline": "Poppy", "summary_short": "Richard Cromwell. The great man as a carney bum. Good for Fields fans.", "publication_date": "1936-06-18", "opening_date": "1936-06-19", "date_updated": "2016-03-30 06:58:09", "link": {"type": "article", "url": "http://www.nytimes.com/movie/review?res=9E0CE7DB113FEE3BBC4052DFB066838D629EDE", "suggested_link_text": "Read the New York Times Review of Poppy"}, "multimedia": null}, {"display_title": "Dancing Pirate", "mpaa_rating": "", "critics_pick": 0, "byline": "B.R.C.", "headline": "Dancing Pirate", "summary_short": "", "publication_date": "1936-06-18", "opening_date": "1936-05-22", "date_updated": "2016-03-30 06:47:29", "link": {"type": "article", "url": "http://www.nytimes.com/movie/review?res=980CE7DB113FEE3BBC4052DFB066838D629EDE", "suggested_link_text": "Read the New York Times Review of Dancing Pirate"}, "multimedia": null}, {"display_title": "Trapped by Television", "mpaa_rating": "", "critics_pick": 0, "byline": "T.M.P.", "headline": "Trapped by Television", "summary_short": "", "publication_date": "1936-06-15", "opening_date": "1936-06-15", "date_updated": "2016-03-30 07:20:16", "link": {"type": "article", "url": "http://www.nytimes.com/movie/review?res=9F01E0DE143CE53ABC4D52DFB066838D629EDE", "suggested_link_text": "Read the New York Times Review of Trapped by Television"}, "multimedia": null}, {"display_title": "Semero Smelykh", "mpaa_rating": "", "critics_pick": 0, "byline": "B.R.C.", "headline": "Seven Brave Men", "summary_short": "", "publication_date": "1936-06-15", "opening_date": "1936-06-14", "date_updated": "2016-03-30 07:20:08", "link": {"type": "article", "url": "http://www.nytimes.com/movie/review?res=9E01E0DE143CE53ABC4D52DFB066838D629EDE", "suggested_link_text": "Read the New York Times Review of Semero Smelykh"}, "multimedia": null}, {"display_title": "The Last Outlaw", "mpaa_rating": "", "critics_pick": 0, "byline": "J.T.M.", "headline": "Last Outlaw, The", "summary_short": "And looks it. Press on, boys.", "publication_date": "1936-06-15", "opening_date": "1936-06-19", "date_updated": "2016-03-30 07:16:30", "link": {"type": "article", "url": "http://www.nytimes.com/movie/review?res=9D01E0DE143CE53ABC4D52DFB066838D629EDE", "suggested_link_text": "Read the New York Times Review of The Last Outlaw"}, "multimedia": null}, {"display_title": "Secret Agent", "mpaa_rating": "Not Rated", "critics_pick": 0, "byline": "B.R.C.", "headline": "Secret Agent", "summary_short": "Good Hitchcock, via Maugham's ``Ashenden'' tales. Seems skittish, but slides together neatly.", "publication_date": "1936-06-13", "opening_date": "1936-06-15", "date_updated": "2016-03-30 06:54:55", "link": {"type": "article", "url": "http://www.nytimes.com/movie/review?res=9E0CE2DF1330E13BBC4B52DFB066838D629EDE", "suggested_link_text": "Read the New York Times Review of Secret Agent"}, "multimedia": null}]}