{"status": "OK", "copyright": "Copyright (c) 2017 The New York Times Company. All Rights Reserved.", "has_more": true, "num_results": 20, "results": [{"display_title": "Parlor, Bedroom and Bath", "mpaa_rating": "", "critics_pick": 0, "byline": "C. HOOPER TRASK.", "headline": "Parlor, Bedroom and Bath", "summary_short": "Domestic farce, via Broadway. Two priceless pros. Pounce.", "publication_date": "1932-02-14", "opening_date": "1931-02-28", "date_updated": "2016-03-30 06:42:25", "link": {"type": "article", "url": "http://www.nytimes.com/movie/review?res=9803E0D6113EE333A25757C1A9649C946394D6CF", "suggested_link_text": "Read the New York Times Review of Parlor, Bedroom and Bath"}, "multimedia": null}, {"display_title": "Business and Pleasure", "mpaa_rating": "", "critics_pick": 0, "byline": "MORDAUNT HALL.", "headline": "Business and Pleasure", "summary_short": "", "publication_date": "1932-02-13", "opening_date": "1932-03-06", "date_updated": "2016-03-30 07:12:17", "link": {"type": "article", "url": "http://www.nytimes.com/movie/review?res=9905E5D81E3FE633A25750C1A9649C946394D6CF", "suggested_link_text": "Read the New York Times Review of Business and Pleasure"}, "multimedia": null}, {"display_title": "Hell's House", "mpaa_rating": "", "critics_pick": 0, "byline": "MORDAUNT HALL.", "headline": "Hell's House", "summary_short": "Brutal reform school.", "publication_date": "1932-02-12", "opening_date": "1932-01-30", "date_updated": "2016-03-30 06:48:31", "link": {"type": "article", "url": "http://www.nytimes.com/movie/review?res=9504EFD7113EE333A25751C1A9649C946394D6CF", "suggested_link_text": "Read the New York Times Review of Hell's House"}, "multimedia": null}, {"display_title": "Murders in the Rue Morgue", "mpaa_rating": "Not Rated", "critics_pick": 0, "byline": "A.D.S.", "headline": "Murders in the Rue Morgue", "summary_short": "Apetime in Paris, chestnut in blossom. Try and find Arlene Francis. She's here.", "publication_date": "1932-02-11", "opening_date": "1932-02-21", "date_updated": "2016-03-30 06:53:24", "link": {"type": "article", "url": "http://www.nytimes.com/movie/review?res=9901E7D7113EE333A25752C1A9649C946394D6CF", "suggested_link_text": "Read the New York Times Review of Murders in the Rue Morgue"}, "multimedia": null}, {"display_title": "The Man Who Played God", "mpaa_rating": "", "critics_pick": 0, "byline": "MORDAUNT HALL.", "headline": "Man Who Played God, The", "summary_short": "Interesting story of mute lip-reader, with two pros, old and young, performing charmingly.", "publication_date": "1932-02-11", "opening_date": "1932-02-19", "date_updated": "2016-03-30 07:13:15", "link": {"type": "article", "url": "http://www.nytimes.com/movie/review?res=9801E7D7113EE333A25752C1A9649C946394D6CF", "suggested_link_text": "Read the New York Times Review of The Man Who Played God"}, "multimedia": null}, {"display_title": "Walzer vom Strauss", "mpaa_rating": "", "critics_pick": 0, "byline": "H.T.S.", "headline": "Walzer vom Strauss, Ein", "summary_short": "", "publication_date": "1932-02-11", "opening_date": null, "date_updated": "2016-03-30 07:06:01", "link": {"type": "article", "url": "http://www.nytimes.com/movie/review?res=9401E7D7113EE333A25752C1A9649C946394D6CF", "suggested_link_text": "Read the New York Times Review of Walzer vom Strauss"}, "multimedia": null}, {"display_title": "The Silent Witness", "mpaa_rating": "", "critics_pick": 0, "byline": "MORDAUNT HALL.", "headline": "Silent Witness, The", "summary_short": "", "publication_date": "1932-02-08", "opening_date": "1932-02-07", "date_updated": "2016-03-30 07:24:01", "link": {"type": "article", "url": "http://www.nytimes.com/movie/review?res=9B05E2D9113EE333A2575BC0A9649C946394D6CF", "suggested_link_text": "Read the New York Times Review of The Silent Witness"}, "multimedia": null}, {"display_title": "Three Wise Girls", "mpaa_rating": "", "critics_pick": 0, "byline": "A.D.S.", "headline": "Three Wise Girls", "summary_short": "Three small-town women in New York. Nursery primer on city\u2019s alleged perils.", "publication_date": "1932-02-06", "opening_date": "1932-02-09", "date_updated": "2016-03-30 06:42:13", "link": {"type": "article", "url": "http://www.nytimes.com/movie/review?res=9503E2D91E3FE633A25755C0A9649C946394D6CF", "suggested_link_text": "Read the New York Times Review of Three Wise Girls"}, "multimedia": null}, {"display_title": "Emma", "mpaa_rating": "", "critics_pick": 0, "byline": "MORDAUNT HALL.", "headline": "Emma", "summary_short": "Not Jane Austen's. Housekeeper marries her boss. Drama-comedy coup for Marie.", "publication_date": "1932-02-06", "opening_date": "1932-01-02", "date_updated": "2016-03-30 07:17:09", "link": {"type": "article", "url": "http://www.nytimes.com/movie/review?res=9403E2D91E3FE633A25755C0A9649C946394D6CF", "suggested_link_text": "Read the New York Times Review of Emma"}, "multimedia": null}, {"display_title": "Meine Frau, Die Hochstaplerin", "mpaa_rating": "", "critics_pick": 0, "byline": "H.T.S.", "headline": "Meine Frau, Die Hochstaplerin", "summary_short": "", "publication_date": "1932-02-06", "opening_date": null, "date_updated": "2016-03-30 06:50:36", "link": {"type": "article", "url": "http://www.nytimes.com/movie/review?res=9C02E2D91E3FE633A25755C0A9649C946394D6CF", "suggested_link_text": "Read the New York Times Review of Meine Frau, Die Hochstaplerin"}, "multimedia": null}, {"display_title": "Prestige", "mpaa_rating": "", "critics_pick": 0, "byline": "MORDAUNT HALL.", "headline": "Prestige", "summary_short": "French army captain's wife joins him at jungle outpost.", "publication_date": "1932-02-05", "opening_date": "1932-01-22", "date_updated": "2016-03-30 07:23:05", "link": {"type": "article", "url": "http://www.nytimes.com/movie/review?res=9805E7D9113EE333A25756C0A9649C946394D6CF", "suggested_link_text": "Read the New York Times Review of Prestige"}, "multimedia": null}, {"display_title": "The Greeks Had a Word for Them", "mpaa_rating": "", "critics_pick": 0, "byline": "MORDAUNT HALL.", "headline": "Greeks Had a Word for Them, The", "summary_short": "Early, tasty golddigger yarn.", "publication_date": "1932-02-04", "opening_date": "1932-02-13", "date_updated": "2016-03-30 06:44:26", "link": {"type": "article", "url": "http://www.nytimes.com/movie/review?res=9C03E6D91E3FE633A25757C0A9649C946394D6CF", "suggested_link_text": "Read the New York Times Review of The Greeks Had a Word for Them"}, "multimedia": null}, {"display_title": "High Pressure", "mpaa_rating": "", "critics_pick": 0, "byline": "MORDAUNT HALL", "headline": "High Pressure", "summary_short": "Slick huckster sells stock in synthetic-rubber company.", "publication_date": "1932-02-01", "opening_date": "1932-01-30", "date_updated": "2016-03-30 06:41:40", "link": {"type": "article", "url": "http://www.nytimes.com/movie/review?res=9A04E1DE113EEF33A25752C0A9649C946394D6CF", "suggested_link_text": "Read the New York Times Review of High Pressure"}, "multimedia": null}, {"display_title": "Rainbow Trail", "mpaa_rating": "", "critics_pick": 0, "byline": "MORDAUNT HALL", "headline": "Rainbow Trail, The", "summary_short": "", "publication_date": "1932-01-30", "opening_date": "1932-02-05", "date_updated": "2016-03-30 06:55:17", "link": {"type": "article", "url": "http://www.nytimes.com/movie/review?res=9906E4DB113EE333A25753C3A9679C946394D6CF", "suggested_link_text": "Read the New York Times Review of Rainbow Trail"}, "multimedia": null}, {"display_title": "Das Ekel", "mpaa_rating": "", "critics_pick": 0, "byline": "H.T.S.", "headline": "Ekel, Das", "summary_short": "", "publication_date": "1932-01-30", "opening_date": null, "date_updated": "2016-03-30 06:49:15", "link": {"type": "article", "url": "http://www.nytimes.com/movie/review?res=9F01E4DB113EE333A25753C3A9679C946394D6CF", "suggested_link_text": "Read the New York Times Review of Das Ekel"}, "multimedia": null}, {"display_title": "The Menace", "mpaa_rating": "", "critics_pick": 0, "byline": "A.D.S.", "headline": "Menace, The", "summary_short": "", "publication_date": "1932-01-30", "opening_date": "1932-01-29", "date_updated": "2016-03-30 06:43:52", "link": {"type": "article", "url": "http://www.nytimes.com/movie/review?res=9E01E4DB113EE333A25753C3A9679C946394D6CF", "suggested_link_text": "Read the New York Times Review of The Menace"}, "multimedia": null}, {"display_title": "Das Lied Ist Aus", "mpaa_rating": "", "critics_pick": 0, "byline": "MORDAUNT HALL", "headline": "Lied Ist Aus, Das", "summary_short": "", "publication_date": "1932-01-29", "opening_date": null, "date_updated": "2016-03-30 07:14:20", "link": {"type": "article", "url": "http://www.nytimes.com/movie/review?res=9500E4DE1431E633A2575AC2A9679C946394D6CF", "suggested_link_text": "Read the New York Times Review of Das Lied Ist Aus"}, "multimedia": null}, {"display_title": "Putyovka v Zhizn", "mpaa_rating": "", "critics_pick": 0, "byline": "MORDAUNT HALL", "headline": "Road to Life", "summary_short": "", "publication_date": "1932-01-28", "opening_date": null, "date_updated": "2016-03-30 07:17:08", "link": {"type": "article", "url": "http://www.nytimes.com/movie/review?res=9A0CEFDC113EE333A2575BC2A9679C946394D6CF", "suggested_link_text": "Read the New York Times Review of Putyovka v Zhizn"}, "multimedia": null}, {"display_title": "Ronde Des Heures", "mpaa_rating": "", "critics_pick": 0, "byline": "H.T.S.", "headline": "Ronde des Heures, La", "summary_short": "", "publication_date": "1932-01-25", "opening_date": null, "date_updated": "2016-03-30 07:12:02", "link": {"type": "article", "url": "http://www.nytimes.com/movie/review?res=9D06E4DD113EE333A25756C2A9679C946394D6CF", "suggested_link_text": "Read the New York Times Review of Ronde Des Heures"}, "multimedia": null}, {"display_title": "Cock of the Air", "mpaa_rating": "", "critics_pick": 0, "byline": "MORDAUNT HALL.", "headline": "Cock of the Air", "summary_short": "", "publication_date": "1932-01-25", "opening_date": "1932-01-23", "date_updated": "2016-03-30 07:30:34", "link": {"type": "article", "url": "http://www.nytimes.com/movie/review?res=9407E4DD113EE333A25756C2A9679C946394D6CF", "suggested_link_text": "Read the New York Times Review of Cock of the Air"}, "multimedia": null}]}