{"status": "OK", "copyright": "Copyright (c) 2017 The New York Times Company. All Rights Reserved.", "has_more": true, "num_results": 20, "results": [{"display_title": "The Witness Chair", "mpaa_rating": "", "critics_pick": 0, "byline": "T.M.P.", "headline": "Witness Chair, The", "summary_short": "Woman sees circumstantial evidence surround murder-accused lover.", "publication_date": "1936-04-18", "opening_date": "1936-04-24", "date_updated": "2016-03-30 07:27:40", "link": {"type": "article", "url": "http://www.nytimes.com/movie/review?res=9E00E0DF143EE53ABC4052DFB266838D629EDE", "suggested_link_text": "Read the New York Times Review of The Witness Chair"}, "multimedia": null}, {"display_title": "Things to Come", "mpaa_rating": "Not Rated", "critics_pick": 0, "byline": "FRANKS S. NUGENT", "headline": "Things to Come", "summary_short": "Striking, pioneer sci-fi from Britain and H.G. Wells. Great opening: Everytown, Christmas Eve.", "publication_date": "1936-04-18", "opening_date": null, "date_updated": "2016-03-30 07:19:44", "link": {"type": "article", "url": "http://www.nytimes.com/movie/review?res=9D00E0DF143EE53ABC4052DFB266838D629EDE", "suggested_link_text": "Read the New York Times Review of Things to Come"}, "multimedia": null}, {"display_title": "Mr. Deeds Goes to Town", "mpaa_rating": "", "critics_pick": 1, "byline": "Frank S. Nugent", "headline": "MR. DEEDS GOES TO TOWN (MOVIE)", "summary_short": "Rich yokel in Manhattan. Capra's comedy classic, still grand.", "publication_date": "1936-04-17", "opening_date": "1936-04-12", "date_updated": "2016-03-30 07:19:59", "link": {"type": "article", "url": "http://www.nytimes.com/movie/review?res=EE05E7DF1731E26EBC4F52DFB266838D629EDE", "suggested_link_text": "Read the New York Times Review of Mr. Deeds Goes to Town"}, "multimedia": null}, {"display_title": "Lorenzino de Medici", "mpaa_rating": "", "critics_pick": 0, "byline": "H.T.S.", "headline": "Lorenzino de Medici", "summary_short": "", "publication_date": "1936-04-14", "opening_date": "1936-04-13", "date_updated": "2016-03-30 06:50:28", "link": {"type": "article", "url": "http://www.nytimes.com/movie/review?res=9B0CEED81430E13BBC4C52DFB266838D629EDE", "suggested_link_text": "Read the New York Times Review of Lorenzino de Medici"}, "multimedia": null}, {"display_title": "Desire", "mpaa_rating": "", "critics_pick": 0, "byline": "FRANK S. NUGENT", "headline": "Desire", "summary_short": "Jewel thief meets engineer. Delicious romantic sophistication.", "publication_date": "1936-04-13", "opening_date": "1936-04-11", "date_updated": "2016-03-30 06:45:49", "link": {"type": "article", "url": "http://www.nytimes.com/movie/review?res=9D01E5DF143CE53ABC4B52DFB266838D629EDE", "suggested_link_text": "Read the New York Times Review of Desire"}, "multimedia": null}, {"display_title": "Peg of Old Drury", "mpaa_rating": "", "critics_pick": 0, "byline": "J.T.M.", "headline": "Peg of Old Drury", "summary_short": "", "publication_date": "1936-04-13", "opening_date": null, "date_updated": "2016-03-30 07:29:55", "link": {"type": "article", "url": "http://www.nytimes.com/movie/review?res=9E01E5DF143CE53ABC4B52DFB266838D629EDE", "suggested_link_text": "Read the New York Times Review of Peg of Old Drury"}, "multimedia": null}, {"display_title": "Az Okos Mama", "mpaa_rating": "", "critics_pick": 0, "byline": "H.T.S.", "headline": "Okos Mama, Az", "summary_short": "", "publication_date": "1936-04-13", "opening_date": "1936-04-12", "date_updated": "2016-03-30 07:30:32", "link": {"type": "article", "url": "http://www.nytimes.com/movie/review?res=9401E5DF143CE53ABC4B52DFB266838D629EDE", "suggested_link_text": "Read the New York Times Review of Az Okos Mama"}, "multimedia": null}, {"display_title": "Small Town Girl", "mpaa_rating": "", "critics_pick": 0, "byline": "FRANK S. NUGENT", "headline": "Small Town Girl", "summary_short": "Bored young woman marries rich, exciting man; then he sobers up. Passable romantic old-timer.", "publication_date": "1936-04-11", "opening_date": "1936-04-10", "date_updated": "2016-03-30 06:50:30", "link": {"type": "article", "url": "http://www.nytimes.com/movie/review?res=9A0DE6DF143EE53ABC4952DFB266838D629EDE", "suggested_link_text": "Read the New York Times Review of Small Town Girl"}, "multimedia": null}, {"display_title": "Murder on a Bridle Path", "mpaa_rating": "", "critics_pick": 0, "byline": "B.R.C.", "headline": "Murder on a Bridle Path", "summary_short": "Central Park mayhem. Trim ``Hildegarde Withers'' series whodunit.", "publication_date": "1936-04-11", "opening_date": "1936-04-17", "date_updated": "2016-03-30 06:48:18", "link": {"type": "article", "url": "http://www.nytimes.com/movie/review?res=940DE6DF143EE53ABC4952DFB266838D629EDE", "suggested_link_text": "Read the New York Times Review of Murder on a Bridle Path"}, "multimedia": null}, {"display_title": "Gentle Julia", "mpaa_rating": "", "critics_pick": 0, "byline": "J.T.M.", "headline": "Gentle Julia", "summary_short": "", "publication_date": "1936-04-11", "opening_date": null, "date_updated": "2016-03-30 06:54:39", "link": {"type": "article", "url": "http://www.nytimes.com/movie/review?res=9B0DE6DF143EE53ABC4952DFB266838D629EDE", "suggested_link_text": "Read the New York Times Review of Gentle Julia"}, "multimedia": null}, {"display_title": "Der K\u00c3\u00b6nigswalzer", "mpaa_rating": "R", "critics_pick": 0, "byline": "H.T.S.", "headline": "Royal Waltz, The", "summary_short": "", "publication_date": "1936-04-10", "opening_date": "2001-03-30", "date_updated": "2016-03-30 06:53:19", "link": {"type": "article", "url": "http://www.nytimes.com/movie/review?res=9502E2DD133FEE3BBC4852DFB266838D629EDE", "suggested_link_text": "Read the New York Times Review of Der K\u00c3\u00b6nigswalzer"}, "multimedia": null}, {"display_title": "A Message to Garcia", "mpaa_rating": "", "critics_pick": 0, "byline": "FRANK S. NUGENT", "headline": "Message to Garcia, A", "summary_short": "Churning, entertaining old-style melodrama, nice cast. Heady antique.", "publication_date": "1936-04-10", "opening_date": "1936-04-10", "date_updated": "2016-03-30 07:05:38", "link": {"type": "article", "url": "http://www.nytimes.com/movie/review?res=9A02E2DD133FEE3BBC4852DFB266838D629EDE", "suggested_link_text": "Read the New York Times Review of A Message to Garcia"}, "multimedia": null}, {"display_title": "The Great Ziegfeld", "mpaa_rating": "Not Rated", "critics_pick": 1, "byline": "FRANK S. NUGENT", "headline": "Great Ziegfeld, The", "summary_short": "First half hour, with Frank Morgan hem-hawing, is a bore. The rest scores. Best scene: Luise and Ma Bell.", "publication_date": "1936-04-09", "opening_date": "1936-04-08", "date_updated": "2016-03-30 07:26:26", "link": {"type": "article", "url": "http://www.nytimes.com/movie/review?res=9802E4DE133FEE3BBC4153DFB266838D629EDE", "suggested_link_text": "Read the New York Times Review of The Great Ziegfeld"}, "multimedia": null}, {"display_title": "Silly Billies", "mpaa_rating": "", "critics_pick": 0, "byline": "J.T.M.", "headline": "Silly Billies", "summary_short": "Two dentists set up painless practice in the old West for a bizarre clientele. The boys were comedy favorites back when.", "publication_date": "1936-04-06", "opening_date": "1936-03-20", "date_updated": "2016-03-30 06:58:54", "link": {"type": "article", "url": "http://www.nytimes.com/movie/review?res=9800E1D6123FEE3BBC4E53DFB266838D629EDE", "suggested_link_text": "Read the New York Times Review of Silly Billies"}, "multimedia": null}, {"display_title": "O'Malley of the Mounted", "mpaa_rating": "", "critics_pick": 0, "byline": "T.M.P.", "headline": "O'Malley of the Mounted", "summary_short": "", "publication_date": "1936-04-06", "opening_date": "1936-03-27", "date_updated": "2016-03-30 06:44:43", "link": {"type": "article", "url": "http://www.nytimes.com/movie/review?res=9B00E1D6123FEE3BBC4E53DFB266838D629EDE", "suggested_link_text": "Read the New York Times Review of O'Malley of the Mounted"}, "multimedia": null}, {"display_title": "Give Us This Night", "mpaa_rating": "", "critics_pick": 0, "byline": "FRANK S. NUGENT", "headline": "Give Us This Night", "summary_short": "Extremely weak and misguided showcase for singing talents of Jan Kiepura and Gladys Swarthout.", "publication_date": "1936-04-06", "opening_date": "1936-03-06", "date_updated": "2016-03-30 06:42:51", "link": {"type": "article", "url": "http://www.nytimes.com/movie/review?res=9C00E1D6123FEE3BBC4E53DFB266838D629EDE", "suggested_link_text": "Read the New York Times Review of Give Us This Night"}, "multimedia": null}, {"display_title": "Milizia Territoriale", "mpaa_rating": "", "critics_pick": 0, "byline": "H.T.S.", "headline": "Milizia Territoriale", "summary_short": "", "publication_date": "1936-04-06", "opening_date": "1936-04-05", "date_updated": "2016-03-30 07:05:50", "link": {"type": "article", "url": "http://www.nytimes.com/movie/review?res=9D03E1D6123FEE3BBC4E53DFB266838D629EDE", "suggested_link_text": "Read the New York Times Review of Milizia Territoriale"}, "multimedia": null}, {"display_title": "Karneval und Liebe", "mpaa_rating": "", "critics_pick": 0, "byline": "H.T.S.", "headline": "Karneval und Liebe", "summary_short": "", "publication_date": "1936-04-04", "opening_date": "1936-04-03", "date_updated": "2016-03-30 07:18:33", "link": {"type": "article", "url": "http://www.nytimes.com/movie/review?res=9E00EED7123FEE3BBC4C53DFB266838D629EDE", "suggested_link_text": "Read the New York Times Review of Karneval und Liebe"}, "multimedia": null}, {"display_title": "The Unguarded Hour", "mpaa_rating": "", "critics_pick": 0, "byline": "FRANK S. NUGENT", "headline": "Unguarded Hour, The", "summary_short": "Murder-accused man helped by extortionist's victim.", "publication_date": "1936-04-04", "opening_date": "1936-04-10", "date_updated": "2016-03-30 06:53:03", "link": {"type": "article", "url": "http://www.nytimes.com/movie/review?res=9D01EED7123FEE3BBC4C53DFB266838D629EDE", "suggested_link_text": "Read the New York Times Review of The Unguarded Hour"}, "multimedia": null}, {"display_title": "The Singing Kid", "mpaa_rating": "", "critics_pick": 0, "byline": "F.S.N.", "headline": "Singing Kid, The", "summary_short": "Strictly Al, ups and downs.", "publication_date": "1936-04-04", "opening_date": "1936-04-11", "date_updated": "2016-03-30 06:48:56", "link": {"type": "article", "url": "http://www.nytimes.com/movie/review?res=9801EED7123FEE3BBC4C53DFB266838D629EDE", "suggested_link_text": "Read the New York Times Review of The Singing Kid"}, "multimedia": null}]}