{"status": "OK", "copyright": "Copyright (c) 2017 The New York Times Company. All Rights Reserved.", "has_more": true, "num_results": 20, "results": [{"display_title": "The Living Dead", "mpaa_rating": "", "critics_pick": 0, "byline": "FRANK S. NUGENT", "headline": "Scotland Yard Mystery, The", "summary_short": "", "publication_date": "1936-03-16", "opening_date": "1940-12-16", "date_updated": "2016-03-30 06:52:37", "link": {"type": "article", "url": "http://www.nytimes.com/movie/review?res=9D03E4DC123FEE3BBC4E52DFB566838D629EDE", "suggested_link_text": "Read the New York Times Review of The Living Dead"}, "multimedia": null}, {"display_title": "Tough Guy", "mpaa_rating": "", "critics_pick": 0, "byline": "J.T.M.", "headline": "Tough Guy", "summary_short": "Runaway rich boy and his dog hide in the woods with a gangster.", "publication_date": "1936-03-14", "opening_date": "1936-01-24", "date_updated": "2016-03-30 06:49:17", "link": {"type": "article", "url": "http://www.nytimes.com/movie/review?res=9E00E1DE123FEE3BBC4C52DFB566838D629EDE", "suggested_link_text": "Read the New York Times Review of Tough Guy"}, "multimedia": null}, {"display_title": "The Robin Hood of El Dorado", "mpaa_rating": "Not Rated", "critics_pick": 0, "byline": "FRANK S. NUGENT", "headline": "Robin Hood of El Dorado, The", "summary_short": "Avenging wife's murder.", "publication_date": "1936-03-14", "opening_date": "1936-03-17", "date_updated": "2016-03-30 07:14:44", "link": {"type": "article", "url": "http://www.nytimes.com/movie/review?res=9A01E1DE123FEE3BBC4C52DFB566838D629EDE", "suggested_link_text": "Read the New York Times Review of The Robin Hood of El Dorado"}, "multimedia": null}, {"display_title": "Love Before Breakfast", "mpaa_rating": "", "critics_pick": 0, "byline": "B.R.C.", "headline": "Love Before Breakfast", "summary_short": "Sleek, bubbly fun from back when. Sporting cast and the great Carole's in her element.", "publication_date": "1936-03-14", "opening_date": "1936-03-09", "date_updated": "2016-03-30 07:28:55", "link": {"type": "article", "url": "http://www.nytimes.com/movie/review?res=9401E1DE123FEE3BBC4C52DFB566838D629EDE", "suggested_link_text": "Read the New York Times Review of Love Before Breakfast"}, "multimedia": null}, {"display_title": "Every Saturday Night", "mpaa_rating": "", "critics_pick": 0, "byline": "Thomas M. Pryor", "headline": "Every Saturday Night", "summary_short": "", "publication_date": "1936-03-14", "opening_date": null, "date_updated": "2016-03-30 07:17:06", "link": {"type": "article", "url": "http://www.nytimes.com/movie/review?res=9900E1DE123FEE3BBC4C52DFB566838D629EDE", "suggested_link_text": "Read the New York Times Review of Every Saturday Night"}, "multimedia": null}, {"display_title": "The Country Doctor", "mpaa_rating": "", "critics_pick": 0, "byline": "FRANK S. NUGENT.", "headline": "Country Doctor, The", "summary_short": "", "publication_date": "1936-03-13", "opening_date": null, "date_updated": "2016-03-30 07:29:33", "link": {"type": "article", "url": "http://www.nytimes.com/movie/review?res=9D0CE5DE123FEE3BBC4B52DFB566838D629EDE", "suggested_link_text": "Read the New York Times Review of The Country Doctor"}, "multimedia": null}, {"display_title": "The Song and Dance Man", "mpaa_rating": "", "critics_pick": 0, "byline": "B.R.C.", "headline": "Song and Dance Man", "summary_short": "", "publication_date": "1936-03-12", "opening_date": null, "date_updated": "2016-03-30 07:20:56", "link": {"type": "article", "url": "http://www.nytimes.com/movie/review?res=9A03E5DF123FEE3BBC4A52DFB566838D629EDE", "suggested_link_text": "Read the New York Times Review of The Song and Dance Man"}, "multimedia": null}, {"display_title": "Klondike Annie", "mpaa_rating": "", "critics_pick": 0, "byline": "FRANK S. NUGENT.", "headline": "Klondike Annie", "summary_short": "Middle-gear Mae rather uneasily thawed by hymns, not hims. Bright opener: ``Occidental Woman.''", "publication_date": "1936-03-12", "opening_date": "1936-02-21", "date_updated": "2016-03-30 06:55:54", "link": {"type": "article", "url": "http://www.nytimes.com/movie/review?res=9F03E5DF123FEE3BBC4A52DFB566838D629EDE", "suggested_link_text": "Read the New York Times Review of Klondike Annie"}, "multimedia": null}, {"display_title": "Miracle in the Sand", "mpaa_rating": "", "critics_pick": 0, "byline": "J.T.M.", "headline": "Three Godfathers, The", "summary_short": "Thieves reluctantly care for orphan. Tragic horse opera.", "publication_date": "1936-03-09", "opening_date": "1936-03-06", "date_updated": "2016-03-30 07:27:45", "link": {"type": "article", "url": "http://www.nytimes.com/movie/review?res=9903E5D6173CE53ABC4153DFB566838D629EDE", "suggested_link_text": "Read the New York Times Review of Miracle in the Sand"}, "multimedia": null}, {"display_title": "Colleen", "mpaa_rating": "", "critics_pick": 0, "byline": "FRANK S. NUGENT.", "headline": "Colleen", "summary_short": "Middling Warner musical, even the songs.", "publication_date": "1936-03-09", "opening_date": "1936-03-21", "date_updated": "2016-03-30 07:22:21", "link": {"type": "article", "url": "http://www.nytimes.com/movie/review?res=9803E5D6173CE53ABC4153DFB566838D629EDE", "suggested_link_text": "Read the New York Times Review of Colleen"}, "multimedia": null}, {"display_title": "Powdersmoke Range", "mpaa_rating": "", "critics_pick": 0, "byline": "T.M.P.", "headline": "Powdersmoke Range", "summary_short": "Ride 'em, cowboys.", "publication_date": "1936-03-09", "opening_date": "1935-09-27", "date_updated": "2016-03-30 07:23:58", "link": {"type": "article", "url": "http://www.nytimes.com/movie/review?res=9A03E5D6173CE53ABC4153DFB566838D629EDE", "suggested_link_text": "Read the New York Times Review of Powdersmoke Range"}, "multimedia": null}, {"display_title": "Annette Im Paradies", "mpaa_rating": "", "critics_pick": 0, "byline": "H.T.S.", "headline": "Annette in Paradise", "summary_short": "", "publication_date": "1936-03-07", "opening_date": "1936-03-06", "date_updated": "2016-03-30 07:22:52", "link": {"type": "article", "url": "http://www.nytimes.com/movie/review?res=9D0DE4DD1430E13BBC4F53DFB566838D629EDE", "suggested_link_text": "Read the New York Times Review of Annette Im Paradies"}, "multimedia": null}, {"display_title": "Woman Trap", "mpaa_rating": "", "critics_pick": 0, "byline": "T.M.P.", "headline": "Woman Trap", "summary_short": "Tolerable class B melodrama.", "publication_date": "1936-03-07", "opening_date": "1936-03-06", "date_updated": "2016-03-30 06:43:57", "link": {"type": "article", "url": "http://www.nytimes.com/movie/review?res=9C0DE4DD1430E13BBC4F53DFB566838D629EDE", "suggested_link_text": "Read the New York Times Review of Woman Trap"}, "multimedia": null}, {"display_title": "The Farmer in the Dell", "mpaa_rating": "", "critics_pick": 0, "byline": "FRANK S. NUGENT.", "headline": "Farmer in the Dell, The", "summary_short": "Iowans move to Hollywood. Corny as it is harmless.", "publication_date": "1936-03-07", "opening_date": "1936-03-27", "date_updated": "2016-03-30 06:58:06", "link": {"type": "article", "url": "http://www.nytimes.com/movie/review?res=9502E4DD1430E13BBC4F53DFB566838D629EDE", "suggested_link_text": "Read the New York Times Review of The Farmer in the Dell"}, "multimedia": null}, {"display_title": "Love on a Bet", "mpaa_rating": "", "critics_pick": 0, "byline": "FRANK S. NUGENT.", "headline": "Love on a Bet", "summary_short": "Foolish and harmless.", "publication_date": "1936-03-05", "opening_date": "1936-03-06", "date_updated": "2016-03-30 06:46:26", "link": {"type": "article", "url": "http://www.nytimes.com/movie/review?res=9B06EEDE1430E13BBC4D53DFB566838D629EDE", "suggested_link_text": "Read the New York Times Review of Love on a Bet"}, "multimedia": null}, {"display_title": "The Walking Dead", "mpaa_rating": "", "critics_pick": 0, "byline": "FRANK S. NUGENT.", "headline": "Walking Dead, The", "summary_short": "Electrocuted man returns, seat not hot enough. Nor this.", "publication_date": "1936-03-02", "opening_date": "1936-03-14", "date_updated": "2016-03-30 06:47:32", "link": {"type": "article", "url": "http://www.nytimes.com/movie/review?res=9C03EFD7153FEE3BBC4A53DFB566838D629EDE", "suggested_link_text": "Read the New York Times Review of The Walking Dead"}, "multimedia": null}, {"display_title": "The Garden Murder Case", "mpaa_rating": "", "critics_pick": 0, "byline": "J.T.M.", "headline": "Garden Murder Case, The", "summary_short": "Urbane detective Philo Vance solves murders caused by hypnosis.", "publication_date": "1936-03-02", "opening_date": "1936-02-21", "date_updated": "2016-03-30 06:50:30", "link": {"type": "article", "url": "http://www.nytimes.com/movie/review?res=9803EFD7153FEE3BBC4A53DFB566838D629EDE", "suggested_link_text": "Read the New York Times Review of The Garden Murder Case"}, "multimedia": null}, {"display_title": "Don't Gamble with Love", "mpaa_rating": "", "critics_pick": 0, "byline": "B.R.C.", "headline": "Don't Gamble With Love", "summary_short": "", "publication_date": "1936-03-02", "opening_date": "1936-02-28", "date_updated": "2016-03-30 06:55:42", "link": {"type": "article", "url": "http://www.nytimes.com/movie/review?res=9403EFD7153FEE3BBC4A53DFB566838D629EDE", "suggested_link_text": "Read the New York Times Review of Don't Gamble with Love"}, "multimedia": null}, {"display_title": "Wife vs. Secretary", "mpaa_rating": "", "critics_pick": 0, "byline": "FRANK S. NUGENT.", "headline": "Wife vs Secretary", "summary_short": "Loy's the wife. Good star chemistry.", "publication_date": "1936-02-29", "opening_date": "1936-02-28", "date_updated": "2016-03-30 07:19:45", "link": {"type": "article", "url": "http://www.nytimes.com/movie/review?res=9904E3D8153FEE3BBC4151DFB466838D629EDE", "suggested_link_text": "Read the New York Times Review of Wife vs. Secretary"}, "multimedia": null}, {"display_title": "Timothy's Quest", "mpaa_rating": "", "critics_pick": 0, "byline": "T.M.P.", "headline": "Timothy's Quest", "summary_short": "", "publication_date": "1936-02-29", "opening_date": "1936-01-31", "date_updated": "2016-03-30 07:09:31", "link": {"type": "article", "url": "http://www.nytimes.com/movie/review?res=9D07E3D8153FEE3BBC4151DFB466838D629EDE", "suggested_link_text": "Read the New York Times Review of Timothy's Quest"}, "multimedia": null}]}