{"status": "OK", "copyright": "Copyright (c) 2017 The New York Times Company. All Rights Reserved.", "has_more": true, "num_results": 20, "results": [{"display_title": "Frankie and Johnnie", "mpaa_rating": "", "critics_pick": 0, "byline": "F.S.N.", "headline": "Frankie and Johnnie", "summary_short": "", "publication_date": "1936-05-25", "opening_date": "1936-05-01", "date_updated": "2016-03-30 06:52:36", "link": {"type": "article", "url": "http://www.nytimes.com/movie/review?res=9B06EFDC103FEE3BBC4D51DFB366838D629EDE", "suggested_link_text": "Read the New York Times Review of Frankie and Johnnie"}, "multimedia": null}, {"display_title": "The Three Wise Guys", "mpaa_rating": "", "critics_pick": 0, "byline": "B.R.C.", "headline": "Three Wise Guys, The", "summary_short": "Based on Damon Runyon's retelling of the magi legend in terms of con men, punks and molls. Third-rate cynicism, first-rate secondary players.", "publication_date": "1936-05-23", "opening_date": "1936-05-15", "date_updated": "2016-03-30 06:55:49", "link": {"type": "article", "url": "http://www.nytimes.com/movie/review?res=9D07E3DC103FEE3BBC4B51DFB366838D629EDE", "suggested_link_text": "Read the New York Times Review of The Three Wise Guys"}, "multimedia": null}, {"display_title": "It's Love Again", "mpaa_rating": "", "critics_pick": 0, "byline": "FRANK S. NUGENT", "headline": "It's Love Again", "summary_short": "Charming, forgotten British musical with delightful Jessie. Highlight: temple-dance duet.", "publication_date": "1936-05-23", "opening_date": "1936-05-30", "date_updated": "2016-03-30 07:11:25", "link": {"type": "article", "url": "http://www.nytimes.com/movie/review?res=9904E3DC103FEE3BBC4B51DFB366838D629EDE", "suggested_link_text": "Read the New York Times Review of It's Love Again"}, "multimedia": null}, {"display_title": "Cloistered", "mpaa_rating": "", "critics_pick": 0, "byline": "FRANK S. NUGENT", "headline": "Cloistered", "summary_short": "", "publication_date": "1936-05-20", "opening_date": "1936-05-20", "date_updated": "2016-03-30 07:05:08", "link": {"type": "article", "url": "http://www.nytimes.com/movie/review?res=9D01E4DE103FEE3BBC4851DFB366838D629EDE", "suggested_link_text": "Read the New York Times Review of Cloistered"}, "multimedia": null}, {"display_title": "Dracula's Daughter", "mpaa_rating": "", "critics_pick": 0, "byline": "FRANK S. NUGENT", "headline": "Dracula's Daughter", "summary_short": "Her victims are women too. Beautiful, moving work by Holden.", "publication_date": "1936-05-18", "opening_date": "1936-05-11", "date_updated": "2016-03-30 07:25:15", "link": {"type": "article", "url": "http://www.nytimes.com/movie/review?res=9E00EFDF1230E13BBC4052DFB366838D629EDE", "suggested_link_text": "Read the New York Times Review of Dracula's Daughter"}, "multimedia": null}, {"display_title": "Speed", "mpaa_rating": "", "critics_pick": 0, "byline": "FRANK S. NUGENT", "headline": "Speed", "summary_short": "Indianapolis test driver. Young Jim marking time, respectably.", "publication_date": "1936-05-16", "opening_date": "1936-05-08", "date_updated": "2016-03-30 06:58:03", "link": {"type": "article", "url": "http://www.nytimes.com/movie/review?res=980CE2D61530E13BBC4E52DFB366838D629EDE", "suggested_link_text": "Read the New York Times Review of Speed"}, "multimedia": null}, {"display_title": "Show Boat", "mpaa_rating": "", "critics_pick": 0, "byline": "FRANK S. NUGENT", "headline": "Show Boat", "summary_short": "Grand and glorious rendition of the riverboat queen of musicals. All aboard.", "publication_date": "1936-05-15", "opening_date": "1936-05-17", "date_updated": "2016-03-30 07:07:31", "link": {"type": "article", "url": "http://www.nytimes.com/movie/review?res=9B05E3DF103FEE3BBC4D52DFB366838D629EDE", "suggested_link_text": "Read the New York Times Review of Show Boat"}, "multimedia": null}, {"display_title": "Sons O' Guns", "mpaa_rating": "", "critics_pick": 0, "byline": "John T. McManus", "headline": "Sons o'Guns", "summary_short": "Actor mistaken for soldier.", "publication_date": "1936-05-14", "opening_date": "1936-05-30", "date_updated": "2016-03-30 06:53:16", "link": {"type": "article", "url": "http://www.nytimes.com/movie/review?res=9A03E7DF103FEE3BBC4C52DFB366838D629EDE", "suggested_link_text": "Read the New York Times Review of Sons O' Guns"}, "multimedia": null}, {"display_title": "One Rainy Afternoon", "mpaa_rating": "", "critics_pick": 0, "byline": "FRANK S. NUGENT", "headline": "One Rainy Afternoon", "summary_short": "", "publication_date": "1936-05-14", "opening_date": "1936-05-13", "date_updated": "2016-03-30 07:28:37", "link": {"type": "article", "url": "http://www.nytimes.com/movie/review?res=9803E7DF103FEE3BBC4C52DFB366838D629EDE", "suggested_link_text": "Read the New York Times Review of One Rainy Afternoon"}, "multimedia": null}, {"display_title": "And So They Were Married", "mpaa_rating": "", "critics_pick": 0, "byline": "B. R. Crisler", "headline": "And So They Were Married", "summary_short": "", "publication_date": "1936-05-14", "opening_date": "1936-05-10", "date_updated": "2016-03-30 07:14:11", "link": {"type": "article", "url": "http://www.nytimes.com/movie/review?res=9503E7DF103FEE3BBC4C52DFB366838D629EDE", "suggested_link_text": "Read the New York Times Review of And So They Were Married"}, "multimedia": null}, {"display_title": "The Moon's Our Home", "mpaa_rating": "", "critics_pick": 0, "byline": "FRANKL S. NUGENT", "headline": "Moon's our Home, The", "summary_short": "Delightful romp about two spoiled celebrities who try marriage.", "publication_date": "1936-05-13", "opening_date": "1936-04-10", "date_updated": "2016-03-30 06:54:38", "link": {"type": "article", "url": "http://www.nytimes.com/movie/review?res=9905EFD71530E13BBC4B52DFB366838D629EDE", "suggested_link_text": "Read the New York Times Review of The Moon's Our Home"}, "multimedia": null}, {"display_title": "Devil's Squadron", "mpaa_rating": "", "critics_pick": 0, "byline": "J.T.M.", "headline": "Devil's Squadron", "summary_short": "", "publication_date": "1936-05-11", "opening_date": "1936-05-01", "date_updated": "2016-03-30 07:12:04", "link": {"type": "article", "url": "http://www.nytimes.com/movie/review?res=9F04E6D8103AE33BBC4952DFB366838D629EDE", "suggested_link_text": "Read the New York Times Review of Devil's Squadron"}, "multimedia": null}, {"display_title": "Abdul the Damned", "mpaa_rating": "", "critics_pick": 0, "byline": "FRANK S. NUGENT", "headline": "Abdul the Damned", "summary_short": "", "publication_date": "1936-05-11", "opening_date": "1936-05-10", "date_updated": "2016-03-30 06:45:32", "link": {"type": "article", "url": "http://www.nytimes.com/movie/review?res=9D04EED8103AE33BBC4952DFB366838D629EDE", "suggested_link_text": "Read the New York Times Review of Abdul the Damned"}, "multimedia": null}, {"display_title": "Schloss Vogeloed", "mpaa_rating": "", "critics_pick": 0, "byline": "H.T.S.", "headline": "Schloss Vogeloed", "summary_short": "", "publication_date": "1936-05-09", "opening_date": "1936-05-08", "date_updated": "2016-03-30 07:14:09", "link": {"type": "article", "url": "http://www.nytimes.com/movie/review?res=9E05EED91530E13BBC4153DFB366838D629EDE", "suggested_link_text": "Read the New York Times Review of Schloss Vogeloed"}, "multimedia": null}, {"display_title": "Till We Meet Again", "mpaa_rating": "", "critics_pick": 0, "byline": "FRANK S. NUGENT", "headline": "Till We Meet Again", "summary_short": "Two spies, German and British, once in love. Medium.", "publication_date": "1936-05-09", "opening_date": "1936-04-04", "date_updated": "2016-03-30 06:51:14", "link": {"type": "article", "url": "http://www.nytimes.com/movie/review?res=9C05EED91530E13BBC4153DFB366838D629EDE", "suggested_link_text": "Read the New York Times Review of Till We Meet Again"}, "multimedia": null}, {"display_title": "Let's Sing Again", "mpaa_rating": "", "critics_pick": 0, "byline": "B.R.C.", "headline": "Let's Sing Again", "summary_short": "", "publication_date": "1936-05-09", "opening_date": "1936-05-08", "date_updated": "2016-03-30 07:11:20", "link": {"type": "article", "url": "http://www.nytimes.com/movie/review?res=9D05EED91530E13BBC4153DFB366838D629EDE", "suggested_link_text": "Read the New York Times Review of Let's Sing Again"}, "multimedia": null}, {"display_title": "Champagne Charlie", "mpaa_rating": "", "critics_pick": 0, "byline": "FKANK S. NUGENT", "headline": "Champagne Charlie", "summary_short": "", "publication_date": "1936-05-07", "opening_date": "1936-05-08", "date_updated": "2016-03-30 06:48:08", "link": {"type": "article", "url": "http://www.nytimes.com/movie/review?res=9F04E7DA1530E13BBC4F53DFB366838D629EDE", "suggested_link_text": "Read the New York Times Review of Champagne Charlie"}, "multimedia": null}, {"display_title": "Pension Mimosas", "mpaa_rating": "", "critics_pick": 0, "byline": "FRANK S. NUGENT", "headline": "Pension Mimosas", "summary_short": "", "publication_date": "1936-05-06", "opening_date": "1936-05-05", "date_updated": "2016-03-30 06:43:49", "link": {"type": "article", "url": "http://www.nytimes.com/movie/review?res=9A06E6D6133FEE3BBC4E53DFB366838D629EDE", "suggested_link_text": "Read the New York Times Review of Pension Mimosas"}, "multimedia": null}, {"display_title": "Three on the Trail", "mpaa_rating": "", "critics_pick": 0, "byline": "FRANK S. NUGENT", "headline": "Three on the Trail", "summary_short": "", "publication_date": "1936-05-05", "opening_date": "1936-04-14", "date_updated": "2016-03-30 06:55:56", "link": {"type": "article", "url": "http://www.nytimes.com/movie/review?res=9401E1D7133FEE3BBC4D53DFB366838D629EDE", "suggested_link_text": "Read the New York Times Review of Three on the Trail"}, "multimedia": null}, {"display_title": "The Golden Arrow", "mpaa_rating": "", "critics_pick": 0, "byline": "FRANK S. NUGENT", "headline": "Golden Arrow, The", "summary_short": "Sprightly romantic caper of waitress and reporter. Nice and snappy.", "publication_date": "1936-05-04", "opening_date": "1936-05-23", "date_updated": "2016-03-30 06:44:44", "link": {"type": "article", "url": "http://www.nytimes.com/movie/review?res=9E02EED9133FEE3BBC4C53DFB366838D629EDE", "suggested_link_text": "Read the New York Times Review of The Golden Arrow"}, "multimedia": null}]}