{"status": "OK", "copyright": "Copyright (c) 2017 The New York Times Company. All Rights Reserved.", "has_more": true, "num_results": 20, "results": [{"display_title": "Second Hand Wife", "mpaa_rating": "", "critics_pick": 0, "byline": "MORDAUNT HALL", "headline": "Second Hand Wife", "summary_short": "", "publication_date": "1933-01-14", "opening_date": "1933-01-13", "date_updated": "2016-03-30 06:42:55", "link": {"type": "article", "url": "http://www.nytimes.com/movie/review?res=9807E5DB163BEF3ABC4C52DFB7668388629EDE", "suggested_link_text": "Read the New York Times Review of Second Hand Wife"}, "multimedia": null}, {"display_title": "Mistigri", "mpaa_rating": "", "critics_pick": 0, "byline": "H.T.S.", "headline": "Mistigri", "summary_short": "", "publication_date": "1933-01-13", "opening_date": null, "date_updated": "2016-03-30 07:12:57", "link": {"type": "article", "url": "http://www.nytimes.com/movie/review?res=9E04E1DD1738E333A25750C1A9679C946294D6CF", "suggested_link_text": "Read the New York Times Review of Mistigri"}, "multimedia": null}, {"display_title": "Island of Lost Souls", "mpaa_rating": "Not Rated", "critics_pick": 0, "byline": "MORDAUNT HALL.", "headline": "Island of Lost Souls", "summary_short": "Good horror then, pretty moldy now. Wait for the Burt Lancaster remake.", "publication_date": "1933-01-13", "opening_date": "1932-12-01", "date_updated": "2016-03-30 07:20:16", "link": {"type": "article", "url": "http://www.nytimes.com/movie/review?res=9D04E1DD1738E333A25750C1A9679C946294D6CF", "suggested_link_text": "Read the New York Times Review of Island of Lost Souls"}, "multimedia": null}, {"display_title": "The Bitter Tea of General Yen", "mpaa_rating": "", "critics_pick": 0, "byline": "MORDAUNT HALL.", "headline": "Bitter Tea of General Yen, The", "summary_short": "Missionary and Chinese captor. Interesting drama via Capra.", "publication_date": "1933-01-12", "opening_date": "1933-01-06", "date_updated": "2016-03-30 07:11:49", "link": {"type": "article", "url": "http://www.nytimes.com/movie/review?res=9E01EEDC1E3BEF3ABC4A52DFB7668388629EDE", "suggested_link_text": "Read the New York Times Review of The Bitter Tea of General Yen"}, "multimedia": null}, {"display_title": "20,000 Years in Sing-Sing", "mpaa_rating": "Not Rated", "critics_pick": 0, "byline": "MORDAUNT HALL.", "headline": "20,000 Years in Sing Sing", "summary_short": "Prison creaker. These two almost make it matter.", "publication_date": "1933-01-10", "opening_date": "1932-12-24", "date_updated": "2016-03-30 07:21:38", "link": {"type": "article", "url": "http://www.nytimes.com/movie/review?res=950DE6DC1E3BEF3ABC4852DFB7668388629EDE", "suggested_link_text": "Read the New York Times Review of 20,000 Years in Sing-Sing"}, "multimedia": null}, {"display_title": "Namensheirat", "mpaa_rating": "", "critics_pick": 0, "byline": "H.T.S.", "headline": "Namensheirat", "summary_short": "", "publication_date": "1933-01-09", "opening_date": null, "date_updated": "2016-03-30 07:14:54", "link": {"type": "article", "url": "http://www.nytimes.com/movie/review?res=9E04E2DA1F3CEF33A2575AC0A9679C946294D6CF", "suggested_link_text": "Read the New York Times Review of Namensheirat"}, "multimedia": null}, {"display_title": "The Billion Dollar Scandal", "mpaa_rating": "", "critics_pick": 0, "byline": "MORDAUNT HALL.", "headline": "Billion Dollar Scandal, The", "summary_short": "", "publication_date": "1933-01-09", "opening_date": "1933-01-07", "date_updated": "2016-03-30 07:20:47", "link": {"type": "article", "url": "http://www.nytimes.com/movie/review?res=9D04E2DA1F3CEF33A2575AC0A9679C946294D6CF", "suggested_link_text": "Read the New York Times Review of The Billion Dollar Scandal"}, "multimedia": null}, {"display_title": "Holzapfel Weiss Alles", "mpaa_rating": "", "critics_pick": 0, "byline": "H.T.S.", "headline": "Holzapfel Weiss Alles", "summary_short": "", "publication_date": "1933-01-07", "opening_date": null, "date_updated": "2016-03-30 07:26:14", "link": {"type": "article", "url": "http://www.nytimes.com/movie/review?res=9907EED91630EF3ABC4F53DFB7668388629EDE", "suggested_link_text": "Read the New York Times Review of Holzapfel Weiss Alles"}, "multimedia": null}, {"display_title": "The Mummy", "mpaa_rating": "Not Rated", "critics_pick": 0, "byline": "A.D.S.", "headline": "Mummy, The", "summary_short": "Suspense antique that creaks exotically and becomingly.", "publication_date": "1933-01-07", "opening_date": "1932-12-22", "date_updated": "2016-03-30 07:20:58", "link": {"type": "article", "url": "http://www.nytimes.com/movie/review?res=9E07EED91630EF3ABC4F53DFB7668388629EDE", "suggested_link_text": "Read the New York Times Review of The Mummy"}, "multimedia": null}, {"display_title": "Frisco Jenny", "mpaa_rating": "Not Rated", "critics_pick": 0, "byline": "MORDAUNT HALL.", "headline": "Frisco Jenny", "summary_short": "Man forced to prosecute own mother for gambling. Early Chatterton suds and she's always compelling.", "publication_date": "1933-01-07", "opening_date": "1933-01-14", "date_updated": "2016-03-30 07:11:58", "link": {"type": "article", "url": "http://www.nytimes.com/movie/review?res=9807EED91630EF3ABC4F53DFB7668388629EDE", "suggested_link_text": "Read the New York Times Review of Frisco Jenny"}, "multimedia": null}, {"display_title": "Cavalcade", "mpaa_rating": "", "critics_pick": 1, "byline": "MORDAUNT HALL.", "headline": "Cavalcade", "summary_short": "British upstairs-downstairs look at first third of 20th century. Sterling, Oscar-winning version of Coward's play.", "publication_date": "1933-01-06", "opening_date": "1933-04-15", "date_updated": "2016-03-30 06:54:15", "link": {"type": "article", "url": "http://www.nytimes.com/movie/review?res=9B03E1DD1E3BEF3ABC4E53DFB7668388629EDE", "suggested_link_text": "Read the New York Times Review of Cavalcade"}, "multimedia": null}, {"display_title": "Hyppolit, a Lakaj", "mpaa_rating": "", "critics_pick": 0, "byline": "H.T.S.", "headline": "Hyppolit, A Lakaj", "summary_short": "", "publication_date": "1933-01-04", "opening_date": null, "date_updated": "2016-03-30 07:23:33", "link": {"type": "article", "url": "http://www.nytimes.com/movie/review?res=9A06E3DE1738E333A25757C0A9679C946294D6CF", "suggested_link_text": "Read the New York Times Review of Hyppolit, a Lakaj"}, "multimedia": null}, {"display_title": "Dela I Lyudi", "mpaa_rating": "", "critics_pick": 0, "byline": "H.T.S.", "headline": "Men and Jobs", "summary_short": "", "publication_date": "1933-01-03", "opening_date": null, "date_updated": "2016-03-30 06:57:26", "link": {"type": "article", "url": "http://www.nytimes.com/movie/review?res=940DEED61F38EF3ABC4B53DFB7668388629EDE", "suggested_link_text": "Read the New York Times Review of Dela I Lyudi"}, "multimedia": null}, {"display_title": "Laughter in Hell", "mpaa_rating": "", "critics_pick": 0, "byline": "M.H.", "headline": "Laughter in Hell", "summary_short": "", "publication_date": "1933-01-02", "opening_date": "1933-01-12", "date_updated": "2016-03-30 07:09:55", "link": {"type": "article", "url": "http://www.nytimes.com/movie/review?res=9506E7D71F38EF3ABC4A53DFB7668388629EDE", "suggested_link_text": "Read the New York Times Review of Laughter in Hell"}, "multimedia": null}, {"display_title": "The Son-Daughter", "mpaa_rating": "", "critics_pick": 0, "byline": "A.D.S.", "headline": "Son-Daughter, The", "summary_short": "Young love in San Francisco's Chinatown, circa 1911.", "publication_date": "1933-01-02", "opening_date": "1932-12-23", "date_updated": "2016-03-30 07:14:10", "link": {"type": "article", "url": "http://www.nytimes.com/movie/review?res=9E01E7D71F38EF3ABC4A53DFB7668388629EDE", "suggested_link_text": "Read the New York Times Review of The Son-Daughter"}, "multimedia": null}, {"display_title": "No More Orchids", "mpaa_rating": "", "critics_pick": 0, "byline": "MORDAUNT HALL.", "headline": "No More Orchids", "summary_short": "", "publication_date": "1933-01-02", "opening_date": "1932-11-25", "date_updated": "2016-03-30 06:50:42", "link": {"type": "article", "url": "http://www.nytimes.com/movie/review?res=9B06E7D71F38EF3ABC4A53DFB7668388629EDE", "suggested_link_text": "Read the New York Times Review of No More Orchids"}, "multimedia": null}, {"display_title": "No Man of Her Own", "mpaa_rating": "", "critics_pick": 0, "byline": "MORDAUNT HALL.", "headline": "No Man of her Own", "summary_short": "Small-town librarian weds city gambler. Appealingly low-keyed. Nice stardust from Mr. and Mrs. Gable.", "publication_date": "1932-12-31", "opening_date": null, "date_updated": "2016-03-30 07:23:39", "link": {"type": "article", "url": "http://www.nytimes.com/movie/review?res=9407E5D91E31E633A25752C3A9649D946394D6CF", "suggested_link_text": "Read the New York Times Review of No Man of Her Own"}, "multimedia": null}, {"display_title": "The Animal Kingdom", "mpaa_rating": "", "critics_pick": 0, "byline": "MORDAUNT HALL.", "headline": "Animal Kingdom, The", "summary_short": "Publisher loves artist but marries socialite. Sophisticated, charming romance", "publication_date": "1932-12-30", "opening_date": "1932-12-28", "date_updated": "2016-03-30 07:20:35", "link": {"type": "article", "url": "http://www.nytimes.com/movie/review?res=9D04EFD81F31E333A25753C3A9649D946394D6CF", "suggested_link_text": "Read the New York Times Review of The Animal Kingdom"}, "multimedia": null}, {"display_title": "Lawyer Man", "mpaa_rating": "", "critics_pick": 0, "byline": "MORDAUNT HALL.", "headline": "Lawyer Man", "summary_short": "A New York lawyer gains polish and power, aided by his secretary.", "publication_date": "1932-12-27", "opening_date": "1933-01-07", "date_updated": "2016-03-30 06:56:16", "link": {"type": "article", "url": "http://www.nytimes.com/movie/review?res=9C06EED91F31E333A25754C2A9649D946394D6CF", "suggested_link_text": "Read the New York Times Review of Lawyer Man"}, "multimedia": null}, {"display_title": "The Penguin Pool Murder", "mpaa_rating": "", "critics_pick": 0, "byline": "M.H.", "headline": "Penquin Pool Murder, The", "summary_short": "Neat whodunit in winning sleuther series. Viva Edna May and Jim!", "publication_date": "1932-12-26", "opening_date": "1932-12-09", "date_updated": "2016-03-30 07:12:13", "link": {"type": "article", "url": "http://www.nytimes.com/movie/review?res=9C01E1D91F31E333A25755C2A9649D946394D6CF", "suggested_link_text": "Read the New York Times Review of The Penguin Pool Murder"}, "multimedia": null}]}