{"status": "OK", "copyright": "Copyright (c) 2017 The New York Times Company. All Rights Reserved.", "has_more": true, "num_results": 20, "results": [{"display_title": "Tall in the Saddle", "mpaa_rating": "", "critics_pick": 0, "byline": "T.M.P.", "headline": "Tall in the Saddle", "summary_short": "Laconic, engaging western comedy.", "publication_date": "1944-12-15", "opening_date": "1944-09-29", "date_updated": "2016-03-30 06:58:12", "link": {"type": "article", "url": "http://www.nytimes.com/movie/review?res=9E02E0D61E31E03BBC4D52DFB467838F659EDE", "suggested_link_text": "Read the New York Times Review of Tall in the Saddle"}, "multimedia": null}, {"display_title": "The Climax", "mpaa_rating": "Not Rated", "critics_pick": 0, "byline": "BOSLEY CROWTHER", "headline": "Climax, The", "summary_short": "Muisc teacher possessed. From the bygone cornbin, but creakily diverting.", "publication_date": "1944-12-14", "opening_date": "1944-10-20", "date_updated": "2016-03-30 07:28:21", "link": {"type": "article", "url": "http://www.nytimes.com/movie/review?res=9803E6D71F3BE433A25757C1A9649D946593D6CF", "suggested_link_text": "Read the New York Times Review of The Climax"}, "multimedia": null}, {"display_title": "The Falcon in Hollywood", "mpaa_rating": "", "critics_pick": 0, "byline": "B.C.", "headline": "Falcon in Hollywood, The", "summary_short": "Actor murdered on back lot. Modest, O.K. whodunit.", "publication_date": "1944-12-09", "opening_date": "1944-12-08", "date_updated": "2016-03-30 07:10:42", "link": {"type": "article", "url": "http://www.nytimes.com/movie/review?res=9E07E4D61E31E03BBC4153DFB467838F659EDE", "suggested_link_text": "Read the New York Times Review of The Falcon in Hollywood"}, "multimedia": null}, {"display_title": "Carolina Blues", "mpaa_rating": "", "critics_pick": 0, "byline": "BOSLEY CROWTHER", "headline": "Carolina Blues", "summary_short": "", "publication_date": "1944-12-08", "opening_date": "1944-12-20", "date_updated": "2016-03-30 06:43:33", "link": {"type": "article", "url": "http://www.nytimes.com/movie/review?res=9404E2D8153EE03BBC4053DFB467838F659EDE", "suggested_link_text": "Read the New York Times Review of Carolina Blues"}, "multimedia": null}, {"display_title": "Enter Arsene Lupin", "mpaa_rating": "", "critics_pick": 0, "byline": "BOSLEY CROWTHER", "headline": "Enter Arsene Lupin", "summary_short": "The old jewel-thief gimmick, but personably played.", "publication_date": "1944-12-02", "opening_date": "1944-11-24", "date_updated": "2016-03-30 07:19:53", "link": {"type": "article", "url": "http://www.nytimes.com/movie/review?res=9806E4D71038E33BBC4A53DFB467838F659EDE", "suggested_link_text": "Read the New York Times Review of Enter Arsene Lupin"}, "multimedia": null}, {"display_title": "Something for the Boys", "mpaa_rating": "", "critics_pick": 0, "byline": "BOSLEY CROWTHER", "headline": "Something for the Boys", "summary_short": "Messy, anemic musical.", "publication_date": "1944-11-30", "opening_date": "1944-11-01", "date_updated": "2016-03-30 06:53:16", "link": {"type": "article", "url": "http://www.nytimes.com/movie/review?res=9F04E3D81E31E03BBC4850DFB767838F659EDE", "suggested_link_text": "Read the New York Times Review of Something for the Boys"}, "multimedia": null}, {"display_title": "Bowery to Broadway", "mpaa_rating": "", "critics_pick": 0, "byline": "T.M.P.", "headline": "Bowery to Broadway", "summary_short": "Show biz cavalcade; strictly on the rocks.", "publication_date": "1944-11-30", "opening_date": "1944-11-03", "date_updated": "2016-03-30 07:10:31", "link": {"type": "article", "url": "http://www.nytimes.com/movie/review?res=9804E3D81E31E03BBC4850DFB767838F659EDE", "suggested_link_text": "Read the New York Times Review of Bowery to Broadway"}, "multimedia": null}, {"display_title": "Meet Me in St. Louis", "mpaa_rating": "", "critics_pick": 1, "byline": "BOSLEY CROWTHER", "headline": "Meet Me in St Louis", "summary_short": "One family during 1903 World's Fair. Delectable.", "publication_date": "1944-11-29", "opening_date": "1945-01-01", "date_updated": "2016-03-30 07:12:35", "link": {"type": "article", "url": "http://www.nytimes.com/movie/review?res=980DEFD8113DE13BBC4151DFB767838F659EDE", "suggested_link_text": "Read the New York Times Review of Meet Me in St. Louis"}, "multimedia": null}, {"display_title": "One Body Too Many", "mpaa_rating": "Not Rated", "critics_pick": 0, "byline": "B.C.", "headline": "One Body too Many", "summary_short": "Mildly amusing corn.", "publication_date": "1944-11-25", "opening_date": null, "date_updated": "2016-03-30 06:50:22", "link": {"type": "article", "url": "http://www.nytimes.com/movie/review?res=9504E2DF1739E23BBC4D51DFB767838F659EDE", "suggested_link_text": "Read the New York Times Review of One Body Too Many"}, "multimedia": null}, {"display_title": "Together Again", "mpaa_rating": "", "critics_pick": 0, "byline": "T.M.P.", "headline": "Together Again", "summary_short": "Lady mayor and sculptor. Quite amusing.", "publication_date": "1944-11-24", "opening_date": "1944-12-22", "date_updated": "2016-03-30 07:23:22", "link": {"type": "article", "url": "http://www.nytimes.com/movie/review?res=9F00E3DA153EE03BBC4C51DFB767838F659EDE", "suggested_link_text": "Read the New York Times Review of Together Again"}, "multimedia": null}, {"display_title": "An American Romance", "mpaa_rating": "", "critics_pick": 0, "byline": "BOSLEY CROWTHER", "headline": "American Romance, An", "summary_short": "Steelworker rises to tycoon. Respectable but forceless.", "publication_date": "1944-11-24", "opening_date": null, "date_updated": "2016-03-30 06:55:01", "link": {"type": "article", "url": "http://www.nytimes.com/movie/review?res=9E00E3DA153EE03BBC4C51DFB767838F659EDE", "suggested_link_text": "Read the New York Times Review of An American Romance"}, "multimedia": null}, {"display_title": "Moulin Rouge", "mpaa_rating": "", "critics_pick": 0, "byline": "T.M.P.", "headline": "Moulin Rouge", "summary_short": "", "publication_date": "1944-11-23", "opening_date": "1944-11-22", "date_updated": "2016-03-30 06:48:04", "link": {"type": "article", "url": "http://www.nytimes.com/movie/review?res=990DE4DE1E3CE03ABC4B51DFB767838F659EDE", "suggested_link_text": "Read the New York Times Review of Moulin Rouge"}, "multimedia": null}, {"display_title": "And Now Tomorrow", "mpaa_rating": "", "critics_pick": 0, "byline": "BOSLEY CROWTHER", "headline": "And Now Tomorrow", "summary_short": "Well played but rather glossy drama of deaf girl and doctor.", "publication_date": "1944-11-23", "opening_date": null, "date_updated": "2016-03-30 07:11:06", "link": {"type": "article", "url": "http://www.nytimes.com/movie/review?res=980DE4DE1E3CE03ABC4B51DFB767838F659EDE", "suggested_link_text": "Read the New York Times Review of And Now Tomorrow"}, "multimedia": null}, {"display_title": "Dark Waters", "mpaa_rating": "", "critics_pick": 0, "byline": "BOSLEY CROWTHER", "headline": "Dark Waters", "summary_short": "Good atmosphere, some suspense in creepy Dixie mansion, but only middling-good.", "publication_date": "1944-11-22", "opening_date": null, "date_updated": "2016-03-30 07:12:05", "link": {"type": "article", "url": "http://www.nytimes.com/movie/review?res=9800E1D91E31E03BBC4A51DFB767838F659EDE", "suggested_link_text": "Read the New York Times Review of Dark Waters"}, "multimedia": null}, {"display_title": "Brazil", "mpaa_rating": "", "critics_pick": 0, "byline": "A.W.", "headline": "Brazil", "summary_short": "", "publication_date": "1944-11-20", "opening_date": "1944-11-30", "date_updated": "2016-03-30 06:45:57", "link": {"type": "article", "url": "http://www.nytimes.com/movie/review?res=9D04E5D91E31E03BBC4851DFB767838F659EDE", "suggested_link_text": "Read the New York Times Review of Brazil"}, "multimedia": null}, {"display_title": "The Very Thought of You", "mpaa_rating": "", "critics_pick": 0, "byline": "T.M.P.", "headline": "Very Thought of You, The", "summary_short": "Tiresome trifle about wartime marriage.", "publication_date": "1944-11-18", "opening_date": "1944-10-20", "date_updated": "2016-03-30 07:18:49", "link": {"type": "article", "url": "http://www.nytimes.com/movie/review?res=9506E6D81639E23BBC4052DFB767838F659EDE", "suggested_link_text": "Read the New York Times Review of The Very Thought of You"}, "multimedia": null}, {"display_title": "None But the Lonely Heart", "mpaa_rating": "", "critics_pick": 0, "byline": "BOSLEY CROWTHER", "headline": "None but the Lonely Heart", "summary_short": "Llewellyn's Cockney loser. Brooding, often strong drama.", "publication_date": "1944-11-18", "opening_date": "1944-10-17", "date_updated": "2016-03-30 07:20:24", "link": {"type": "article", "url": "http://www.nytimes.com/movie/review?res=9F06E6D81639E23BBC4052DFB767838F659EDE", "suggested_link_text": "Read the New York Times Review of None But the Lonely Heart"}, "multimedia": null}, {"display_title": "Thirty Seconds Over Tokyo", "mpaa_rating": "", "critics_pick": 0, "byline": "BOSLEY CROWTHER", "headline": "Thirty Seconds Over Tokyo", "summary_short": "Excellent drama of Doolittle's raiders, World War II.", "publication_date": "1944-11-16", "opening_date": "1944-11-01", "date_updated": "2016-03-30 07:15:17", "link": {"type": "article", "url": "http://www.nytimes.com/movie/review?res=9807E7D9113DE13BBC4E52DFB767838F659EDE", "suggested_link_text": "Read the New York Times Review of Thirty Seconds Over Tokyo"}, "multimedia": null}, {"display_title": "The Great Moment", "mpaa_rating": "", "critics_pick": 0, "byline": "BOSLEY CROWTHER", "headline": "Great Moment, The", "summary_short": "So-so biography of Boston dentist who first used ether.", "publication_date": "1944-11-13", "opening_date": "1944-09-06", "date_updated": "2016-03-30 06:41:47", "link": {"type": "article", "url": "http://www.nytimes.com/movie/review?res=9F01E5DA1E31E03BBC4B52DFB767838F659EDE", "suggested_link_text": "Read the New York Times Review of The Great Moment"}, "multimedia": null}, {"display_title": "The Mark of the Whistler", "mpaa_rating": "", "critics_pick": 0, "byline": "B.C.", "headline": "Mark of the Whistler, The", "summary_short": "Drifter claims bank account.", "publication_date": "1944-11-11", "opening_date": "1944-10-09", "date_updated": "2016-03-30 07:16:24", "link": {"type": "article", "url": "http://www.nytimes.com/movie/review?res=9E0DEEDB1E31E03BBC4952DFB767838F659EDE", "suggested_link_text": "Read the New York Times Review of The Mark of the Whistler"}, "multimedia": null}]}