{"status": "OK", "copyright": "Copyright (c) 2017 The New York Times Company. All Rights Reserved.", "has_more": true, "num_results": 20, "results": [{"display_title": "Baltiytsy", "mpaa_rating": "", "critics_pick": 0, "byline": "FRANK S. NUGENT", "headline": "Men of the Sea", "summary_short": "", "publication_date": "1938-06-20", "opening_date": "1938-06-19", "date_updated": "2016-03-30 07:27:19", "link": {"type": "article", "url": "http://www.nytimes.com/movie/review?res=9D05EEDC1338EE3ABC4851DFB0668383629EDE", "suggested_link_text": "Read the New York Times Review of Baltiytsy"}, "multimedia": null}, {"display_title": "Go Chase Yourself", "mpaa_rating": "", "critics_pick": 0, "byline": "FRANK S. NUGENT", "headline": "Go Chase Yourself", "summary_short": "Thieves abduct young socialite.", "publication_date": "1938-06-15", "opening_date": "1938-04-22", "date_updated": "2016-03-30 07:21:47", "link": {"type": "article", "url": "http://www.nytimes.com/movie/review?res=9B01E3DF1338EE3ABC4D52DFB0668383629EDE", "suggested_link_text": "Read the New York Times Review of Go Chase Yourself"}, "multimedia": null}, {"display_title": "Pan Redaktor Szaleje", "mpaa_rating": "", "critics_pick": 0, "byline": "H. T. S.", "headline": "Pan Redaktor Szaleje", "summary_short": "", "publication_date": "1938-06-14", "opening_date": "1938-06-13", "date_updated": "2016-03-30 07:28:09", "link": {"type": "article", "url": "http://www.nytimes.com/movie/review?res=9A00E0D9123CEF3ABC4C52DFB0668383629EDE", "suggested_link_text": "Read the New York Times Review of Pan Redaktor Szaleje"}, "multimedia": null}, {"display_title": "A Trip to Paris", "mpaa_rating": "", "critics_pick": 0, "byline": "FRANK S. NUGENT", "headline": "Trip to Paris, A", "summary_short": "", "publication_date": "1938-06-10", "opening_date": "1938-05-06", "date_updated": "2016-03-30 07:13:51", "link": {"type": "article", "url": "http://www.nytimes.com/movie/review?res=9B06E5DE1531E03ABC4852DFB0668383629EDE", "suggested_link_text": "Read the New York Times Review of A Trip to Paris"}, "multimedia": null}, {"display_title": "Three Comrades", "mpaa_rating": "", "critics_pick": 1, "byline": "Frank S. Nugent", "headline": "THREE COMRADES (MOVIE)", "summary_short": "Three German pals and stricken girl, post-WWI. Compelling drama.", "publication_date": "1938-06-03", "opening_date": "1938-06-03", "date_updated": "2016-03-30 06:48:30", "link": {"type": "article", "url": "http://www.nytimes.com/movie/review?res=EE05E7DF173DE577BC4B53DFB0668383629EDE", "suggested_link_text": "Read the New York Times Review of Three Comrades"}, "multimedia": null}, {"display_title": "La Belle \u00c3\u2030quipe", "mpaa_rating": "", "critics_pick": 0, "byline": "FRANK S. NUGENT", "headline": "They Were Five", "summary_short": "", "publication_date": "1938-06-01", "opening_date": "1938-05-31", "date_updated": "2016-04-11 19:04:02", "link": {"type": "article", "url": "http://www.nytimes.com/movie/review?res=9F00EFDA1238EE3ABC4953DFB0668383629EDE", "suggested_link_text": "Read the New York Times Review of La Belle \u00c3\u2030quipe"}, "multimedia": null}, {"display_title": "Rascals", "mpaa_rating": "", "critics_pick": 0, "byline": "FRANK S. NUGENT", "headline": "Rascals", "summary_short": "", "publication_date": "1938-05-27", "opening_date": "1938-05-20", "date_updated": "2016-03-30 06:54:08", "link": {"type": "article", "url": "http://www.nytimes.com/movie/review?res=9506EEDE1238EE3ABC4F51DFB3668383629EDE", "suggested_link_text": "Read the New York Times Review of Rascals"}, "multimedia": null}, {"display_title": "Great John Ericsson", "mpaa_rating": "", "critics_pick": 0, "byline": "FRANK S. NUGENT", "headline": "John Ericsson Victor of Hampton Roads", "summary_short": "", "publication_date": "1938-05-18", "opening_date": "1938-05-17", "date_updated": "2016-03-30 07:20:37", "link": {"type": "article", "url": "http://www.nytimes.com/movie/review?res=940CE6D81538EE3ABC4052DFB3668383629EDE", "suggested_link_text": "Read the New York Times Review of Great John Ericsson"}, "multimedia": null}, {"display_title": "Goodbye Broadway", "mpaa_rating": "", "critics_pick": 0, "byline": "FRANK S. NUGENT", "headline": "Goodbye Broadway", "summary_short": "", "publication_date": "1938-05-14", "opening_date": "1938-04-01", "date_updated": "2016-03-30 06:49:08", "link": {"type": "article", "url": "http://www.nytimes.com/movie/review?res=9801E1DA1538EE3ABC4C52DFB3668383629EDE", "suggested_link_text": "Read the New York Times Review of Goodbye Broadway"}, "multimedia": null}, {"display_title": "The Adventures of Robin Hood", "mpaa_rating": "PG", "critics_pick": 1, "byline": "Frank S. Nugent", "headline": "THE ADVENTURES OF ROBIN HOOD (MOVIE)", "summary_short": "Stealing from the rich. An arrow-straight beauty, for all ages.", "publication_date": "1938-05-13", "opening_date": "1938-05-14", "date_updated": "2016-03-30 06:50:29", "link": {"type": "article", "url": "http://www.nytimes.com/movie/review?res=EE05E7DF173FB72CA0494CC5B67994886896", "suggested_link_text": "Read the New York Times Review of The Adventures of Robin Hood"}, "multimedia": null}, {"display_title": "Stolen Heaven", "mpaa_rating": "", "critics_pick": 0, "byline": "FRANK S. NUGENT", "headline": "Stolen Heaven", "summary_short": "", "publication_date": "1938-05-12", "opening_date": null, "date_updated": "2016-03-30 06:52:23", "link": {"type": "article", "url": "http://www.nytimes.com/movie/review?res=9A05EFD61731E03ABC4A52DFB3668383629EDE", "suggested_link_text": "Read the New York Times Review of Stolen Heaven"}, "multimedia": null}, {"display_title": "I Stand Condemned", "mpaa_rating": "", "critics_pick": 0, "byline": "FRANK S. NUGENT", "headline": "Moscow Nights", "summary_short": "Russian captain framed as spy by girlfriend's admirer.", "publication_date": "1938-05-03", "opening_date": "1936-07-01", "date_updated": "2016-03-30 07:23:54", "link": {"type": "article", "url": "http://www.nytimes.com/movie/review?res=9E0CE7D61731E03ABC4B53DFB3668383629EDE", "suggested_link_text": "Read the New York Times Review of I Stand Condemned"}, "multimedia": null}, {"display_title": "Hawaii Calls", "mpaa_rating": "", "critics_pick": 0, "byline": "B. C.", "headline": "Hawaii Calls", "summary_short": "", "publication_date": "1938-04-29", "opening_date": "1939-05-11", "date_updated": "2016-03-30 06:48:36", "link": {"type": "article", "url": "http://www.nytimes.com/movie/review?res=9B0CE1D71438EE3ABC4151DFB2668383629EDE", "suggested_link_text": "Read the New York Times Review of Hawaii Calls"}, "multimedia": null}, {"display_title": "Her Jungle Love", "mpaa_rating": "", "critics_pick": 0, "byline": "FRANK S. NUGENT", "headline": "Her Jungle Love", "summary_short": "Her first and worst sarong. The chimp does better with less.", "publication_date": "1938-04-14", "opening_date": "1938-04-15", "date_updated": "2016-03-30 06:44:47", "link": {"type": "article", "url": "http://www.nytimes.com/movie/review?res=9E02E7DA1731E03ABC4C52DFB2668383629EDE", "suggested_link_text": "Read the New York Times Review of Her Jungle Love"}, "multimedia": null}, {"display_title": "To the Victor", "mpaa_rating": "", "critics_pick": 0, "byline": "FRANK S. NUGENT", "headline": "To the Victor", "summary_short": "", "publication_date": "1938-04-13", "opening_date": "1938-04-12", "date_updated": "2016-03-30 07:19:42", "link": {"type": "article", "url": "http://www.nytimes.com/movie/review?res=9F00EFDC1731E03ABC4B52DFB2668383629EDE", "suggested_link_text": "Read the New York Times Review of To the Victor"}, "multimedia": null}, {"display_title": "Heroes of the Alamo", "mpaa_rating": "", "critics_pick": 0, "byline": "FRANK S. NUGENT", "headline": "Heroes of the Alamo", "summary_short": "", "publication_date": "1938-04-02", "opening_date": "1937-08-16", "date_updated": "2016-03-30 06:55:32", "link": {"type": "article", "url": "http://www.nytimes.com/movie/review?res=9B06E6D61738EE3ABC4A53DFB2668383629EDE", "suggested_link_text": "Read the New York Times Review of Heroes of the Alamo"}, "multimedia": null}, {"display_title": "Bluebeard's Eighth Wife", "mpaa_rating": "", "critics_pick": 0, "byline": "FRANK S. NUGENT", "headline": "Bluebeard's Eighth Wife", "summary_short": "Frequently married millionaire. Strained sophistication.", "publication_date": "1938-03-24", "opening_date": "1938-03-18", "date_updated": "2016-03-30 07:04:56", "link": {"type": "article", "url": "http://www.nytimes.com/movie/review?res=9D04E2DB1738EE3ABC4C51DFB5668383629EDE", "suggested_link_text": "Read the New York Times Review of Bluebeard's Eighth Wife"}, "multimedia": null}, {"display_title": "Storm in a Teacup", "mpaa_rating": "", "critics_pick": 0, "byline": "FRANK S. NUGENT", "headline": "Storm in a Teacup", "summary_short": "Flavorsome bauble from Britain, nice cast.", "publication_date": "1938-03-22", "opening_date": "1938-02-25", "date_updated": "2016-03-30 06:52:32", "link": {"type": "article", "url": "http://www.nytimes.com/movie/review?res=9A0CE0DC1738EE3ABC4A51DFB5668383629EDE", "suggested_link_text": "Read the New York Times Review of Storm in a Teacup"}, "multimedia": null}, {"display_title": "Love, Honor and Behave", "mpaa_rating": "", "critics_pick": 0, "byline": "FRANK S. NUGENT", "headline": "Love, Honor and Behave", "summary_short": "Cuckolded Yalie.", "publication_date": "1938-03-21", "opening_date": "1938-03-12", "date_updated": "2016-03-30 06:47:15", "link": {"type": "article", "url": "http://www.nytimes.com/movie/review?res=9F07E3DC1738EE3ABC4951DFB5668383629EDE", "suggested_link_text": "Read the New York Times Review of Love, Honor and Behave"}, "multimedia": null}, {"display_title": "The Charm of La Boheme", "mpaa_rating": "G", "critics_pick": 0, "byline": "FRANK S. NUGENT", "headline": "Charm of la Boheme, The", "summary_short": "", "publication_date": "1938-03-19", "opening_date": "1938-03-18", "date_updated": "2016-03-30 07:16:16", "link": {"type": "article", "url": "http://www.nytimes.com/movie/review?res=9B03E0DD1738EE3ABC4152DFB5668383629EDE", "suggested_link_text": "Read the New York Times Review of The Charm of La Boheme"}, "multimedia": null}]}