{"status": "OK", "copyright": "Copyright (c) 2017 The New York Times Company. All Rights Reserved.", "has_more": true, "num_results": 20, "results": [{"display_title": "That Night in Rio", "mpaa_rating": "", "critics_pick": 0, "byline": "BOSLEY CROWTHER", "headline": "That Night in Rio", "summary_short": "Very soothing. Good score, yummy Alice, suave Don, sizzling Carmen, who steals the show.", "publication_date": "1941-03-10", "opening_date": "1941-04-11", "date_updated": "2016-03-30 06:41:48", "link": {"type": "article", "url": "http://www.nytimes.com/movie/review?res=9905E3DF103DE33BBC4852DFB566838A659EDE", "suggested_link_text": "Read the New York Times Review of That Night in Rio"}, "multimedia": null}, {"display_title": "Ellery Queen's Penthouse Mystery", "mpaa_rating": "", "critics_pick": 0, "byline": "T.S.", "headline": "Ellery Queen's Penthouse Mystery", "summary_short": "", "publication_date": "1941-03-07", "opening_date": "1941-03-24", "date_updated": "2016-03-30 07:11:42", "link": {"type": "article", "url": "http://www.nytimes.com/movie/review?res=9F07E1DF133BE33BBC4F53DFB566838A659EDE", "suggested_link_text": "Read the New York Times Review of Ellery Queen's Penthouse Mystery"}, "multimedia": null}, {"display_title": "Andy Hardy's Private Secretary", "mpaa_rating": "", "critics_pick": 0, "byline": "BOSLEY CROWTHER", "headline": "Andy Hardy's Private Secretary", "summary_short": "Anyway, she's a pip.", "publication_date": "1941-03-07", "opening_date": "1941-02-21", "date_updated": "2016-03-30 07:21:33", "link": {"type": "article", "url": "http://www.nytimes.com/movie/review?res=9E07E1DF133BE33BBC4F53DFB566838A659EDE", "suggested_link_text": "Read the New York Times Review of Andy Hardy's Private Secretary"}, "multimedia": null}, {"display_title": "The Trial of Mary Dugan", "mpaa_rating": "", "critics_pick": 0, "byline": "BOSLEY CROWTHER", "headline": "Trial of Mary Dugan, The", "summary_short": "", "publication_date": "1941-03-06", "opening_date": "1941-02-14", "date_updated": "2016-03-30 07:21:49", "link": {"type": "article", "url": "http://www.nytimes.com/movie/review?res=9A02E3D8123BE33BBC4E53DFB566838A659EDE", "suggested_link_text": "Read the New York Times Review of The Trial of Mary Dugan"}, "multimedia": null}, {"display_title": "A Dangerous Game", "mpaa_rating": "", "critics_pick": 0, "byline": "T.M.P.", "headline": "Dangerous Game, A", "summary_short": "", "publication_date": "1941-03-04", "opening_date": "1941-08-22", "date_updated": "2016-03-30 06:52:51", "link": {"type": "article", "url": "http://www.nytimes.com/movie/review?res=9B0CEFD9133DE33BBC4C53DFB566838A659EDE", "suggested_link_text": "Read the New York Times Review of A Dangerous Game"}, "multimedia": null}, {"display_title": "So Ends Our Night", "mpaa_rating": "", "critics_pick": 0, "byline": "Only one of the many horrible", "headline": "So Ends our Night", "summary_short": "", "publication_date": "1941-02-28", "opening_date": "1941-02-27", "date_updated": "2016-03-30 06:51:26", "link": {"type": "article", "url": "http://www.nytimes.com/movie/review?res=9E05EEDC133DE33BBC4051DFB466838A659EDE", "suggested_link_text": "Read the New York Times Review of So Ends Our Night"}, "multimedia": null}, {"display_title": "Come Live with Me", "mpaa_rating": "", "critics_pick": 0, "byline": "T.S.", "headline": "Come Live With Me", "summary_short": "Engaging romantic comedy, right touch all-round.", "publication_date": "1941-02-28", "opening_date": "1941-01-31", "date_updated": "2016-03-30 07:27:22", "link": {"type": "article", "url": "http://www.nytimes.com/movie/review?res=9805EEDC133DE33BBC4051DFB466838A659EDE", "suggested_link_text": "Read the New York Times Review of Come Live with Me"}, "multimedia": null}, {"display_title": "Meet the Chump", "mpaa_rating": "", "critics_pick": 0, "byline": "T.S.", "headline": "Meet the Chump", "summary_short": "", "publication_date": "1941-02-27", "opening_date": "1941-02-14", "date_updated": "2016-03-30 06:51:48", "link": {"type": "article", "url": "http://www.nytimes.com/movie/review?res=9A01E3DC133DE33BBC4F51DFB466838A659EDE", "suggested_link_text": "Read the New York Times Review of Meet the Chump"}, "multimedia": null}, {"display_title": "The Mad Doctor", "mpaa_rating": "", "critics_pick": 0, "byline": "BOSLEY CROWTHER", "headline": "Mad Doctor, The", "summary_short": "Bald baloney.", "publication_date": "1941-02-27", "opening_date": "1941-02-14", "date_updated": "2016-03-30 06:56:58", "link": {"type": "article", "url": "http://www.nytimes.com/movie/review?res=9901E3DC133DE33BBC4F51DFB466838A659EDE", "suggested_link_text": "Read the New York Times Review of The Mad Doctor"}, "multimedia": null}, {"display_title": "The Lady Eve", "mpaa_rating": "Not Rated", "critics_pick": 1, "byline": "BOSLEY CROWTHER", "headline": "Lady Eve, The", "summary_short": "Con woman posing as British nobility. Sassy, delicious froth from Preston Sturges.", "publication_date": "1941-02-26", "opening_date": "1941-03-21", "date_updated": "2016-03-30 06:58:33", "link": {"type": "article", "url": "http://www.nytimes.com/movie/review?res=9D07E2DD133DE33BBC4E51DFB466838A659EDE", "suggested_link_text": "Read the New York Times Review of The Lady Eve"}, "multimedia": null}, {"display_title": "Meet Boston Blackie", "mpaa_rating": "", "critics_pick": 0, "byline": "B.C.", "headline": "Meet Boston Blackie", "summary_short": "First in series about reformed safecracker.", "publication_date": "1941-02-26", "opening_date": "1941-02-20", "date_updated": "2016-03-30 06:55:11", "link": {"type": "article", "url": "http://www.nytimes.com/movie/review?res=9A00E0DD133DE33BBC4E51DFB466838A659EDE", "suggested_link_text": "Read the New York Times Review of Meet Boston Blackie"}, "multimedia": null}, {"display_title": "Moi Universitety", "mpaa_rating": "", "critics_pick": 0, "byline": "T.S.", "headline": "University of Life", "summary_short": "", "publication_date": "1941-02-26", "opening_date": null, "date_updated": "2016-03-30 07:22:49", "link": {"type": "article", "url": "http://www.nytimes.com/movie/review?res=9900E0DD133DE33BBC4E51DFB466838A659EDE", "suggested_link_text": "Read the New York Times Review of Moi Universitety"}, "multimedia": null}, {"display_title": "Congo Swing", "mpaa_rating": "", "critics_pick": 0, "byline": "T.M.P.", "headline": "Blondie Goes Latin", "summary_short": "", "publication_date": "1941-02-26", "opening_date": "1940-01-19", "date_updated": "2016-03-30 06:58:21", "link": {"type": "article", "url": "http://www.nytimes.com/movie/review?res=9B00E0DD133DE33BBC4E51DFB466838A659EDE", "suggested_link_text": "Read the New York Times Review of Congo Swing"}, "multimedia": null}, {"display_title": "It Happened to One Man", "mpaa_rating": "", "critics_pick": 0, "byline": "T.S.", "headline": "It Happened to One Man", "summary_short": "", "publication_date": "1941-02-24", "opening_date": null, "date_updated": "2016-03-30 06:47:06", "link": {"type": "article", "url": "http://www.nytimes.com/movie/review?res=9407E5DD133DE33BBC4C51DFB466838A659EDE", "suggested_link_text": "Read the New York Times Review of It Happened to One Man"}, "multimedia": null}, {"display_title": "The Strawberry Blonde", "mpaa_rating": "", "critics_pick": 0, "byline": "BOSLEY CROWTHER", "headline": "Strawberry Blonde", "summary_short": "Romantic triangle and turn-of-century nostalgia. Lusty and affectionate.", "publication_date": "1941-02-22", "opening_date": "1941-02-22", "date_updated": "2016-03-30 06:46:41", "link": {"type": "article", "url": "http://www.nytimes.com/movie/review?res=9F04E3DF133DE33BBC4A51DFB466838A659EDE", "suggested_link_text": "Read the New York Times Review of The Strawberry Blonde"}, "multimedia": null}, {"display_title": "Tobacco Road", "mpaa_rating": "", "critics_pick": 0, "byline": "BOSLEY CROWTHER", "headline": "Tobacco Road", "summary_short": "Caldwell's Georgia rednecks, via Broadway, very uncertainly laundered. Floundering in the clay.", "publication_date": "1941-02-21", "opening_date": "1941-03-07", "date_updated": "2016-03-30 07:16:17", "link": {"type": "article", "url": "http://www.nytimes.com/movie/review?res=9D02E7DF133DE33BBC4951DFB466838A659EDE", "suggested_link_text": "Read the New York Times Review of Tobacco Road"}, "multimedia": null}, {"display_title": "Mr. & Mrs. Smith", "mpaa_rating": "", "critics_pick": 0, "byline": "T.S.", "headline": "Mr and Mrs Smith", "summary_short": "Couple discover their marriage wasn't legal. Consistently provocative comedy, via Hitchcock (yes, Hitchcock).", "publication_date": "1941-02-21", "opening_date": "1941-01-31", "date_updated": "2016-03-30 06:51:40", "link": {"type": "article", "url": "http://www.nytimes.com/movie/review?res=9F02E7DF133DE33BBC4951DFB466838A659EDE", "suggested_link_text": "Read the New York Times Review of Mr. & Mrs. Smith"}, "multimedia": null}, {"display_title": "Go West", "mpaa_rating": "", "critics_pick": 0, "byline": "T.M.P.", "headline": "Go West", "summary_short": "Middling Marx, a few pearly moments.", "publication_date": "1941-02-21", "opening_date": "1940-12-06", "date_updated": "2016-03-30 06:54:28", "link": {"type": "article", "url": "http://www.nytimes.com/movie/review?res=9E02E7DF133DE33BBC4951DFB466838A659EDE", "suggested_link_text": "Read the New York Times Review of Go West"}, "multimedia": null}, {"display_title": "You're the One", "mpaa_rating": "", "critics_pick": 0, "byline": "BOSLEY CROWTHER", "headline": "You're the One", "summary_short": "", "publication_date": "1941-02-20", "opening_date": null, "date_updated": "2016-03-30 06:51:24", "link": {"type": "article", "url": "http://www.nytimes.com/movie/review?res=9401E4D9153BE33BBC4851DFB466838A659EDE", "suggested_link_text": "Read the New York Times Review of You're the One"}, "multimedia": null}, {"display_title": "Six Lessons from Madame La Zonca", "mpaa_rating": "", "critics_pick": 0, "byline": "T.S.", "headline": "Six Lessons From Madame La Zonga", "summary_short": "", "publication_date": "1941-02-19", "opening_date": "1941-01-17", "date_updated": "2016-03-30 07:11:45", "link": {"type": "article", "url": "http://www.nytimes.com/movie/review?res=9D06E2DD153BE33BBC4152DFB466838A659EDE", "suggested_link_text": "Read the New York Times Review of Six Lessons from Madame La Zonca"}, "multimedia": null}]}