{"status": "OK", "copyright": "Copyright (c) 2017 The New York Times Company. All Rights Reserved.", "has_more": true, "num_results": 20, "results": [{"display_title": "Follow Your Heart", "mpaa_rating": "", "critics_pick": 0, "byline": "J.T.M.", "headline": "Follow Your Heart", "summary_short": "", "publication_date": "1936-10-22", "opening_date": "1936-08-11", "date_updated": "2016-03-30 07:05:52", "link": {"type": "article", "url": "http://www.nytimes.com/movie/review?res=9B04EEDA163EEE3BBC4A51DFB667838D629EDE", "suggested_link_text": "Read the New York Times Review of Follow Your Heart"}, "multimedia": null}, {"display_title": "The Big Broadcast of 1937", "mpaa_rating": "", "critics_pick": 0, "byline": "FRANK S. NUGENT", "headline": "Big Broadcast of 1937, The", "summary_short": "Painless old-style milling. Nice tunes: ``Night in Manhattan,'' ``Here's Love in Your Eye.''", "publication_date": "1936-10-22", "opening_date": "1936-10-06", "date_updated": "2016-03-30 07:11:31", "link": {"type": "article", "url": "http://www.nytimes.com/movie/review?res=9904EEDA163EEE3BBC4A51DFB667838D629EDE", "suggested_link_text": "Read the New York Times Review of The Big Broadcast of 1937"}, "multimedia": null}, {"display_title": "La Paloma", "mpaa_rating": "", "critics_pick": 0, "byline": "H.T.S.", "headline": "Paloma, La", "summary_short": "", "publication_date": "1936-10-21", "opening_date": "1936-10-20", "date_updated": "2016-03-30 06:49:38", "link": {"type": "article", "url": "http://www.nytimes.com/movie/review?res=9803E3DF1E39EE3BBC4951DFB667838D629EDE", "suggested_link_text": "Read the New York Times Review of La Paloma"}, "multimedia": null}, {"display_title": "Barcarole", "mpaa_rating": "", "critics_pick": 0, "byline": "H.T.S.", "headline": "Barcarole", "summary_short": "", "publication_date": "1936-10-21", "opening_date": "1936-10-20", "date_updated": "2016-03-30 07:20:40", "link": {"type": "article", "url": "http://www.nytimes.com/movie/review?res=9F03E3DF1E39EE3BBC4951DFB667838D629EDE", "suggested_link_text": "Read the New York Times Review of Barcarole"}, "multimedia": null}, {"display_title": "The President's Mystery", "mpaa_rating": "", "critics_pick": 0, "byline": "FRANK S. NUGENT", "headline": "President's Mystery, The", "summary_short": "", "publication_date": "1936-10-19", "opening_date": "1936-09-28", "date_updated": "2016-03-30 07:19:14", "link": {"type": "article", "url": "http://www.nytimes.com/movie/review?res=980CE3DB163EEE3BBC4152DFB667838D629EDE", "suggested_link_text": "Read the New York Times Review of The President's Mystery"}, "multimedia": null}, {"display_title": "Cain and Mabel", "mpaa_rating": "", "critics_pick": 0, "byline": "J.T.M.", "headline": "Cain and Mabel", "summary_short": "Showgirl and boxer. Gamely played antique.", "publication_date": "1936-10-19", "opening_date": "1936-09-26", "date_updated": "2016-03-30 07:14:42", "link": {"type": "article", "url": "http://www.nytimes.com/movie/review?res=9B0CE3DB163EEE3BBC4152DFB667838D629EDE", "suggested_link_text": "Read the New York Times Review of Cain and Mabel"}, "multimedia": null}, {"display_title": "The Longest Night", "mpaa_rating": "", "critics_pick": 0, "byline": "B.R.C.", "headline": "Longest Night, The", "summary_short": "Department store owner in love.", "publication_date": "1936-10-17", "opening_date": "1936-10-02", "date_updated": "2016-03-30 06:41:37", "link": {"type": "article", "url": "http://www.nytimes.com/movie/review?res=9E05EFDB163EEE3BBC4F52DFB667838D629EDE", "suggested_link_text": "Read the New York Times Review of The Longest Night"}, "multimedia": null}, {"display_title": "Fifteen Maiden Lane", "mpaa_rating": "", "critics_pick": 0, "byline": "T.M.P.", "headline": "Fifteen Maiden Lane", "summary_short": "", "publication_date": "1936-10-17", "opening_date": "1936-10-30", "date_updated": "2016-03-30 07:14:15", "link": {"type": "article", "url": "http://www.nytimes.com/movie/review?res=9805EFDB163EEE3BBC4F52DFB667838D629EDE", "suggested_link_text": "Read the New York Times Review of Fifteen Maiden Lane"}, "multimedia": null}, {"display_title": "Devil Is a Sissy", "mpaa_rating": "", "critics_pick": 0, "byline": "FRANK S. NUGENT", "headline": "Devil Is a Sissy, The", "summary_short": "Transplanted British schoolboy tries to be one of the gang in New York.", "publication_date": "1936-10-17", "opening_date": "1936-09-18", "date_updated": "2016-03-30 06:58:51", "link": {"type": "article", "url": "http://www.nytimes.com/movie/review?res=9C05EFDB163EEE3BBC4F52DFB667838D629EDE", "suggested_link_text": "Read the New York Times Review of Devil Is a Sissy"}, "multimedia": null}, {"display_title": "The Student's Romance", "mpaa_rating": "", "critics_pick": 0, "byline": "FRANK S. NUGENT", "headline": "Student's Romance, The", "summary_short": "", "publication_date": "1936-10-12", "opening_date": "1936-10-10", "date_updated": "2016-03-30 07:13:38", "link": {"type": "article", "url": "http://www.nytimes.com/movie/review?res=9F00EFDF163EEE3BBC4A52DFB667838D629EDE", "suggested_link_text": "Read the New York Times Review of The Student's Romance"}, "multimedia": null}, {"display_title": "The Man Who Lived Twice", "mpaa_rating": "", "critics_pick": 0, "byline": "J.T.M.", "headline": "Man Who Lived Twice, The", "summary_short": "Fairly diverting antique of amnesiac.", "publication_date": "1936-10-12", "opening_date": "1936-09-25", "date_updated": "2016-03-30 06:49:45", "link": {"type": "article", "url": "http://www.nytimes.com/movie/review?res=9B00EFDF163EEE3BBC4A52DFB667838D629EDE", "suggested_link_text": "Read the New York Times Review of The Man Who Lived Twice"}, "multimedia": null}, {"display_title": "Martha", "mpaa_rating": "", "critics_pick": 0, "byline": "H.T.S.", "headline": "Letzte Rose", "summary_short": "", "publication_date": "1936-10-10", "opening_date": "1936-10-09", "date_updated": "2016-03-30 06:50:25", "link": {"type": "article", "url": "http://www.nytimes.com/movie/review?res=9A07E5D81139EE3BBC4852DFB667838D629EDE", "suggested_link_text": "Read the New York Times Review of Martha"}, "multimedia": null}, {"display_title": "Lady Be Careful", "mpaa_rating": "", "critics_pick": 0, "byline": "B.R.C.", "headline": "Lady, Be Careful", "summary_short": "Fair comedy.", "publication_date": "1936-10-10", "opening_date": "1936-09-04", "date_updated": "2016-03-30 07:17:11", "link": {"type": "article", "url": "http://www.nytimes.com/movie/review?res=9907E5D81139EE3BBC4852DFB667838D629EDE", "suggested_link_text": "Read the New York Times Review of Lady Be Careful"}, "multimedia": null}, {"display_title": "Dimples", "mpaa_rating": "PG", "critics_pick": 0, "byline": "FRANK S. NUGENT", "headline": "Dimples", "summary_short": "All over. A kind of ``Oliver Twist'' set in Little Old New York. Works very nicely.", "publication_date": "1936-10-10", "opening_date": "1936-10-16", "date_updated": "2016-03-30 06:56:09", "link": {"type": "article", "url": "http://www.nytimes.com/movie/review?res=9807E5D81139EE3BBC4852DFB667838D629EDE", "suggested_link_text": "Read the New York Times Review of Dimples"}, "multimedia": null}, {"display_title": "The Gay Desperado", "mpaa_rating": "", "critics_pick": 0, "byline": "FRANK S. NUGENT", "headline": "Gay Desperado, The", "summary_short": "", "publication_date": "1936-10-09", "opening_date": "1936-10-02", "date_updated": "2016-03-30 06:52:01", "link": {"type": "article", "url": "http://www.nytimes.com/movie/review?res=9C02E1DF163EEE3BBC4153DFB667838D629EDE", "suggested_link_text": "Read the New York Times Review of The Gay Desperado"}, "multimedia": null}, {"display_title": "Valiant Is the Word For Carrie", "mpaa_rating": "", "critics_pick": 0, "byline": "FRANK S. NUGENT", "headline": "Valiant Is the Word for Carrie", "summary_short": "Ditto Gladys. Sudsy but beautifully played saga of warm-hearted, fallen woman.", "publication_date": "1936-10-08", "opening_date": null, "date_updated": "2016-03-30 07:18:49", "link": {"type": "article", "url": "http://www.nytimes.com/movie/review?res=9F04EFD61639EE3BBC4053DFB667838D629EDE", "suggested_link_text": "Read the New York Times Review of Valiant Is the Word For Carrie"}, "multimedia": null}, {"display_title": "Iskateli Schastya", "mpaa_rating": "", "critics_pick": 0, "byline": "H.T.S.", "headline": "Greater Promise, A", "summary_short": "", "publication_date": "1936-10-08", "opening_date": "1936-10-07", "date_updated": "2016-03-30 06:42:45", "link": {"type": "article", "url": "http://www.nytimes.com/movie/review?res=9804EFD61639EE3BBC4053DFB667838D629EDE", "suggested_link_text": "Read the New York Times Review of Iskateli Schastya"}, "multimedia": null}, {"display_title": "Ramona", "mpaa_rating": "", "critics_pick": 0, "byline": "FRANK S. NUGENT", "headline": "Ramona", "summary_short": "Love's old sweet, sad song. Try it for scenic nostalgia.", "publication_date": "1936-10-07", "opening_date": "1936-09-25", "date_updated": "2016-03-30 07:15:22", "link": {"type": "article", "url": "http://www.nytimes.com/movie/review?res=9D0DE5D81639EE3BBC4F53DFB667838D629EDE", "suggested_link_text": "Read the New York Times Review of Ramona"}, "multimedia": null}, {"display_title": "Soldaten Kameraden", "mpaa_rating": "", "critics_pick": 0, "byline": "Harry T. Smith", "headline": "Soldaten-Kameraden", "summary_short": "", "publication_date": "1936-10-05", "opening_date": "1936-10-04", "date_updated": "2016-03-30 07:30:35", "link": {"type": "article", "url": "http://www.nytimes.com/movie/review?res=9F0CE1DB1639EE3BBC4D53DFB667838D629EDE", "suggested_link_text": "Read the New York Times Review of Soldaten Kameraden"}, "multimedia": null}, {"display_title": "Two in a Crowd", "mpaa_rating": "", "critics_pick": 0, "byline": "FRANK S. NUGENT", "headline": "Two in a Crowd", "summary_short": "Routine racetrack comedy.", "publication_date": "1936-10-05", "opening_date": "1936-10-04", "date_updated": "2016-03-30 06:52:39", "link": {"type": "article", "url": "http://www.nytimes.com/movie/review?res=9A0DE1DB1639EE3BBC4D53DFB667838D629EDE", "suggested_link_text": "Read the New York Times Review of Two in a Crowd"}, "multimedia": null}]}