{"status": "OK", "copyright": "Copyright (c) 2017 The New York Times Company. All Rights Reserved.", "has_more": true, "num_results": 20, "results": [{"display_title": "Maria Ilona", "mpaa_rating": "", "critics_pick": 0, "byline": "B.R. CRISLER", "headline": "Maria Ilona", "summary_short": "", "publication_date": "1940-04-20", "opening_date": "1940-04-19", "date_updated": "2016-03-30 06:44:45", "link": {"type": "article", "url": "http://www.nytimes.com/movie/review?res=9E05EEDC1230E43ABC4851DFB266838B659EDE", "suggested_link_text": "Read the New York Times Review of Maria Ilona"}, "multimedia": null}, {"display_title": "Curtain Call", "mpaa_rating": "", "critics_pick": 0, "byline": "B.R. CRISLER", "headline": "Curtain Call", "summary_short": "Broadway producer and director give disloyal actress a dud script.", "publication_date": "1940-04-19", "opening_date": "1940-04-26", "date_updated": "2016-03-30 06:54:58", "link": {"type": "article", "url": "http://www.nytimes.com/movie/review?res=9403E4DC1230E43ABC4152DFB266838B659EDE", "suggested_link_text": "Read the New York Times Review of Curtain Call"}, "multimedia": null}, {"display_title": "Parole Fixer", "mpaa_rating": "", "critics_pick": 0, "byline": "B.R. CRISLER", "headline": "Parole Fixer", "summary_short": "Skip it.", "publication_date": "1940-04-18", "opening_date": "1940-02-02", "date_updated": "2016-03-30 06:49:49", "link": {"type": "article", "url": "http://www.nytimes.com/movie/review?res=9503E0DD1230E43ABC4052DFB266838B659EDE", "suggested_link_text": "Read the New York Times Review of Parole Fixer"}, "multimedia": null}, {"display_title": "George Washington Carver", "mpaa_rating": "", "critics_pick": 0, "byline": "B.R. CRISLER", "headline": "George Washington Carver", "summary_short": "", "publication_date": "1940-04-17", "opening_date": "1940-04-16", "date_updated": "2016-03-30 06:44:06", "link": {"type": "article", "url": "http://www.nytimes.com/movie/review?res=9C05E6DD1230E43ABC4F52DFB266838B659EDE", "suggested_link_text": "Read the New York Times Review of George Washington Carver"}, "multimedia": null}, {"display_title": "The House of the Seven Gables", "mpaa_rating": "", "critics_pick": 0, "byline": "B.R. CRISLER", "headline": "House of the Seven Gables, The", "summary_short": "Laxity and old lace. Hawthorne, watered down.", "publication_date": "1940-04-15", "opening_date": "1940-04-12", "date_updated": "2016-03-30 06:50:09", "link": {"type": "article", "url": "http://www.nytimes.com/movie/review?res=9B06EFDF1230E43ABC4D52DFB266838B659EDE", "suggested_link_text": "Read the New York Times Review of The House of the Seven Gables"}, "multimedia": null}, {"display_title": "'Til We Meet Again", "mpaa_rating": "", "critics_pick": 0, "byline": "B.R. CRISLER", "headline": "Til We Meet Again", "summary_short": "Treacly, glossed-up remake of the old beauty, ``One Way Passage.''", "publication_date": "1940-04-14", "opening_date": "1940-04-20", "date_updated": "2016-03-30 07:20:50", "link": {"type": "article", "url": "http://www.nytimes.com/movie/review?res=9A04E7DF1230E43ABC4C52DFB266838B659EDE", "suggested_link_text": "Read the New York Times Review of 'Til We Meet Again"}, "multimedia": null}, {"display_title": "Johnny Apollo", "mpaa_rating": "", "critics_pick": 0, "byline": "R.R. CRISLER", "headline": "Johnny Apollo", "summary_short": "Surprisingly pungent drama of collegian turned gangster.", "publication_date": "1940-04-13", "opening_date": "1940-04-12", "date_updated": "2016-03-30 06:43:28", "link": {"type": "article", "url": "http://www.nytimes.com/movie/review?res=9F0CE2D71530E43ABC4B52DFB266838B659EDE", "suggested_link_text": "Read the New York Times Review of Johnny Apollo"}, "multimedia": null}, {"display_title": "Dr. Kildare's Strange Case", "mpaa_rating": "", "critics_pick": 0, "byline": "B.R. CRISLER", "headline": "Dr Kildare's Strange Case", "summary_short": "Strange and typical.", "publication_date": "1940-04-12", "opening_date": "1940-04-12", "date_updated": "2016-03-30 06:53:57", "link": {"type": "article", "url": "http://www.nytimes.com/movie/review?res=9C01E1D81F3CEE3ABC4A52DFB266838B659EDE", "suggested_link_text": "Read the New York Times Review of Dr. Kildare's Strange Case"}, "multimedia": null}, {"display_title": "Dr. Cyclops", "mpaa_rating": "Not Rated", "critics_pick": 0, "byline": "B.R. CRISLER", "headline": "Dr Cyclops", "summary_short": "Nut time in the Peruvian jungle.", "publication_date": "1940-04-11", "opening_date": "1940-04-12", "date_updated": "2016-03-30 06:50:01", "link": {"type": "article", "url": "http://www.nytimes.com/movie/review?res=9C02EED81530E43ABC4952DFB266838B659EDE", "suggested_link_text": "Read the New York Times Review of Dr. Cyclops"}, "multimedia": null}, {"display_title": "Isle of Destiny", "mpaa_rating": "", "critics_pick": 0, "byline": "B.R. CRISLER", "headline": "Isle of Destiny", "summary_short": "", "publication_date": "1940-04-08", "opening_date": "1940-03-08", "date_updated": "2016-03-30 07:29:39", "link": {"type": "article", "url": "http://www.nytimes.com/movie/review?res=940DEEDA1530E43ABC4053DFB266838B659EDE", "suggested_link_text": "Read the New York Times Review of Isle of Destiny"}, "multimedia": null}, {"display_title": "It All Came True", "mpaa_rating": "", "critics_pick": 0, "byline": "B.R. CRISLER", "headline": "It all Came True", "summary_short": "Light, entertaining throwaway about boarding house inmates.", "publication_date": "1940-04-06", "opening_date": "1940-04-06", "date_updated": "2016-03-30 07:22:05", "link": {"type": "article", "url": "http://www.nytimes.com/movie/review?res=9400E3DA1530E43ABC4E53DFB266838B659EDE", "suggested_link_text": "Read the New York Times Review of It All Came True"}, "multimedia": null}, {"display_title": "Adventure in Diamonds", "mpaa_rating": "", "critics_pick": 0, "byline": "B.R. CRISLER", "headline": "Adventure in Diamonds", "summary_short": "Jewel thieves, South America.", "publication_date": "1940-04-04", "opening_date": "1940-03-08", "date_updated": "2016-03-30 07:13:15", "link": {"type": "article", "url": "http://www.nytimes.com/movie/review?res=9B07E7D81731E23ABC4C53DFB266838B659EDE", "suggested_link_text": "Read the New York Times Review of Adventure in Diamonds"}, "multimedia": null}, {"display_title": "Giuseppe Verdi", "mpaa_rating": "", "critics_pick": 0, "byline": "B.R. CRISLER", "headline": "Life of Giuseppe Verdi", "summary_short": "", "publication_date": "1940-04-03", "opening_date": "1940-04-02", "date_updated": "2016-03-30 06:54:39", "link": {"type": "article", "url": "http://www.nytimes.com/movie/review?res=9B07E7DA1731E23ABC4B53DFB266838B659EDE", "suggested_link_text": "Read the New York Times Review of Giuseppe Verdi"}, "multimedia": null}, {"display_title": "Zanzibar", "mpaa_rating": "", "critics_pick": 0, "byline": "B.R. CRISLER", "headline": "Zanzibar", "summary_short": "", "publication_date": "1940-04-01", "opening_date": "1940-03-08", "date_updated": "2016-03-30 07:20:59", "link": {"type": "article", "url": "http://www.nytimes.com/movie/review?res=9F06E5DB1530E43ABC4953DFB266838B659EDE", "suggested_link_text": "Read the New York Times Review of Zanzibar"}, "multimedia": null}, {"display_title": "Rebecca", "mpaa_rating": "Not Rated", "critics_pick": 1, "byline": "FRANK S. NUGENT", "headline": "Rebecca", "summary_short": "Hitchcock's classy suspense, from Du Maurier story of girl marrying into cavernous mansion of widower's memories.", "publication_date": "1940-03-29", "opening_date": "1940-04-12", "date_updated": "2016-03-30 06:41:34", "link": {"type": "article", "url": "http://www.nytimes.com/movie/review?res=9C06E5D61430E43ABC4151DFB566838B659EDE", "suggested_link_text": "Read the New York Times Review of Rebecca"}, "multimedia": null}, {"display_title": "The Human Monster", "mpaa_rating": "", "critics_pick": 0, "byline": "B.R. CRISLER", "headline": "Human Monster, The", "summary_short": "A not bad old creaker.", "publication_date": "1940-03-25", "opening_date": "1940-03-24", "date_updated": "2016-03-30 06:45:51", "link": {"type": "article", "url": "http://www.nytimes.com/movie/review?res=9807E0DC1430E43ABC4D51DFB566838B659EDE", "suggested_link_text": "Read the New York Times Review of The Human Monster"}, "multimedia": null}, {"display_title": "It's a Date", "mpaa_rating": "", "critics_pick": 0, "byline": "FRANK S. NUGENT", "headline": "It's a Date", "summary_short": "Charming caper, with nice music, about daughter of Broadway star. Neat trouping.", "publication_date": "1940-03-23", "opening_date": "1940-03-22", "date_updated": "2016-03-30 06:44:42", "link": {"type": "article", "url": "http://www.nytimes.com/movie/review?res=9D00E0DB1130E53ABC4B51DFB566838B659EDE", "suggested_link_text": "Read the New York Times Review of It's a Date"}, "multimedia": null}, {"display_title": "The House Across the Bay", "mpaa_rating": "", "critics_pick": 0, "byline": "FRANK S. NUGENT", "headline": "House Across the Bay, The", "summary_short": "Medium prison melodrama. Nolan fine; as usual.", "publication_date": "1940-03-22", "opening_date": "1940-03-01", "date_updated": "2016-03-30 07:16:58", "link": {"type": "article", "url": "http://www.nytimes.com/movie/review?res=9B07E3D61430E03ABC4A51DFB566838B659EDE", "suggested_link_text": "Read the New York Times Review of The House Across the Bay"}, "multimedia": null}, {"display_title": "My Little Chickadee", "mpaa_rating": "", "critics_pick": 0, "byline": "FRANK S. NUGENT", "headline": "My Little Chickadee", "summary_short": "Mae and Bill a great team but at middle steam. Some pearly moments.", "publication_date": "1940-03-16", "opening_date": "1940-03-15", "date_updated": "2016-03-30 06:55:26", "link": {"type": "article", "url": "http://www.nytimes.com/movie/review?res=9B01E0DF1730E43ABC4E52DFB566838B659EDE", "suggested_link_text": "Read the New York Times Review of My Little Chickadee"}, "multimedia": null}, {"display_title": "Young Tom Edison", "mpaa_rating": "", "critics_pick": 0, "byline": "FRANK S. NUGENT", "headline": "Young Tom Edison", "summary_short": "Sturdy and sensible.", "publication_date": "1940-03-15", "opening_date": "1940-03-15", "date_updated": "2016-03-30 06:58:16", "link": {"type": "article", "url": "http://www.nytimes.com/movie/review?res=9503EFDF1439E731A25756C1A9659C946193D6CF", "suggested_link_text": "Read the New York Times Review of Young Tom Edison"}, "multimedia": null}]}