{"status": "OK", "copyright": "Copyright (c) 2017 The New York Times Company. All Rights Reserved.", "has_more": true, "num_results": 20, "results": [{"display_title": "Green Hell", "mpaa_rating": "", "critics_pick": 0, "byline": "FRANK S. NUGENT", "headline": "Green Hell", "summary_short": "Old-style treasure safari, South American jungle.", "publication_date": "1940-01-30", "opening_date": "1940-01-26", "date_updated": "2016-03-30 06:53:35", "link": {"type": "article", "url": "http://www.nytimes.com/movie/review?res=9A05E4DB1331E43ABC4850DFB766838B659EDE", "suggested_link_text": "Read the New York Times Review of Green Hell"}, "multimedia": null}, {"display_title": "The Fighting 69th", "mpaa_rating": "", "critics_pick": 0, "byline": "FRANK S. NUGENT", "headline": "Fighting 69th, The", "summary_short": "World War I via the Warner Stock Company.", "publication_date": "1940-01-27", "opening_date": "1940-01-27", "date_updated": "2016-03-30 06:48:16", "link": {"type": "article", "url": "http://www.nytimes.com/movie/review?res=9906EFD81E3EE23ABC4F51DFB766838B659EDE", "suggested_link_text": "Read the New York Times Review of The Fighting 69th"}, "multimedia": null}, {"display_title": "The Shop Around the Corner", "mpaa_rating": "", "critics_pick": 1, "byline": "FRANK S. NUGENT", "headline": "Shop Around the Corner, The", "summary_short": "Pen pals in love. A joy, with real charm, real people, via Lubitsch.", "publication_date": "1940-01-26", "opening_date": "1940-01-12", "date_updated": "2016-03-30 06:51:19", "link": {"type": "article", "url": "http://www.nytimes.com/movie/review?res=9505E5D81E3EE23ABC4E51DFB766838B659EDE", "suggested_link_text": "Read the New York Times Review of The Shop Around the Corner"}, "multimedia": null}, {"display_title": "The Grapes of Wrath", "mpaa_rating": "Not Rated", "critics_pick": 1, "byline": "FRANK S. NUGENT", "headline": "Grapes of Wrath, The", "summary_short": "Steinbeck's Depression-era Okies, via Ford. The American screen at its peak.", "publication_date": "1940-01-25", "opening_date": "1940-03-15", "date_updated": "2016-03-30 06:42:06", "link": {"type": "article", "url": "http://www.nytimes.com/movie/review?res=9802E7D91E3EE23ABC4D51DFB766838B659EDE", "suggested_link_text": "Read the New York Times Review of The Grapes of Wrath"}, "multimedia": null}, {"display_title": "The Lion Has Wings", "mpaa_rating": "", "critics_pick": 0, "byline": "FRANK S. NUGENT", "headline": "Lion Has Wings The", "summary_short": "", "publication_date": "1940-01-22", "opening_date": "1940-01-19", "date_updated": "2016-03-30 06:48:54", "link": {"type": "article", "url": "http://www.nytimes.com/movie/review?res=9A06E6DE1E3EE23ABC4A51DFB766838B659EDE", "suggested_link_text": "Read the New York Times Review of The Lion Has Wings"}, "multimedia": null}, {"display_title": "The Blue Bird", "mpaa_rating": "", "critics_pick": 0, "byline": "FRANK S. NUGENT", "headline": "Blue Bird, The", "summary_short": "Lavish fairy-tale showcase for Temple. Heavy at times but eye-filling.", "publication_date": "1940-01-20", "opening_date": "1940-01-15", "date_updated": "2016-03-30 07:20:53", "link": {"type": "article", "url": "http://www.nytimes.com/movie/review?res=9805E6D9113EE23ABC4851DFB766838B659EDE", "suggested_link_text": "Read the New York Times Review of The Blue Bird"}, "multimedia": null}, {"display_title": "The Amazing Mr. Williams", "mpaa_rating": "", "critics_pick": 0, "byline": "FRANK S. NUGENT", "headline": "Amazing Mr Williams, The", "summary_short": "", "publication_date": "1940-01-19", "opening_date": "1939-11-23", "date_updated": "2016-03-30 06:47:56", "link": {"type": "article", "url": "http://www.nytimes.com/movie/review?res=9800E6DB1130E53ABC4152DFB766838B659EDE", "suggested_link_text": "Read the New York Times Review of The Amazing Mr. Williams"}, "multimedia": null}, {"display_title": "Judge Hardy and Son", "mpaa_rating": "", "critics_pick": 0, "byline": "FRANK S. NUGENT", "headline": "Judge Hardy and Son", "summary_short": "Papa and popoff. Help yourself.", "publication_date": "1940-01-18", "opening_date": "1939-12-22", "date_updated": "2016-03-30 06:54:58", "link": {"type": "article", "url": "http://www.nytimes.com/movie/review?res=9500E4D7153EE432A2575BC1A9679C946193D6CF", "suggested_link_text": "Read the New York Times Review of Judge Hardy and Son"}, "multimedia": null}, {"display_title": "The Invisible Man Returns", "mpaa_rating": "", "critics_pick": 0, "byline": "FRANK S. NUGENT", "headline": "Invisible Man Returns, The", "summary_short": "Surprisingly acceptable sequel.", "publication_date": "1940-01-16", "opening_date": "1940-01-12", "date_updated": "2016-03-30 07:13:57", "link": {"type": "article", "url": "http://www.nytimes.com/movie/review?res=9E0DE4DC113EE23ABC4E52DFB766838B659EDE", "suggested_link_text": "Read the New York Times Review of The Invisible Man Returns"}, "multimedia": null}, {"display_title": "The Fatal Hour", "mpaa_rating": "", "critics_pick": 0, "byline": "FRANK S. NUGENT", "headline": "Fatal Hour, The", "summary_short": "Fair minus.", "publication_date": "1940-01-13", "opening_date": "1940-01-15", "date_updated": "2016-03-30 06:44:05", "link": {"type": "article", "url": "http://www.nytimes.com/movie/review?res=9C00EEDE113EE23ABC4B52DFB766838B659EDE", "suggested_link_text": "Read the New York Times Review of The Fatal Hour"}, "multimedia": null}, {"display_title": "His Girl Friday", "mpaa_rating": "", "critics_pick": 1, "byline": "FRANK S. NUGENT", "headline": "His Girl Friday", "summary_short": "``Front Page'' remake with gender change. Funny and deadline-fast.", "publication_date": "1940-01-12", "opening_date": "1940-01-18", "date_updated": "2016-03-30 07:28:46", "link": {"type": "article", "url": "http://www.nytimes.com/movie/review?res=9F00E1D8103EE23ABC4A52DFB766838B659EDE", "suggested_link_text": "Read the New York Times Review of His Girl Friday"}, "multimedia": null}, {"display_title": "A Child Is Born", "mpaa_rating": "", "critics_pick": 0, "byline": "FRANK S. NUGENT", "headline": "Child Is Born, A", "summary_short": "Nurses, moms-to-be and a few nervous husbands. Not particularly diverting.", "publication_date": "1940-01-11", "opening_date": "1940-01-06", "date_updated": "2016-03-30 06:42:20", "link": {"type": "article", "url": "http://www.nytimes.com/movie/review?res=980DE2DA103EE23ABC4952DFB766838B659EDE", "suggested_link_text": "Read the New York Times Review of A Child Is Born"}, "multimedia": null}, {"display_title": "Mexican Spitfire", "mpaa_rating": "", "critics_pick": 0, "byline": "FRANK S. NUGENT", "headline": "Mexican Spitfire", "summary_short": "Bygone comedy corn. We always liked these two.", "publication_date": "1940-01-10", "opening_date": "1940-01-12", "date_updated": "2016-03-30 06:58:49", "link": {"type": "article", "url": "http://www.nytimes.com/movie/review?res=9A07E0DC103EE23ABC4852DFB766838B659EDE", "suggested_link_text": "Read the New York Times Review of Mexican Spitfire"}, "multimedia": null}, {"display_title": "Music in My Heart", "mpaa_rating": "", "critics_pick": 0, "byline": "FRANK S. NUGENT", "headline": "Music in My Heart", "summary_short": "Mild but pleasant enough.", "publication_date": "1940-01-04", "opening_date": "1940-01-10", "date_updated": "2016-03-30 06:43:47", "link": {"type": "article", "url": "http://www.nytimes.com/movie/review?res=9F06E0D7113CE73ABC4C53DFB766838B659EDE", "suggested_link_text": "Read the New York Times Review of Music in My Heart"}, "multimedia": null}, {"display_title": "The Hunchback of Notre Dame", "mpaa_rating": "Not Rated", "critics_pick": 0, "byline": "FRANK S. NUGENT", "headline": "Hunchback of Notre Dame, The", "summary_short": "Strong and stirring. Charles goes to town, and church.", "publication_date": "1940-01-01", "opening_date": "1939-12-29", "date_updated": "2016-03-30 06:52:28", "link": {"type": "article", "url": "http://www.nytimes.com/movie/review?res=9E01E3DB133EE23ABC4953DFB766838B659EDE", "suggested_link_text": "Read the New York Times Review of The Hunchback of Notre Dame"}, "multimedia": null}, {"display_title": "Swanee River", "mpaa_rating": "", "critics_pick": 0, "byline": "FRANK S. NUGENT", "headline": "Swanee River", "summary_short": "The Stephen Foster story, sort of, sticky as molasses. But fine music.", "publication_date": "1939-12-30", "opening_date": "1940-01-05", "date_updated": "2016-03-30 06:47:30", "link": {"type": "article", "url": "http://www.nytimes.com/movie/review?res=9E01E5D8113AE532A25753C3A9649D946894D6CF", "suggested_link_text": "Read the New York Times Review of Swanee River"}, "multimedia": null}, {"display_title": "The Night of Nights", "mpaa_rating": "", "critics_pick": 0, "byline": "FRANK S. NUGENT", "headline": "Night of Nights, The", "summary_short": "Playwright makes comeback: corn.", "publication_date": "1939-12-28", "opening_date": "1939-12-01", "date_updated": "2016-03-30 07:27:28", "link": {"type": "article", "url": "http://www.nytimes.com/movie/review?res=9A02E7D81E39E532A2575BC2A9649D946894D6CF", "suggested_link_text": "Read the New York Times Review of The Night of Nights"}, "multimedia": null}, {"display_title": "Entente Cordiale", "mpaa_rating": "", "critics_pick": 0, "byline": "FRANK S. NUGENT", "headline": "Entente Cordiale", "summary_short": "", "publication_date": "1939-12-26", "opening_date": "1939-12-25", "date_updated": "2016-03-30 06:55:48", "link": {"type": "article", "url": "http://www.nytimes.com/movie/review?res=980CEEDD1130E53ABC4E51DFB4678382629EDE", "suggested_link_text": "Read the New York Times Review of Entente Cordiale"}, "multimedia": null}, {"display_title": "Charlie McCarthy, Detective", "mpaa_rating": "", "critics_pick": 0, "byline": "FRANK S. NUGENT", "headline": "Charlie McCarthy, Detective", "summary_short": "Harmless and awfully coy.", "publication_date": "1939-12-25", "opening_date": "1939-12-22", "date_updated": "2016-03-30 07:24:16", "link": {"type": "article", "url": "http://www.nytimes.com/movie/review?res=9807E1D8153EE432A25756C2A9649D946894D6CF", "suggested_link_text": "Read the New York Times Review of Charlie McCarthy, Detective"}, "multimedia": null}, {"display_title": "Four Wives", "mpaa_rating": "", "critics_pick": 0, "byline": "FRANK S. NUGENT", "headline": "Four Wives", "summary_short": "Surprisingly tasteful, winning sequel to the daughters four.", "publication_date": "1939-12-23", "opening_date": "1939-12-25", "date_updated": "2016-03-30 06:56:02", "link": {"type": "article", "url": "http://www.nytimes.com/movie/review?res=9A05EED9153EE432A25750C2A9649D946894D6CF", "suggested_link_text": "Read the New York Times Review of Four Wives"}, "multimedia": null}]}