{"status": "OK", "copyright": "Copyright (c) 2017 The New York Times Company. All Rights Reserved.", "has_more": true, "num_results": 20, "results": [{"display_title": "Drums Along the Mohawk", "mpaa_rating": "", "critics_pick": 0, "byline": "FRANK S. NUGENT", "headline": "Drums Along the Mohawk", "summary_short": "Pioneers on Indian terrain, Revolutionary War. Rousing, colorful with John Ford grit. Edna May steals it.", "publication_date": "1939-11-04", "opening_date": "1939-11-10", "date_updated": "2016-03-30 07:12:24", "link": {"type": "article", "url": "http://www.nytimes.com/movie/review?res=9E02E1DE143EE432A25757C0A9679D946894D6CF", "suggested_link_text": "Read the New York Times Review of Drums Along the Mohawk"}, "multimedia": null}, {"display_title": "The Escape", "mpaa_rating": "", "critics_pick": 0, "byline": "FRANK S. NUGENT", "headline": "Escape, The", "summary_short": "", "publication_date": "1939-11-03", "opening_date": "1939-10-24", "date_updated": "2016-03-30 06:48:51", "link": {"type": "article", "url": "http://www.nytimes.com/movie/review?res=9C00EEDC153EE23ABC4B53DFB7678382629EDE", "suggested_link_text": "Read the New York Times Review of The Escape"}, "multimedia": null}, {"display_title": "First Film Concert", "mpaa_rating": "", "critics_pick": 0, "byline": "FRANK S. NUGENT", "headline": "First Film Concert, The", "summary_short": "", "publication_date": "1939-11-02", "opening_date": "1938-05-13", "date_updated": "2016-03-30 07:23:41", "link": {"type": "article", "url": "http://www.nytimes.com/movie/review?res=9C07E4DC153EE23ABC4A53DFB7678382629EDE", "suggested_link_text": "Read the New York Times Review of First Film Concert"}, "multimedia": null}, {"display_title": "Legion of Lost Flyers", "mpaa_rating": "", "critics_pick": 0, "byline": "FRANK S. NUGENT", "headline": "Legion of Lost Flyers", "summary_short": "", "publication_date": "1939-10-30", "opening_date": "1939-11-03", "date_updated": "2016-03-30 06:51:30", "link": {"type": "article", "url": "http://www.nytimes.com/movie/review?res=9A0DE3DF143EE432A25753C3A9669D946894D6CF", "suggested_link_text": "Read the New York Times Review of Legion of Lost Flyers"}, "multimedia": null}, {"display_title": "The Dead End Kids on Dress Parade", "mpaa_rating": "", "critics_pick": 0, "byline": "FRANK S. NUGENT", "headline": "Dress Parade", "summary_short": "Former tough guys in military school.", "publication_date": "1939-10-28", "opening_date": "1939-11-18", "date_updated": "2016-03-30 07:26:08", "link": {"type": "article", "url": "http://www.nytimes.com/movie/review?res=9C0DE6D7103AE532A2575BC2A9669D946894D6CF", "suggested_link_text": "Read the New York Times Review of The Dead End Kids on Dress Parade"}, "multimedia": null}, {"display_title": "Pack up Your Troubles", "mpaa_rating": "", "critics_pick": 0, "byline": "FRANK S. NUGENT", "headline": "Pack up Your Troubles", "summary_short": "", "publication_date": "1939-10-27", "opening_date": "1939-10-20", "date_updated": "2016-03-30 06:54:43", "link": {"type": "article", "url": "http://www.nytimes.com/movie/review?res=9900E5DE153EE23ABC4F51DFB6678382629EDE", "suggested_link_text": "Read the New York Times Review of Pack up Your Troubles"}, "multimedia": null}, {"display_title": "Calling All Marines", "mpaa_rating": "", "critics_pick": 0, "byline": "FRANK S. NUGENT", "headline": "Calling All Marines", "summary_short": "", "publication_date": "1939-10-26", "opening_date": "1939-09-20", "date_updated": "2016-03-30 07:15:47", "link": {"type": "article", "url": "http://www.nytimes.com/movie/review?res=9C03E2DF153EE23ABC4E51DFB6678382629EDE", "suggested_link_text": "Read the New York Times Review of Calling All Marines"}, "multimedia": null}, {"display_title": "Mirele Efros", "mpaa_rating": "", "critics_pick": 0, "byline": "FRANK S. NUGENT", "headline": "Mirele Efros", "summary_short": "", "publication_date": "1939-10-21", "opening_date": "1939-10-20", "date_updated": "2016-03-30 07:23:14", "link": {"type": "article", "url": "http://www.nytimes.com/movie/review?res=9500E7DF143EE432A25752C2A9669D946894D6CF", "suggested_link_text": "Read the New York Times Review of Mirele Efros"}, "multimedia": null}, {"display_title": "Babes in Arms", "mpaa_rating": "Not Rated", "critics_pick": 0, "byline": "FRANK S. NUGENT", "headline": "Babes in Arms", "summary_short": "Theater kids in summer camp. The best of Rodgers and Hart scrapped for the good clean fun of it.", "publication_date": "1939-10-20", "opening_date": "1939-10-13", "date_updated": "2016-03-30 07:27:33", "link": {"type": "article", "url": "http://www.nytimes.com/movie/review?res=9403EED8143EE23ABC4851DFB6678382629EDE", "suggested_link_text": "Read the New York Times Review of Babes in Arms"}, "multimedia": null}, {"display_title": "Those High Grey Walls", "mpaa_rating": "", "critics_pick": 0, "byline": "FRANK S. NUGENT", "headline": "Those High Grey Walls", "summary_short": "", "publication_date": "1939-10-19", "opening_date": "1939-09-21", "date_updated": "2016-03-30 07:25:12", "link": {"type": "article", "url": "http://www.nytimes.com/movie/review?res=9B02E5D7173FE731A2575AC1A9669D946894D6CF", "suggested_link_text": "Read the New York Times Review of Those High Grey Walls"}, "multimedia": null}, {"display_title": "Rasputin", "mpaa_rating": "", "critics_pick": 0, "byline": "FRANK S. NUGENT", "headline": "Rasputin", "summary_short": "", "publication_date": "1939-10-17", "opening_date": "1939-10-16", "date_updated": "2016-03-30 06:45:14", "link": {"type": "article", "url": "http://www.nytimes.com/movie/review?res=9802E3D6173EE432A25754C1A9669D946894D6CF", "suggested_link_text": "Read the New York Times Review of Rasputin"}, "multimedia": null}, {"display_title": "Hollywood Cavalcade", "mpaa_rating": "", "critics_pick": 0, "byline": "FRANK S. NUGENT", "headline": "Hollywood Cavalcade", "summary_short": "Nice spoof of the Keystone Kop era.", "publication_date": "1939-10-14", "opening_date": "1939-10-13", "date_updated": "2016-03-30 06:47:46", "link": {"type": "article", "url": "http://www.nytimes.com/movie/review?res=9901E1D7173EE432A25757C1A9669D946894D6CF", "suggested_link_text": "Read the New York Times Review of Hollywood Cavalcade"}, "multimedia": null}, {"display_title": "Ireland's Border Line", "mpaa_rating": "", "critics_pick": 0, "byline": "FRANK S. NUGENT", "headline": "Ireland's Border Line", "summary_short": "", "publication_date": "1939-10-13", "opening_date": "1939-10-13", "date_updated": "2016-03-30 07:13:48", "link": {"type": "article", "url": "http://www.nytimes.com/movie/review?res=9405E5D9143EE23ABC4B52DFB6678382629EDE", "suggested_link_text": "Read the New York Times Review of Ireland's Border Line"}, "multimedia": null}, {"display_title": "Jamaica Inn", "mpaa_rating": "", "critics_pick": 0, "byline": "FRANK S. NUGENT", "headline": "Jamaica Inn", "summary_short": "Victorian coastal melodrama that clanks, swashes and buckles, under Hitchcock, of all people. Stay with Du Maurier's novel.", "publication_date": "1939-10-12", "opening_date": "1939-10-13", "date_updated": "2016-03-30 07:15:04", "link": {"type": "article", "url": "http://www.nytimes.com/movie/review?res=9E0CE6DA143EE23ABC4A52DFB6678382629EDE", "suggested_link_text": "Read the New York Times Review of Jamaica Inn"}, "multimedia": null}, {"display_title": "Affair Lafont", "mpaa_rating": "", "critics_pick": 0, "byline": "FRANK S. NUGENT", "headline": "Conflit", "summary_short": "", "publication_date": "1939-10-09", "opening_date": "1939-10-08", "date_updated": "2016-03-30 07:19:15", "link": {"type": "article", "url": "http://www.nytimes.com/movie/review?res=9B04EEDE143EE23ABC4153DFB6678382629EDE", "suggested_link_text": "Read the New York Times Review of Affair Lafont"}, "multimedia": null}, {"display_title": "Eternally Yours", "mpaa_rating": "", "critics_pick": 0, "byline": "FRANK S. NUGENT", "headline": "Eternally Yours", "summary_short": "Fair fluff.", "publication_date": "1939-10-07", "opening_date": "1939-10-06", "date_updated": "2016-03-30 07:14:39", "link": {"type": "article", "url": "http://www.nytimes.com/movie/review?res=9C04E5D7173EE23ABC4F53DFB6678382629EDE", "suggested_link_text": "Read the New York Times Review of Eternally Yours"}, "multimedia": null}, {"display_title": "Intermezzo", "mpaa_rating": "", "critics_pick": 0, "byline": "FRANK S. NUGENT", "headline": "Intermezzo, A Love Story", "summary_short": "Violinist has affair with piano teacher. The one that made Ingrid a star.", "publication_date": "1939-10-06", "opening_date": null, "date_updated": "2016-03-30 06:50:23", "link": {"type": "article", "url": "http://www.nytimes.com/movie/review?res=9A06E2D8173EE23ABC4E53DFB6678382629EDE", "suggested_link_text": "Read the New York Times Review of Intermezzo"}, "multimedia": null}, {"display_title": "$1,000 a Touchdown", "mpaa_rating": "", "critics_pick": 0, "byline": "FRANK S. NUGENT", "headline": "$1,000 a Touchdown", "summary_short": "An old rah-rah antique, but dig those three.", "publication_date": "1939-10-05", "opening_date": "1939-10-04", "date_updated": "2016-03-30 06:52:00", "link": {"type": "article", "url": "http://www.nytimes.com/movie/review?res=9B03E2D9173EE23ABC4D53DFB6678382629EDE", "suggested_link_text": "Read the New York Times Review of $1,000 a Touchdown"}, "multimedia": null}, {"display_title": "Regain", "mpaa_rating": "", "critics_pick": 1, "byline": "FRANK S. NUGENT", "headline": "Harvest", "summary_short": "Struggling farmers, from the golden age of French cinema. Simple, memorable human drama.", "publication_date": "1939-10-03", "opening_date": "1939-10-02", "date_updated": "2016-03-30 07:21:13", "link": {"type": "article", "url": "http://www.nytimes.com/movie/review?res=9D05E1DB173EE23ABC4B53DFB6678382629EDE", "suggested_link_text": "Read the New York Times Review of Regain"}, "multimedia": null}, {"display_title": "Here I Am a Stranger", "mpaa_rating": "", "critics_pick": 0, "byline": "FRANK S. NUGENT", "headline": "Here I Am a Stranger", "summary_short": "", "publication_date": "1939-09-30", "opening_date": "1939-09-29", "date_updated": "2016-03-30 06:58:51", "link": {"type": "article", "url": "http://www.nytimes.com/movie/review?res=9D03EED8173EE432A25753C3A96F9C946894D6CF", "suggested_link_text": "Read the New York Times Review of Here I Am a Stranger"}, "multimedia": null}]}