{"status": "OK", "copyright": "Copyright (c) 2017 The New York Times Company. All Rights Reserved.", "has_more": true, "num_results": 20, "results": [{"display_title": "The Saxon Charm", "mpaa_rating": "", "critics_pick": 0, "byline": "T.M.P.", "headline": "Saxon Charm, The", "summary_short": "Engrossing drama of abominable Broadway producer.", "publication_date": "1948-09-30", "opening_date": "1948-09-29", "date_updated": "2016-03-30 07:20:25", "link": {"type": "article", "url": "http://www.nytimes.com/movie/review?res=980CEFD71F3CE03ABC4850DFBF668383659EDE", "suggested_link_text": "Read the New York Times Review of The Saxon Charm"}, "multimedia": null}, {"display_title": "Cry of the City", "mpaa_rating": "", "critics_pick": 0, "byline": "A. W.", "headline": "Cry of the City", "summary_short": "A wounded, wandering criminal. Strong, colorful, fine cast.", "publication_date": "1948-09-30", "opening_date": "1948-09-29", "date_updated": "2016-03-30 06:48:41", "link": {"type": "article", "url": "http://www.nytimes.com/movie/review?res=9A0CEFD71F3CE03ABC4850DFBF668383659EDE", "suggested_link_text": "Read the New York Times Review of Cry of the City"}, "multimedia": null}, {"display_title": "Louisiana Story", "mpaa_rating": "", "critics_pick": 1, "byline": "BOSLEY CROWTHER", "headline": "Louisiana Story", "summary_short": "Cajun boy and his parents live in the bayou with alligators and oil drillers. Directed by Robert Flaherty. Music by Virgil Thomson.", "publication_date": "1948-09-29", "opening_date": null, "date_updated": "2016-03-30 07:20:31", "link": {"type": "article", "url": "http://www.nytimes.com/movie/review?res=9806EED7173CE733A2575AC2A96F9C946993D6CF", "suggested_link_text": "Read the New York Times Review of Louisiana Story"}, "multimedia": null}, {"display_title": "An Innocent Affair", "mpaa_rating": "", "critics_pick": 0, "byline": "T. M.P.", "headline": "Innocent Affair, An", "summary_short": "Medium romantic comedy.", "publication_date": "1948-09-29", "opening_date": "1948-10-15", "date_updated": "2016-03-30 06:47:12", "link": {"type": "article", "url": "http://www.nytimes.com/movie/review?res=9906EED7173CE733A2575AC2A96F9C946993D6CF", "suggested_link_text": "Read the New York Times Review of An Innocent Affair"}, "multimedia": null}, {"display_title": "For the Love of Mary", "mpaa_rating": "", "critics_pick": 0, "byline": "BOSLEY CROWTHER", "headline": "For the Love of Mary", "summary_short": "Nice little comedy.", "publication_date": "1948-09-23", "opening_date": "1948-09-01", "date_updated": "2016-03-30 07:09:17", "link": {"type": "article", "url": "http://www.nytimes.com/movie/review?res=9D02E4DF133FE23ABC4B51DFBF668383659EDE", "suggested_link_text": "Read the New York Times Review of For the Love of Mary"}, "multimedia": null}, {"display_title": "Rachel and the Stranger", "mpaa_rating": "", "critics_pick": 0, "byline": "A.W.", "headline": "Rachel and the Stranger", "summary_short": "Frontier triangle. Low-key and charming.", "publication_date": "1948-09-20", "opening_date": null, "date_updated": "2016-03-30 07:09:24", "link": {"type": "article", "url": "http://www.nytimes.com/movie/review?res=9D03E0DE143AE33BBC4851DFBF668383659EDE", "suggested_link_text": "Read the New York Times Review of Rachel and the Stranger"}, "multimedia": null}, {"display_title": "Les Aventures De Casanova", "mpaa_rating": "", "critics_pick": 0, "byline": "B.C.", "headline": "Loves of Casanova", "summary_short": "", "publication_date": "1948-09-18", "opening_date": "1948-09-17", "date_updated": "2016-03-30 07:24:53", "link": {"type": "article", "url": "http://www.nytimes.com/movie/review?res=9B05E7D71630E03BBC4052DFBF668383659EDE", "suggested_link_text": "Read the New York Times Review of Les Aventures De Casanova"}, "multimedia": null}, {"display_title": "The Merry Chase", "mpaa_rating": "", "critics_pick": 0, "byline": "-- H.T.", "headline": "Merry Chase, The", "summary_short": "", "publication_date": "1948-09-18", "opening_date": "1948-09-17", "date_updated": "2016-03-30 07:27:05", "link": {"type": "article", "url": "http://www.nytimes.com/movie/review?res=9405E7D71630E03BBC4052DFBF668383659EDE", "suggested_link_text": "Read the New York Times Review of The Merry Chase"}, "multimedia": null}, {"display_title": "Good Sam", "mpaa_rating": "", "critics_pick": 0, "byline": "BOSLEY CROWTHER", "headline": "Good Sam", "summary_short": "Tart-toned comedy of a do-gooder. Wry Annie has the best lines.", "publication_date": "1948-09-17", "opening_date": "1948-09-01", "date_updated": "2016-03-30 07:22:22", "link": {"type": "article", "url": "http://www.nytimes.com/movie/review?res=9404E5D61230E23ABC4F52DFBF668383659EDE", "suggested_link_text": "Read the New York Times Review of Good Sam"}, "multimedia": null}, {"display_title": "Marriage in the Shadows", "mpaa_rating": "", "critics_pick": 0, "byline": "T. M. P.", "headline": "Marriage in the Shadows", "summary_short": "", "publication_date": "1948-09-17", "opening_date": null, "date_updated": "2016-03-30 06:57:29", "link": {"type": "article", "url": "http://www.nytimes.com/movie/review?res=9E07E5D61230E23ABC4F52DFBF668383659EDE", "suggested_link_text": "Read the New York Times Review of Marriage in the Shadows"}, "multimedia": null}, {"display_title": "The Luck of the Irish", "mpaa_rating": "", "critics_pick": 0, "byline": "BOSLEY CROWTHER", "headline": "Luck of the Irish, The", "summary_short": "Reporter gets involved with an Irishwoman and her leprechaun friend. No pot of gold.", "publication_date": "1948-09-16", "opening_date": "1948-09-15", "date_updated": "2016-03-30 07:29:56", "link": {"type": "article", "url": "http://www.nytimes.com/movie/review?res=940CE0D6123FE23ABC4E52DFBF668383659EDE", "suggested_link_text": "Read the New York Times Review of The Luck of the Irish"}, "multimedia": null}, {"display_title": "La Symphonie Pastorale", "mpaa_rating": "", "critics_pick": 0, "byline": "BOSLEY CROWTHER", "headline": "Symphonie Pastorale", "summary_short": "", "publication_date": "1948-09-14", "opening_date": "1948-09-22", "date_updated": "2016-03-30 06:55:20", "link": {"type": "article", "url": "http://www.nytimes.com/movie/review?res=940CEEDD113BE33BBC4C52DFBF668383659EDE", "suggested_link_text": "Read the New York Times Review of La Symphonie Pastorale"}, "multimedia": null}, {"display_title": "Luxury Liner", "mpaa_rating": "Not Rated", "critics_pick": 0, "byline": "BOSLEY CROWTHER", "headline": "Luxury Liner", "summary_short": "Fluffy musical romance. Pleasant, including the tunes.", "publication_date": "1948-09-10", "opening_date": null, "date_updated": "2016-03-30 06:55:27", "link": {"type": "article", "url": "http://www.nytimes.com/movie/review?res=9E07E5DE173AE33BBC4852DFBF668383659EDE", "suggested_link_text": "Read the New York Times Review of Luxury Liner"}, "multimedia": null}, {"display_title": "Le Comedien", "mpaa_rating": "", "critics_pick": 0, "byline": "BOSLEY CROWTHER", "headline": "Private Life of an Actor", "summary_short": "", "publication_date": "1948-09-07", "opening_date": null, "date_updated": "2016-03-30 07:13:24", "link": {"type": "article", "url": "http://www.nytimes.com/movie/review?res=9C07E0D7163AE33BBC4F53DFBF668383659EDE", "suggested_link_text": "Read the New York Times Review of Le Comedien"}, "multimedia": null}, {"display_title": "We Live Again", "mpaa_rating": "", "critics_pick": 0, "byline": "T. M. P.", "headline": "We Live Again", "summary_short": "", "publication_date": "1948-09-06", "opening_date": "1948-09-04", "date_updated": "2016-03-30 07:30:21", "link": {"type": "article", "url": "http://www.nytimes.com/movie/review?res=9D0CE7D91438EE3BBC4E53DFBF668383659EDE", "suggested_link_text": "Read the New York Times Review of We Live Again"}, "multimedia": null}, {"display_title": "Sofia", "mpaa_rating": "", "critics_pick": 0, "byline": "Bosley Crowther", "headline": "Sofia", "summary_short": "Routine espionage.", "publication_date": "1948-09-04", "opening_date": null, "date_updated": "2016-03-30 06:52:18", "link": {"type": "article", "url": "http://www.nytimes.com/movie/review?res=9406E6D6123FE23ABC4C53DFBF668383659EDE", "suggested_link_text": "Read the New York Times Review of Sofia"}, "multimedia": null}, {"display_title": "Ruthless", "mpaa_rating": "", "critics_pick": 0, "byline": "Thomas M. Pryor", "headline": "Ruthless", "summary_short": "A climbing heel. Routine.", "publication_date": "1948-09-04", "opening_date": null, "date_updated": "2016-03-30 06:57:33", "link": {"type": "article", "url": "http://www.nytimes.com/movie/review?res=9B06E6D6123FE23ABC4C53DFBF668383659EDE", "suggested_link_text": "Read the New York Times Review of Ruthless"}, "multimedia": null}, {"display_title": "Larceny", "mpaa_rating": "", "critics_pick": 0, "byline": "T.M.P.", "headline": "Larceny", "summary_short": "Standard, excluding Duryea's stylish evil.", "publication_date": "1948-09-04", "opening_date": null, "date_updated": "2016-03-30 06:41:27", "link": {"type": "article", "url": "http://www.nytimes.com/movie/review?res=9A06E6D6123FE23ABC4C53DFBF668383659EDE", "suggested_link_text": "Read the New York Times Review of Larceny"}, "multimedia": null}, {"display_title": "The Loves of Carmen", "mpaa_rating": "", "critics_pick": 0, "byline": "BOSLEY CROWTHER", "headline": "Loves of Carmen, The", "summary_short": "Real turkey. Bizet bites the dust.", "publication_date": "1948-09-03", "opening_date": "1948-08-23", "date_updated": "2016-03-30 07:15:31", "link": {"type": "article", "url": "http://www.nytimes.com/movie/review?res=9A05E7DA1F3FE03ABC4B53DFBF668383659EDE", "suggested_link_text": "Read the New York Times Review of The Loves of Carmen"}, "multimedia": null}, {"display_title": "Sorry, Wrong Number", "mpaa_rating": "", "critics_pick": 0, "byline": "BOSLEY CROWTHER", "headline": "Sorry, Wrong Number", "summary_short": "Doomed rich woman glued to phone. Overcooked but a Stanwyck field day.", "publication_date": "1948-09-02", "opening_date": "1948-09-01", "date_updated": "2016-03-30 06:45:04", "link": {"type": "article", "url": "http://www.nytimes.com/movie/review?res=9901E6D8103BE33BBC4A53DFBF668383659EDE", "suggested_link_text": "Read the New York Times Review of Sorry, Wrong Number"}, "multimedia": null}]}