{"status": "OK", "copyright": "Copyright (c) 2017 The New York Times Company. All Rights Reserved.", "has_more": true, "num_results": 20, "results": [{"display_title": "The Open Road", "mpaa_rating": "", "critics_pick": 0, "byline": "BOSLEY CROWTHER", "headline": "Open Road, The", "summary_short": "", "publication_date": "1940-10-05", "opening_date": "1940-10-04", "date_updated": "2016-03-30 07:11:40", "link": {"type": "article", "url": "http://www.nytimes.com/movie/review?res=9E07E3DB103EE432A25756C0A9669D946193D6CF", "suggested_link_text": "Read the New York Times Review of The Open Road"}, "multimedia": null}, {"display_title": "Diamond Frontier", "mpaa_rating": "", "critics_pick": 0, "byline": "BOSLEY CROWTHER", "headline": "Diamond Frontiers", "summary_short": "A penal colony. Poor.", "publication_date": "1940-10-04", "opening_date": "1940-10-01", "date_updated": "2016-03-30 07:11:10", "link": {"type": "article", "url": "http://www.nytimes.com/movie/review?res=9D0CE0D81638E532A25757C0A9669D946193D6CF", "suggested_link_text": "Read the New York Times Review of Diamond Frontier"}, "multimedia": null}, {"display_title": "Before I Hang", "mpaa_rating": "Not Rated", "critics_pick": 0, "byline": "BOSLEY CROWTHER", "headline": "Before I Hang", "summary_short": "Mad scientist hits a snag. Clanky but the plot's not bad.", "publication_date": "1940-10-03", "opening_date": "1940-09-17", "date_updated": "2016-03-30 06:41:37", "link": {"type": "article", "url": "http://www.nytimes.com/movie/review?res=9801E6D81638E532A25750C0A9669D946193D6CF", "suggested_link_text": "Read the New York Times Review of Before I Hang"}, "multimedia": null}, {"display_title": "Time In The Sun", "mpaa_rating": "", "critics_pick": 0, "byline": "BOSLEY CROWTHER", "headline": "Time in the Sun", "summary_short": "", "publication_date": "1940-10-01", "opening_date": "1940-09-30", "date_updated": "2016-03-30 07:27:48", "link": {"type": "article", "url": "http://www.nytimes.com/movie/review?res=9F01E2DC1639E23ABC4953DFB667838B659EDE", "suggested_link_text": "Read the New York Times Review of Time In The Sun"}, "multimedia": null}, {"display_title": "City For Conquest", "mpaa_rating": "", "critics_pick": 0, "byline": "BOSLEY CROWTHER", "headline": "City for Conquest", "summary_short": "Punchy pavement drama of pre-war New York.", "publication_date": "1940-09-28", "opening_date": "1940-09-21", "date_updated": "2016-03-30 07:30:40", "link": {"type": "article", "url": "http://www.nytimes.com/movie/review?res=9801E6DD1639E23ABC4051DFBF66838B659EDE", "suggested_link_text": "Read the New York Times Review of City For Conquest"}, "multimedia": null}, {"display_title": "Beyond Tomorrow", "mpaa_rating": "", "critics_pick": 0, "byline": "BOSLEY CROWTHER", "headline": "Beyond Tomorrow", "summary_short": "And before Christmas. After that, the holiday-eve warmth shared by three old codgers and two lonely waifs condenses into ghostly cold.", "publication_date": "1940-09-27", "opening_date": "1940-05-10", "date_updated": "2016-03-30 07:16:24", "link": {"type": "article", "url": "http://www.nytimes.com/movie/review?res=9806E1DE1639E23ABC4F51DFBF66838B659EDE", "suggested_link_text": "Read the New York Times Review of Beyond Tomorrow"}, "multimedia": null}, {"display_title": "Comin' Round the Mountain", "mpaa_rating": "", "critics_pick": 0, "byline": "BOSLEY CROWTHER", "headline": "Comin' Round the Mountain", "summary_short": "Corn with a capital K. And harmless.", "publication_date": "1940-09-26", "opening_date": "1940-08-16", "date_updated": "2016-03-30 07:14:47", "link": {"type": "article", "url": "http://www.nytimes.com/movie/review?res=940CEEDF1639E23ABC4E51DFBF66838B659EDE", "suggested_link_text": "Read the New York Times Review of Comin' Round the Mountain"}, "multimedia": null}, {"display_title": "Leidenschaft", "mpaa_rating": "", "critics_pick": 0, "byline": "BOSLEY CROWTHER", "headline": "Leidenschaft", "summary_short": "", "publication_date": "1940-09-24", "opening_date": "1940-09-23", "date_updated": "2016-03-30 07:20:07", "link": {"type": "article", "url": "http://www.nytimes.com/movie/review?res=9F02E4D61F30E53ABC4C51DFBF66838B659EDE", "suggested_link_text": "Read the New York Times Review of Leidenschaft"}, "multimedia": null}, {"display_title": "The Living Corpse", "mpaa_rating": "", "critics_pick": 0, "byline": "BOSLEY GROWTHER", "headline": "Living Corpse, The", "summary_short": "", "publication_date": "1940-09-23", "opening_date": "1940-09-22", "date_updated": "2016-03-30 07:23:07", "link": {"type": "article", "url": "http://www.nytimes.com/movie/review?res=9907E1D6113AE532A25750C2A96F9C946193D6CF", "suggested_link_text": "Read the New York Times Review of The Living Corpse"}, "multimedia": null}, {"display_title": "Brigham Young", "mpaa_rating": "", "critics_pick": 0, "byline": "BOSLEY CROWTHER", "headline": "Brigham Young - Frontiersman", "summary_short": "The Mormon leader and his followers cross the Plains, bear hardship and found Salt Lake City.", "publication_date": "1940-09-21", "opening_date": "1940-09-27", "date_updated": "2016-03-30 07:23:13", "link": {"type": "article", "url": "http://www.nytimes.com/movie/review?res=9C01E0D71F30E53ABC4951DFBF66838B659EDE", "suggested_link_text": "Read the New York Times Review of Brigham Young"}, "multimedia": null}, {"display_title": "The Mummy's Hand", "mpaa_rating": "", "critics_pick": 0, "byline": "BOSLEY CROWTHER", "headline": "Mummy's Hand, The", "summary_short": "Not his foot. That's in his mouth.", "publication_date": "1940-09-20", "opening_date": "1940-09-20", "date_updated": "2016-03-30 06:45:05", "link": {"type": "article", "url": "http://www.nytimes.com/movie/review?res=9401EEDD103EE432A25753C2A96F9C946193D6CF", "suggested_link_text": "Read the New York Times Review of The Mummy's Hand"}, "multimedia": null}, {"display_title": "Dr. Kildare Goes Home", "mpaa_rating": "", "critics_pick": 0, "byline": "BOSLEY CROWTHER", "headline": "Dr Kildare Goes Home", "summary_short": "A small community without a doctor.", "publication_date": "1940-09-19", "opening_date": "1940-09-06", "date_updated": "2016-03-30 07:30:22", "link": {"type": "article", "url": "http://www.nytimes.com/movie/review?res=9906E6D71F30E53ABC4152DFBF66838B659EDE", "suggested_link_text": "Read the New York Times Review of Dr. Kildare Goes Home"}, "multimedia": null}, {"display_title": "Public Deb No. 1", "mpaa_rating": "", "critics_pick": 0, "byline": "BOSLEY CROWTHER", "headline": "Public Deb No l", "summary_short": "", "publication_date": "1940-09-18", "opening_date": "1940-09-13", "date_updated": "2016-03-30 07:26:42", "link": {"type": "article", "url": "http://www.nytimes.com/movie/review?res=9E0CEEDB1530E03ABC4052DFBF66838B659EDE", "suggested_link_text": "Read the New York Times Review of Public Deb No. 1"}, "multimedia": null}, {"display_title": "Hired Wife", "mpaa_rating": "", "critics_pick": 0, "byline": "BOSLEY CROWTHER", "headline": "Hired Wife", "summary_short": "Pert and neat. Nice bauble from way back.", "publication_date": "1940-09-14", "opening_date": "1940-09-13", "date_updated": "2016-03-30 07:30:28", "link": {"type": "article", "url": "http://www.nytimes.com/movie/review?res=950CE7DA1F30E53ABC4C52DFBF66838B659EDE", "suggested_link_text": "Read the New York Times Review of Hired Wife"}, "multimedia": null}, {"display_title": "We Who Are Young", "mpaa_rating": "", "critics_pick": 0, "byline": "BOSLEY CROWTHER", "headline": "We Who Are Young", "summary_short": "Earnest tale of struggling newlyweds.", "publication_date": "1940-09-13", "opening_date": "1940-07-19", "date_updated": "2016-03-30 07:25:59", "link": {"type": "article", "url": "http://www.nytimes.com/movie/review?res=990DE0DC1F30E53ABC4B52DFBF66838B659EDE", "suggested_link_text": "Read the New York Times Review of We Who Are Young"}, "multimedia": null}, {"display_title": "Men Against the Sky", "mpaa_rating": "", "critics_pick": 0, "byline": "BOSLEY CROWTHER", "headline": "Men Against the Sky", "summary_short": "Stunt pilot, plane manufacturer and designer.", "publication_date": "1940-09-12", "opening_date": "1940-09-06", "date_updated": "2016-03-30 06:56:45", "link": {"type": "article", "url": "http://www.nytimes.com/movie/review?res=9E06E6DC1F30E53ABC4A52DFBF66838B659EDE", "suggested_link_text": "Read the New York Times Review of Men Against the Sky"}, "multimedia": null}, {"display_title": "Black Diamonds", "mpaa_rating": "", "critics_pick": 0, "byline": "BOSLEY CROWTHER", "headline": "Black Diamonds", "summary_short": "", "publication_date": "1940-09-10", "opening_date": "1940-07-16", "date_updated": "2016-03-30 06:41:51", "link": {"type": "article", "url": "http://www.nytimes.com/movie/review?res=9404E0DB1638E532A25753C1A96F9C946193D6CF", "suggested_link_text": "Read the New York Times Review of Black Diamonds"}, "multimedia": null}, {"display_title": "No Time for Comedy", "mpaa_rating": "", "critics_pick": 0, "byline": "BOSLEY CROWTHER", "headline": "No Time for Comedy", "summary_short": "Novice playwright learns about Broadway. Clever and amusing, and all Jimmy's.", "publication_date": "1940-09-07", "opening_date": "1940-09-14", "date_updated": "2016-03-30 06:53:16", "link": {"type": "article", "url": "http://www.nytimes.com/movie/review?res=9803E7DF1F30E53ABC4F53DFBF66838B659EDE", "suggested_link_text": "Read the New York Times Review of No Time for Comedy"}, "multimedia": null}, {"display_title": "Boom Town", "mpaa_rating": "", "critics_pick": 0, "byline": "BOSLEY CROWTHER", "headline": "Boom Town", "summary_short": "Oil Texans. Entertaining star showcase, best early.", "publication_date": "1940-09-06", "opening_date": "1940-08-30", "date_updated": "2016-03-30 07:14:58", "link": {"type": "article", "url": "http://www.nytimes.com/movie/review?res=9F01EEDF103EE432A25755C0A96F9C946193D6CF", "suggested_link_text": "Read the New York Times Review of Boom Town"}, "multimedia": null}, {"display_title": "Stranger on the Third Floor", "mpaa_rating": "", "critics_pick": 0, "byline": "BOSLEY CROWTHER", "headline": "Stranger on the Third Floor", "summary_short": "Fair idea turns pretentious, farfetched.", "publication_date": "1940-09-02", "opening_date": "1940-08-16", "date_updated": "2016-03-30 06:50:08", "link": {"type": "article", "url": "http://www.nytimes.com/movie/review?res=9A01E6D6133EE432A25751C0A96F9C946193D6CF", "suggested_link_text": "Read the New York Times Review of Stranger on the Third Floor"}, "multimedia": null}]}