{"status": "OK", "copyright": "Copyright (c) 2017 The New York Times Company. All Rights Reserved.", "has_more": true, "num_results": 20, "results": [{"display_title": "Lily of Killarney", "mpaa_rating": "", "critics_pick": 0, "byline": "A.D.S.", "headline": "Bride of the Lake, The", "summary_short": "", "publication_date": "1934-09-11", "opening_date": "1934-09-10", "date_updated": "2016-03-30 06:54:33", "link": {"type": "article", "url": "http://www.nytimes.com/movie/review?res=9801E4D9103EE53ABC4952DFBF66838F629EDE", "suggested_link_text": "Read the New York Times Review of Lily of Killarney"}, "multimedia": null}, {"display_title": "She Loves Me Not", "mpaa_rating": "", "critics_pick": 0, "byline": "MORDAUNT HALL.", "headline": "She Loves Me Not", "summary_short": "Bouncy Crosby musical, spiked by Miss Hopkins.", "publication_date": "1934-09-08", "opening_date": "1934-08-31", "date_updated": "2016-03-30 07:15:10", "link": {"type": "article", "url": "http://www.nytimes.com/movie/review?res=9B03E0DE103CE23ABC4053DFBF66838F629EDE", "suggested_link_text": "Read the New York Times Review of She Loves Me Not"}, "multimedia": null}, {"display_title": "Romance in the Rain", "mpaa_rating": "", "critics_pick": 0, "byline": "A.D.S.", "headline": "Romance in the Rain", "summary_short": "", "publication_date": "1934-09-08", "opening_date": "1934-08-13", "date_updated": "2016-03-30 07:26:17", "link": {"type": "article", "url": "http://www.nytimes.com/movie/review?res=9403E0DE103CE23ABC4053DFBF66838F629EDE", "suggested_link_text": "Read the New York Times Review of Romance in the Rain"}, "multimedia": null}, {"display_title": "One Night of Love", "mpaa_rating": "", "critics_pick": 1, "byline": "MORDAUNT HALL.", "headline": "One Night of Love", "summary_short": "A budding opera singer goes to Europe and falls in love with her famous singing teacher.", "publication_date": "1934-09-07", "opening_date": "1934-09-15", "date_updated": "2016-03-30 06:46:58", "link": {"type": "article", "url": "http://www.nytimes.com/movie/review?res=9F02EFDF103CE23ABC4F53DFBF66838F629EDE", "suggested_link_text": "Read the New York Times Review of One Night of Love"}, "multimedia": null}, {"display_title": "Their Big Moment", "mpaa_rating": "", "critics_pick": 0, "byline": "A.D.S.", "headline": "Their big Moment", "summary_short": "Mindreader and helpers stage seance and solve murder. A comedy.", "publication_date": "1934-09-06", "opening_date": "1934-08-17", "date_updated": "2016-03-30 07:28:44", "link": {"type": "article", "url": "http://www.nytimes.com/movie/review?res=990CE2DA103EE53ABC4E53DFBF66838F629EDE", "suggested_link_text": "Read the New York Times Review of Their Big Moment"}, "multimedia": null}, {"display_title": "The Affairs of Cellini", "mpaa_rating": "", "critics_pick": 0, "byline": "MORDAUNT HALL.", "headline": "Affairs of Cellini, The", "summary_short": "Royal sex in Old Florence. Rakish and flavorsome.", "publication_date": "1934-09-06", "opening_date": "1934-08-24", "date_updated": "2016-03-30 07:29:42", "link": {"type": "article", "url": "http://www.nytimes.com/movie/review?res=980CE2DA103EE53ABC4E53DFBF66838F629EDE", "suggested_link_text": "Read the New York Times Review of The Affairs of Cellini"}, "multimedia": null}, {"display_title": "Granaderos Del Amor", "mpaa_rating": "", "critics_pick": 0, "byline": "H.T.S.", "headline": "Granaderos del Amor", "summary_short": "", "publication_date": "1934-09-04", "opening_date": null, "date_updated": "2016-03-30 06:43:22", "link": {"type": "article", "url": "http://www.nytimes.com/movie/review?res=9C0DE6DE1530E23ABC4C53DFBF66838F629EDE", "suggested_link_text": "Read the New York Times Review of Granaderos Del Amor"}, "multimedia": null}, {"display_title": "We're Rich Again", "mpaa_rating": "", "critics_pick": 0, "byline": "A.D.S.", "headline": "We're Rich Again", "summary_short": "Young woman's fiance helps her family financially.", "publication_date": "1934-09-01", "opening_date": "1934-07-13", "date_updated": "2016-03-30 06:42:59", "link": {"type": "article", "url": "http://www.nytimes.com/movie/review?res=950CE4DD1F3DE33ABC4953DFBF66838F629EDE", "suggested_link_text": "Read the New York Times Review of We're Rich Again"}, "multimedia": null}, {"display_title": "Crime Without Passion", "mpaa_rating": "", "critics_pick": 0, "byline": "MORDAUNT HALL.", "headline": "Crime Without Passion", "summary_short": "A paranoid lawyer, via Hecht and MacArthur. Odd, original, compelling.", "publication_date": "1934-09-01", "opening_date": "1934-08-30", "date_updated": "2016-03-30 06:53:43", "link": {"type": "article", "url": "http://www.nytimes.com/movie/review?res=9A0CE4DD1F3DE33ABC4953DFBF66838F629EDE", "suggested_link_text": "Read the New York Times Review of Crime Without Passion"}, "multimedia": null}, {"display_title": "Chained", "mpaa_rating": "", "critics_pick": 0, "byline": "M.H.", "headline": "Chained", "summary_short": "Typical Metro triangle but good, edgy dialogue, well served. Steady going, surprisingly.", "publication_date": "1934-09-01", "opening_date": "1934-08-31", "date_updated": "2016-03-30 07:28:04", "link": {"type": "article", "url": "http://www.nytimes.com/movie/review?res=9B0CE4DD1F3DE33ABC4953DFBF66838F629EDE", "suggested_link_text": "Read the New York Times Review of Chained"}, "multimedia": null}, {"display_title": "Blind Date", "mpaa_rating": "", "critics_pick": 0, "byline": "A.D.S.", "headline": "Blind Date", "summary_short": "", "publication_date": "1934-09-01", "opening_date": null, "date_updated": "2016-03-30 06:47:18", "link": {"type": "article", "url": "http://www.nytimes.com/movie/review?res=940CE4DD1F3DE33ABC4953DFBF66838F629EDE", "suggested_link_text": "Read the New York Times Review of Blind Date"}, "multimedia": null}, {"display_title": "Abel Mit Der Mundharmonika", "mpaa_rating": "", "critics_pick": 0, "byline": "H.T.S.", "headline": "Abel Mit Der Mundharmonika", "summary_short": "", "publication_date": "1934-09-01", "opening_date": "1934-08-31", "date_updated": "2016-03-30 06:57:47", "link": {"type": "article", "url": "http://www.nytimes.com/movie/review?res=9C05E3DD1F3DE33ABC4953DFBF66838F629EDE", "suggested_link_text": "Read the New York Times Review of Abel Mit Der Mundharmonika"}, "multimedia": null}, {"display_title": "The Fountain", "mpaa_rating": "", "critics_pick": 0, "byline": "MORDAUNT HALL.", "headline": "Fountain, The", "summary_short": "Prussian soldier returns to find his English wife loves British officer.", "publication_date": "1934-08-31", "opening_date": "1934-08-31", "date_updated": "2016-03-30 06:54:10", "link": {"type": "article", "url": "http://www.nytimes.com/movie/review?res=9C00E0D6133CE23ABC4950DFBE66838F629EDE", "suggested_link_text": "Read the New York Times Review of The Fountain"}, "multimedia": null}, {"display_title": "Straight is the Way", "mpaa_rating": "", "critics_pick": 0, "byline": "A.D.S.", "headline": "Straight Is the Way", "summary_short": "Lower East Side ex-con decides to reform. Bad case of miscasting.", "publication_date": "1934-08-29", "opening_date": "1934-08-10", "date_updated": "2016-03-30 06:48:52", "link": {"type": "article", "url": "http://www.nytimes.com/movie/review?res=9506E5DF123FE53ABC4151DFBE66838F629EDE", "suggested_link_text": "Read the New York Times Review of Straight is the Way"}, "multimedia": null}, {"display_title": "Hide-Out", "mpaa_rating": "", "critics_pick": 0, "byline": "MORDAUNT HALL.", "headline": "Hide-Out", "summary_short": "Fugitive Manhattan mobster takes refuge on Connecticut farm. Winning, unpretentious romantic drama.", "publication_date": "1934-08-25", "opening_date": "1934-08-24", "date_updated": "2016-03-30 07:26:45", "link": {"type": "article", "url": "http://www.nytimes.com/movie/review?res=9504E3D6133CE23ABC4D51DFBE66838F629EDE", "suggested_link_text": "Read the New York Times Review of Hide-Out"}, "multimedia": null}, {"display_title": "Charlie Chan's Courage", "mpaa_rating": "", "critics_pick": 0, "byline": "F.S.N.", "headline": "Charlie Chan's Courage", "summary_short": "", "publication_date": "1934-08-25", "opening_date": "1934-07-06", "date_updated": "2016-03-30 06:45:16", "link": {"type": "article", "url": "http://www.nytimes.com/movie/review?res=9C07E3D6133CE23ABC4D51DFBE66838F629EDE", "suggested_link_text": "Read the New York Times Review of Charlie Chan's Courage"}, "multimedia": null}, {"display_title": "The Dragon Murder Case", "mpaa_rating": "", "critics_pick": 0, "byline": "MORDAUNT HALL.", "headline": "Dragon Murder Case, The", "summary_short": "Philo Vance sleuther, with haunted pool and clawed corpse.", "publication_date": "1934-08-23", "opening_date": "1934-08-25", "date_updated": "2016-03-30 07:30:26", "link": {"type": "article", "url": "http://www.nytimes.com/movie/review?res=9F0CE2D6153FE53ABC4B51DFBE66838F629EDE", "suggested_link_text": "Read the New York Times Review of The Dragon Murder Case"}, "multimedia": null}, {"display_title": "She Was a Lady", "mpaa_rating": "", "critics_pick": 0, "byline": "MORDAUNT HALL.", "headline": "She Was a Lady", "summary_short": "", "publication_date": "1934-08-22", "opening_date": "1934-08-22", "date_updated": "2016-03-30 06:57:12", "link": {"type": "article", "url": "http://www.nytimes.com/movie/review?res=9806E6D6153FE53ABC4A51DFBE66838F629EDE", "suggested_link_text": "Read the New York Times Review of She Was a Lady"}, "multimedia": null}, {"display_title": "Treasure Island", "mpaa_rating": "", "critics_pick": 0, "byline": "MORDAUNT HALL.", "headline": "Treasure Island", "summary_short": "Sturdy, well-produced version of Stevenson's pirate classic.", "publication_date": "1934-08-18", "opening_date": "1934-08-17", "date_updated": "2016-03-30 06:55:35", "link": {"type": "article", "url": "http://www.nytimes.com/movie/review?res=9904E0D8133CE23ABC4052DFBE66838F629EDE", "suggested_link_text": "Read the New York Times Review of Treasure Island"}, "multimedia": null}, {"display_title": "Cleopatra", "mpaa_rating": "Not Rated", "critics_pick": 0, "byline": "MORDAUNT HALL.", "headline": "Cleopatra", "summary_short": "Colorful, crisp DeMille, with a shipboard seduction that takes the cake.", "publication_date": "1934-08-17", "opening_date": "1934-10-05", "date_updated": "2016-03-30 07:26:07", "link": {"type": "article", "url": "http://www.nytimes.com/movie/review?res=9A0DE5D8133CE23ABC4F52DFBE66838F629EDE", "suggested_link_text": "Read the New York Times Review of Cleopatra"}, "multimedia": null}]}