{"status": "OK", "copyright": "Copyright (c) 2017 The New York Times Company. All Rights Reserved.", "has_more": true, "num_results": 20, "results": [{"display_title": "The Right to Live", "mpaa_rating": "", "critics_pick": 0, "byline": "ANDRE SENNWALD.", "headline": "Right to Live, The", "summary_short": "Weak invalid, attractive wife, strong brother. Guess what happens.", "publication_date": "1935-02-16", "opening_date": "1935-01-26", "date_updated": "2016-03-30 06:45:05", "link": {"type": "article", "url": "http://www.nytimes.com/movie/review?res=9A01E3DE1F3CE23ABC4E52DFB466838E629EDE", "suggested_link_text": "Read the New York Times Review of The Right to Live"}, "multimedia": null}, {"display_title": "A Notorious Gentleman", "mpaa_rating": "", "critics_pick": 0, "byline": "F.S.N.", "headline": "Notorious Gentleman, A", "summary_short": "", "publication_date": "1935-02-16", "opening_date": "1935-01-21", "date_updated": "2016-03-30 06:48:47", "link": {"type": "article", "url": "http://www.nytimes.com/movie/review?res=9401E3DE1F3CE23ABC4E52DFB466838E629EDE", "suggested_link_text": "Read the New York Times Review of A Notorious Gentleman"}, "multimedia": null}, {"display_title": "Carnival", "mpaa_rating": "", "critics_pick": 0, "byline": "A.S.", "headline": "Carnival", "summary_short": "", "publication_date": "1935-02-16", "opening_date": "1935-02-15", "date_updated": "2016-03-30 06:58:54", "link": {"type": "article", "url": "http://www.nytimes.com/movie/review?res=9B01E3DE1F3CE23ABC4E52DFB466838E629EDE", "suggested_link_text": "Read the New York Times Review of Carnival"}, "multimedia": null}, {"display_title": "Topaze", "mpaa_rating": "", "critics_pick": 0, "byline": "H.T.S.", "headline": "Topaze", "summary_short": "", "publication_date": "1935-02-16", "opening_date": "1933-02-24", "date_updated": "2016-03-30 07:26:56", "link": {"type": "article", "url": "http://www.nytimes.com/movie/review?res=9C00E3DE1F3CE23ABC4E52DFB466838E629EDE", "suggested_link_text": "Read the New York Times Review of Topaze"}, "multimedia": null}, {"display_title": "Home on the Range", "mpaa_rating": "", "critics_pick": 0, "byline": "ANDRE SENNWALD.", "headline": "Home on the Range", "summary_short": "", "publication_date": "1935-02-13", "opening_date": "1935-02-01", "date_updated": "2016-03-30 06:49:06", "link": {"type": "article", "url": "http://www.nytimes.com/movie/review?res=9807E6DD133DE53ABC4B52DFB466838E629EDE", "suggested_link_text": "Read the New York Times Review of Home on the Range"}, "multimedia": null}, {"display_title": "The Winning Ticket", "mpaa_rating": "", "critics_pick": 0, "byline": "ANDRE SENNWALD.", "headline": "Winning Ticket, The", "summary_short": "", "publication_date": "1935-02-11", "opening_date": "1935-02-08", "date_updated": "2016-03-30 06:56:36", "link": {"type": "article", "url": "http://www.nytimes.com/movie/review?res=9E01E0DE173FEE3BBC4952DFB466838E629EDE", "suggested_link_text": "Read the New York Times Review of The Winning Ticket"}, "multimedia": null}, {"display_title": "Senora Casada Neceisita Marido", "mpaa_rating": "", "critics_pick": 0, "byline": "H.T.S.", "headline": "Senor Casada Necesita Marido", "summary_short": "", "publication_date": "1935-02-11", "opening_date": "1935-02-12", "date_updated": "2016-03-30 07:16:52", "link": {"type": "article", "url": "http://www.nytimes.com/movie/review?res=9401E0DE173FEE3BBC4952DFB466838E629EDE", "suggested_link_text": "Read the New York Times Review of Senora Casada Neceisita Marido"}, "multimedia": null}, {"display_title": "Maybe It's Love", "mpaa_rating": "", "critics_pick": 0, "byline": "F.S.N.", "headline": "Maybe It's Love", "summary_short": "Family and coworkers impede a secretary's romance with an office boy.", "publication_date": "1935-02-11", "opening_date": "1935-01-12", "date_updated": "2016-03-30 06:50:50", "link": {"type": "article", "url": "http://www.nytimes.com/movie/review?res=9801E0DE173FEE3BBC4952DFB466838E629EDE", "suggested_link_text": "Read the New York Times Review of Maybe It's Love"}, "multimedia": null}, {"display_title": "Une Etoile Disparait", "mpaa_rating": "", "critics_pick": 0, "byline": "H.T.S.", "headline": "Etoile Disparait, Une", "summary_short": "", "publication_date": "1935-02-09", "opening_date": "1935-02-08", "date_updated": "2016-03-30 06:47:04", "link": {"type": "article", "url": "http://www.nytimes.com/movie/review?res=940DE4DF113EE53ABC4153DFB466838E629EDE", "suggested_link_text": "Read the New York Times Review of Une Etoile Disparait"}, "multimedia": null}, {"display_title": "The Gilded Lily", "mpaa_rating": "", "critics_pick": 0, "byline": "ANDRE SENNWALD.", "headline": "Gilded Lily, The", "summary_short": "Feathery and amusing. Nifty Claudette.", "publication_date": "1935-02-09", "opening_date": "1935-01-25", "date_updated": "2016-03-30 07:22:08", "link": {"type": "article", "url": "http://www.nytimes.com/movie/review?res=9A0DE4DF113EE53ABC4153DFB466838E629EDE", "suggested_link_text": "Read the New York Times Review of The Gilded Lily"}, "multimedia": null}, {"display_title": "Jack Ahoy", "mpaa_rating": "", "critics_pick": 0, "byline": "F.S.N.", "headline": "Jack Ahoy", "summary_short": "", "publication_date": "1935-02-09", "opening_date": null, "date_updated": "2016-03-30 07:15:10", "link": {"type": "article", "url": "http://www.nytimes.com/movie/review?res=9B0DE4DF113EE53ABC4153DFB466838E629EDE", "suggested_link_text": "Read the New York Times Review of Jack Ahoy"}, "multimedia": null}, {"display_title": "The Scarlet Pimpernel", "mpaa_rating": "Not Rated", "critics_pick": 0, "byline": "ANDRE SENNWALD.", "headline": "Scarlet Pimpernel, The", "summary_short": "Fine, stylish old drama of French Revolution, keyed by the Howard charm.", "publication_date": "1935-02-08", "opening_date": "1935-02-07", "date_updated": "2016-03-30 07:20:53", "link": {"type": "article", "url": "http://www.nytimes.com/movie/review?res=9500E2DD113FE53ABC4053DFB466838E629EDE", "suggested_link_text": "Read the New York Times Review of The Scarlet Pimpernel"}, "multimedia": null}, {"display_title": "Devil Dogs of the Air", "mpaa_rating": "", "critics_pick": 0, "byline": "ANDRE SENNWALD.", "headline": "Devil Dogs of the Air", "summary_short": "The old jazz about feuding fliers. But has antique zing.", "publication_date": "1935-02-07", "opening_date": "1935-02-09", "date_updated": "2016-03-30 06:57:42", "link": {"type": "article", "url": "http://www.nytimes.com/movie/review?res=950DEEDE113FE53ABC4F53DFB466838E629EDE", "suggested_link_text": "Read the New York Times Review of Devil Dogs of the Air"}, "multimedia": null}, {"display_title": "Under Pressure", "mpaa_rating": "", "critics_pick": 0, "byline": "ANDRE SENNWALD.", "headline": "Under Pressure", "summary_short": "", "publication_date": "1935-02-04", "opening_date": "1935-02-02", "date_updated": "2016-03-30 07:15:06", "link": {"type": "article", "url": "http://www.nytimes.com/movie/review?res=9B00EEDF1F3CE23ABC4C53DFB466838E629EDE", "suggested_link_text": "Read the New York Times Review of Under Pressure"}, "multimedia": null}, {"display_title": "Society Doctor", "mpaa_rating": "", "critics_pick": 0, "byline": "A.S.", "headline": "Society Doctor", "summary_short": "Medic's arrogance alienates colleagues.", "publication_date": "1935-02-04", "opening_date": "1935-01-25", "date_updated": "2016-03-30 07:15:35", "link": {"type": "article", "url": "http://www.nytimes.com/movie/review?res=9400EEDF1F3CE23ABC4C53DFB466838E629EDE", "suggested_link_text": "Read the New York Times Review of Society Doctor"}, "multimedia": null}, {"display_title": "El Agua en el Suelo", "mpaa_rating": "", "critics_pick": 0, "byline": "H.T.S.", "headline": "Agua en el Suelo, El", "summary_short": "", "publication_date": "1935-02-04", "opening_date": "1935-02-03", "date_updated": "2016-03-30 06:58:27", "link": {"type": "article", "url": "http://www.nytimes.com/movie/review?res=9C03EEDF1F3CE23ABC4C53DFB466838E629EDE", "suggested_link_text": "Read the New York Times Review of El Agua en el Suelo"}, "multimedia": null}, {"display_title": "Hei Tiki", "mpaa_rating": "", "critics_pick": 0, "byline": "F.S.N.", "headline": "Hei Tiki", "summary_short": "", "publication_date": "1935-02-02", "opening_date": "1935-02-02", "date_updated": "2016-03-30 07:24:53", "link": {"type": "article", "url": "http://www.nytimes.com/movie/review?res=9D05E6DC1239E632A25751C0A9649C946494D6CF", "suggested_link_text": "Read the New York Times Review of Hei Tiki"}, "multimedia": null}, {"display_title": "Wings in the Dark", "mpaa_rating": "", "critics_pick": 0, "byline": "ANDRE SENNWALD.", "headline": "Wings in the Dark", "summary_short": "Charming antique of two aviators, one blinded. Good scene: man meets dog.", "publication_date": "1935-02-02", "opening_date": "1935-02-01", "date_updated": "2016-03-30 06:44:13", "link": {"type": "article", "url": "http://www.nytimes.com/movie/review?res=950CE7DC1239E632A25751C0A9649C946494D6CF", "suggested_link_text": "Read the New York Times Review of Wings in the Dark"}, "multimedia": null}, {"display_title": "The Secret Bride", "mpaa_rating": "", "critics_pick": 0, "byline": "A.S.", "headline": "Secret Bride, The", "summary_short": "An attorney general secretly marries the daughter of a governor accused of bribery.", "publication_date": "1935-02-02", "opening_date": "1934-12-22", "date_updated": "2016-03-30 07:10:48", "link": {"type": "article", "url": "http://www.nytimes.com/movie/review?res=940CE7DC1239E632A25751C0A9649C946494D6CF", "suggested_link_text": "Read the New York Times Review of The Secret Bride"}, "multimedia": null}, {"display_title": "The Good Fairy", "mpaa_rating": "", "critics_pick": 0, "byline": "ANDRE SENNWALD.", "headline": "Good Fairy, The", "summary_short": "Enchanting romantic comedy via Molnar play, adapted by Preston Sturges.", "publication_date": "1935-02-01", "opening_date": "1935-02-18", "date_updated": "2016-03-30 07:10:33", "link": {"type": "article", "url": "http://www.nytimes.com/movie/review?res=990DE0DC173CE733A25752C0A9649C946494D6CF", "suggested_link_text": "Read the New York Times Review of The Good Fairy"}, "multimedia": null}]}