{"status": "OK", "copyright": "Copyright (c) 2017 The New York Times Company. All Rights Reserved.", "has_more": true, "num_results": 20, "results": [{"display_title": "American Empire", "mpaa_rating": "", "critics_pick": 0, "byline": "T.S.", "headline": "American Empire", "summary_short": "Texas cattle, period.", "publication_date": "1943-01-14", "opening_date": "1942-12-11", "date_updated": "2016-03-30 07:05:50", "link": {"type": "article", "url": "http://www.nytimes.com/movie/review?res=9D0DE0D61039E33BBC4C52DFB7668388659EDE", "suggested_link_text": "Read the New York Times Review of American Empire"}, "multimedia": null}, {"display_title": "Shadow of a Doubt", "mpaa_rating": "", "critics_pick": 1, "byline": "BOSLEY CROWTHER", "headline": "Shadow of a Doubt", "summary_short": "California girl suspects uncle is serial strangler. A masterpiece. Hitchcock's favorite, ours too.", "publication_date": "1943-01-13", "opening_date": "1943-01-15", "date_updated": "2016-03-30 07:20:52", "link": {"type": "article", "url": "http://www.nytimes.com/movie/review?res=9902E5DF173CEE3BBC4B52DFB7668388659EDE", "suggested_link_text": "Read the New York Times Review of Shadow of a Doubt"}, "multimedia": null}, {"display_title": "Tennessee Johnson", "mpaa_rating": "", "critics_pick": 0, "byline": "T.S.", "headline": "Tennessee Johnson", "summary_short": "Earnest, well played biodrama about Andrew Johnson. Very sturdy.", "publication_date": "1943-01-13", "opening_date": "1942-12-01", "date_updated": "2016-03-30 06:51:53", "link": {"type": "article", "url": "http://www.nytimes.com/movie/review?res=9A02E5DF173CEE3BBC4B52DFB7668388659EDE", "suggested_link_text": "Read the New York Times Review of Tennessee Johnson"}, "multimedia": null}, {"display_title": "Silver Queen", "mpaa_rating": "", "critics_pick": 0, "byline": "T.S.", "headline": "Silver Queen", "summary_short": "Gambling woman. Case closed.", "publication_date": "1943-01-11", "opening_date": "1942-11-13", "date_updated": "2016-03-30 07:05:58", "link": {"type": "article", "url": "http://www.nytimes.com/movie/review?res=9B07E4D61039E33BBC4952DFB7668388659EDE", "suggested_link_text": "Read the New York Times Review of Silver Queen"}, "multimedia": null}, {"display_title": "Sherlock Holmes and the Secret Weapon", "mpaa_rating": "", "critics_pick": 0, "byline": "BOSLEY CROWTHER", "headline": "Sherlock Holmes and the Secret Weapon", "summary_short": "Nazi trouble. Swift, intricate sleuthing.", "publication_date": "1943-01-05", "opening_date": "1943-02-12", "date_updated": "2016-03-30 07:22:07", "link": {"type": "article", "url": "http://www.nytimes.com/movie/review?res=9E0DE3DA1039E33BBC4D53DFB7668388659EDE", "suggested_link_text": "Read the New York Times Review of Sherlock Holmes and the Secret Weapon"}, "multimedia": null}, {"display_title": "A Night to Remember", "mpaa_rating": "", "critics_pick": 0, "byline": "BOSLEY CROWTHER", "headline": "Night to Remember, A", "summary_short": "Amusing whodunit about Greenwich Village mystery writer and wife. Sporting cast.", "publication_date": "1943-01-01", "opening_date": "1942-12-10", "date_updated": "2016-03-30 06:43:59", "link": {"type": "article", "url": "http://www.nytimes.com/movie/review?res=990CE3DD1F31E53BBC4953DFB7668388659EDE", "suggested_link_text": "Read the New York Times Review of A Night to Remember"}, "multimedia": null}, {"display_title": "Whistling in Dixie", "mpaa_rating": "", "critics_pick": 0, "byline": "T.S.", "headline": "Whistling in Dixie", "summary_short": "Honeymooners help solve Georgia murder mystery. Harmless comedy.", "publication_date": "1942-12-31", "opening_date": "1942-12-01", "date_updated": "2016-03-30 07:13:37", "link": {"type": "article", "url": "http://www.nytimes.com/movie/review?res=9C06EEDA143FE33BBC4950DFB4678389659EDE", "suggested_link_text": "Read the New York Times Review of Whistling in Dixie"}, "multimedia": null}, {"display_title": "Star Spangled Rhythm", "mpaa_rating": "Not Rated", "critics_pick": 0, "byline": "BOSLEY CROWTHER", "headline": "Star Spangled Rhythm", "summary_short": "Paramount variety flag-waver. Okay, obvious. Nice number: Zorina and ``Black Magic.''", "publication_date": "1942-12-31", "opening_date": "1942-12-02", "date_updated": "2016-03-30 06:52:49", "link": {"type": "article", "url": "http://www.nytimes.com/movie/review?res=9507EEDA143FE33BBC4950DFB4678389659EDE", "suggested_link_text": "Read the New York Times Review of Star Spangled Rhythm"}, "multimedia": null}, {"display_title": "Jacare, Killer of the Amazon", "mpaa_rating": "", "critics_pick": 0, "byline": "T.S.", "headline": "Jacare", "summary_short": "", "publication_date": "1942-12-28", "opening_date": "1942-11-27", "date_updated": "2016-03-30 07:19:08", "link": {"type": "article", "url": "http://www.nytimes.com/movie/review?res=9C01E6DB143FE33BBC4051DFB4678389659EDE", "suggested_link_text": "Read the New York Times Review of Jacare, Killer of the Amazon"}, "multimedia": null}, {"display_title": "The Arabian Nights", "mpaa_rating": "", "critics_pick": 0, "byline": "BOSLEY CROWTHER", "headline": "Arabian Nights", "summary_short": "The days are even worse.", "publication_date": "1942-12-26", "opening_date": null, "date_updated": "2016-03-30 07:26:13", "link": {"type": "article", "url": "http://www.nytimes.com/movie/review?res=9C0CE1DC143FE33BBC4E51DFB4678389659EDE", "suggested_link_text": "Read the New York Times Review of The Arabian Nights"}, "multimedia": null}, {"display_title": "Over My Dead Body", "mpaa_rating": "", "critics_pick": 0, "byline": "T.S.", "headline": "Over my Dead Body", "summary_short": "", "publication_date": "1942-12-26", "opening_date": "1943-01-15", "date_updated": "2016-03-30 07:25:28", "link": {"type": "article", "url": "http://www.nytimes.com/movie/review?res=9D0CE1DC143FE33BBC4E51DFB4678389659EDE", "suggested_link_text": "Read the New York Times Review of Over My Dead Body"}, "multimedia": null}, {"display_title": "Oborona Tsaritsyna (I)", "mpaa_rating": "", "critics_pick": 0, "byline": "BOSLEY CROWTHER", "headline": "Fortress on the Volga", "summary_short": "", "publication_date": "1942-12-25", "opening_date": null, "date_updated": "2016-03-30 06:57:54", "link": {"type": "article", "url": "http://www.nytimes.com/movie/review?res=9C0CE6DC143FE33BBC4D51DFB4678389659EDE", "suggested_link_text": "Read the New York Times Review of Oborona Tsaritsyna (I)"}, "multimedia": null}, {"display_title": "Time to Kill", "mpaa_rating": "", "critics_pick": 0, "byline": "T.S.", "headline": "Time to Kill", "summary_short": "", "publication_date": "1942-12-25", "opening_date": "1943-01-22", "date_updated": "2016-03-30 06:57:38", "link": {"type": "article", "url": "http://www.nytimes.com/movie/review?res=9A03EEDD143FE33BBC4D51DFB4678389659EDE", "suggested_link_text": "Read the New York Times Review of Time to Kill"}, "multimedia": null}, {"display_title": "In Which We Serve", "mpaa_rating": "Not Rated", "critics_pick": 1, "byline": "BOSLEY CROWTHER", "headline": "In Which We Serve", "summary_short": "British destroyer, World War II. Towering, rounded drama, via Noel Coward.", "publication_date": "1942-12-24", "opening_date": "1942-12-23", "date_updated": "2016-03-30 06:53:37", "link": {"type": "article", "url": "http://www.nytimes.com/movie/review?res=9E02E2D61E3AE43AA15757C2A9649D946393D6CF", "suggested_link_text": "Read the New York Times Review of In Which We Serve"}, "multimedia": null}, {"display_title": "The Black Swan", "mpaa_rating": "", "critics_pick": 0, "byline": "T.S.", "headline": "Black Swan, The", "summary_short": "Ripe, full-rigged pirate adventure. Power's peak.", "publication_date": "1942-12-24", "opening_date": "1942-12-04", "date_updated": "2016-03-30 07:23:05", "link": {"type": "article", "url": "http://www.nytimes.com/movie/review?res=9E0DE2D61E3AE43AA15757C2A9649D946393D6CF", "suggested_link_text": "Read the New York Times Review of The Black Swan"}, "multimedia": null}, {"display_title": "Quiet Please, Murder", "mpaa_rating": "", "critics_pick": 0, "byline": "BOSLEY CROWTHER", "headline": "Quiet Please, Murder", "summary_short": "Suspense in the book world and not bad.", "publication_date": "1942-12-22", "opening_date": "1943-03-19", "date_updated": "2016-03-30 07:28:04", "link": {"type": "article", "url": "http://www.nytimes.com/movie/review?res=9800E7DD143FE33BBC4A51DFB4678389659EDE", "suggested_link_text": "Read the New York Times Review of Quiet Please, Murder"}, "multimedia": null}, {"display_title": "Flying Fortress", "mpaa_rating": "", "critics_pick": 0, "byline": "BOSLEY CROWTHER", "headline": "Flying Fortress", "summary_short": "Fairly sturdy airborne story.", "publication_date": "1942-12-19", "opening_date": "1942-12-05", "date_updated": "2016-03-30 06:41:19", "link": {"type": "article", "url": "http://www.nytimes.com/movie/review?res=9C05E5DF143FE33BBC4152DFB4678389659EDE", "suggested_link_text": "Read the New York Times Review of Flying Fortress"}, "multimedia": null}, {"display_title": "Random Harvest", "mpaa_rating": "", "critics_pick": 0, "byline": "BOSLEY CROWTHER", "headline": "Random Harvest", "summary_short": "Full-rigged, lustrously spun romantic drama of amnesiac, via Hilton novel. Lovely cameo by young Susan Peters.", "publication_date": "1942-12-18", "opening_date": null, "date_updated": "2016-03-30 06:56:45", "link": {"type": "article", "url": "http://www.nytimes.com/movie/review?res=9804E5DC1039E33BBC4052DFB4678389659EDE", "suggested_link_text": "Read the New York Times Review of Random Harvest"}, "multimedia": null}, {"display_title": "Journey for Margaret", "mpaa_rating": "", "critics_pick": 0, "byline": "T.S.", "headline": "Journey for Margaret", "summary_short": "Two British war orphans adopted by foreign journalist and his wife. Very affecting.", "publication_date": "1942-12-18", "opening_date": "1942-12-01", "date_updated": "2016-03-30 06:43:10", "link": {"type": "article", "url": "http://www.nytimes.com/movie/review?res=9904E5DC1039E33BBC4052DFB4678389659EDE", "suggested_link_text": "Read the New York Times Review of Journey for Margaret"}, "multimedia": null}, {"display_title": "The Great Gildersleeve", "mpaa_rating": "", "critics_pick": 0, "byline": "T.M.P.", "headline": "Great Gildersleeve, The", "summary_short": "Strictly handmade.", "publication_date": "1942-12-18", "opening_date": "1943-01-02", "date_updated": "2016-03-30 07:12:12", "link": {"type": "article", "url": "http://www.nytimes.com/movie/review?res=9A04E5DC1039E33BBC4052DFB4678389659EDE", "suggested_link_text": "Read the New York Times Review of The Great Gildersleeve"}, "multimedia": null}]}