{"status": "OK", "copyright": "Copyright (c) 2017 The New York Times Company. All Rights Reserved.", "has_more": true, "num_results": 20, "results": [{"display_title": "Moontide", "mpaa_rating": "", "critics_pick": 0, "byline": "BOSLEY CROWTHER", "headline": "Moontide", "summary_short": "French dockworker and suicidal waitress. Tense, well-aimed but doesn't click.", "publication_date": "1942-04-30", "opening_date": "1942-05-29", "date_updated": "2016-03-30 07:29:00", "link": {"type": "article", "url": "http://www.nytimes.com/movie/review?res=9C0CE4DA143EEE3BBC4850DFB2668389659EDE", "suggested_link_text": "Read the New York Times Review of Moontide"}, "multimedia": null}, {"display_title": "The Great Man's Lady", "mpaa_rating": "", "critics_pick": 0, "byline": "T.S.", "headline": "Great Man's Lady, The", "summary_short": "She wears the pants. Heavy.", "publication_date": "1942-04-30", "opening_date": null, "date_updated": "2016-03-30 06:42:03", "link": {"type": "article", "url": "http://www.nytimes.com/movie/review?res=9E0CE4DA143EEE3BBC4850DFB2668389659EDE", "suggested_link_text": "Read the New York Times Review of The Great Man's Lady"}, "multimedia": null}, {"display_title": "The Man Who Wouldn't Die", "mpaa_rating": "", "critics_pick": 0, "byline": "BOSLEY CROWTHER", "headline": "Man Who Wouldn't Die, The", "summary_short": "Continued, but good Nolan.", "publication_date": "1942-04-28", "opening_date": "1942-05-01", "date_updated": "2016-03-30 07:23:14", "link": {"type": "article", "url": "http://www.nytimes.com/movie/review?res=9A03E3DD1539E33BBC4051DFB2668389659EDE", "suggested_link_text": "Read the New York Times Review of The Man Who Wouldn't Die"}, "multimedia": null}, {"display_title": "Larceny, Inc.", "mpaa_rating": "", "critics_pick": 0, "byline": "BOSLEY CROWTHER", "headline": "Larceny, Inc", "summary_short": "Criminals open luggage shop and accidentally prosper. Brisk tongue-in-cheek crime caper, but should have been better.", "publication_date": "1942-04-25", "opening_date": "1942-05-02", "date_updated": "2016-03-30 07:11:17", "link": {"type": "article", "url": "http://www.nytimes.com/movie/review?res=9F06E2DD153CE33BBC4D51DFB2668389659EDE", "suggested_link_text": "Read the New York Times Review of Larceny, Inc."}, "multimedia": null}, {"display_title": "Rings on Her Fingers", "mpaa_rating": "", "critics_pick": 0, "byline": "T.S.", "headline": "Rings on her Fingers", "summary_short": "Overwrought romantic entanglement.", "publication_date": "1942-04-24", "opening_date": "1942-03-20", "date_updated": "2016-03-30 06:58:23", "link": {"type": "article", "url": "http://www.nytimes.com/movie/review?res=9B03EEDB1539E33BBC4C51DFB2668389659EDE", "suggested_link_text": "Read the New York Times Review of Rings on Her Fingers"}, "multimedia": null}, {"display_title": "The Lady Is Willing", "mpaa_rating": "", "critics_pick": 0, "byline": "BOSLEY CROWTHER", "headline": "Lady is Willing, The", "summary_short": "Passable romantic comedy, nicely geared by Marlene.", "publication_date": "1942-04-24", "opening_date": "1942-02-12", "date_updated": "2016-03-30 06:56:10", "link": {"type": "article", "url": "http://www.nytimes.com/movie/review?res=9A03EEDB1539E33BBC4C51DFB2668389659EDE", "suggested_link_text": "Read the New York Times Review of The Lady Is Willing"}, "multimedia": null}, {"display_title": "Bullet Scars", "mpaa_rating": "", "critics_pick": 0, "byline": "T.M.P.", "headline": "Bullet Scars", "summary_short": "Doctor and nurse kidnapped by gangsters. Noisy misfire.", "publication_date": "1942-04-24", "opening_date": "1942-03-07", "date_updated": "2016-03-30 07:29:37", "link": {"type": "article", "url": "http://www.nytimes.com/movie/review?res=9403EEDB1539E33BBC4C51DFB2668389659EDE", "suggested_link_text": "Read the New York Times Review of Bullet Scars"}, "multimedia": null}, {"display_title": "Fingers at the Window", "mpaa_rating": "", "critics_pick": 0, "byline": "BOSLEY CROWTHER", "headline": "Fingers at the Window", "summary_short": "Six axe murders. Trim, low-keyed sleuther.", "publication_date": "1942-04-23", "opening_date": null, "date_updated": "2016-03-30 07:13:29", "link": {"type": "article", "url": "http://www.nytimes.com/movie/review?res=9406E1DD123AE33BBC4B51DFB2668389659EDE", "suggested_link_text": "Read the New York Times Review of Fingers at the Window"}, "multimedia": null}, {"display_title": "Kid Glove Killer", "mpaa_rating": "", "critics_pick": 0, "byline": "T.S.", "headline": "Kid Glove Killer", "summary_short": "Police criminologist's lab links lawyer to mayor's murder.", "publication_date": "1942-04-17", "opening_date": "1942-04-01", "date_updated": "2016-03-30 06:45:44", "link": {"type": "article", "url": "http://www.nytimes.com/movie/review?res=9F05E0DB143AE33BBC4F52DFB2668389659EDE", "suggested_link_text": "Read the New York Times Review of Kid Glove Killer"}, "multimedia": null}, {"display_title": "Juke Box Jenny", "mpaa_rating": "", "critics_pick": 0, "byline": "T.M.P.", "headline": "Juke Box Jenny", "summary_short": "", "publication_date": "1942-04-17", "opening_date": "1942-03-27", "date_updated": "2016-03-30 07:11:47", "link": {"type": "article", "url": "http://www.nytimes.com/movie/review?res=9D05E0DB143AE33BBC4F52DFB2668389659EDE", "suggested_link_text": "Read the New York Times Review of Juke Box Jenny"}, "multimedia": null}, {"display_title": "A Gentleman After Dark", "mpaa_rating": "", "critics_pick": 0, "byline": "BOSLEY CROWTHER", "headline": "Gentleman After Dark, A", "summary_short": "Sentimental drama.", "publication_date": "1942-04-17", "opening_date": "1942-04-16", "date_updated": "2016-03-30 07:10:47", "link": {"type": "article", "url": "http://www.nytimes.com/movie/review?res=950CE1DB143AE33BBC4F52DFB2668389659EDE", "suggested_link_text": "Read the New York Times Review of A Gentleman After Dark"}, "multimedia": null}, {"display_title": "Le Paradis Perdu", "mpaa_rating": "", "critics_pick": 0, "byline": "T.S.", "headline": "Four Flights to Love", "summary_short": "", "publication_date": "1942-04-13", "opening_date": "1942-04-11", "date_updated": "2016-03-30 06:58:41", "link": {"type": "article", "url": "http://www.nytimes.com/movie/review?res=9C02E4DE153CE33BBC4B52DFB2668389659EDE", "suggested_link_text": "Read the New York Times Review of Le Paradis Perdu"}, "multimedia": null}, {"display_title": "Dangerously They Live", "mpaa_rating": "", "critics_pick": 0, "byline": "BOSLEY CROWTHER", "headline": "Dangerously They Live", "summary_short": "Mystery woman claims to be British secret agent. Suspenseful start, then heavy and familiar.", "publication_date": "1942-04-11", "opening_date": "1941-12-24", "date_updated": "2016-03-30 07:19:33", "link": {"type": "article", "url": "http://www.nytimes.com/movie/review?res=9E06E2D6143CE33BBC4952DFB2668389659EDE", "suggested_link_text": "Read the New York Times Review of Dangerously They Live"}, "multimedia": null}, {"display_title": "The Courtship of Andy Hardy", "mpaa_rating": "", "critics_pick": 0, "byline": "BOSLEY CROWTHER", "headline": "Courtship of Andy Hardy, The", "summary_short": "Judge's son falls for divorcing couple's daughter. For those who care.", "publication_date": "1942-04-10", "opening_date": "1942-03-01", "date_updated": "2016-03-30 07:29:02", "link": {"type": "article", "url": "http://www.nytimes.com/movie/review?res=9C0DE5D61439E33BBC4852DFB2668389659EDE", "suggested_link_text": "Read the New York Times Review of The Courtship of Andy Hardy"}, "multimedia": null}, {"display_title": "Two Yanks in Trinidad", "mpaa_rating": "", "critics_pick": 0, "byline": "T.M.P.", "headline": "Two Yanks in Trinidad", "summary_short": "", "publication_date": "1942-04-06", "opening_date": "1942-03-26", "date_updated": "2016-03-30 06:51:17", "link": {"type": "article", "url": "http://www.nytimes.com/movie/review?res=9F01E3DF173AE33BBC4E53DFB2668389659EDE", "suggested_link_text": "Read the New York Times Review of Two Yanks in Trinidad"}, "multimedia": null}, {"display_title": "The Jungle Book", "mpaa_rating": "", "critics_pick": 0, "byline": "BOSLEY CROWTHER", "headline": "Jungle Book", "summary_short": "Good, stylish version of Kipling adventure. Nice going.", "publication_date": "1942-04-06", "opening_date": "1942-04-03", "date_updated": "2016-03-30 06:45:07", "link": {"type": "article", "url": "http://www.nytimes.com/movie/review?res=9E04EEDF173AE33BBC4E53DFB2668389659EDE", "suggested_link_text": "Read the New York Times Review of The Jungle Book"}, "multimedia": null}, {"display_title": "The Ghost of Frankenstein", "mpaa_rating": "", "critics_pick": 0, "byline": "BOSLEY CROWTHER", "headline": "Ghost of Frankenstein, The", "summary_short": "Business as usual.", "publication_date": "1942-04-04", "opening_date": "1942-03-13", "date_updated": "2016-03-30 07:25:36", "link": {"type": "article", "url": "http://www.nytimes.com/movie/review?res=9E06E1DE163CEE3BBC4C53DFB2668389659EDE", "suggested_link_text": "Read the New York Times Review of The Ghost of Frankenstein"}, "multimedia": null}, {"display_title": "The Bugle Sounds", "mpaa_rating": "", "critics_pick": 0, "byline": "BOSLEY CROWTHER", "headline": "Bugle Sounds, The", "summary_short": "Beery as an old cavalry officer. Rusty, to put it mildly.", "publication_date": "1942-04-03", "opening_date": null, "date_updated": "2016-03-30 06:57:18", "link": {"type": "article", "url": "http://www.nytimes.com/movie/review?res=9900E4D7163AE33BBC4B53DFB2668389659EDE", "suggested_link_text": "Read the New York Times Review of The Bugle Sounds"}, "multimedia": null}, {"display_title": "My Favorite Blonde", "mpaa_rating": "", "critics_pick": 0, "byline": "BOSLEY CROWTHER", "headline": "My Favorite Blonde", "summary_short": "Comic helps lady in distress. Very funny spy thriller.", "publication_date": "1942-04-02", "opening_date": null, "date_updated": "2016-03-30 07:15:02", "link": {"type": "article", "url": "http://www.nytimes.com/movie/review?res=9E07E4D71439E33BBC4A53DFB2668389659EDE", "suggested_link_text": "Read the New York Times Review of My Favorite Blonde"}, "multimedia": null}, {"display_title": "Joe Smith, American", "mpaa_rating": "", "critics_pick": 0, "byline": "T.S.", "headline": "Joe Smith, American", "summary_short": "Munitions worker kidnapped by Nazis. Smooth wartime-propaganda yarn. Very efficient.", "publication_date": "1942-04-02", "opening_date": "1942-02-01", "date_updated": "2016-03-30 07:29:43", "link": {"type": "article", "url": "http://www.nytimes.com/movie/review?res=9F07E4D71439E33BBC4A53DFB2668389659EDE", "suggested_link_text": "Read the New York Times Review of Joe Smith, American"}, "multimedia": null}]}