{"status": "OK", "copyright": "Copyright (c) 2017 The New York Times Company. All Rights Reserved.", "has_more": true, "num_results": 20, "results": [{"display_title": "The Mysterious Mr. Wong", "mpaa_rating": "", "critics_pick": 0, "byline": "F.S.N.", "headline": "Mysterious Mr Wong, The", "summary_short": "Juvenile hanky-panky.", "publication_date": "1935-03-07", "opening_date": "1934-12-22", "date_updated": "2016-03-30 07:09:56", "link": {"type": "article", "url": "http://www.nytimes.com/movie/review?res=9401EFD8133DE53ABC4F53DFB566838E629EDE", "suggested_link_text": "Read the New York Times Review of The Mysterious Mr. Wong"}, "multimedia": null}, {"display_title": "Murder on a Honeymoon", "mpaa_rating": "", "critics_pick": 0, "byline": "ANDRE SENNWALD.", "headline": "Murder on a Honeymoon", "summary_short": "Neat whodunit in popular spinster-sleuth series back when. Clever plot, picturesque Catalina Island.", "publication_date": "1935-03-04", "opening_date": "1935-02-22", "date_updated": "2016-03-30 07:05:18", "link": {"type": "article", "url": "http://www.nytimes.com/movie/review?res=9F04E3DA1238E13ABC4C53DFB566838E629EDE", "suggested_link_text": "Read the New York Times Review of Murder on a Honeymoon"}, "multimedia": null}, {"display_title": "While the Patient Slept", "mpaa_rating": "", "critics_pick": 0, "byline": "L S. N.", "headline": "While the Patient Slept", "summary_short": "Murder at dying millionaire's mansion.", "publication_date": "1935-03-02", "opening_date": "1935-03-09", "date_updated": "2016-03-30 06:46:39", "link": {"type": "article", "url": "http://www.nytimes.com/movie/review?res=9F0DE7DA1238E13ABC4A53DFB566838E629EDE", "suggested_link_text": "Read the New York Times Review of While the Patient Slept"}, "multimedia": null}, {"display_title": "Biography of a Bachelor Girl", "mpaa_rating": "", "critics_pick": 0, "byline": "ANDRE SENNWALD.", "headline": "Biography of a Bachelor Girl", "summary_short": "A revealing book about a worldly artist causes problems for the people mentioned in it.", "publication_date": "1935-03-02", "opening_date": "1935-01-04", "date_updated": "2016-03-30 07:29:26", "link": {"type": "article", "url": "http://www.nytimes.com/movie/review?res=9E0DE7DA1238E13ABC4A53DFB566838E629EDE", "suggested_link_text": "Read the New York Times Review of Biography of a Bachelor Girl"}, "multimedia": null}, {"display_title": "Corazon Bandolero", "mpaa_rating": "", "critics_pick": 0, "byline": "H. T. S.", "headline": "Corazon Bandolero", "summary_short": "", "publication_date": "1935-03-02", "opening_date": "1935-03-01", "date_updated": "2016-03-30 07:19:31", "link": {"type": "article", "url": "http://www.nytimes.com/movie/review?res=980DE7DA1238E13ABC4A53DFB566838E629EDE", "suggested_link_text": "Read the New York Times Review of Corazon Bandolero"}, "multimedia": null}, {"display_title": "The Whole Town's Talking", "mpaa_rating": "", "critics_pick": 0, "byline": "ANDRE SENNWALD.", "headline": "Whole Town's Talking, The", "summary_short": "Bookkeeper and gangster lookalike, via John Ford. Crisp, hilarious frolic. Best scene: Donald Meek at lunch.", "publication_date": "1935-03-01", "opening_date": "1935-02-22", "date_updated": "2016-03-30 07:12:50", "link": {"type": "article", "url": "http://www.nytimes.com/movie/review?res=9B0CE2DA113FE53ABC4953DFB566838E629EDE", "suggested_link_text": "Read the New York Times Review of The Whole Town's Talking"}, "multimedia": null}, {"display_title": "Red Hot Tires", "mpaa_rating": "", "critics_pick": 0, "byline": "F.S.N.", "headline": "Red Hot Tires", "summary_short": "Auto racer framed for murder escapes to South America.", "publication_date": "1935-03-01", "opening_date": "1935-02-02", "date_updated": "2016-03-30 07:13:33", "link": {"type": "article", "url": "http://www.nytimes.com/movie/review?res=940CE2DA113FE53ABC4953DFB566838E629EDE", "suggested_link_text": "Read the New York Times Review of Red Hot Tires"}, "multimedia": null}, {"display_title": "The Great Hotel Murder", "mpaa_rating": "", "critics_pick": 0, "byline": "ANDRE SENNWALD.", "headline": "Great Hotel Murder, The", "summary_short": "", "publication_date": "1935-02-28", "opening_date": "1935-02-27", "date_updated": "2016-03-30 07:14:45", "link": {"type": "article", "url": "http://www.nytimes.com/movie/review?res=9F03E5DB113FE53ABC4051DFB466838E629EDE", "suggested_link_text": "Read the New York Times Review of The Great Hotel Murder"}, "multimedia": null}, {"display_title": "Grand Old Girl", "mpaa_rating": "", "critics_pick": 0, "byline": "ANDRE SENNWALD.", "headline": "Grand Old Girl", "summary_short": "Elderly school principal vs. back-room gambler.", "publication_date": "1935-02-26", "opening_date": "1935-01-18", "date_updated": "2016-03-30 06:50:01", "link": {"type": "article", "url": "http://www.nytimes.com/movie/review?res=9502E3D9133DE53ABC4E51DFB466838E629EDE", "suggested_link_text": "Read the New York Times Review of Grand Old Girl"}, "multimedia": null}, {"display_title": "Bella Donna", "mpaa_rating": "", "critics_pick": 0, "byline": "F. S. N.", "headline": "Bella Donna", "summary_short": "", "publication_date": "1935-02-26", "opening_date": null, "date_updated": "2016-03-30 07:12:04", "link": {"type": "article", "url": "http://www.nytimes.com/movie/review?res=9C0DE3D9133DE53ABC4E51DFB466838E629EDE", "suggested_link_text": "Read the New York Times Review of Bella Donna"}, "multimedia": null}, {"display_title": "Folies Bergere", "mpaa_rating": "", "critics_pick": 0, "byline": "ANDRE SENNWALD.", "headline": "Folies Bergere", "summary_short": "Maurice poses as banker. Nice score carries the gimmick.", "publication_date": "1935-02-25", "opening_date": null, "date_updated": "2016-03-30 06:50:14", "link": {"type": "article", "url": "http://www.nytimes.com/movie/review?res=9A06EEDA133DE53ABC4D51DFB466838E629EDE", "suggested_link_text": "Read the New York Times Review of Folies Bergere"}, "multimedia": null}, {"display_title": "Rumba", "mpaa_rating": "", "critics_pick": 0, "byline": "F.S.N.", "headline": "Rumba", "summary_short": "Their &quot;&quot;Bolero'' had more pizzazz.", "publication_date": "1935-02-25", "opening_date": "1935-02-08", "date_updated": "2016-03-30 06:52:54", "link": {"type": "article", "url": "http://www.nytimes.com/movie/review?res=9B06EEDA133DE53ABC4D51DFB466838E629EDE", "suggested_link_text": "Read the New York Times Review of Rumba"}, "multimedia": null}, {"display_title": "Night Life of the Gods", "mpaa_rating": "", "critics_pick": 0, "byline": "A.S.", "headline": "Night Life of the Gods", "summary_short": "", "publication_date": "1935-02-23", "opening_date": "1935-03-01", "date_updated": "2016-03-30 06:51:40", "link": {"type": "article", "url": "http://www.nytimes.com/movie/review?res=9501E4D91E31EE32A25750C2A9649C946494D6CF", "suggested_link_text": "Read the New York Times Review of Night Life of the Gods"}, "multimedia": null}, {"display_title": "The Marines Are Coming", "mpaa_rating": "", "critics_pick": 0, "byline": "F.S.N.", "headline": "Marines are Coming, The", "summary_short": "Rivalry between two men in uniform.", "publication_date": "1935-02-23", "opening_date": "1934-11-20", "date_updated": "2016-03-30 07:17:02", "link": {"type": "article", "url": "http://www.nytimes.com/movie/review?res=9E00E4D91E31EE32A25750C2A9649C946494D6CF", "suggested_link_text": "Read the New York Times Review of The Marines Are Coming"}, "multimedia": null}, {"display_title": "Car 99", "mpaa_rating": "", "critics_pick": 0, "byline": "F. S. N.", "headline": "Car 99", "summary_short": "", "publication_date": "1935-02-23", "opening_date": "1935-03-02", "date_updated": "2016-03-30 07:11:23", "link": {"type": "article", "url": "http://www.nytimes.com/movie/review?res=9D00E4D91E31EE32A25750C2A9649C946494D6CF", "suggested_link_text": "Read the New York Times Review of Car 99"}, "multimedia": null}, {"display_title": "Sequoia", "mpaa_rating": "", "critics_pick": 0, "byline": "ANDRE SENNWALD.", "headline": "Sequoia", "summary_short": "A girl and a forest ranger befriend a deer and a puma, natural enemies, who grow up and are hunted together.", "publication_date": "1935-02-23", "opening_date": "1934-12-22", "date_updated": "2016-03-30 07:29:13", "link": {"type": "article", "url": "http://www.nytimes.com/movie/review?res=9800E4D91E31EE32A25750C2A9649C946494D6CF", "suggested_link_text": "Read the New York Times Review of Sequoia"}, "multimedia": null}, {"display_title": "When a Man's a Man", "mpaa_rating": "", "critics_pick": 0, "byline": "F.S.N.", "headline": "When a Man's a Man", "summary_short": "", "publication_date": "1935-02-22", "opening_date": "1935-02-15", "date_updated": "2016-03-30 06:57:22", "link": {"type": "article", "url": "http://www.nytimes.com/movie/review?res=9502E5DB133DE53ABC4A51DFB466838E629EDE", "suggested_link_text": "Read the New York Times Review of When a Man's a Man"}, "multimedia": null}, {"display_title": "One More Spring", "mpaa_rating": "", "critics_pick": 0, "byline": "ANDRE SENNWALD.", "headline": "One More Spring", "summary_short": "", "publication_date": "1935-02-22", "opening_date": "1935-02-15", "date_updated": "2016-03-30 06:56:20", "link": {"type": "article", "url": "http://www.nytimes.com/movie/review?res=9402E5DB133DE53ABC4A51DFB466838E629EDE", "suggested_link_text": "Read the New York Times Review of One More Spring"}, "multimedia": null}, {"display_title": "Sweet Music", "mpaa_rating": "", "critics_pick": 0, "byline": "ANDRE SENNWALD.", "headline": "Sweet Music", "summary_short": "It is, too. One of those good old forgotten scores. Otherwise pleasant. Ann's a doll.", "publication_date": "1935-02-21", "opening_date": "1935-02-23", "date_updated": "2016-03-30 07:30:29", "link": {"type": "article", "url": "http://www.nytimes.com/movie/review?res=9F05E0DC133DE53ABC4951DFB466838E629EDE", "suggested_link_text": "Read the New York Times Review of Sweet Music"}, "multimedia": null}, {"display_title": "Behold My Wife", "mpaa_rating": "", "critics_pick": 0, "byline": "ANDRE SENNWALD.", "headline": "Behold My Wife", "summary_short": "", "publication_date": "1935-02-18", "opening_date": "1934-12-07", "date_updated": "2016-03-30 06:55:20", "link": {"type": "article", "url": "http://www.nytimes.com/movie/review?res=9D07E0DC1239E632A2575BC1A9649C946494D6CF", "suggested_link_text": "Read the New York Times Review of Behold My Wife"}, "multimedia": null}]}