{"status": "OK", "copyright": "Copyright (c) 2017 The New York Times Company. All Rights Reserved.", "has_more": true, "num_results": 20, "results": [{"display_title": "By Candlelight", "mpaa_rating": "", "critics_pick": 0, "byline": "MORDAUNT HALL", "headline": "By Candlelight", "summary_short": "", "publication_date": "1934-01-06", "opening_date": "1933-12-18", "date_updated": "2016-03-30 07:27:59", "link": {"type": "article", "url": "http://www.nytimes.com/movie/review?res=9B05E3D9103DE33ABC4E53DFB766838F629EDE", "suggested_link_text": "Read the New York Times Review of By Candlelight"}, "multimedia": null}, {"display_title": "If I Were Free", "mpaa_rating": "", "critics_pick": 0, "byline": "MORDAUNT HALL.", "headline": "If I Were Free", "summary_short": "Interior decorator and London barrister.", "publication_date": "1934-01-05", "opening_date": "1933-12-01", "date_updated": "2016-03-30 06:50:07", "link": {"type": "article", "url": "http://www.nytimes.com/movie/review?res=9A03EEDB1439E33ABC4D53DFB766838F629EDE", "suggested_link_text": "Read the New York Times Review of If I Were Free"}, "multimedia": null}, {"display_title": "Smoky", "mpaa_rating": "", "critics_pick": 0, "byline": "A.D.S.", "headline": "Smoky", "summary_short": "", "publication_date": "1934-01-01", "opening_date": "1933-12-08", "date_updated": "2016-03-30 07:28:54", "link": {"type": "article", "url": "http://www.nytimes.com/movie/review?res=9B00E0DF1E3DE23ABC4953DFB766838F629EDE", "suggested_link_text": "Read the New York Times Review of Smoky"}, "multimedia": null}, {"display_title": "Lady Killer", "mpaa_rating": "", "critics_pick": 0, "byline": "MORDAUNT HALL.", "headline": "Lady Killer", "summary_short": "Gangster turns film star and mob closes in. Fast, punchy entertainment.", "publication_date": "1934-01-01", "opening_date": "1933-12-09", "date_updated": "2016-03-30 06:46:22", "link": {"type": "article", "url": "http://www.nytimes.com/movie/review?res=9A00E0DF1E3DE23ABC4953DFB766838F629EDE", "suggested_link_text": "Read the New York Times Review of Lady Killer"}, "multimedia": null}, {"display_title": "The Son of Kong", "mpaa_rating": "", "critics_pick": 0, "byline": "B. R. Crisler", "headline": "Son of Kong", "summary_short": "Skull Island again, with a surprising Junior. Good sequel. Best moment last: upraised paw.", "publication_date": "1933-12-30", "opening_date": "1933-12-22", "date_updated": "2016-03-30 06:42:17", "link": {"type": "article", "url": "http://www.nytimes.com/movie/review?res=9E0DEED81531E333A25753C3A9649D946294D6CF", "suggested_link_text": "Read the New York Times Review of The Son of Kong"}, "multimedia": null}, {"display_title": "A Man's Castle", "mpaa_rating": "", "critics_pick": 0, "byline": "MORDAUNT HALL.", "headline": "Man's Castle", "summary_short": "A hobo's world, back when. Sentimental, moving and always interesting.", "publication_date": "1933-12-30", "opening_date": "1933-10-27", "date_updated": "2016-03-30 07:13:06", "link": {"type": "article", "url": "http://www.nytimes.com/movie/review?res=9F0DEED81531E333A25753C3A9649D946294D6CF", "suggested_link_text": "Read the New York Times Review of A Man's Castle"}, "multimedia": null}, {"display_title": "Queen Christina", "mpaa_rating": "", "critics_pick": 0, "byline": "MORDAUNT HALL.", "headline": "Queen Christina", "summary_short": "War-weary single monarch. Literate, searching and oh that fadeout!", "publication_date": "1933-12-27", "opening_date": "1934-02-09", "date_updated": "2016-03-30 06:57:08", "link": {"type": "article", "url": "http://www.nytimes.com/movie/review?res=9802E1D91531E333A25754C2A9649D946294D6CF", "suggested_link_text": "Read the New York Times Review of Queen Christina"}, "multimedia": null}, {"display_title": "Chance at Heaven", "mpaa_rating": "", "critics_pick": 0, "byline": "MORDAUNT HALL.", "headline": "Chance at Heaven", "summary_short": "Mild romantic tale.", "publication_date": "1933-12-26", "opening_date": "1933-10-27", "date_updated": "2016-03-30 07:11:46", "link": {"type": "article", "url": "http://www.nytimes.com/movie/review?res=9E0DE5D91531E333A25755C2A9649D946294D6CF", "suggested_link_text": "Read the New York Times Review of Chance at Heaven"}, "multimedia": null}, {"display_title": "Mirages De Paris", "mpaa_rating": "", "critics_pick": 0, "byline": "H. T. S.", "headline": "Mirages de Paris", "summary_short": "", "publication_date": "1933-12-25", "opening_date": "1933-12-24", "date_updated": "2016-03-30 07:22:02", "link": {"type": "article", "url": "http://www.nytimes.com/movie/review?res=9407EFDA1531E333A25756C2A9649D946294D6CF", "suggested_link_text": "Read the New York Times Review of Mirages De Paris"}, "multimedia": null}, {"display_title": "Saison in Kairo", "mpaa_rating": "", "critics_pick": 0, "byline": "H. T. S.", "headline": "Saison in Kairo", "summary_short": "", "publication_date": "1933-12-25", "opening_date": "1933-12-24", "date_updated": "2016-03-30 07:22:08", "link": {"type": "article", "url": "http://www.nytimes.com/movie/review?res=9A07EFDA1531E333A25756C2A9649D946294D6CF", "suggested_link_text": "Read the New York Times Review of Saison in Kairo"}, "multimedia": null}, {"display_title": "Roman Scandals", "mpaa_rating": "Not Rated", "critics_pick": 0, "byline": "MORDAUNT HALL.", "headline": "Roman Scandals", "summary_short": "Quite stylish and sprightly, even for Cantor. Spot young Lucy Ball and Paulette Goddard in ``Keep Young and Beautiful.''", "publication_date": "1933-12-25", "opening_date": "1933-12-29", "date_updated": "2016-03-30 07:21:21", "link": {"type": "article", "url": "http://www.nytimes.com/movie/review?res=9F04EFDA1531E333A25756C2A9649D946294D6CF", "suggested_link_text": "Read the New York Times Review of Roman Scandals"}, "multimedia": null}, {"display_title": "Convention City", "mpaa_rating": "", "critics_pick": 0, "byline": "A. D. s.", "headline": "Convention City", "summary_short": "", "publication_date": "1933-12-25", "opening_date": "1933-12-14", "date_updated": "2016-03-30 07:01:20", "link": {"type": "article", "url": "http://www.nytimes.com/movie/review?res=9807EFDA1531E333A25756C2A9649D946294D6CF", "suggested_link_text": "Read the New York Times Review of Convention City"}, "multimedia": null}, {"display_title": "Mr. Skitch", "mpaa_rating": "", "critics_pick": 0, "byline": "M.H.", "headline": "Mr Skitch", "summary_short": "", "publication_date": "1933-12-23", "opening_date": "1933-12-22", "date_updated": "2016-03-30 07:26:32", "link": {"type": "article", "url": "http://www.nytimes.com/movie/review?res=9B05E2DB1531E333A25750C2A9649D946294D6CF", "suggested_link_text": "Read the New York Times Review of Mr. Skitch"}, "multimedia": null}, {"display_title": "Throne of the Gods", "mpaa_rating": "", "critics_pick": 0, "byline": "A.D.S.", "headline": "Throne of the Gods", "summary_short": "", "publication_date": "1933-12-22", "opening_date": "1933-12-22", "date_updated": "2016-03-30 06:58:31", "link": {"type": "article", "url": "http://www.nytimes.com/movie/review?res=9E05E7DB1531E333A25751C2A9649D946294D6CF", "suggested_link_text": "Read the New York Times Review of Throne of the Gods"}, "multimedia": null}, {"display_title": "Flying Down to Rio", "mpaa_rating": "", "critics_pick": 0, "byline": "MORDAUNT HALL", "headline": "Flying Down to Rio", "summary_short": "Maddening romantic fluff. Not enough Rogers and Astaire.", "publication_date": "1933-12-22", "opening_date": "1933-12-29", "date_updated": "2016-03-30 06:47:33", "link": {"type": "article", "url": "http://www.nytimes.com/movie/review?res=9F05E7DB1531E333A25751C2A9649D946294D6CF", "suggested_link_text": "Read the New York Times Review of Flying Down to Rio"}, "multimedia": null}, {"display_title": "Criminal at Large", "mpaa_rating": "", "critics_pick": 0, "byline": "MORDAUNT HALL.", "headline": "Criminal at Large", "summary_short": "", "publication_date": "1933-12-20", "opening_date": null, "date_updated": "2016-03-30 07:30:27", "link": {"type": "article", "url": "http://www.nytimes.com/movie/review?res=9803EEDD1531E333A25753C2A9649D946294D6CF", "suggested_link_text": "Read the New York Times Review of Criminal at Large"}, "multimedia": null}, {"display_title": "Should Ladies Behave?", "mpaa_rating": "", "critics_pick": 0, "byline": "MORDAUNT HALL", "headline": "Should Ladies Behave?", "summary_short": "The wife of a crotchety older man flirts with a philandering artist, and he flirts with her daughter. Humorous but not rational.", "publication_date": "1933-12-18", "opening_date": "1933-12-01", "date_updated": "2016-03-30 06:52:23", "link": {"type": "article", "url": "http://www.nytimes.com/movie/review?res=9B00EFDE1531E333A2575BC1A9649D946294D6CF", "suggested_link_text": "Read the New York Times Review of Should Ladies Behave?"}, "multimedia": null}, {"display_title": "Jimmy and Sally", "mpaa_rating": "", "critics_pick": 0, "byline": "A.D.S.", "headline": "Jimmy and Sally", "summary_short": "", "publication_date": "1933-12-16", "opening_date": "1933-11-24", "date_updated": "2016-03-30 07:22:07", "link": {"type": "article", "url": "http://www.nytimes.com/movie/review?res=9901E5DF1531E333A25755C1A9649D946294D6CF", "suggested_link_text": "Read the New York Times Review of Jimmy and Sally"}, "multimedia": null}, {"display_title": "His Double Life", "mpaa_rating": "", "critics_pick": 0, "byline": "MORDAUNT HALL", "headline": "His Double Life", "summary_short": "Early version of Bennett story, ``Holy Matrimony.'' Nice yarn, beautifully done later with Monty Woolley and Gracie Fields.", "publication_date": "1933-12-16", "opening_date": "1934-01-12", "date_updated": "2016-03-30 07:11:37", "link": {"type": "article", "url": "http://www.nytimes.com/movie/review?res=9801E5DF1531E333A25755C1A9649D946294D6CF", "suggested_link_text": "Read the New York Times Review of His Double Life"}, "multimedia": null}, {"display_title": "The Right to Romance", "mpaa_rating": "", "critics_pick": 0, "byline": "MORDAUNT HALL.", "headline": "Right to Romance, The", "summary_short": "A plastic surgeon marries a playboy aviator who's wrong for her.", "publication_date": "1933-12-15", "opening_date": "1933-11-17", "date_updated": "2016-03-30 06:47:02", "link": {"type": "article", "url": "http://www.nytimes.com/movie/review?res=9901EFD61431E333A25756C1A9649D946294D6CF", "suggested_link_text": "Read the New York Times Review of The Right to Romance"}, "multimedia": null}]}