{"status": "OK", "copyright": "Copyright (c) 2017 The New York Times Company. All Rights Reserved.", "has_more": true, "num_results": 20, "results": [{"display_title": "They Met on Skis", "mpaa_rating": "", "critics_pick": 0, "byline": "BOSLEY CROWTHER", "headline": "They Met on Skis", "summary_short": "", "publication_date": "1940-12-23", "opening_date": "1940-12-22", "date_updated": "2016-03-30 07:22:24", "link": {"type": "article", "url": "http://www.nytimes.com/movie/review?res=9D01E6DC1439E03ABC4B51DFB467838B659EDE", "suggested_link_text": "Read the New York Times Review of They Met on Skis"}, "multimedia": null}, {"display_title": "The Santa Fe Trail", "mpaa_rating": "Not Rated", "critics_pick": 0, "byline": "BOSLEY CROWTHER", "headline": "Santa Fe Trail", "summary_short": "Rousing, burly adventure and Flynn is a dandy Jeb Stuart. Ditto Massey as John Brown, in striking opener.", "publication_date": "1940-12-21", "opening_date": "1940-12-28", "date_updated": "2016-03-30 06:42:56", "link": {"type": "article", "url": "http://www.nytimes.com/movie/review?res=9B04E2DD173BE03ABC4951DFB467838B659EDE", "suggested_link_text": "Read the New York Times Review of The Santa Fe Trail"}, "multimedia": null}, {"display_title": "No, No Nanette", "mpaa_rating": "", "critics_pick": 0, "byline": "BOSLEY CROWTHER", "headline": "No, No, Nanette", "summary_short": "", "publication_date": "1940-12-20", "opening_date": "1940-12-20", "date_updated": "2016-03-30 06:52:06", "link": {"type": "article", "url": "http://www.nytimes.com/movie/review?res=9E04E7D81F3CE73ABC4851DFB467838B659EDE", "suggested_link_text": "Read the New York Times Review of No, No Nanette"}, "multimedia": null}, {"display_title": "Hullabaloo", "mpaa_rating": "", "critics_pick": 0, "byline": "BOSLEY CROWTHER", "headline": "Hullabaloo", "summary_short": "Family man begins radio career. Uneven merriment.", "publication_date": "1940-12-19", "opening_date": "1940-10-25", "date_updated": "2016-03-30 06:56:16", "link": {"type": "article", "url": "http://www.nytimes.com/movie/review?res=9903E5D91F3CE73ABC4152DFB467838B659EDE", "suggested_link_text": "Read the New York Times Review of Hullabaloo"}, "multimedia": null}, {"display_title": "Love Thy Neighbor", "mpaa_rating": "", "critics_pick": 0, "byline": "BOSLEY CROWTHER", "headline": "Love Thy Neighbor", "summary_short": "Pleasant, dated and painless.", "publication_date": "1940-12-18", "opening_date": "1940-12-27", "date_updated": "2016-03-30 06:44:45", "link": {"type": "article", "url": "http://www.nytimes.com/movie/review?res=9D07E4DA1F3CE73ABC4052DFB467838B659EDE", "suggested_link_text": "Read the New York Times Review of Love Thy Neighbor"}, "multimedia": null}, {"display_title": "The Bank Dick", "mpaa_rating": "", "critics_pick": 1, "byline": "BOSLEY CROWTHER", "headline": "Bank Dick, The", "summary_short": "The immortal Egbert Souse. Enough said and enough for anybody.", "publication_date": "1940-12-13", "opening_date": "1940-11-29", "date_updated": "2016-03-30 06:56:36", "link": {"type": "article", "url": "http://www.nytimes.com/movie/review?res=9905E4DC1F3CE73ABC4B52DFB467838B659EDE", "suggested_link_text": "Read the New York Times Review of The Bank Dick"}, "multimedia": null}, {"display_title": "A Dispatch from Reuters", "mpaa_rating": "", "critics_pick": 0, "byline": "BOSLEY CROWTHER", "headline": "Dispatch From Reuters, A", "summary_short": "Founding of news agency. Juiceless drama.", "publication_date": "1940-12-12", "opening_date": "1940-10-19", "date_updated": "2016-03-30 07:07:33", "link": {"type": "article", "url": "http://www.nytimes.com/movie/review?res=9A01E1DD1F3CE73ABC4A52DFB467838B659EDE", "suggested_link_text": "Read the New York Times Review of A Dispatch from Reuters"}, "multimedia": null}, {"display_title": "The Lady in Question", "mpaa_rating": "", "critics_pick": 0, "byline": "BOSLEY CROWTHER", "headline": "Lady in Question, The", "summary_short": "", "publication_date": "1940-12-10", "opening_date": "1940-08-07", "date_updated": "2016-03-30 06:41:34", "link": {"type": "article", "url": "http://www.nytimes.com/movie/review?res=9907E0DF1F3CE73ABC4852DFB467838B659EDE", "suggested_link_text": "Read the New York Times Review of The Lady in Question"}, "multimedia": null}, {"display_title": "Little Men", "mpaa_rating": "", "critics_pick": 0, "byline": "BOSLET CROWTHER", "headline": "Little Men", "summary_short": "Author Alcott would do a back flip. Twice.", "publication_date": "1940-12-09", "opening_date": "1940-11-29", "date_updated": "2016-03-30 06:52:51", "link": {"type": "article", "url": "http://www.nytimes.com/movie/review?res=9503E1D61E3EE33ABC4153DFB467838B659EDE", "suggested_link_text": "Read the New York Times Review of Little Men"}, "multimedia": null}, {"display_title": "Trail of the Vigilantes", "mpaa_rating": "", "critics_pick": 0, "byline": "BOSLEY CROWTHER", "headline": "Trail of the Vigilantes", "summary_short": "Good, fast Western.", "publication_date": "1940-12-07", "opening_date": "1940-12-13", "date_updated": "2016-03-30 07:14:18", "link": {"type": "article", "url": "http://www.nytimes.com/movie/review?res=9803E2D71F3CE533A25754C0A9649D946193D6CF", "suggested_link_text": "Read the New York Times Review of Trail of the Vigilantes"}, "multimedia": null}, {"display_title": "The Thief of Bagdad", "mpaa_rating": "Not Rated", "critics_pick": 1, "byline": "BOSLEY CROWTHER", "headline": "Thief of Bagdad, The", "summary_short": "Pounce. Grand adventure -- tingling, sweeping, artistic. Treat for all ages.", "publication_date": "1940-12-06", "opening_date": "1940-12-25", "date_updated": "2016-03-30 07:14:05", "link": {"type": "article", "url": "http://www.nytimes.com/movie/review?res=9B03E6D91E3EE33ABC4E53DFB467838B659EDE", "suggested_link_text": "Read the New York Times Review of The Thief of Bagdad"}, "multimedia": null}, {"display_title": "The Son of Monte Cristo", "mpaa_rating": "", "critics_pick": 0, "byline": "BOSLEY CROWTHER", "headline": "Son of Monte Cristo, The", "summary_short": "Trim and spirited.", "publication_date": "1940-12-05", "opening_date": "1941-01-10", "date_updated": "2016-03-30 07:13:49", "link": {"type": "article", "url": "http://www.nytimes.com/movie/review?res=9502EED61E3CE73ABC4D53DFB467838B659EDE", "suggested_link_text": "Read the New York Times Review of The Son of Monte Cristo"}, "multimedia": null}, {"display_title": "Dulcy", "mpaa_rating": "", "critics_pick": 0, "byline": "BOSLEY CROWTHER", "headline": "Dulcy", "summary_short": "Inventor, girlfriend and airplane carburetor. Second-rate screw-loose comedy.", "publication_date": "1940-11-28", "opening_date": "1940-10-04", "date_updated": "2016-03-30 06:55:54", "link": {"type": "article", "url": "http://www.nytimes.com/movie/review?res=9B04EEDF1438E532A2575BC2A9679D946193D6CF", "suggested_link_text": "Read the New York Times Review of Dulcy"}, "multimedia": null}, {"display_title": "The Letter", "mpaa_rating": "Not Rated", "critics_pick": 1, "byline": "BOSLEY CROWTHER", "headline": "Letter, The", "summary_short": "Maugham's tropic slayer. Gorgeously adult drama, served to perfection. And don't miss the moonlit curtain-raiser.", "publication_date": "1940-11-23", "opening_date": "1940-11-23", "date_updated": "2016-03-30 07:24:06", "link": {"type": "article", "url": "http://www.nytimes.com/movie/review?res=9E06E1D71738E532A25750C2A9679D946193D6CF", "suggested_link_text": "Read the New York Times Review of The Letter"}, "multimedia": null}, {"display_title": "Bitter Sweet", "mpaa_rating": "", "critics_pick": 0, "byline": "BOSLEY CROWTHER", "headline": "Bitter Sweet", "summary_short": "Coward's lovely old Victorian operetta form-fitted to the Hollywood assembly line. That haunting score holds.", "publication_date": "1940-11-22", "opening_date": "1940-11-08", "date_updated": "2016-03-30 06:55:56", "link": {"type": "article", "url": "http://www.nytimes.com/movie/review?res=9802E0DC1739E23ABC4A51DFB767838B659EDE", "suggested_link_text": "Read the New York Times Review of Bitter Sweet"}, "multimedia": null}, {"display_title": "Too Many Girls", "mpaa_rating": "", "critics_pick": 0, "byline": "BOSLEY CROWTHER", "headline": "Too Many Girls", "summary_short": "Stagy but engaging. Nifty Rodgers and Hart score.", "publication_date": "1940-11-21", "opening_date": "1940-10-08", "date_updated": "2016-03-30 07:20:44", "link": {"type": "article", "url": "http://www.nytimes.com/movie/review?res=9D07E6D71738E532A25752C2A9679D946193D6CF", "suggested_link_text": "Read the New York Times Review of Too Many Girls"}, "multimedia": null}, {"display_title": "The Kiss of Fire", "mpaa_rating": "", "critics_pick": 0, "byline": "BOSLEY CROWTHER", "headline": "Kiss of Fire, The", "summary_short": "", "publication_date": "1940-11-20", "opening_date": "1940-11-19", "date_updated": "2016-03-30 06:45:02", "link": {"type": "article", "url": "http://www.nytimes.com/movie/review?res=9F07E3D81738E532A25753C2A9679D946193D6CF", "suggested_link_text": "Read the New York Times Review of The Kiss of Fire"}, "multimedia": null}, {"display_title": "Angels over Broadway", "mpaa_rating": "", "critics_pick": 0, "byline": "BOSLEY CROWTHER", "headline": "Angels Over Broadway", "summary_short": "Ben Hecht tale of Broadway oddballs. Wordy but original, holding.", "publication_date": "1940-11-18", "opening_date": "1940-10-02", "date_updated": "2016-03-30 06:54:32", "link": {"type": "article", "url": "http://www.nytimes.com/movie/review?res=9F02E6D91738E532A2575BC1A9679D946193D6CF", "suggested_link_text": "Read the New York Times Review of Angels over Broadway"}, "multimedia": null}, {"display_title": "You'll Find Out", "mpaa_rating": "", "critics_pick": 0, "byline": "BOSLEY CROWTHER", "headline": "You'll Find Out", "summary_short": "Paper-thin little caper about radio-show bandleader and haunted mansion.", "publication_date": "1940-11-15", "opening_date": "1940-11-22", "date_updated": "2016-03-30 06:48:30", "link": {"type": "article", "url": "http://www.nytimes.com/movie/review?res=9501E3D71E3CE73ABC4D52DFB767838B659EDE", "suggested_link_text": "Read the New York Times Review of You'll Find Out"}, "multimedia": null}, {"display_title": "Fantasia", "mpaa_rating": "G", "critics_pick": 1, "byline": "BOSLEY CROWTHER", "headline": "Fantasia", "summary_short": "", "publication_date": "1940-11-14", "opening_date": null, "date_updated": "2016-03-30 07:10:42", "link": {"type": "article", "url": "http://www.nytimes.com/movie/review?res=9801E2DA1738E532A25757C1A9679D946193D6CF", "suggested_link_text": "Read the New York Times Review of Fantasia"}, "multimedia": null}]}