{"status": "OK", "copyright": "Copyright (c) 2017 The New York Times Company. All Rights Reserved.", "has_more": true, "num_results": 20, "results": [{"display_title": "Adventure in Music", "mpaa_rating": "", "critics_pick": 0, "byline": "A.W.", "headline": "Adventure in Music", "summary_short": "", "publication_date": "1944-03-06", "opening_date": "1944-04-20", "date_updated": "2016-03-30 07:12:27", "link": {"type": "article", "url": "http://www.nytimes.com/movie/review?res=9E02E6D71231E03BBC4E53DFB566838F659EDE", "suggested_link_text": "Read the New York Times Review of Adventure in Music"}, "multimedia": null}, {"display_title": "The Woman of the Town", "mpaa_rating": "", "critics_pick": 0, "byline": "BOSLEY CROWTHER", "headline": "Woman of the Town, The", "summary_short": "Thumping good western about frontier marshal Bat Masterson. Neat job.", "publication_date": "1944-03-06", "opening_date": "1943-12-31", "date_updated": "2016-03-30 06:44:49", "link": {"type": "article", "url": "http://www.nytimes.com/movie/review?res=9D02E6D71231E03BBC4E53DFB566838F659EDE", "suggested_link_text": "Read the New York Times Review of The Woman of the Town"}, "multimedia": null}, {"display_title": "The Curse of the Cat People", "mpaa_rating": "", "critics_pick": 0, "byline": "BOSLEY CROWTHER", "headline": "Curse of the Cat People, The", "summary_short": "Not a thriller. Charming sequel, touching tale of a lonely child. Real surprise.", "publication_date": "1944-03-04", "opening_date": null, "date_updated": "2016-03-30 07:18:30", "link": {"type": "article", "url": "http://www.nytimes.com/movie/review?res=950CE0D8153DE13BBC4C53DFB566838F659EDE", "suggested_link_text": "Read the New York Times Review of The Curse of the Cat People"}, "multimedia": null}, {"display_title": "With the Marines at Tarawa", "mpaa_rating": "", "critics_pick": 0, "byline": "B.C.", "headline": "With the Marines at Tarawa", "summary_short": "", "publication_date": "1944-03-03", "opening_date": "1944-03-02", "date_updated": "2016-03-30 07:20:16", "link": {"type": "article", "url": "http://www.nytimes.com/movie/review?res=9E01E0D91F3CEE3BBC4B53DFB566838F659EDE", "suggested_link_text": "Read the New York Times Review of With the Marines at Tarawa"}, "multimedia": null}, {"display_title": "Up in Arms", "mpaa_rating": "", "critics_pick": 0, "byline": "BOSLEY CROWTHER", "headline": "Up in Arms", "summary_short": "Kaye's fresh flick debut, nicely abetted by Dinah.", "publication_date": "1944-03-03", "opening_date": null, "date_updated": "2016-03-30 07:29:43", "link": {"type": "article", "url": "http://www.nytimes.com/movie/review?res=9F06E0D91F3CEE3BBC4B53DFB566838F659EDE", "suggested_link_text": "Read the New York Times Review of Up in Arms"}, "multimedia": null}, {"display_title": "Jack London", "mpaa_rating": "", "critics_pick": 0, "byline": "A.W.", "headline": "Jack London", "summary_short": "Writer's early years. Modest, fragmentary but on target. Good O'Shea.", "publication_date": "1944-03-03", "opening_date": "1943-12-24", "date_updated": "2016-03-30 07:25:23", "link": {"type": "article", "url": "http://www.nytimes.com/movie/review?res=9A01E0D91F3CEE3BBC4B53DFB566838F659EDE", "suggested_link_text": "Read the New York Times Review of Jack London"}, "multimedia": null}, {"display_title": "Ona Zashchishchayet Rodinu", "mpaa_rating": "", "critics_pick": 0, "byline": "BOSLEY CROWTHER", "headline": "No Greater Love", "summary_short": "", "publication_date": "1944-02-25", "opening_date": "1944-02-24", "date_updated": "2016-03-30 06:50:50", "link": {"type": "article", "url": "http://www.nytimes.com/movie/review?res=9906E4DE113CE03ABC4D51DFB466838F659EDE", "suggested_link_text": "Read the New York Times Review of Ona Zashchishchayet Rodinu"}, "multimedia": null}, {"display_title": "Standing Room Only", "mpaa_rating": "", "critics_pick": 0, "byline": "B.C.", "headline": "Standing Room Only", "summary_short": "Crowded wartime Washington and let it stand.", "publication_date": "1944-02-23", "opening_date": "1944-01-07", "date_updated": "2016-03-30 07:11:34", "link": {"type": "article", "url": "http://www.nytimes.com/movie/review?res=9F0DEFD9153DE13BBC4B51DFB466838F659EDE", "suggested_link_text": "Read the New York Times Review of Standing Room Only"}, "multimedia": null}, {"display_title": "The Lady in the Dark", "mpaa_rating": "", "critics_pick": 0, "byline": "BOSLEY CROWTHER", "headline": "Lady in the Dark", "summary_short": "Talky, 10-ton version of Broadway, minus the charm and most of the Weill score. My ship sinks.", "publication_date": "1944-02-23", "opening_date": "1944-02-10", "date_updated": "2016-03-30 06:57:35", "link": {"type": "article", "url": "http://www.nytimes.com/movie/review?res=9C0DEFD9153DE13BBC4B51DFB466838F659EDE", "suggested_link_text": "Read the New York Times Review of The Lady in the Dark"}, "multimedia": null}, {"display_title": "The Uninvited", "mpaa_rating": "", "critics_pick": 0, "byline": "BOSLEY CROWTHER", "headline": "Uninvited, The", "summary_short": "Gorgeous ghost story about house on Cornwall coast. Breathe in that mimosa scent and Victor Young's lovely music.", "publication_date": "1944-02-21", "opening_date": null, "date_updated": "2016-03-30 06:57:03", "link": {"type": "article", "url": "http://www.nytimes.com/movie/review?res=9B07E1DA1F3CEE3BBC4951DFB466838F659EDE", "suggested_link_text": "Read the New York Times Review of The Uninvited"}, "multimedia": null}, {"display_title": "Action in Arabia", "mpaa_rating": "", "critics_pick": 0, "byline": "BOSLEY CROWTHER", "headline": "Action in Arabia", "summary_short": "Routine war sleuthing.", "publication_date": "1944-02-19", "opening_date": null, "date_updated": "2016-03-30 06:56:53", "link": {"type": "article", "url": "http://www.nytimes.com/movie/review?res=9A01E1DA1030E53BBC4152DFB466838F659EDE", "suggested_link_text": "Read the New York Times Review of Action in Arabia"}, "multimedia": null}, {"display_title": "Phantom Lady", "mpaa_rating": "", "critics_pick": 0, "byline": "BOSLEY CROWTHER", "headline": "Phantom Lady", "summary_short": "Man framed for wife's murder. Model low-budget whodunit.", "publication_date": "1944-02-18", "opening_date": "1944-01-28", "date_updated": "2016-03-30 07:13:21", "link": {"type": "article", "url": "http://www.nytimes.com/movie/review?res=9503EEDA153DE13BBC4052DFB466838F659EDE", "suggested_link_text": "Read the New York Times Review of Phantom Lady"}, "multimedia": null}, {"display_title": "Passage to Marseille", "mpaa_rating": "", "critics_pick": 0, "byline": "BOSLEY CROWTHER", "headline": "Passage to Marseille", "summary_short": "Pounding and colorful. Only catch is cluttered format: flashbacks within flashbacks.", "publication_date": "1944-02-17", "opening_date": "1944-03-11", "date_updated": "2016-03-30 07:28:30", "link": {"type": "article", "url": "http://www.nytimes.com/movie/review?res=9404E5DD143EE03BBC4F52DFB466838F659EDE", "suggested_link_text": "Read the New York Times Review of Passage to Marseille"}, "multimedia": null}, {"display_title": "In Our Time", "mpaa_rating": "", "critics_pick": 0, "byline": "BOSLEY CROWTHER", "headline": "In our Time", "summary_short": "Engrossing, well-turned drama of Nazi-shadowed Poland. Good characterizations.", "publication_date": "1944-02-12", "opening_date": "1944-02-19", "date_updated": "2016-03-30 07:23:46", "link": {"type": "article", "url": "http://www.nytimes.com/movie/review?res=9A0DE0DB1F3CEE3BBC4A52DFB466838F659EDE", "suggested_link_text": "Read the New York Times Review of In Our Time"}, "multimedia": null}, {"display_title": "Song of Russia", "mpaa_rating": "", "critics_pick": 0, "byline": "BOSLEY CROWTHER", "headline": "Song of Russia", "summary_short": "Love, up to here, with nice music.", "publication_date": "1944-02-11", "opening_date": "1944-02-01", "date_updated": "2016-03-30 06:53:40", "link": {"type": "article", "url": "http://www.nytimes.com/movie/review?res=9905EED7103CE03ABC4952DFB466838F659EDE", "suggested_link_text": "Read the New York Times Review of Song of Russia"}, "multimedia": null}, {"display_title": "The Sullivans", "mpaa_rating": "PG", "critics_pick": 0, "byline": "BOSLEY CROWTHER", "headline": "Sullivans, The", "summary_short": "Fact-based drama of five Navy brothers, World War II. Steady and ultimately moving.", "publication_date": "1944-02-10", "opening_date": "1944-02-03", "date_updated": "2016-03-30 06:58:14", "link": {"type": "article", "url": "http://www.nytimes.com/movie/review?res=9806E6DA153DE13BBC4852DFB466838F659EDE", "suggested_link_text": "Read the New York Times Review of The Sullivans"}, "multimedia": null}, {"display_title": "Three Russian Girls", "mpaa_rating": "", "critics_pick": 0, "byline": "BOSLEY CROWTHER", "headline": "Three Russian Girls", "summary_short": "", "publication_date": "1944-02-05", "opening_date": "1944-01-14", "date_updated": "2016-03-30 07:30:10", "link": {"type": "article", "url": "http://www.nytimes.com/movie/review?res=9904EFDB1030E53BBC4D53DFB466838F659EDE", "suggested_link_text": "Read the New York Times Review of Three Russian Girls"}, "multimedia": null}, {"display_title": "Jane Eyre", "mpaa_rating": "", "critics_pick": 0, "byline": "BOSLEY CROWTHER", "headline": "Jane Eyre", "summary_short": "Bronte's buffeted governess. Moving and beautifully produced.", "publication_date": "1944-02-04", "opening_date": "1944-04-07", "date_updated": "2016-03-30 07:24:06", "link": {"type": "article", "url": "http://www.nytimes.com/movie/review?res=940DE6DC1F3CEE3BBC4C53DFB466838F659EDE", "suggested_link_text": "Read the New York Times Review of Jane Eyre"}, "multimedia": null}, {"display_title": "The Return of the Vampire", "mpaa_rating": "", "critics_pick": 0, "byline": "B.C.", "headline": "Return of the Vampire, The", "summary_short": "Flappety-flap.", "publication_date": "1944-01-29", "opening_date": "1943-11-11", "date_updated": "2016-03-30 07:13:39", "link": {"type": "article", "url": "http://www.nytimes.com/movie/review?res=9B03E7DB1030E53BBC4151DFB766838F659EDE", "suggested_link_text": "Read the New York Times Review of The Return of the Vampire"}, "multimedia": null}, {"display_title": "Swing Fever", "mpaa_rating": "", "critics_pick": 0, "byline": "BOSLEY CROWTHER", "headline": "Swing Fever", "summary_short": "Songwriter with a hypnotic eye, used to help a boxer win.", "publication_date": "1944-01-28", "opening_date": "1943-11-01", "date_updated": "2016-03-30 06:43:41", "link": {"type": "article", "url": "http://www.nytimes.com/movie/review?res=9A07EEDD123DE13BBC4051DFB766838F659EDE", "suggested_link_text": "Read the New York Times Review of Swing Fever"}, "multimedia": null}]}