{"status": "OK", "copyright": "Copyright (c) 2017 The New York Times Company. All Rights Reserved.", "has_more": true, "num_results": 20, "results": [{"display_title": "Call out the Marines", "mpaa_rating": "", "critics_pick": 0, "byline": "BOSLEY CROWTHER", "headline": "Call out the Marines", "summary_short": "Spies along the waterfront. About as fresh as Methuselah, somewhat funnier.", "publication_date": "1942-01-26", "opening_date": "1942-02-13", "date_updated": "2016-03-30 06:47:08", "link": {"type": "article", "url": "http://www.nytimes.com/movie/review?res=9801E0DC173BE33BBC4E51DFB7668389659EDE", "suggested_link_text": "Read the New York Times Review of Call out the Marines"}, "multimedia": null}, {"display_title": "Three Cockeyed Sailors", "mpaa_rating": "", "critics_pick": 0, "byline": "T.M.P.", "headline": "Three Cockeyed Sailors", "summary_short": "", "publication_date": "1942-01-26", "opening_date": "1941-07-04", "date_updated": "2016-03-30 06:43:49", "link": {"type": "article", "url": "http://www.nytimes.com/movie/review?res=9A01E0DC173BE33BBC4E51DFB7668389659EDE", "suggested_link_text": "Read the New York Times Review of Three Cockeyed Sailors"}, "multimedia": null}, {"display_title": "All Through the Night", "mpaa_rating": "", "critics_pick": 0, "byline": "BOSLEY CROWTHER", "headline": "All Through the Night", "summary_short": "Nazis in Yorkville. Fast, lively melodrama.", "publication_date": "1942-01-24", "opening_date": "1941-12-02", "date_updated": "2016-03-30 06:49:44", "link": {"type": "article", "url": "http://www.nytimes.com/movie/review?res=9502E2DE173BE33BBC4C51DFB7668389659EDE", "suggested_link_text": "Read the New York Times Review of All Through the Night"}, "multimedia": null}, {"display_title": "Paris Calling", "mpaa_rating": "", "critics_pick": 0, "byline": "T.S.", "headline": "Paris Calling", "summary_short": "So-so war espionage, but Miss Bergner always interesting.", "publication_date": "1942-01-19", "opening_date": "1942-01-16", "date_updated": "2016-03-30 06:58:23", "link": {"type": "article", "url": "http://www.nytimes.com/movie/review?res=9804EFD6163CE33BBC4152DFB7668389659EDE", "suggested_link_text": "Read the New York Times Review of Paris Calling"}, "multimedia": null}, {"display_title": "I Wake Up Screaming", "mpaa_rating": "", "critics_pick": 0, "byline": "BOSLEY CROWTHER", "headline": "I Wake up Screaming", "summary_short": "Dandy whodunit. Pounce.", "publication_date": "1942-01-17", "opening_date": "1941-10-31", "date_updated": "2016-03-30 07:13:44", "link": {"type": "article", "url": "http://www.nytimes.com/movie/review?res=9A04E4D61639E03BBC4F52DFB7668389659EDE", "suggested_link_text": "Read the New York Times Review of I Wake Up Screaming"}, "multimedia": null}, {"display_title": "Ball of Fire", "mpaa_rating": "", "critics_pick": 1, "byline": "BOSLEY CROWTHER", "headline": "Ball of Fire", "summary_short": "Howard Hawks's bright bauble about club dancer and egghead professors.", "publication_date": "1942-01-16", "opening_date": "1941-12-02", "date_updated": "2016-03-30 07:15:47", "link": {"type": "article", "url": "http://www.nytimes.com/movie/review?res=940DE5D6163BE33BBC4E52DFB7668389659EDE", "suggested_link_text": "Read the New York Times Review of Ball of Fire"}, "multimedia": null}, {"display_title": "The Corsican Brothers", "mpaa_rating": "", "critics_pick": 0, "byline": "T.S.", "headline": "Corsican Brothers, The", "summary_short": "Derring-do adventure of considerable style and zing. Doug comes close to dad.", "publication_date": "1942-01-16", "opening_date": "1941-11-28", "date_updated": "2016-03-30 07:20:50", "link": {"type": "article", "url": "http://www.nytimes.com/movie/review?res=9D0CE5D6163BE33BBC4E52DFB7668389659EDE", "suggested_link_text": "Read the New York Times Review of The Corsican Brothers"}, "multimedia": null}, {"display_title": "Pacific Blackout", "mpaa_rating": "", "critics_pick": 0, "byline": "BOSLEY CROWTHER", "headline": "Pacific Blackout", "summary_short": "Rock bottom.", "publication_date": "1942-01-15", "opening_date": "1941-12-31", "date_updated": "2016-03-30 06:48:32", "link": {"type": "article", "url": "http://www.nytimes.com/movie/review?res=9E07E7D7163CE33BBC4D52DFB7668389659EDE", "suggested_link_text": "Read the New York Times Review of Pacific Blackout"}, "multimedia": null}, {"display_title": "Bombay Clipper", "mpaa_rating": "", "critics_pick": 0, "byline": "T.S.", "headline": "Bombay Clipper", "summary_short": "", "publication_date": "1942-01-12", "opening_date": "1942-01-11", "date_updated": "2016-03-30 06:52:01", "link": {"type": "article", "url": "http://www.nytimes.com/movie/review?res=9A01E4DE163BE33BBC4A52DFB7668389659EDE", "suggested_link_text": "Read the New York Times Review of Bombay Clipper"}, "multimedia": null}, {"display_title": "The Eternal Gift", "mpaa_rating": "", "critics_pick": 0, "byline": "T.M.P.", "headline": "Eternal Gift, The", "summary_short": "", "publication_date": "1942-01-12", "opening_date": "0000-00-00", "date_updated": "2016-03-30 07:24:38", "link": {"type": "article", "url": "http://www.nytimes.com/movie/review?res=950DE1DE163BE33BBC4A52DFB7668389659EDE", "suggested_link_text": "Read the New York Times Review of The Eternal Gift"}, "multimedia": null}, {"display_title": "The Man Who Came to Dinner", "mpaa_rating": "G", "critics_pick": 1, "byline": "BOSLEY CROWTHER", "headline": "Man Who Came to Dinner, The", "summary_short": "Detestable critic takes over Ohio family's house, from Kaufman-Hart stage hit. Funny enough.", "publication_date": "1942-01-02", "opening_date": "1942-01-24", "date_updated": "2016-03-30 06:49:58", "link": {"type": "article", "url": "http://www.nytimes.com/movie/review?res=9B04E0D91E31E53BBC4A53DFB7668389659EDE", "suggested_link_text": "Read the New York Times Review of The Man Who Came to Dinner"}, "multimedia": null}, {"display_title": "Babes on Broadway", "mpaa_rating": "", "critics_pick": 0, "byline": "T.M.P.", "headline": "Babes on Broadway", "summary_short": "Typical and tuneful. Good summertime diversion from way back.", "publication_date": "1942-01-01", "opening_date": "1942-01-01", "date_updated": "2016-03-30 07:19:52", "link": {"type": "article", "url": "http://www.nytimes.com/movie/review?res=9804E5DA1739E33BBC4953DFB7668389659EDE", "suggested_link_text": "Read the New York Times Review of Babes on Broadway"}, "multimedia": null}, {"display_title": "Louisiana Purchase", "mpaa_rating": "", "critics_pick": 0, "byline": "BOSLEY CROWTHER", "headline": "Louisiana Purchase", "summary_short": "Stagy filming of Broadway hit musical, with little juice. But good Berlin score.", "publication_date": "1942-01-01", "opening_date": "1941-12-31", "date_updated": "2016-03-30 06:43:10", "link": {"type": "article", "url": "http://www.nytimes.com/movie/review?res=9F04E5DA1739E33BBC4953DFB7668389659EDE", "suggested_link_text": "Read the New York Times Review of Louisiana Purchase"}, "multimedia": null}, {"display_title": "Unholy Partners", "mpaa_rating": "", "critics_pick": 0, "byline": "T.S.", "headline": "Unholy Partners", "summary_short": "Original, bristly yarn of newspaper editor exposing his gangster-colleague.", "publication_date": "1941-12-29", "opening_date": "1941-11-01", "date_updated": "2016-03-30 06:58:46", "link": {"type": "article", "url": "http://www.nytimes.com/movie/review?res=9A01E0DB173DE333A2575AC2A9649D946093D6CF", "suggested_link_text": "Read the New York Times Review of Unholy Partners"}, "multimedia": null}, {"display_title": "Quiet Wedding", "mpaa_rating": "", "critics_pick": 0, "byline": "T.M.P.", "headline": "Quiet Wedding", "summary_short": "", "publication_date": "1941-12-29", "opening_date": null, "date_updated": "2016-03-30 07:16:36", "link": {"type": "article", "url": "http://www.nytimes.com/movie/review?res=9901E0DB173DE333A2575AC2A9649D946093D6CF", "suggested_link_text": "Read the New York Times Review of Quiet Wedding"}, "multimedia": null}, {"display_title": "Swamp Woman", "mpaa_rating": "", "critics_pick": 0, "byline": "BOSLEY CROWTHER", "headline": "Swamp Woman", "summary_short": "", "publication_date": "1941-12-27", "opening_date": "1941-12-05", "date_updated": "2016-03-30 06:45:05", "link": {"type": "article", "url": "http://www.nytimes.com/movie/review?res=9900E6DB173DE333A25754C2A9649D946093D6CF", "suggested_link_text": "Read the New York Times Review of Swamp Woman"}, "multimedia": null}, {"display_title": "You're in the Army Now", "mpaa_rating": "", "critics_pick": 0, "byline": "T.M.P.", "headline": "You're in the Army Now", "summary_short": "Harmless as it is obvious.", "publication_date": "1941-12-26", "opening_date": "1941-12-25", "date_updated": "2016-03-30 06:56:13", "link": {"type": "article", "url": "http://www.nytimes.com/movie/review?res=9A02E7DF163FEF33A25755C2A9649D946093D6CF", "suggested_link_text": "Read the New York Times Review of You're in the Army Now"}, "multimedia": null}, {"display_title": "Sundown", "mpaa_rating": "", "critics_pick": 0, "byline": "T.S.", "headline": "Sundown", "summary_short": "British vs. Nazis in Africa. Middling but exotic.", "publication_date": "1941-12-26", "opening_date": "1941-10-31", "date_updated": "2016-03-30 07:16:00", "link": {"type": "article", "url": "http://www.nytimes.com/movie/review?res=9F0DE7DF163FEF33A25755C2A9649D946093D6CF", "suggested_link_text": "Read the New York Times Review of Sundown"}, "multimedia": null}, {"display_title": "The Shanghai Gesture", "mpaa_rating": "", "critics_pick": 0, "byline": "B.C.", "headline": "Shanghai Gesture, The", "summary_short": "Dad finds daughter involved with Asian gamblers. Slow boat to China, for all the arty trimmings.", "publication_date": "1941-12-26", "opening_date": "1942-01-15", "date_updated": "2016-03-30 06:46:19", "link": {"type": "article", "url": "http://www.nytimes.com/movie/review?res=9D0DE7DF163FEF33A25755C2A9649D946093D6CF", "suggested_link_text": "Read the New York Times Review of The Shanghai Gesture"}, "multimedia": null}, {"display_title": "Playmates", "mpaa_rating": "", "critics_pick": 0, "byline": "T.M.P.", "headline": "Playmates", "summary_short": "Stage actor and singer team to settle debt. These two together we gotta see.", "publication_date": "1941-12-26", "opening_date": "1941-12-26", "date_updated": "2016-03-30 07:17:58", "link": {"type": "article", "url": "http://www.nytimes.com/movie/review?res=9402E7DF163FEF33A25755C2A9649D946093D6CF", "suggested_link_text": "Read the New York Times Review of Playmates"}, "multimedia": null}]}