{"status": "OK", "copyright": "Copyright (c) 2017 The New York Times Company. All Rights Reserved.", "has_more": true, "num_results": 20, "results": [{"display_title": "Off to the Races", "mpaa_rating": "", "critics_pick": 0, "byline": "FRANK S. NUGENT", "headline": "Off to the Races", "summary_short": "", "publication_date": "1937-02-06", "opening_date": null, "date_updated": "2016-03-30 06:51:43", "link": {"type": "article", "url": "http://www.nytimes.com/movie/review?res=9A0DE6DA1638EF3ABC4E53DFB466838C629EDE", "suggested_link_text": "Read the New York Times Review of Off to the Races"}, "multimedia": null}, {"display_title": "Silent Barriers", "mpaa_rating": "", "critics_pick": 0, "byline": "Wireless to THE NEW YORK TIMES.", "headline": "Great Barrier, The", "summary_short": "", "publication_date": "1937-02-05", "opening_date": "1937-03-25", "date_updated": "2016-03-30 07:11:55", "link": {"type": "article", "url": "http://www.nytimes.com/movie/review?res=9800E6DC153AE23ABC4D53DFB466838C629EDE", "suggested_link_text": "Read the New York Times Review of Silent Barriers"}, "multimedia": null}, {"display_title": "Champagne Waltz", "mpaa_rating": "", "critics_pick": 0, "byline": "FRANK S. NUGENT", "headline": "Champagne Waltz", "summary_short": "Nicely opulent antique, good musical trimmings.", "publication_date": "1937-02-04", "opening_date": "1937-02-05", "date_updated": "2016-03-30 06:52:51", "link": {"type": "article", "url": "http://www.nytimes.com/movie/review?res=9D05E4DE173CE13ABC4C53DFB466838C629EDE", "suggested_link_text": "Read the New York Times Review of Champagne Waltz"}, "multimedia": null}, {"display_title": "The Good Earth", "mpaa_rating": "", "critics_pick": 1, "byline": "Frank S. Nugent", "headline": "THE GOOD EARTH (MOVIE)", "summary_short": "Magnificent, moving version of Pearl Buck's novel about a family in Old China. A must.", "publication_date": "1937-02-03", "opening_date": "1937-08-06", "date_updated": "2016-03-30 07:14:33", "link": {"type": "article", "url": "http://www.nytimes.com/movie/review?res=EE05E7DF173FE464BC4B53DFB466838C629EDE", "suggested_link_text": "Read the New York Times Review of The Good Earth"}, "multimedia": null}, {"display_title": "You Only Live Once", "mpaa_rating": "", "critics_pick": 1, "byline": "Frank S. Nugent", "headline": "YOU ONLY LIVE ONCE (MOVIE)", "summary_short": "Victimized ex-convict and wife on the run. Brilliantly moody and evocative melodrama, via Fritz Lang.", "publication_date": "1937-02-01", "opening_date": "1937-01-29", "date_updated": "2016-03-30 06:46:08", "link": {"type": "article", "url": "http://www.nytimes.com/movie/review?res=EE05E7DF173FAF2CA2484CC2B6799B886896", "suggested_link_text": "Read the New York Times Review of You Only Live Once"}, "multimedia": null}, {"display_title": "Maskerade", "mpaa_rating": "", "critics_pick": 0, "byline": "FRANK S. NUGENT", "headline": "Masquerade in Vienna", "summary_short": "", "publication_date": "1937-01-26", "opening_date": "1937-01-25", "date_updated": "2016-03-30 06:42:45", "link": {"type": "article", "url": "http://www.nytimes.com/movie/review?res=9905E5D7143AE23ABC4E51DFB766838C629EDE", "suggested_link_text": "Read the New York Times Review of Maskerade"}, "multimedia": null}, {"display_title": "Camille", "mpaa_rating": "", "critics_pick": 1, "byline": "Frank S. Nugent", "headline": "CAMILLE (MOVIE)", "summary_short": "Dumas's doomed Paris courtesan. Greta never greater.", "publication_date": "1937-01-23", "opening_date": "1937-01-01", "date_updated": "2016-03-30 07:11:14", "link": {"type": "article", "url": "http://www.nytimes.com/movie/review?res=EE05E7DF173CB52CA04A4CC1B6799B886896", "suggested_link_text": "Read the New York Times Review of Camille"}, "multimedia": null}, {"display_title": "Under Cover of Night", "mpaa_rating": "", "critics_pick": 0, "byline": "FRANK S. NUGENT", "headline": "Under Cover of Night", "summary_short": "", "publication_date": "1937-01-20", "opening_date": "1937-01-08", "date_updated": "2016-03-30 07:14:07", "link": {"type": "article", "url": "http://www.nytimes.com/movie/review?res=9E05E3DC143AE23ABC4851DFB766838C629EDE", "suggested_link_text": "Read the New York Times Review of Under Cover of Night"}, "multimedia": null}, {"display_title": "Conflict", "mpaa_rating": "", "critics_pick": 0, "byline": "FRANK S. NUGENT", "headline": "Conflict", "summary_short": "", "publication_date": "1937-01-18", "opening_date": "1937-01-30", "date_updated": "2016-03-30 06:45:14", "link": {"type": "article", "url": "http://www.nytimes.com/movie/review?res=9807E0DB1638EF3ABC4052DFB766838C629EDE", "suggested_link_text": "Read the New York Times Review of Conflict"}, "multimedia": null}, {"display_title": "Fugitive in the Sky", "mpaa_rating": "", "critics_pick": 0, "byline": "FRANK S. NUGENT", "headline": "Fugitive in the Sky", "summary_short": "A plane with a stewardess leaves Los Angeles with a gangster on board.", "publication_date": "1937-01-16", "opening_date": null, "date_updated": "2016-03-30 06:58:31", "link": {"type": "article", "url": "http://www.nytimes.com/movie/review?res=9E0CE2DE143AE23ABC4E52DFB766838C629EDE", "suggested_link_text": "Read the New York Times Review of Fugitive in the Sky"}, "multimedia": null}, {"display_title": "The Eternal Mask", "mpaa_rating": "", "critics_pick": 0, "byline": "FRANK S. NUGENT", "headline": "Eternal Mask, The", "summary_short": "", "publication_date": "1937-01-13", "opening_date": "1937-01-12", "date_updated": "2016-03-30 07:14:15", "link": {"type": "article", "url": "http://www.nytimes.com/movie/review?res=9A02EED6173AE23ABC4B52DFB766838C629EDE", "suggested_link_text": "Read the New York Times Review of The Eternal Mask"}, "multimedia": null}, {"display_title": "Smart Blonde", "mpaa_rating": "", "critics_pick": 0, "byline": "FRANK S. NUGENT", "headline": "Smart Blonde", "summary_short": "Reporter Torchy Blane nabs Boston mobster for cop boyfriend. Sprightly old comedy series, bouncy Glenda.", "publication_date": "1937-01-09", "opening_date": "1937-01-02", "date_updated": "2016-03-30 07:21:28", "link": {"type": "article", "url": "http://www.nytimes.com/movie/review?res=9C07E6D7173AE23ABC4153DFB766838C629EDE", "suggested_link_text": "Read the New York Times Review of Smart Blonde"}, "multimedia": null}, {"display_title": "We Who Are About to Die", "mpaa_rating": "", "critics_pick": 0, "byline": "FRANK S. NUGENT", "headline": "We Who Are About to Die", "summary_short": "Innocent mill worker on death row.", "publication_date": "1937-01-02", "opening_date": "1937-01-08", "date_updated": "2016-03-30 07:12:20", "link": {"type": "article", "url": "http://www.nytimes.com/movie/review?res=9C02E7DC173AE23ABC4A53DFB766838C629EDE", "suggested_link_text": "Read the New York Times Review of We Who Are About to Die"}, "multimedia": null}, {"display_title": "Leper", "mpaa_rating": "", "critics_pick": 0, "byline": "H.T.S.", "headline": "Tredowata", "summary_short": "", "publication_date": "1936-12-31", "opening_date": "1936-12-30", "date_updated": "2016-03-30 07:25:11", "link": {"type": "article", "url": "http://www.nytimes.com/movie/review?res=9F07EFDE143EE53ABC4950DFB467838D629EDE", "suggested_link_text": "Read the New York Times Review of Leper"}, "multimedia": null}, {"display_title": "Les Petits", "mpaa_rating": "", "critics_pick": 0, "byline": "H.T.S.", "headline": "Petits, Les", "summary_short": "", "publication_date": "1936-12-30", "opening_date": null, "date_updated": "2016-03-30 07:19:28", "link": {"type": "article", "url": "http://www.nytimes.com/movie/review?res=9C03E3D91F39EE3BBC4850DFB467838D629EDE", "suggested_link_text": "Read the New York Times Review of Les Petits"}, "multimedia": null}, {"display_title": "The Crimson Circle", "mpaa_rating": "", "critics_pick": 0, "byline": "J.T.M.", "headline": "Crimson Circle, The", "summary_short": "", "publication_date": "1936-12-28", "opening_date": null, "date_updated": "2016-03-30 06:42:04", "link": {"type": "article", "url": "http://www.nytimes.com/movie/review?res=9501EEDA1F39EE3BBC4051DFB467838D629EDE", "suggested_link_text": "Read the New York Times Review of The Crimson Circle"}, "multimedia": null}, {"display_title": "Der Bettelstudent", "mpaa_rating": "", "critics_pick": 0, "byline": "H.T.S.", "headline": "Bettelstudent, Der", "summary_short": "", "publication_date": "1936-12-28", "opening_date": "1936-12-27", "date_updated": "2016-03-30 06:47:33", "link": {"type": "article", "url": "http://www.nytimes.com/movie/review?res=9C00EEDA1F39EE3BBC4051DFB467838D629EDE", "suggested_link_text": "Read the New York Times Review of Der Bettelstudent"}, "multimedia": null}, {"display_title": "Sing Me a Love Song", "mpaa_rating": "", "critics_pick": 0, "byline": "J.T.M.", "headline": "Sing Me a Love Song", "summary_short": "Playboy falls for mussic counter salesgirl. Very pleasant, with nice songs. Best: ``Summer Night.''", "publication_date": "1936-12-26", "opening_date": "1937-01-09", "date_updated": "2016-03-30 07:13:17", "link": {"type": "article", "url": "http://www.nytimes.com/movie/review?res=9A06E1DA1F39EE3BBC4E51DFB467838D629EDE", "suggested_link_text": "Read the New York Times Review of Sing Me a Love Song"}, "multimedia": null}, {"display_title": "Pokoleniye Pobediteley", "mpaa_rating": "", "critics_pick": 0, "byline": "H.T.S.", "headline": "Revolutionists", "summary_short": "", "publication_date": "1936-12-26", "opening_date": "1936-12-25", "date_updated": "2016-03-30 06:43:06", "link": {"type": "article", "url": "http://www.nytimes.com/movie/review?res=9B06E1DA1F39EE3BBC4E51DFB467838D629EDE", "suggested_link_text": "Read the New York Times Review of Pokoleniye Pobediteley"}, "multimedia": null}, {"display_title": "The Case of the Black Cat", "mpaa_rating": "", "critics_pick": 0, "byline": "T.M.P.", "headline": "Case of the Black Cat, The", "summary_short": "Millionaire changes his will. Perry Mason in court.", "publication_date": "1936-12-26", "opening_date": "1936-10-31", "date_updated": "2016-03-30 06:58:13", "link": {"type": "article", "url": "http://www.nytimes.com/movie/review?res=9406E1DA1F39EE3BBC4E51DFB467838D629EDE", "suggested_link_text": "Read the New York Times Review of The Case of the Black Cat"}, "multimedia": null}]}