{"status": "OK", "copyright": "Copyright (c) 2017 The New York Times Company. All Rights Reserved.", "has_more": true, "num_results": 20, "results": [{"display_title": "Hawaiian Nights", "mpaa_rating": "", "critics_pick": 0, "byline": "FRANK S. NUGENT", "headline": "Hawaiian Nights", "summary_short": "", "publication_date": "1939-09-29", "opening_date": "1939-09-08", "date_updated": "2016-03-30 07:05:01", "link": {"type": "article", "url": "http://www.nytimes.com/movie/review?res=9E02E6D81030E53ABC4151DFBF668382629EDE", "suggested_link_text": "Read the New York Times Review of Hawaiian Nights"}, "multimedia": null}, {"display_title": "Full Confession", "mpaa_rating": "", "critics_pick": 0, "byline": "FRANK S. NUGENT", "headline": "Full Confession", "summary_short": "Priest holds vital confessional secret.", "publication_date": "1939-09-28", "opening_date": "1939-09-27", "date_updated": "2016-03-30 06:43:09", "link": {"type": "article", "url": "http://www.nytimes.com/movie/review?res=9E0CE5D71431E135A2575BC2A96F9C946894D6CF", "suggested_link_text": "Read the New York Times Review of Full Confession"}, "multimedia": null}, {"display_title": "Torpedoed", "mpaa_rating": "", "critics_pick": 0, "byline": "FRANK S. NUGENT", "headline": "Torpedoed", "summary_short": "", "publication_date": "1939-09-26", "opening_date": "1939-09-25", "date_updated": "2016-03-30 06:54:14", "link": {"type": "article", "url": "http://www.nytimes.com/movie/review?res=9903E4DA1030E53ABC4E51DFBF668382629EDE", "suggested_link_text": "Read the New York Times Review of Torpedoed"}, "multimedia": null}, {"display_title": "The Light Ahead", "mpaa_rating": "", "critics_pick": 0, "byline": "FRANK S. NUGENT", "headline": "Light Ahead, The", "summary_short": "Wise bookseller helps 19th-century lovers. Somber and overlong but admirably straightforward.", "publication_date": "1939-09-23", "opening_date": "1939-09-22", "date_updated": "2016-03-30 06:50:37", "link": {"type": "article", "url": "http://www.nytimes.com/movie/review?res=980CE4DB1030E53ABC4B51DFBF668382629EDE", "suggested_link_text": "Read the New York Times Review of The Light Ahead"}, "multimedia": null}, {"display_title": "Nurse Edith Cavell", "mpaa_rating": "", "critics_pick": 0, "byline": "FRANK S. NUGENT", "headline": "Nurse Edith Cavell", "summary_short": "World War I nurse executed by the Germans. Good, strong drama.", "publication_date": "1939-09-22", "opening_date": "1939-09-01", "date_updated": "2016-03-30 07:22:31", "link": {"type": "article", "url": "http://www.nytimes.com/movie/review?res=9D00E0DC1030E53ABC4A51DFBF668382629EDE", "suggested_link_text": "Read the New York Times Review of Nurse Edith Cavell"}, "multimedia": null}, {"display_title": "The Man They Could Not Hang", "mpaa_rating": "Not Rated", "critics_pick": 0, "byline": "FRANK S. NUGENT", "headline": "Man They Could Not Hang, The", "summary_short": "Karloff, loose as a goose.", "publication_date": "1939-09-21", "opening_date": "1939-08-17", "date_updated": "2016-03-30 06:41:52", "link": {"type": "article", "url": "http://www.nytimes.com/movie/review?res=9901E7DC1030E53ABC4951DFBF668382629EDE", "suggested_link_text": "Read the New York Times Review of The Man They Could Not Hang"}, "multimedia": null}, {"display_title": "Mademoiselle Ma Mere", "mpaa_rating": "", "critics_pick": 0, "byline": "FRANK S. NUGENT", "headline": "Mademoiselle ma Mere", "summary_short": "", "publication_date": "1939-09-19", "opening_date": "1939-09-18", "date_updated": "2016-03-30 07:12:19", "link": {"type": "article", "url": "http://www.nytimes.com/movie/review?res=9D0DE2DE1030E53ABC4152DFBF668382629EDE", "suggested_link_text": "Read the New York Times Review of Mademoiselle Ma Mere"}, "multimedia": null}, {"display_title": "Tarakanowa", "mpaa_rating": "", "critics_pick": 0, "byline": "FRANK S. NUGENT", "headline": "Betrayal", "summary_short": "", "publication_date": "1939-09-16", "opening_date": "1939-09-15", "date_updated": "2016-03-30 07:26:04", "link": {"type": "article", "url": "http://www.nytimes.com/movie/review?res=9B03E4DF1030E53ABC4E52DFBF668382629EDE", "suggested_link_text": "Read the New York Times Review of Tarakanowa"}, "multimedia": null}, {"display_title": "A Brivele der Mamen", "mpaa_rating": "", "critics_pick": 0, "byline": "FRANK S.NUGENT", "headline": "Little Letter to Mother, A", "summary_short": "", "publication_date": "1939-09-15", "opening_date": "1939-09-14", "date_updated": "2016-03-30 06:49:58", "link": {"type": "article", "url": "http://www.nytimes.com/movie/review?res=9805E0D61330E53ABC4D52DFBF668382629EDE", "suggested_link_text": "Read the New York Times Review of A Brivele der Mamen"}, "multimedia": null}, {"display_title": "The Day the Bookies Wept", "mpaa_rating": "", "critics_pick": 0, "byline": "FRANK S. NUGENT", "headline": "Day the Bookies Wept, The", "summary_short": "Chump cabbie duped into racetrack scheme.", "publication_date": "1939-09-14", "opening_date": "1939-09-15", "date_updated": "2016-03-30 06:42:20", "link": {"type": "article", "url": "http://www.nytimes.com/movie/review?res=950CEFD71330E53ABC4C52DFBF668382629EDE", "suggested_link_text": "Read the New York Times Review of The Day the Bookies Wept"}, "multimedia": null}, {"display_title": "V Lyudyakh", "mpaa_rating": "", "critics_pick": 0, "byline": "FRANK S. NUGENT", "headline": "On his Own", "summary_short": "", "publication_date": "1939-09-13", "opening_date": "1939-09-12", "date_updated": "2016-03-30 06:52:09", "link": {"type": "article", "url": "http://www.nytimes.com/movie/review?res=9E07E4D71330E53ABC4B52DFBF668382629EDE", "suggested_link_text": "Read the New York Times Review of V Lyudyakh"}, "multimedia": null}, {"display_title": "La Fin du Jour", "mpaa_rating": "", "critics_pick": 0, "byline": "FRANK S. NUGENT", "headline": "End of a Day, The", "summary_short": "", "publication_date": "1939-09-12", "opening_date": "1939-09-11", "date_updated": "2016-03-30 06:46:42", "link": {"type": "article", "url": "http://www.nytimes.com/movie/review?res=9D00E2D81330E53ABC4A52DFBF668382629EDE", "suggested_link_text": "Read the New York Times Review of La Fin du Jour"}, "multimedia": null}, {"display_title": "En Kvinnas Ansikte", "mpaa_rating": "Not Rated", "critics_pick": 0, "byline": "FRANK S. NUGENT", "headline": "Woman's Face, A", "summary_short": "Plastic surgeon transforms scarred and bitter con artist. Cosmetic tour de force.", "publication_date": "1939-09-09", "opening_date": "1939-09-08", "date_updated": "2016-03-30 07:26:07", "link": {"type": "article", "url": "http://www.nytimes.com/movie/review?res=9C02EFD91330E53ABC4153DFBF668382629EDE", "suggested_link_text": "Read the New York Times Review of En Kvinnas Ansikte"}, "multimedia": null}, {"display_title": "Golden Boy", "mpaa_rating": "", "critics_pick": 0, "byline": "FRANK S. NUGENT", "headline": "Golden Boy", "summary_short": "Odets's boxer, via Broadway. As compelling as it is dated.", "publication_date": "1939-09-08", "opening_date": "1939-09-05", "date_updated": "2016-03-30 07:27:29", "link": {"type": "article", "url": "http://www.nytimes.com/movie/review?res=9A00E4D91330E53ABC4053DFBF668382629EDE", "suggested_link_text": "Read the New York Times Review of Golden Boy"}, "multimedia": null}, {"display_title": "Flight at Midnight", "mpaa_rating": "", "critics_pick": 0, "byline": "FRANK S. NUGENT", "headline": "Flight at Midnight", "summary_short": "", "publication_date": "1939-09-07", "opening_date": "1939-08-28", "date_updated": "2016-03-30 07:28:04", "link": {"type": "article", "url": "http://www.nytimes.com/movie/review?res=9D02E1DA1330E53ABC4F53DFBF668382629EDE", "suggested_link_text": "Read the New York Times Review of Flight at Midnight"}, "multimedia": null}, {"display_title": "The Under-Pup", "mpaa_rating": "", "critics_pick": 0, "byline": "FRANK S. NUGENT", "headline": "Under-Pup, The", "summary_short": "", "publication_date": "1939-09-05", "opening_date": "1939-09-01", "date_updated": "2016-03-30 06:53:51", "link": {"type": "article", "url": "http://www.nytimes.com/movie/review?res=9B07E6DB1330E53ABC4D53DFBF668382629EDE", "suggested_link_text": "Read the New York Times Review of The Under-Pup"}, "multimedia": null}, {"display_title": "The Adventures of Sherlock Holmes", "mpaa_rating": "", "critics_pick": 0, "byline": "FRANK S. NUGENT", "headline": "Adventures of Sherlock Holmes, The", "summary_short": "Corking good thriller. The duo's second, nicely abetted by Ida.", "publication_date": "1939-09-02", "opening_date": "1939-09-01", "date_updated": "2016-03-30 06:41:23", "link": {"type": "article", "url": "http://www.nytimes.com/movie/review?res=9D02E6DC1330E53ABC4A53DFBF668382629EDE", "suggested_link_text": "Read the New York Times Review of The Adventures of Sherlock Holmes"}, "multimedia": null}, {"display_title": "Charlie Chan at Treasure Island", "mpaa_rating": "", "critics_pick": 0, "byline": "FRANK S. NUGENT", "headline": "Charlie Chan at Treasure Island", "summary_short": "One of the better Chans.", "publication_date": "1939-09-01", "opening_date": "1939-09-08", "date_updated": "2016-03-30 07:25:25", "link": {"type": "article", "url": "http://www.nytimes.com/movie/review?res=9F04E7DA153EE63ABC4953DFBF668382629EDE", "suggested_link_text": "Read the New York Times Review of Charlie Chan at Treasure Island"}, "multimedia": null}, {"display_title": "The Star Maker", "mpaa_rating": "", "critics_pick": 0, "byline": "FRANK S. NUGENT", "headline": "Star Maker, The", "summary_short": "Typical, easy Crosby entertainment.", "publication_date": "1939-08-31", "opening_date": "1939-08-25", "date_updated": "2016-03-30 07:26:17", "link": {"type": "article", "url": "http://www.nytimes.com/movie/review?res=9B06E2DD1330E53ABC4950DFBE668382629EDE", "suggested_link_text": "Read the New York Times Review of The Star Maker"}, "multimedia": null}, {"display_title": "Hotel for Women", "mpaa_rating": "", "critics_pick": 0, "byline": "FRANK S. NUGENT", "headline": "Hotel for Women", "summary_short": "", "publication_date": "1939-08-26", "opening_date": "1939-08-04", "date_updated": "2016-03-30 06:47:29", "link": {"type": "article", "url": "http://www.nytimes.com/movie/review?res=9A0DEEDF1330E53ABC4E51DFBE668382629EDE", "suggested_link_text": "Read the New York Times Review of Hotel for Women"}, "multimedia": null}]}