{"status": "OK", "copyright": "Copyright (c) 2017 The New York Times Company. All Rights Reserved.", "has_more": true, "num_results": 20, "results": [{"display_title": "He Hired the Boss", "mpaa_rating": "", "critics_pick": 0, "byline": "T.M.P.", "headline": "He Hired the Boss", "summary_short": "", "publication_date": "1943-06-04", "opening_date": "1943-04-02", "date_updated": "2016-03-30 07:13:23", "link": {"type": "article", "url": "http://www.nytimes.com/movie/review?res=9B0DE0DA1638E33BBC4C53DFB0668388659EDE", "suggested_link_text": "Read the New York Times Review of He Hired the Boss"}, "multimedia": null}, {"display_title": "Bataan", "mpaa_rating": "", "critics_pick": 0, "byline": "BOSLEY CROWTHER", "headline": "Bataan", "summary_short": "World War II. Bluntly effective, with fine combat sequences.", "publication_date": "1943-06-04", "opening_date": null, "date_updated": "2016-03-30 06:42:22", "link": {"type": "article", "url": "http://www.nytimes.com/movie/review?res=9A0DE0DA1638E33BBC4C53DFB0668388659EDE", "suggested_link_text": "Read the New York Times Review of Bataan"}, "multimedia": null}, {"display_title": "Murder in Times Square", "mpaa_rating": "", "critics_pick": 0, "byline": "L. B.F. I", "headline": "Murder in Times Square", "summary_short": "", "publication_date": "1943-05-31", "opening_date": "1943-04-01", "date_updated": "2016-03-30 06:53:07", "link": {"type": "article", "url": "http://www.nytimes.com/movie/review?res=9C0DE4DA1638E33BBC4950DFB3668388659EDE", "suggested_link_text": "Read the New York Times Review of Murder in Times Square"}, "multimedia": null}, {"display_title": "Night Plane from Chungking", "mpaa_rating": "", "critics_pick": 0, "byline": "T. M. P.", "headline": "Night Plane From Chungking", "summary_short": "Formula, wartime adventure.", "publication_date": "1943-05-31", "opening_date": null, "date_updated": "2016-03-30 07:16:57", "link": {"type": "article", "url": "http://www.nytimes.com/movie/review?res=9502E4DA1638E33BBC4950DFB3668388659EDE", "suggested_link_text": "Read the New York Times Review of Night Plane from Chungking"}, "multimedia": null}, {"display_title": "That Nazty Nuisance", "mpaa_rating": "", "critics_pick": 0, "byline": "B.C.", "headline": "That Nazty Nuisance", "summary_short": "U.S. sailor causes problems for Hitler and Mussolini. Cheap kick in the pants.", "publication_date": "1943-05-29", "opening_date": "1943-08-06", "date_updated": "2016-03-30 06:45:13", "link": {"type": "article", "url": "http://www.nytimes.com/movie/review?res=9F04E0DB1638E33BBC4151DFB3668388659EDE", "suggested_link_text": "Read the New York Times Review of That Nazty Nuisance"}, "multimedia": null}, {"display_title": "This Land Is Mine", "mpaa_rating": "", "critics_pick": 0, "byline": "BOSLEY CROWTHER", "headline": "This Land Is Mine", "summary_short": "Village teacher and Nazi Occupation. Stirring drama, beautifully played and written.", "publication_date": "1943-05-28", "opening_date": "1943-05-07", "date_updated": "2016-03-30 06:56:56", "link": {"type": "article", "url": "http://www.nytimes.com/movie/review?res=9A07E4D7153CEE3BBC4051DFB3668388659EDE", "suggested_link_text": "Read the New York Times Review of This Land Is Mine"}, "multimedia": null}, {"display_title": "Cowboy in Manhattan", "mpaa_rating": "", "critics_pick": 0, "byline": "A.W.", "headline": "Cowboy in Manhattan", "summary_short": "", "publication_date": "1943-05-28", "opening_date": "1943-05-21", "date_updated": "2016-03-30 06:45:33", "link": {"type": "article", "url": "http://www.nytimes.com/movie/review?res=9E06E4D7153CEE3BBC4051DFB3668388659EDE", "suggested_link_text": "Read the New York Times Review of Cowboy in Manhattan"}, "multimedia": null}, {"display_title": "Corregidor", "mpaa_rating": "", "critics_pick": 0, "byline": "L.B.F.", "headline": "Corregidor", "summary_short": "", "publication_date": "1943-05-28", "opening_date": "1943-03-29", "date_updated": "2016-03-30 07:26:58", "link": {"type": "article", "url": "http://www.nytimes.com/movie/review?res=9407E4D7153CEE3BBC4051DFB3668388659EDE", "suggested_link_text": "Read the New York Times Review of Corregidor"}, "multimedia": null}, {"display_title": "My Friend Flicka", "mpaa_rating": "", "critics_pick": 0, "byline": "T.M.P.", "headline": "My Friend Flicka", "summary_short": "Appealing, picturesque horse tale.", "publication_date": "1943-05-27", "opening_date": null, "date_updated": "2016-03-30 06:43:01", "link": {"type": "article", "url": "http://www.nytimes.com/movie/review?res=9503E1D8153CEE3BBC4F51DFB3668388659EDE", "suggested_link_text": "Read the New York Times Review of My Friend Flicka"}, "multimedia": null}, {"display_title": "Five Graves to Cairo", "mpaa_rating": "", "critics_pick": 0, "byline": "BOSLEY CROWTHER", "headline": "Five Graves to Cairo", "summary_short": "Excellent World War II suspense drama, at remote Sahara hotel. Fine Wilder-Brackett script.", "publication_date": "1943-05-27", "opening_date": "1943-05-04", "date_updated": "2016-03-30 07:06:00", "link": {"type": "article", "url": "http://www.nytimes.com/movie/review?res=9403E1D8153CEE3BBC4F51DFB3668388659EDE", "suggested_link_text": "Read the New York Times Review of Five Graves to Cairo"}, "multimedia": null}, {"display_title": "Action in the North Atlantic", "mpaa_rating": "", "critics_pick": 0, "byline": "BOSLEY CROWTHER", "headline": "Action in the North Atlantic", "summary_short": "Merchant Marine in WWII. Colorful, burly drama.", "publication_date": "1943-05-22", "opening_date": "1943-06-12", "date_updated": "2016-03-30 06:51:31", "link": {"type": "article", "url": "http://www.nytimes.com/movie/review?res=9902E7D91531E03BBC4A51DFB3668388659EDE", "suggested_link_text": "Read the New York Times Review of Action in the North Atlantic"}, "multimedia": null}, {"display_title": "Three Hearts for Julia", "mpaa_rating": "", "critics_pick": 0, "byline": "BOSLEY CROWTHER", "headline": "Three Hearts for Julia", "summary_short": "Reporter tries to win back his estranged wife.", "publication_date": "1943-05-21", "opening_date": null, "date_updated": "2016-03-30 06:52:03", "link": {"type": "article", "url": "http://www.nytimes.com/movie/review?res=9C04E6D7173DE13BBC4951DFB3668388659EDE", "suggested_link_text": "Read the New York Times Review of Three Hearts for Julia"}, "multimedia": null}, {"display_title": "The Leopard Man", "mpaa_rating": "", "critics_pick": 0, "byline": "BOSLEY CROWTHER", "headline": "Leopard Man, The", "summary_short": "Jittery New Mexico town. Intriguing little thriller.", "publication_date": "1943-05-20", "opening_date": "1943-05-08", "date_updated": "2016-03-30 07:07:38", "link": {"type": "article", "url": "http://www.nytimes.com/movie/review?res=9F0DE7D9153CEE3BBC4851DFB3668388659EDE", "suggested_link_text": "Read the New York Times Review of The Leopard Man"}, "multimedia": null}, {"display_title": "Maskarad", "mpaa_rating": "", "critics_pick": 0, "byline": "T.M.P.", "headline": "Masquerade", "summary_short": "", "publication_date": "1943-05-17", "opening_date": "1943-05-15", "date_updated": "2016-03-30 07:16:39", "link": {"type": "article", "url": "http://www.nytimes.com/movie/review?res=9402E6DB153CEE3BBC4F52DFB3668388659EDE", "suggested_link_text": "Read the New York Times Review of Maskarad"}, "multimedia": null}, {"display_title": "They Came to Blow up America", "mpaa_rating": "", "critics_pick": 0, "byline": "BOSLEY CROWTHER", "headline": "They Came to Blow up America", "summary_short": "Sten.", "publication_date": "1943-05-15", "opening_date": "1943-05-07", "date_updated": "2016-03-30 06:55:52", "link": {"type": "article", "url": "http://www.nytimes.com/movie/review?res=9E02EFDD103CE03ABC4D52DFB3668388659EDE", "suggested_link_text": "Read the New York Times Review of They Came to Blow up America"}, "multimedia": null}, {"display_title": "Fall In", "mpaa_rating": "", "critics_pick": 0, "byline": "A.W.", "headline": "Fall In", "summary_short": "", "publication_date": "1943-05-15", "opening_date": "1943-03-05", "date_updated": "2016-03-30 07:14:25", "link": {"type": "article", "url": "http://www.nytimes.com/movie/review?res=9802EFDD103CE03ABC4D52DFB3668388659EDE", "suggested_link_text": "Read the New York Times Review of Fall In"}, "multimedia": null}, {"display_title": "The More the Merrier", "mpaa_rating": "", "critics_pick": 1, "byline": "BOSLEY CROWTHER", "headline": "More the Merrier, The", "summary_short": "Bright, deft comedy of crowded, wartime Washington. Coburn won supporting Oscar.", "publication_date": "1943-05-14", "opening_date": null, "date_updated": "2016-03-30 07:22:26", "link": {"type": "article", "url": "http://www.nytimes.com/movie/review?res=9D07E4DE1430E53BBC4C52DFB3668388659EDE", "suggested_link_text": "Read the New York Times Review of The More the Merrier"}, "multimedia": null}, {"display_title": "Lady of Burlesque", "mpaa_rating": "", "critics_pick": 0, "byline": "T.M.P.", "headline": "Lady of Burlesque", "summary_short": "Strangled strippers. Too scrubbed but fun.", "publication_date": "1943-05-14", "opening_date": "1943-05-01", "date_updated": "2016-03-30 06:51:58", "link": {"type": "article", "url": "http://www.nytimes.com/movie/review?res=9F07E4DE1430E53BBC4C52DFB3668388659EDE", "suggested_link_text": "Read the New York Times Review of Lady of Burlesque"}, "multimedia": null}, {"display_title": "The Desperadoes", "mpaa_rating": "", "critics_pick": 0, "byline": "BOSLEY CROWTHER", "headline": "Desperadoes, The", "summary_short": "Reformed outlaw teams up with sheriff. O.K. formula western.", "publication_date": "1943-05-13", "opening_date": "1943-05-25", "date_updated": "2016-03-30 06:48:55", "link": {"type": "article", "url": "http://www.nytimes.com/movie/review?res=9F0DE3D8173DE13BBC4B52DFB3668388659EDE", "suggested_link_text": "Read the New York Times Review of The Desperadoes"}, "multimedia": null}, {"display_title": "Mission Accomplished", "mpaa_rating": "", "critics_pick": 0, "byline": "BOSLEY CROWTHER", "headline": "Mission Accomplished", "summary_short": "", "publication_date": "1943-05-08", "opening_date": "1943-04-29", "date_updated": "2016-03-30 06:45:07", "link": {"type": "article", "url": "http://www.nytimes.com/movie/review?res=9C07EED9173DE13BBC4053DFB3668388659EDE", "suggested_link_text": "Read the New York Times Review of Mission Accomplished"}, "multimedia": null}]}