{"status": "OK", "copyright": "Copyright (c) 2017 The New York Times Company. All Rights Reserved.", "has_more": true, "num_results": 20, "results": [{"display_title": "Fifth Avenue Girl", "mpaa_rating": "", "critics_pick": 0, "byline": "FRANK S. NUGENT", "headline": "Fifth Avenue Girl", "summary_short": "Nice girl hired to pose as rich man's mistress. Snug, sunny comedy.", "publication_date": "1939-08-25", "opening_date": "1939-09-22", "date_updated": "2016-03-30 07:13:23", "link": {"type": "article", "url": "http://www.nytimes.com/movie/review?res=9E05E7D8173FE731A25756C2A96E9C946894D6CF", "suggested_link_text": "Read the New York Times Review of Fifth Avenue Girl"}, "multimedia": null}, {"display_title": "Our Leading Citizen", "mpaa_rating": "", "critics_pick": 0, "byline": "FRANK S. NUGENT", "headline": "Our Leading Citizen", "summary_short": "Conscientious and pretty good.", "publication_date": "1939-08-24", "opening_date": "1939-08-23", "date_updated": "2016-03-30 06:51:15", "link": {"type": "article", "url": "http://www.nytimes.com/movie/review?res=9B0DE5DF1330E53ABC4C51DFBE668382629EDE", "suggested_link_text": "Read the New York Times Review of Our Leading Citizen"}, "multimedia": null}, {"display_title": "Conspiracy", "mpaa_rating": "", "critics_pick": 0, "byline": "FRANK S. NUGENT", "headline": "Conspiracy", "summary_short": "American ship's radio operator foils poison-gas plot abroad.", "publication_date": "1939-08-23", "opening_date": "1939-08-01", "date_updated": "2016-03-30 06:45:23", "link": {"type": "article", "url": "http://www.nytimes.com/movie/review?res=9D0CE2D61230E53ABC4B51DFBE668382629EDE", "suggested_link_text": "Read the New York Times Review of Conspiracy"}, "multimedia": null}, {"display_title": "In Name Only", "mpaa_rating": "", "critics_pick": 0, "byline": "FRANK S. NUGENT", "headline": "In Name Only", "summary_short": "Marital-triangle deadlock. Literate, adult, expertly played.", "publication_date": "1939-08-18", "opening_date": "1939-08-18", "date_updated": "2016-03-30 06:53:21", "link": {"type": "article", "url": "http://www.nytimes.com/movie/review?res=9B07EEDD1138EE3BBC4052DFBE668382629EDE", "suggested_link_text": "Read the New York Times Review of In Name Only"}, "multimedia": null}, {"display_title": "Island of Lost Men", "mpaa_rating": "", "critics_pick": 0, "byline": "FRANK S. NUGENT", "headline": "Island of Lost Men", "summary_short": "", "publication_date": "1939-08-17", "opening_date": "1939-08-16", "date_updated": "2016-03-30 06:50:35", "link": {"type": "article", "url": "http://www.nytimes.com/movie/review?res=9B04E5D71230E53ABC4F52DFBE668382629EDE", "suggested_link_text": "Read the New York Times Review of Island of Lost Men"}, "multimedia": null}, {"display_title": "Exile Express", "mpaa_rating": "", "critics_pick": 0, "byline": "FRANK S. NUGENT", "headline": "Exile Express", "summary_short": "", "publication_date": "1939-08-16", "opening_date": "1939-05-27", "date_updated": "2016-03-30 06:58:07", "link": {"type": "article", "url": "http://www.nytimes.com/movie/review?res=990CE2D81230E53ABC4E52DFBE668382629EDE", "suggested_link_text": "Read the New York Times Review of Exile Express"}, "multimedia": null}, {"display_title": "The Old Maid", "mpaa_rating": "", "critics_pick": 0, "byline": "FRANK S. NUGENT", "headline": "Old Maid, The", "summary_short": "Sisters as romantic rivals. Bittersweet costume drama, via stage and Wharton novella. One of Bette's beauties.", "publication_date": "1939-08-12", "opening_date": "1939-09-02", "date_updated": "2016-03-30 06:57:18", "link": {"type": "article", "url": "http://www.nytimes.com/movie/review?res=9B0DEFDA1230E53ABC4A52DFBE668382629EDE", "suggested_link_text": "Read the New York Times Review of The Old Maid"}, "multimedia": null}, {"display_title": "Unexpected Father", "mpaa_rating": "", "critics_pick": 0, "byline": "FRANK S. NUGENT", "headline": "Unexpected Father", "summary_short": "Tedious tale of child custody.", "publication_date": "1939-08-11", "opening_date": "1939-06-14", "date_updated": "2016-03-30 07:15:04", "link": {"type": "article", "url": "http://www.nytimes.com/movie/review?res=9E00E5DA1230E53ABC4952DFBE668382629EDE", "suggested_link_text": "Read the New York Times Review of Unexpected Father"}, "multimedia": null}, {"display_title": "Miracles for Sale", "mpaa_rating": "Not Rated", "critics_pick": 0, "byline": "FRANK S. NUGENT", "headline": "Miracles for Sale", "summary_short": "Exposing fake medium to stop murder spree.", "publication_date": "1939-08-10", "opening_date": "1939-08-14", "date_updated": "2016-03-30 07:19:37", "link": {"type": "article", "url": "http://www.nytimes.com/movie/review?res=950CE0D6163EE23ABC4852DFBE668382629EDE", "suggested_link_text": "Read the New York Times Review of Miracles for Sale"}, "multimedia": null}, {"display_title": "Bad Lands", "mpaa_rating": "", "critics_pick": 0, "byline": "FRANK S. NUGENT", "headline": "Bad Lands", "summary_short": "Apache country.", "publication_date": "1939-08-09", "opening_date": "1939-08-28", "date_updated": "2016-03-30 07:09:30", "link": {"type": "article", "url": "http://www.nytimes.com/movie/review?res=9403E6D6163EE23ABC4153DFBE668382629EDE", "suggested_link_text": "Read the New York Times Review of Bad Lands"}, "multimedia": null}, {"display_title": "Indianapolis Speedway", "mpaa_rating": "", "critics_pick": 0, "byline": "FRANK S. NUGENT", "headline": "Indianapolis Speedway", "summary_short": "Family tensions, background of famed auto race.", "publication_date": "1939-07-15", "opening_date": "1939-08-05", "date_updated": "2016-03-30 07:25:53", "link": {"type": "article", "url": "http://www.nytimes.com/movie/review?res=9D00E1DD163EE23ABC4D52DFB1668382629EDE", "suggested_link_text": "Read the New York Times Review of Indianapolis Speedway"}, "multimedia": null}, {"display_title": "The Man in the Iron Mask", "mpaa_rating": "", "critics_pick": 0, "byline": "FRANK S. NUGENT", "headline": "Man in the Iron Mask, The", "summary_short": "You know, and not bad. Done with style and snap.", "publication_date": "1939-07-14", "opening_date": "1939-07-13", "date_updated": "2016-03-30 07:05:28", "link": {"type": "article", "url": "http://www.nytimes.com/movie/review?res=9C04E3D9113EE33ABC4C52DFB1668382629EDE", "suggested_link_text": "Read the New York Times Review of The Man in the Iron Mask"}, "multimedia": null}, {"display_title": "Bulldog Drummond's Bride", "mpaa_rating": "", "critics_pick": 0, "byline": "FRANK S. NUGENT", "headline": "Bulldog Drummond's Bride", "summary_short": "", "publication_date": "1939-07-13", "opening_date": null, "date_updated": "2016-03-30 06:54:58", "link": {"type": "article", "url": "http://www.nytimes.com/movie/review?res=9E04E6DD163EE23ABC4B52DFB1668382629EDE", "suggested_link_text": "Read the New York Times Review of Bulldog Drummond's Bride"}, "multimedia": null}, {"display_title": "On Borrowed Time", "mpaa_rating": "", "critics_pick": 0, "byline": "FRANK S. NUGENT", "headline": "On Borrowed Time", "summary_short": "Death up a tree, literally. Interesting comedy-fantasy about orphan, grandfather and grim reaper.", "publication_date": "1939-07-07", "opening_date": "1939-07-07", "date_updated": "2016-03-30 06:50:04", "link": {"type": "article", "url": "http://www.nytimes.com/movie/review?res=990CE4D9133AE532A25754C0A9619C946894D6CF", "suggested_link_text": "Read the New York Times Review of On Borrowed Time"}, "multimedia": null}, {"display_title": "Mickey, the Kid", "mpaa_rating": "", "critics_pick": 0, "byline": "FRANK S. NUGENT", "headline": "Mickey, the Kid", "summary_short": "Fugitive bank robber and son.", "publication_date": "1939-07-06", "opening_date": "1939-07-03", "date_updated": "2016-03-30 07:11:08", "link": {"type": "article", "url": "http://www.nytimes.com/movie/review?res=9E02E3D61F3FE432A25755C0A9619C946894D6CF", "suggested_link_text": "Read the New York Times Review of Mickey, the Kid"}, "multimedia": null}, {"display_title": "Five Came Back", "mpaa_rating": "", "critics_pick": 0, "byline": "FRANK S. NUGENT", "headline": "Five came Back", "summary_short": "The question is why? Jungle plane crash.", "publication_date": "1939-07-05", "opening_date": "1939-06-23", "date_updated": "2016-03-30 06:54:16", "link": {"type": "article", "url": "http://www.nytimes.com/movie/review?res=940CE2D71F3FE432A25756C0A9619C946894D6CF", "suggested_link_text": "Read the New York Times Review of Five Came Back"}, "multimedia": null}, {"display_title": "Second Fiddle", "mpaa_rating": "", "critics_pick": 0, "byline": "FRANK S. NUGENT", "headline": "Second Fiddle", "summary_short": "Sonja's second. Nice, smooth romantic antique, with rink frosting nifty.", "publication_date": "1939-07-01", "opening_date": "1939-06-30", "date_updated": "2016-03-30 07:29:11", "link": {"type": "article", "url": "http://www.nytimes.com/movie/review?res=9E04EFD81F3FE432A25752C0A9619C946894D6CF", "suggested_link_text": "Read the New York Times Review of Second Fiddle"}, "multimedia": null}, {"display_title": "Bachelor Mother", "mpaa_rating": "", "critics_pick": 0, "byline": "FRANK S. NUGENT", "headline": "Bachelor Mother", "summary_short": "Single store clerk takes in abandoned baby. Entertaining romantic caper.", "publication_date": "1939-06-30", "opening_date": "1939-08-04", "date_updated": "2016-03-30 06:54:33", "link": {"type": "article", "url": "http://www.nytimes.com/movie/review?res=9901E7D91530E53ABC4850DFB0668382629EDE", "suggested_link_text": "Read the New York Times Review of Bachelor Mother"}, "multimedia": null}, {"display_title": "Grand Jury Secrets", "mpaa_rating": "", "critics_pick": 0, "byline": "FRANK S. NUGENT", "headline": "Grand Jury Secrets", "summary_short": "Snoopy reporter in hot water.", "publication_date": "1939-06-29", "opening_date": "1939-06-23", "date_updated": "2016-03-30 07:20:14", "link": {"type": "article", "url": "http://www.nytimes.com/movie/review?res=9A0DE6D61038EE3BBC4151DFB0668382629EDE", "suggested_link_text": "Read the New York Times Review of Grand Jury Secrets"}, "multimedia": null}, {"display_title": "The Girl and the Gambler", "mpaa_rating": "", "critics_pick": 0, "byline": "FRANK S. NUGENT", "headline": "Girl and the Gambler, The", "summary_short": "Mexican border terrain.", "publication_date": "1939-06-28", "opening_date": "1939-06-16", "date_updated": "2016-03-30 06:54:09", "link": {"type": "article", "url": "http://www.nytimes.com/movie/review?res=990CEEDB1530E53ABC4051DFB0668382629EDE", "suggested_link_text": "Read the New York Times Review of The Girl and the Gambler"}, "multimedia": null}]}