{"status": "OK", "copyright": "Copyright (c) 2017 The New York Times Company. All Rights Reserved.", "has_more": true, "num_results": 20, "results": [{"display_title": "Couturiere De Luneville", "mpaa_rating": "", "critics_pick": 0, "byline": "H.T.S.", "headline": "Couturiere de Luneville, La", "summary_short": "", "publication_date": "1932-10-14", "opening_date": "1932-10-13", "date_updated": "2016-03-30 07:05:53", "link": {"type": "article", "url": "http://www.nytimes.com/movie/review?res=9B06E5DB1031E633A25757C1A9669D946394D6CF", "suggested_link_text": "Read the New York Times Review of Couturiere De Luneville"}, "multimedia": null}, {"display_title": "Rain", "mpaa_rating": "", "critics_pick": 0, "byline": "MORDAUNT HALL.", "headline": "Rain", "summary_short": "Maugham's tropic trollop and reformer. Definitely worthwhile, though Joan always called it a mistake. Not so, Sadie.", "publication_date": "1932-10-13", "opening_date": "1932-10-12", "date_updated": "2016-03-30 06:41:36", "link": {"type": "article", "url": "http://www.nytimes.com/movie/review?res=9B06E5DC1031E633A25750C1A9669D946394D6CF", "suggested_link_text": "Read the New York Times Review of Rain"}, "multimedia": null}, {"display_title": "Madison Square Garden", "mpaa_rating": "", "critics_pick": 0, "byline": "MORDAUNT HALL.", "headline": "Madison Square Garden", "summary_short": "", "publication_date": "1932-10-12", "opening_date": "1932-11-04", "date_updated": "2016-03-30 07:28:48", "link": {"type": "article", "url": "http://www.nytimes.com/movie/review?res=9502E7DD1031E633A25751C1A9669D946394D6CF", "suggested_link_text": "Read the New York Times Review of Madison Square Garden"}, "multimedia": null}, {"display_title": "Hat Check Girl", "mpaa_rating": "", "critics_pick": 0, "byline": "M.H.", "headline": "Hat Check Girl", "summary_short": "", "publication_date": "1932-10-08", "opening_date": null, "date_updated": "2016-03-30 06:57:40", "link": {"type": "article", "url": "http://www.nytimes.com/movie/review?res=9D0CE1DA1131E333A2575BC0A9669D946394D6CF", "suggested_link_text": "Read the New York Times Review of Hat Check Girl"}, "multimedia": null}, {"display_title": "Downstairs", "mpaa_rating": "", "critics_pick": 0, "byline": "MORDAUNT HALL.", "headline": "Downstairs", "summary_short": "Scheming chauffeur in old castle. These two were married shortly thereafter.", "publication_date": "1932-10-08", "opening_date": null, "date_updated": "2016-03-30 07:16:34", "link": {"type": "article", "url": "http://www.nytimes.com/movie/review?res=940CE1DA1131E333A2575BC0A9669D946394D6CF", "suggested_link_text": "Read the New York Times Review of Downstairs"}, "multimedia": null}, {"display_title": "The Crusader", "mpaa_rating": "", "critics_pick": 0, "byline": "A.D.S.", "headline": "Crusader, The", "summary_short": "", "publication_date": "1932-10-08", "opening_date": "1932-10-05", "date_updated": "2016-03-30 06:50:33", "link": {"type": "article", "url": "http://www.nytimes.com/movie/review?res=9D05E0DA1131E333A2575BC0A9669D946394D6CF", "suggested_link_text": "Read the New York Times Review of The Crusader"}, "multimedia": null}, {"display_title": "Amore E Morte", "mpaa_rating": "", "critics_pick": 0, "byline": "W. L. Middleton", "headline": "Amore e Morte", "summary_short": "", "publication_date": "1932-10-04", "opening_date": null, "date_updated": "2016-03-30 06:42:31", "link": {"type": "article", "url": "http://www.nytimes.com/movie/review?res=980DE1D81331E633A25757C0A9669D946394D6CF", "suggested_link_text": "Read the New York Times Review of Amore E Morte"}, "multimedia": null}, {"display_title": "My Pal, the King", "mpaa_rating": "", "critics_pick": 0, "byline": "MOKDAUNT HALL.", "headline": "My Pal the King", "summary_short": "", "publication_date": "1932-10-04", "opening_date": "1932-08-04", "date_updated": "2016-03-30 06:50:38", "link": {"type": "article", "url": "http://www.nytimes.com/movie/review?res=940DE1D81331E633A25757C0A9669D946394D6CF", "suggested_link_text": "Read the New York Times Review of My Pal, the King"}, "multimedia": null}, {"display_title": "A Bill of Divorcement", "mpaa_rating": "", "critics_pick": 1, "byline": "MORDAUNT HALL.", "headline": "Bill of Divorcement, A", "summary_short": "War veteran comes home from mental institution. Intelligent and often stirring.", "publication_date": "1932-10-03", "opening_date": "1932-09-30", "date_updated": "2016-03-30 06:56:35", "link": {"type": "article", "url": "http://www.nytimes.com/movie/review?res=9801E7D81331E633A25750C0A9669D946394D6CF", "suggested_link_text": "Read the New York Times Review of A Bill of Divorcement"}, "multimedia": null}, {"display_title": "This Sporting Age", "mpaa_rating": "", "critics_pick": 0, "byline": "A.D.S.", "headline": "This Sporting Age", "summary_short": "", "publication_date": "1932-10-01", "opening_date": "1932-09-15", "date_updated": "2016-03-30 07:19:51", "link": {"type": "article", "url": "http://www.nytimes.com/movie/review?res=9406E2DC1131E333A25752C0A9669D946394D6CF", "suggested_link_text": "Read the New York Times Review of This Sporting Age"}, "multimedia": null}, {"display_title": "The Phantom President", "mpaa_rating": "", "critics_pick": 0, "byline": "MORDAUNT HALL.", "headline": "Phantom President, The", "summary_short": "This one certainly creaks now. Cohan's only film with Rodgers and Hart tunes.", "publication_date": "1932-10-01", "opening_date": "1932-09-23", "date_updated": "2016-03-30 06:50:30", "link": {"type": "article", "url": "http://www.nytimes.com/movie/review?res=9D01E2DC1131E333A25752C0A9669D946394D6CF", "suggested_link_text": "Read the New York Times Review of The Phantom President"}, "multimedia": null}, {"display_title": "Pack up Your Troubles", "mpaa_rating": "", "critics_pick": 0, "byline": "M.H.", "headline": "Pack up Your Troubles", "summary_short": "Army recruits. Nice work, boys.", "publication_date": "1932-10-01", "opening_date": "1932-09-17", "date_updated": "2016-03-30 06:51:21", "link": {"type": "article", "url": "http://www.nytimes.com/movie/review?res=9801E2DC1131E333A25752C0A9669D946394D6CF", "suggested_link_text": "Read the New York Times Review of Pack up Your Troubles"}, "multimedia": null}, {"display_title": "Chandu the Magician", "mpaa_rating": "Not Rated", "critics_pick": 0, "byline": "A.D.S.", "headline": "Chandu the Magician", "summary_short": "Mystical Chandu foils Roxor and his Nile death ray. Carpetbag of camera tricks.", "publication_date": "1932-10-01", "opening_date": "1932-09-18", "date_updated": "2016-03-30 07:19:59", "link": {"type": "article", "url": "http://www.nytimes.com/movie/review?res=9A06E2DC1131E333A25752C0A9669D946394D6CF", "suggested_link_text": "Read the New York Times Review of Chandu the Magician"}, "multimedia": null}, {"display_title": "The Cabin in the Cotton", "mpaa_rating": "", "critics_pick": 0, "byline": "MORDAUNT HALL.", "headline": "Cabin in the Cotton", "summary_short": "Poor Southern youth discovers father's killer. Davis's first magnolia meanie, creaky now.", "publication_date": "1932-09-30", "opening_date": "1932-10-15", "date_updated": "2016-03-30 07:19:36", "link": {"type": "article", "url": "http://www.nytimes.com/movie/review?res=9802E0DA1331E633A25753C3A96F9C946394D6CF", "suggested_link_text": "Read the New York Times Review of The Cabin in the Cotton"}, "multimedia": null}, {"display_title": "Le Bal", "mpaa_rating": "", "critics_pick": 0, "byline": "MORDAUNT HALL.", "headline": "Bal, Le", "summary_short": "", "publication_date": "1932-09-28", "opening_date": null, "date_updated": "2016-03-30 07:14:12", "link": {"type": "article", "url": "http://www.nytimes.com/movie/review?res=9B0CE6DC1131E333A2575BC2A96F9C946394D6CF", "suggested_link_text": "Read the New York Times Review of Le Bal"}, "multimedia": null}, {"display_title": "Hell's Highway", "mpaa_rating": "", "critics_pick": 0, "byline": "MORDAUNT HALL.", "headline": "Hell's Highway", "summary_short": "Brutal chain gang.", "publication_date": "1932-09-26", "opening_date": "1932-09-23", "date_updated": "2016-03-30 07:26:56", "link": {"type": "article", "url": "http://www.nytimes.com/movie/review?res=9F0DEEDB1331E633A25755C2A96F9C946394D6CF", "suggested_link_text": "Read the New York Times Review of Hell's Highway"}, "multimedia": null}, {"display_title": "White Eagle", "mpaa_rating": "", "critics_pick": 0, "byline": "A.D.S.", "headline": "White Eagle", "summary_short": "", "publication_date": "1932-09-24", "opening_date": "1932-10-07", "date_updated": "2016-03-30 06:45:04", "link": {"type": "article", "url": "http://www.nytimes.com/movie/review?res=9805E1DB1331E633A25757C2A96F9C946394D6CF", "suggested_link_text": "Read the New York Times Review of White Eagle"}, "multimedia": null}, {"display_title": "Blonde Venus", "mpaa_rating": "", "critics_pick": 0, "byline": "MORDAUNT HALL.", "headline": "Blonde Venus", "summary_short": "Nightclub entertainer torn between family and rich benefactor. Suds, with Dietrich never blonder or Venuser.", "publication_date": "1932-09-24", "opening_date": null, "date_updated": "2016-03-30 07:26:59", "link": {"type": "article", "url": "http://www.nytimes.com/movie/review?res=9F05E1DB1331E633A25757C2A96F9C946394D6CF", "suggested_link_text": "Read the New York Times Review of Blonde Venus"}, "multimedia": null}, {"display_title": "Tiger Shark", "mpaa_rating": "Not Rated", "critics_pick": 0, "byline": "M.H.", "headline": "Tiger Shark", "summary_short": "Monterey fishermen. Colorful oldtimer.", "publication_date": "1932-09-23", "opening_date": "1932-09-24", "date_updated": "2016-03-30 06:58:54", "link": {"type": "article", "url": "http://www.nytimes.com/movie/review?res=9D05E6DB1331E633A25750C2A96F9C946394D6CF", "suggested_link_text": "Read the New York Times Review of Tiger Shark"}, "multimedia": null}, {"display_title": "A Successful Calamity", "mpaa_rating": "", "critics_pick": 0, "byline": "MORDAUNT HALL.", "headline": "Successful Calamity, A", "summary_short": "Rich man pretends poverty to test his family. Where on earth did this one spring from?", "publication_date": "1932-09-23", "opening_date": "1932-09-17", "date_updated": "2016-03-30 06:58:23", "link": {"type": "article", "url": "http://www.nytimes.com/movie/review?res=9C05E6DB1331E633A25750C2A96F9C946394D6CF", "suggested_link_text": "Read the New York Times Review of A Successful Calamity"}, "multimedia": null}]}