{"status": "OK", "copyright": "Copyright (c) 2017 The New York Times Company. All Rights Reserved.", "has_more": true, "num_results": 20, "results": [{"display_title": "Murder by an Aristocrat", "mpaa_rating": "", "critics_pick": 0, "byline": "T.M.P.", "headline": "Murder by an Aristocrat", "summary_short": "Man tries to blackmail rich in-laws.", "publication_date": "1936-06-13", "opening_date": "1936-06-13", "date_updated": "2016-03-30 07:10:30", "link": {"type": "article", "url": "http://www.nytimes.com/movie/review?res=9D05E1DF1330E13BBC4B52DFB066838D629EDE", "suggested_link_text": "Read the New York Times Review of Murder by an Aristocrat"}, "multimedia": null}, {"display_title": "Hearts Divided", "mpaa_rating": "", "critics_pick": 0, "byline": "J.T.M.", "headline": "Hearts Divided", "summary_short": "Napoleon's brother and a saucy Frenchwoman. Pure applesauce.", "publication_date": "1936-06-13", "opening_date": "1936-06-20", "date_updated": "2016-03-30 07:13:22", "link": {"type": "article", "url": "http://www.nytimes.com/movie/review?res=940CE2DF1330E13BBC4B52DFB066838D629EDE", "suggested_link_text": "Read the New York Times Review of Hearts Divided"}, "multimedia": null}, {"display_title": "Anna und Elisabeth", "mpaa_rating": "", "critics_pick": 0, "byline": "H.T.S.", "headline": "Anna und Elisabeth", "summary_short": "", "publication_date": "1936-06-13", "opening_date": "1936-06-12", "date_updated": "2016-03-30 07:04:57", "link": {"type": "article", "url": "http://www.nytimes.com/movie/review?res=9C05E1DF1330E13BBC4B52DFB066838D629EDE", "suggested_link_text": "Read the New York Times Review of Anna und Elisabeth"}, "multimedia": null}, {"display_title": "Private Number", "mpaa_rating": "", "critics_pick": 0, "byline": "J.T.M.", "headline": "Private Number", "summary_short": "Collegian secretly weds mother's maid.", "publication_date": "1936-06-12", "opening_date": "1936-06-05", "date_updated": "2016-03-30 07:28:31", "link": {"type": "article", "url": "http://www.nytimes.com/movie/review?res=9B03E5DD113FEE3BBC4A52DFB066838D629EDE", "suggested_link_text": "Read the New York Times Review of Private Number"}, "multimedia": null}, {"display_title": "Le Scarpo Al Sole", "mpaa_rating": "", "critics_pick": 0, "byline": "H.T.S.", "headline": "Alpine Love", "summary_short": "", "publication_date": "1936-06-08", "opening_date": null, "date_updated": "2016-03-30 06:53:49", "link": {"type": "article", "url": "http://www.nytimes.com/movie/review?res=9C06E7D71230E13BBC4053DFB066838D629EDE", "suggested_link_text": "Read the New York Times Review of Le Scarpo Al Sole"}, "multimedia": null}, {"display_title": "The Last Journey", "mpaa_rating": "", "critics_pick": 0, "byline": "J.T.M.", "headline": "Last Journey, The", "summary_short": "", "publication_date": "1936-06-08", "opening_date": "1936-04-27", "date_updated": "2016-03-30 06:51:04", "link": {"type": "article", "url": "http://www.nytimes.com/movie/review?res=9507E7D71230E13BBC4053DFB066838D629EDE", "suggested_link_text": "Read the New York Times Review of The Last Journey"}, "multimedia": null}, {"display_title": "Fury", "mpaa_rating": "Not Rated", "critics_pick": 1, "byline": "FRANK S. NUGENT", "headline": "Fury", "summary_short": "Fritz Lang's masterpiece on mob violence and its aftermath. Brilliant and haunting.", "publication_date": "1936-06-06", "opening_date": "1936-05-29", "date_updated": "2016-03-30 06:49:15", "link": {"type": "article", "url": "http://www.nytimes.com/movie/review?res=9F00E0DE113FEE3BBC4E53DFB066838D629EDE", "suggested_link_text": "Read the New York Times Review of Fury"}, "multimedia": null}, {"display_title": "Little Miss Nobody", "mpaa_rating": "", "critics_pick": 0, "byline": "B.R.C.", "headline": "Little Miss Nobody", "summary_short": "", "publication_date": "1936-06-06", "opening_date": null, "date_updated": "2016-03-30 07:13:39", "link": {"type": "article", "url": "http://www.nytimes.com/movie/review?res=9B00E0DE113FEE3BBC4E53DFB066838D629EDE", "suggested_link_text": "Read the New York Times Review of Little Miss Nobody"}, "multimedia": null}, {"display_title": "The Law in Her Hands", "mpaa_rating": "", "critics_pick": 0, "byline": "T.M.P.", "headline": "Law in her Hands, The", "summary_short": "Defense lawyer sets career goals aside to marry district attorney.", "publication_date": "1936-06-06", "opening_date": "1936-05-16", "date_updated": "2016-03-30 07:17:59", "link": {"type": "article", "url": "http://www.nytimes.com/movie/review?res=9500E0DE113FEE3BBC4E53DFB066838D629EDE", "suggested_link_text": "Read the New York Times Review of The Law in Her Hands"}, "multimedia": null}, {"display_title": "Revolt of the Zombies", "mpaa_rating": "", "critics_pick": 0, "byline": "FRANK S. NUGENT", "headline": "Revolt of the Zombies", "summary_short": "Regiment of walking dead in WWI Cambodia.", "publication_date": "1936-06-05", "opening_date": "1936-06-04", "date_updated": "2016-03-30 06:42:42", "link": {"type": "article", "url": "http://www.nytimes.com/movie/review?res=9E01E6DB1230E13BBC4D53DFB066838D629EDE", "suggested_link_text": "Read the New York Times Review of Revolt of the Zombies"}, "multimedia": null}, {"display_title": "The Princess Comes Across", "mpaa_rating": "", "critics_pick": 0, "byline": "FRANK S. NUGENT", "headline": "Princess Comes Across, The", "summary_short": "Sleekly entertaining shipboard whodunit-comedy. Good casual fun.", "publication_date": "1936-06-04", "opening_date": "1936-05-22", "date_updated": "2016-03-30 07:29:55", "link": {"type": "article", "url": "http://www.nytimes.com/movie/review?res=9B06E0DC1230E13BBC4C53DFB066838D629EDE", "suggested_link_text": "Read the New York Times Review of The Princess Comes Across"}, "multimedia": null}, {"display_title": "Nobody's Fool", "mpaa_rating": "", "critics_pick": 0, "byline": "T.M.P.", "headline": "Nobody's Fool", "summary_short": "", "publication_date": "1936-06-04", "opening_date": "1936-06-01", "date_updated": "2016-03-30 06:50:48", "link": {"type": "article", "url": "http://www.nytimes.com/movie/review?res=9406E0DC1230E13BBC4C53DFB066838D629EDE", "suggested_link_text": "Read the New York Times Review of Nobody's Fool"}, "multimedia": null}, {"display_title": "Das Verlorene Tal", "mpaa_rating": "", "critics_pick": 0, "byline": "H.T.S.", "headline": "Verlorene Tal, Das", "summary_short": "", "publication_date": "1936-05-30", "opening_date": "1936-05-29", "date_updated": "2016-03-30 07:14:38", "link": {"type": "article", "url": "http://www.nytimes.com/movie/review?res=9C0CEED9103FEE3BBC4850DFB366838D629EDE", "suggested_link_text": "Read the New York Times Review of Das Verlorene Tal"}, "multimedia": null}, {"display_title": "Trouble for Two", "mpaa_rating": "", "critics_pick": 0, "byline": "FRANK S. NUGENT", "headline": "Trouble for Two", "summary_short": "Adaptation of Stevenson's ``Suicide Club.'' Tensely intriguing, or was back when.", "publication_date": "1936-05-30", "opening_date": "1936-05-22", "date_updated": "2016-03-30 06:50:18", "link": {"type": "article", "url": "http://www.nytimes.com/movie/review?res=9F0DEED9103FEE3BBC4850DFB366838D629EDE", "suggested_link_text": "Read the New York Times Review of Trouble for Two"}, "multimedia": null}, {"display_title": "Treachery Rides the Range", "mpaa_rating": "", "critics_pick": 0, "byline": "T.M.P.", "headline": "Treachery Rides the Range", "summary_short": "Singing Army captain, Indian-buffalo country.", "publication_date": "1936-05-30", "opening_date": "1936-05-02", "date_updated": "2016-03-30 07:15:23", "link": {"type": "article", "url": "http://www.nytimes.com/movie/review?res=9B0DEED9103FEE3BBC4850DFB366838D629EDE", "suggested_link_text": "Read the New York Times Review of Treachery Rides the Range"}, "multimedia": null}, {"display_title": "Half Angel", "mpaa_rating": "", "critics_pick": 0, "byline": "B.R.C.", "headline": "Half Angel", "summary_short": "Newsman hounds and comes to love suspected poisoner.", "publication_date": "1936-05-30", "opening_date": "1936-05-22", "date_updated": "2016-03-30 06:56:03", "link": {"type": "article", "url": "http://www.nytimes.com/movie/review?res=990DEED9103FEE3BBC4850DFB366838D629EDE", "suggested_link_text": "Read the New York Times Review of Half Angel"}, "multimedia": null}, {"display_title": "The King Steps Out", "mpaa_rating": "", "critics_pick": 0, "byline": "FRANK S. NUGENT", "headline": "King Steps Out, The", "summary_short": "Lovely, bygone operetta with fine singing, delectable Kreisler music.", "publication_date": "1936-05-29", "opening_date": "1936-05-28", "date_updated": "2016-03-30 07:16:51", "link": {"type": "article", "url": "http://www.nytimes.com/movie/review?res=9400E4DF163DE33BBC4151DFB366838D629EDE", "suggested_link_text": "Read the New York Times Review of The King Steps Out"}, "multimedia": null}, {"display_title": "Florida Special", "mpaa_rating": "", "critics_pick": 0, "byline": "J.T.M.", "headline": "Florida Special", "summary_short": "Fast-paced mystery about gem thieves.", "publication_date": "1936-05-29", "opening_date": "1936-04-21", "date_updated": "2016-03-30 07:24:39", "link": {"type": "article", "url": "http://www.nytimes.com/movie/review?res=9500E4DF163DE33BBC4151DFB366838D629EDE", "suggested_link_text": "Read the New York Times Review of Florida Special"}, "multimedia": null}, {"display_title": "The Ex-Mrs. Bradford", "mpaa_rating": "", "critics_pick": 0, "byline": "FRANK S. NUGENT", "headline": "Ex-Mrs Bradford, The", "summary_short": "Smoothly amusing whodunit comedy with sleuthing doctor and former wife.", "publication_date": "1936-05-28", "opening_date": "1936-05-13", "date_updated": "2016-03-30 07:16:34", "link": {"type": "article", "url": "http://www.nytimes.com/movie/review?res=9A06E2DA103FEE3BBC4051DFB366838D629EDE", "suggested_link_text": "Read the New York Times Review of The Ex-Mrs. Bradford"}, "multimedia": null}, {"display_title": "Dance Music", "mpaa_rating": "", "critics_pick": 0, "byline": "H.T.S.", "headline": "Tanzmusik", "summary_short": "", "publication_date": "1936-05-26", "opening_date": "1936-05-25", "date_updated": "2016-03-30 07:14:18", "link": {"type": "article", "url": "http://www.nytimes.com/movie/review?res=9B04EFDA103FEE3BBC4E51DFB366838D629EDE", "suggested_link_text": "Read the New York Times Review of Dance Music"}, "multimedia": null}]}