{"status": "OK", "copyright": "Copyright (c) 2017 The New York Times Company. All Rights Reserved.", "has_more": true, "num_results": 20, "results": [{"display_title": "For Whom the Bell Tolls", "mpaa_rating": "Not Rated", "critics_pick": 1, "byline": "BOSLEY CROWTHER", "headline": "For Whom the Bell Tolls", "summary_short": "Radiant Bergman as Hemingway's bride of the guerrilla. Stirring adaptation.", "publication_date": "1943-07-15", "opening_date": null, "date_updated": "2016-03-30 07:10:35", "link": {"type": "article", "url": "http://www.nytimes.com/movie/review?res=9D04E2DF1530E53BBC4D52DFB1668388659EDE", "suggested_link_text": "Read the New York Times Review of For Whom the Bell Tolls"}, "multimedia": null}, {"display_title": "Prairie Chickens", "mpaa_rating": "", "critics_pick": 0, "byline": "B.C.", "headline": "Prairie Chickens", "summary_short": "Two cowhands deal with mistaken identity and haunted house.", "publication_date": "1943-07-09", "opening_date": "1943-05-21", "date_updated": "2016-03-30 06:53:56", "link": {"type": "article", "url": "http://www.nytimes.com/movie/review?res=9C06E1D61638E33BBC4153DFB1668388659EDE", "suggested_link_text": "Read the New York Times Review of Prairie Chickens"}, "multimedia": null}, {"display_title": "Crime Doctor", "mpaa_rating": "", "critics_pick": 0, "byline": "L.B.F.", "headline": "Crime Doctor", "summary_short": "So-so mystery series with psychiatrist-sleuther.", "publication_date": "1943-07-05", "opening_date": "1943-06-22", "date_updated": "2016-03-30 07:12:38", "link": {"type": "article", "url": "http://www.nytimes.com/movie/review?res=9907EEDA1139E33BBC4D53DFB1668388659EDE", "suggested_link_text": "Read the New York Times Review of Crime Doctor"}, "multimedia": null}, {"display_title": "Maravilla Del Toreo", "mpaa_rating": "", "critics_pick": 0, "byline": "-- A.W.", "headline": "Marvels of the Bull Ring", "summary_short": "", "publication_date": "1943-07-03", "opening_date": "1943-07-02", "date_updated": "2016-03-30 06:50:46", "link": {"type": "article", "url": "http://www.nytimes.com/movie/review?res=9D06E6DE143DE13BBC4B53DFB1668388659EDE", "suggested_link_text": "Read the New York Times Review of Maravilla Del Toreo"}, "multimedia": null}, {"display_title": "Two Tickets to London", "mpaa_rating": "", "critics_pick": 0, "byline": "L.B.F.", "headline": "Two Tickets to London", "summary_short": "Espionage and love. Pretty limp.", "publication_date": "1943-07-03", "opening_date": "1943-06-18", "date_updated": "2016-03-30 07:15:47", "link": {"type": "article", "url": "http://www.nytimes.com/movie/review?res=9C06E6DE143DE13BBC4B53DFB1668388659EDE", "suggested_link_text": "Read the New York Times Review of Two Tickets to London"}, "multimedia": null}, {"display_title": "Background to Danger", "mpaa_rating": "", "critics_pick": 0, "byline": "BOSLEY CROWTHER", "headline": "Background to Danger", "summary_short": "Nazis in Turkey. Some solid tingling but too tidy.", "publication_date": "1943-07-03", "opening_date": "1943-07-03", "date_updated": "2016-03-30 06:43:35", "link": {"type": "article", "url": "http://www.nytimes.com/movie/review?res=9507E6DE143DE13BBC4B53DFB1668388659EDE", "suggested_link_text": "Read the New York Times Review of Background to Danger"}, "multimedia": null}, {"display_title": "Fire in the Straw", "mpaa_rating": "", "critics_pick": 0, "byline": "T.M.P.", "headline": "Fire in the Straw", "summary_short": "", "publication_date": "1943-07-02", "opening_date": "1943-07-01", "date_updated": "2016-03-30 06:42:25", "link": {"type": "article", "url": "http://www.nytimes.com/movie/review?res=9500E0DB103CE03ABC4A53DFB1668388659EDE", "suggested_link_text": "Read the New York Times Review of Fire in the Straw"}, "multimedia": null}, {"display_title": "Chatterbox", "mpaa_rating": "", "critics_pick": 0, "byline": "L.B.F.", "headline": "Chatterbox", "summary_short": "Quite funny indeed.", "publication_date": "1943-07-02", "opening_date": "1943-04-27", "date_updated": "2016-03-30 06:55:44", "link": {"type": "article", "url": "http://www.nytimes.com/movie/review?res=9C03E0DB103CE03ABC4A53DFB1668388659EDE", "suggested_link_text": "Read the New York Times Review of Chatterbox"}, "multimedia": null}, {"display_title": "Bombardier", "mpaa_rating": "", "critics_pick": 0, "byline": "BOSLEY CROWTHER", "headline": "Bombardier", "summary_short": "Not bad of this kind.", "publication_date": "1943-07-02", "opening_date": "1943-05-14", "date_updated": "2016-03-30 07:12:39", "link": {"type": "article", "url": "http://www.nytimes.com/movie/review?res=9400E0DB103CE03ABC4A53DFB1668388659EDE", "suggested_link_text": "Read the New York Times Review of Bombardier"}, "multimedia": null}, {"display_title": "Best Foot Forward", "mpaa_rating": "", "critics_pick": 0, "byline": "BOSLEY CROWTHER", "headline": "Best Foot Forward", "summary_short": "Film star at cadet school prom. Peachy.", "publication_date": "1943-06-30", "opening_date": "1943-10-08", "date_updated": "2016-03-30 06:52:00", "link": {"type": "article", "url": "http://www.nytimes.com/movie/review?res=9F04E0DF143DE13BBC4850DFB0668388659EDE", "suggested_link_text": "Read the New York Times Review of Best Foot Forward"}, "multimedia": null}, {"display_title": "Aerial Gunner", "mpaa_rating": "", "critics_pick": 0, "byline": "BOSLEY CROWTHER", "headline": "Aerial Gunner", "summary_short": "Gunnery-school rivals for same girl join Pacific bomber squadron.", "publication_date": "1943-06-26", "opening_date": "1943-03-20", "date_updated": "2016-03-30 06:53:40", "link": {"type": "article", "url": "http://www.nytimes.com/movie/review?res=9807E7DA1139E33BBC4E51DFB0668388659EDE", "suggested_link_text": "Read the New York Times Review of Aerial Gunner"}, "multimedia": null}, {"display_title": "The Youngest Profession", "mpaa_rating": "", "critics_pick": 0, "byline": "T.M.P.", "headline": "Youngest Profession, The", "summary_short": "Celebrity fan clubs.", "publication_date": "1943-06-25", "opening_date": null, "date_updated": "2016-03-30 06:44:23", "link": {"type": "article", "url": "http://www.nytimes.com/movie/review?res=9D05E6DF143DE13BBC4D51DFB0668388659EDE", "suggested_link_text": "Read the New York Times Review of The Youngest Profession"}, "multimedia": null}, {"display_title": "Stage Door Canteen", "mpaa_rating": "", "critics_pick": 0, "byline": "BOSLEY CROWTHER", "headline": "Stage Door Canteen", "summary_short": "Wartime love. Great star cameos: Hepburn, Bankhead, Lunt and Fontanne.", "publication_date": "1943-06-25", "opening_date": null, "date_updated": "2016-03-30 06:53:22", "link": {"type": "article", "url": "http://www.nytimes.com/movie/review?res=9C05E6DF143DE13BBC4D51DFB0668388659EDE", "suggested_link_text": "Read the New York Times Review of Stage Door Canteen"}, "multimedia": null}, {"display_title": "Dixie", "mpaa_rating": "", "critics_pick": 0, "byline": "BOSLEY CROWTHER", "headline": "Dixie", "summary_short": "Tuneful, typical.", "publication_date": "1943-06-24", "opening_date": null, "date_updated": "2016-03-30 07:15:15", "link": {"type": "article", "url": "http://www.nytimes.com/movie/review?res=9D06E6D7123CEE3BBC4C51DFB0668388659EDE", "suggested_link_text": "Read the New York Times Review of Dixie"}, "multimedia": null}, {"display_title": "Sarong Girl", "mpaa_rating": "", "critics_pick": 0, "byline": "T.M.P.", "headline": "Sarong Girl", "summary_short": "Burlesque queen's revenge.", "publication_date": "1943-06-18", "opening_date": "1943-06-11", "date_updated": "2016-03-30 07:13:48", "link": {"type": "article", "url": "http://www.nytimes.com/movie/review?res=9B05E2DA123CEE3BBC4052DFB0668388659EDE", "suggested_link_text": "Read the New York Times Review of Sarong Girl"}, "multimedia": null}, {"display_title": "Coney Island", "mpaa_rating": "", "critics_pick": 0, "byline": "BOSLEY CROWTHER", "headline": "Coney Island", "summary_short": "Betty at her verviest. Carefree doings, though snappier in remake, ``Wabash Avenue.''", "publication_date": "1943-06-17", "opening_date": "1943-06-18", "date_updated": "2016-03-30 07:16:59", "link": {"type": "article", "url": "http://www.nytimes.com/movie/review?res=9D06E2DB123CEE3BBC4F52DFB0668388659EDE", "suggested_link_text": "Read the New York Times Review of Coney Island"}, "multimedia": null}, {"display_title": "Guadalajara", "mpaa_rating": "", "critics_pick": 0, "byline": "L.B.F.", "headline": "Guadalajara", "summary_short": "", "publication_date": "1943-06-12", "opening_date": "1943-06-11", "date_updated": "2016-03-30 06:45:59", "link": {"type": "article", "url": "http://www.nytimes.com/movie/review?res=9803E5D91638E33BBC4A52DFB0668388659EDE", "suggested_link_text": "Read the New York Times Review of Guadalajara"}, "multimedia": null}, {"display_title": "Gildersleeve's Bad Day", "mpaa_rating": "", "critics_pick": 0, "byline": "BOSLEY CROWTHER", "headline": "Gildersleeve's Bad Day", "summary_short": "You'll be sorry.", "publication_date": "1943-06-11", "opening_date": "1943-05-08", "date_updated": "2016-03-30 06:51:20", "link": {"type": "article", "url": "http://www.nytimes.com/movie/review?res=9C03E4DD123CEE3BBC4952DFB0668388659EDE", "suggested_link_text": "Read the New York Times Review of Gildersleeve's Bad Day"}, "multimedia": null}, {"display_title": "Captive Wild Woman", "mpaa_rating": "Not Rated", "critics_pick": 0, "byline": "T.M.P.", "headline": "Captive Wild Woman", "summary_short": "Excruciating.", "publication_date": "1943-06-07", "opening_date": "1943-06-04", "date_updated": "2016-03-30 07:26:41", "link": {"type": "article", "url": "http://www.nytimes.com/movie/review?res=9B0DE5DC103CE03ABC4F53DFB0668388659EDE", "suggested_link_text": "Read the New York Times Review of Captive Wild Woman"}, "multimedia": null}, {"display_title": "Jitterbugs", "mpaa_rating": "", "critics_pick": 0, "byline": "BOSLEY CROWTHER", "headline": "Jitterbugs", "summary_short": "Typical, bless 'em.", "publication_date": "1943-06-05", "opening_date": "1943-06-11", "date_updated": "2016-03-30 06:45:39", "link": {"type": "article", "url": "http://www.nytimes.com/movie/review?res=9507E0DF123CEE3BBC4D53DFB0668388659EDE", "suggested_link_text": "Read the New York Times Review of Jitterbugs"}, "multimedia": null}]}