{"status": "OK", "copyright": "Copyright (c) 2017 The New York Times Company. All Rights Reserved.", "has_more": true, "num_results": 20, "results": [{"display_title": "The Huddle", "mpaa_rating": "", "critics_pick": 0, "byline": "MORDAUNT HALL.", "headline": "Huddle", "summary_short": "Steel-worker's son wins Yale scholarship, falls for mill owner's daughter.", "publication_date": "1932-06-17", "opening_date": "1932-05-14", "date_updated": "2016-03-30 06:52:25", "link": {"type": "article", "url": "http://www.nytimes.com/movie/review?res=9C06EFDC103EE633A25754C1A9609C946394D6CF", "suggested_link_text": "Read the New York Times Review of The Huddle"}, "multimedia": null}, {"display_title": "Der Herr Buerovorsteher", "mpaa_rating": "", "critics_pick": 0, "byline": "H.T.S.", "headline": "Herr Buerovorsteher, Der", "summary_short": "", "publication_date": "1932-06-17", "opening_date": null, "date_updated": "2016-03-30 07:29:24", "link": {"type": "article", "url": "http://www.nytimes.com/movie/review?res=9F06EFDC103EE633A25754C1A9609C946394D6CF", "suggested_link_text": "Read the New York Times Review of Der Herr Buerovorsteher"}, "multimedia": null}, {"display_title": "Le Roi Des Resquilleurs", "mpaa_rating": "", "critics_pick": 0, "byline": "H.T.S.", "headline": "Roi des Resquilleurs, Le", "summary_short": "", "publication_date": "1932-06-13", "opening_date": null, "date_updated": "2016-03-30 06:54:14", "link": {"type": "article", "url": "http://www.nytimes.com/movie/review?res=9906E1DE103EE633A25750C1A9609C946394D6CF", "suggested_link_text": "Read the New York Times Review of Le Roi Des Resquilleurs"}, "multimedia": null}, {"display_title": "Merrily We Go to Hell", "mpaa_rating": "", "critics_pick": 0, "byline": "M.H.", "headline": "Merrily We Go to Hell", "summary_short": "", "publication_date": "1932-06-11", "opening_date": "1932-06-10", "date_updated": "2016-03-30 06:43:50", "link": {"type": "article", "url": "http://www.nytimes.com/movie/review?res=9900EED61431E633A25752C1A9609C946394D6CF", "suggested_link_text": "Read the New York Times Review of Merrily We Go to Hell"}, "multimedia": null}, {"display_title": "Love is a Racket", "mpaa_rating": "Not Rated", "critics_pick": 0, "byline": "A.D.S.", "headline": "Love Is a Racket", "summary_short": "Broadway gossip columnist helps ingenue.", "publication_date": "1932-06-11", "opening_date": "1932-06-18", "date_updated": "2016-03-30 07:05:30", "link": {"type": "article", "url": "http://www.nytimes.com/movie/review?res=9B00EED61431E633A25752C1A9609C946394D6CF", "suggested_link_text": "Read the New York Times Review of Love is a Racket"}, "multimedia": null}, {"display_title": "Is My Face Red?", "mpaa_rating": "", "critics_pick": 0, "byline": "A.D.S.", "headline": "Is my Face red", "summary_short": "Gossip columnist pays the piper.", "publication_date": "1932-06-11", "opening_date": "1932-06-17", "date_updated": "2016-03-30 07:15:03", "link": {"type": "article", "url": "http://www.nytimes.com/movie/review?res=9A00EED61431E633A25752C1A9609C946394D6CF", "suggested_link_text": "Read the New York Times Review of Is My Face Red?"}, "multimedia": null}, {"display_title": "Hirsekorn Greift Ein", "mpaa_rating": "", "critics_pick": 0, "byline": "MORDAUNT HALL.", "headline": "Hirsekorn Greift Ein", "summary_short": "", "publication_date": "1932-06-10", "opening_date": "1932-06-09", "date_updated": "2016-03-30 06:58:41", "link": {"type": "article", "url": "http://www.nytimes.com/movie/review?res=990CE3D6133EE633A25753C1A9609C946394D6CF", "suggested_link_text": "Read the New York Times Review of Hirsekorn Greift Ein"}, "multimedia": null}, {"display_title": "The Dark Horse", "mpaa_rating": "", "critics_pick": 0, "byline": "MORDAUNT HALL.", "headline": "Dark Horse, The", "summary_short": "Spirited political caper about promotion of no-brow gubernatorial candidate. Sporting cast.", "publication_date": "1932-06-09", "opening_date": "1932-06-16", "date_updated": "2016-03-30 06:44:44", "link": {"type": "article", "url": "http://www.nytimes.com/movie/review?res=940CE2D7133EE633A2575AC0A9609C946394D6CF", "suggested_link_text": "Read the New York Times Review of The Dark Horse"}, "multimedia": null}, {"display_title": "La Nuit Du Carrefour", "mpaa_rating": "", "critics_pick": 0, "byline": "HERBERT L. MATTHEWS.", "headline": "Nuit du Carrefour", "summary_short": "", "publication_date": "1932-06-05", "opening_date": null, "date_updated": "2016-03-30 06:56:58", "link": {"type": "article", "url": "http://www.nytimes.com/movie/review?res=9C0DEFDA133EE633A25756C0A9609C946394D6CF", "suggested_link_text": "Read the New York Times Review of La Nuit Du Carrefour"}, "multimedia": null}, {"display_title": "They Never Come Back", "mpaa_rating": "", "critics_pick": 0, "byline": "A.D.S.", "headline": "They Never Come Back", "summary_short": "", "publication_date": "1932-06-04", "opening_date": "1932-05-10", "date_updated": "2016-03-30 06:58:07", "link": {"type": "article", "url": "http://www.nytimes.com/movie/review?res=9E06EEDC133EE633A25757C0A9609C946394D6CF", "suggested_link_text": "Read the New York Times Review of They Never Come Back"}, "multimedia": null}, {"display_title": "Westward Passage", "mpaa_rating": "", "critics_pick": 0, "byline": "M.H.", "headline": "Westward Passage", "summary_short": "Woman leaves husband for admirer. Probably creaks but these two warrant a look.", "publication_date": "1932-06-04", "opening_date": "1932-05-27", "date_updated": "2016-03-30 06:50:41", "link": {"type": "article", "url": "http://www.nytimes.com/movie/review?res=9C06EEDC133EE633A25757C0A9609C946394D6CF", "suggested_link_text": "Read the New York Times Review of Westward Passage"}, "multimedia": null}, {"display_title": "Week-End Marriage", "mpaa_rating": "", "critics_pick": 0, "byline": "A.D.S.", "headline": "Week-End Marriage", "summary_short": "Out-of-work husband resents his wife supporting the family. Accurate if predictable portrait of the way it was.", "publication_date": "1932-06-04", "opening_date": "1932-06-18", "date_updated": "2016-03-30 07:17:00", "link": {"type": "article", "url": "http://www.nytimes.com/movie/review?res=9D06EEDC133EE633A25757C0A9609C946394D6CF", "suggested_link_text": "Read the New York Times Review of Week-End Marriage"}, "multimedia": null}, {"display_title": "Bomben auf Monte Carlo", "mpaa_rating": "", "critics_pick": 0, "byline": "MOKDACKT HALL.", "headline": "Monte Carlo Madness", "summary_short": "", "publication_date": "1932-06-04", "opening_date": null, "date_updated": "2016-03-30 06:41:49", "link": {"type": "article", "url": "http://www.nytimes.com/movie/review?res=9507EEDC133EE633A25757C0A9609C946394D6CF", "suggested_link_text": "Read the New York Times Review of Bomben auf Monte Carlo"}, "multimedia": null}, {"display_title": "As You Desire Me", "mpaa_rating": "", "critics_pick": 0, "byline": "MORDAUNT HALL.", "headline": "As You Desire Me", "summary_short": "Pirandello's play of amnesiac wife. Rather fumbling drama but Garbo is Garbo.", "publication_date": "1932-06-03", "opening_date": "1932-05-28", "date_updated": "2016-03-30 07:12:36", "link": {"type": "article", "url": "http://www.nytimes.com/movie/review?res=9E04E5DD103EE132A25750C0A9609C946394D6CF", "suggested_link_text": "Read the New York Times Review of As You Desire Me"}, "multimedia": null}, {"display_title": "Liebe Ist Liebe", "mpaa_rating": "", "critics_pick": 0, "byline": "H.T.S.", "headline": "Liebe Ist Liebe", "summary_short": "", "publication_date": "1932-06-02", "opening_date": null, "date_updated": "2016-03-30 07:20:56", "link": {"type": "article", "url": "http://www.nytimes.com/movie/review?res=9907E1DC133EE633A25751C0A9609C946394D6CF", "suggested_link_text": "Read the New York Times Review of Liebe Ist Liebe"}, "multimedia": null}, {"display_title": "Forgotten Commandments", "mpaa_rating": "", "critics_pick": 0, "byline": "MORDAUNT HALL", "headline": "Forgotten Commandments", "summary_short": "", "publication_date": "1932-06-02", "opening_date": "1932-05-22", "date_updated": "2016-03-30 07:05:25", "link": {"type": "article", "url": "http://www.nytimes.com/movie/review?res=9807E1DC133EE633A25751C0A9609C946394D6CF", "suggested_link_text": "Read the New York Times Review of Forgotten Commandments"}, "multimedia": null}, {"display_title": "Der Schrecken der Garnison", "mpaa_rating": "", "critics_pick": 0, "byline": "MORDAUNT HALL.", "headline": "Schrecken der Garnison, Der", "summary_short": "", "publication_date": "1932-06-01", "opening_date": null, "date_updated": "2016-03-30 07:12:09", "link": {"type": "article", "url": "http://www.nytimes.com/movie/review?res=9C0CEEDD133EE633A25752C0A9609C946394D6CF", "suggested_link_text": "Read the New York Times Review of Der Schrecken der Garnison"}, "multimedia": null}, {"display_title": "The Silver Lining", "mpaa_rating": "", "critics_pick": 0, "byline": "MORDAUNT HALL", "headline": "Silver Lining, The", "summary_short": "", "publication_date": "1932-05-30", "opening_date": "1932-04-16", "date_updated": "2016-03-30 06:51:27", "link": {"type": "article", "url": "http://www.nytimes.com/movie/review?res=9B01E2DD133EE633A25753C3A9639C946394D6CF", "suggested_link_text": "Read the New York Times Review of The Silver Lining"}, "multimedia": null}, {"display_title": "The First Mrs. Fraser", "mpaa_rating": "", "critics_pick": 0, "byline": "ERNEST MARSHALL.", "headline": "First Mrs Fraser, The", "summary_short": "", "publication_date": "1932-05-29", "opening_date": null, "date_updated": "2016-03-30 07:16:59", "link": {"type": "article", "url": "http://www.nytimes.com/movie/review?res=9C0DE6DF133EE633A2575AC2A9639C946394D6CF", "suggested_link_text": "Read the New York Times Review of The First Mrs. Fraser"}, "multimedia": null}, {"display_title": "La Chance", "mpaa_rating": "", "critics_pick": 0, "byline": "H.T.S.", "headline": "Chance, La", "summary_short": "", "publication_date": "1932-05-28", "opening_date": null, "date_updated": "2016-03-30 07:20:17", "link": {"type": "article", "url": "http://www.nytimes.com/movie/review?res=9C07E5D81031E333A2575BC2A9639C946394D6CF", "suggested_link_text": "Read the New York Times Review of La Chance"}, "multimedia": null}]}