{"status": "OK", "copyright": "Copyright (c) 2017 The New York Times Company. All Rights Reserved.", "has_more": true, "num_results": 20, "results": [{"display_title": "The Major and the Minor", "mpaa_rating": "", "critics_pick": 1, "byline": "BOSLEY CROWTHER", "headline": "Major and the Minor, The", "summary_short": "Military academy hijinks, and deftly entertaining. Wilder's first direction.", "publication_date": "1942-09-17", "opening_date": null, "date_updated": "2016-03-30 07:20:48", "link": {"type": "article", "url": "http://www.nytimes.com/movie/review?res=9F0DE1DE1339E33BBC4F52DFBF668389659EDE", "suggested_link_text": "Read the New York Times Review of The Major and the Minor"}, "multimedia": null}, {"display_title": "The Battle of Midway", "mpaa_rating": "", "critics_pick": 0, "byline": "Thomas M. Pryor", "headline": "Battle of Midway, The", "summary_short": "", "publication_date": "1942-09-15", "opening_date": "1942-09-14", "date_updated": "2016-03-30 07:05:26", "link": {"type": "article", "url": "http://www.nytimes.com/movie/review?res=980DE4DF1339E33BBC4D52DFBF668389659EDE", "suggested_link_text": "Read the New York Times Review of The Battle of Midway"}, "multimedia": null}, {"display_title": "Lady in a Jam", "mpaa_rating": "", "critics_pick": 0, "byline": "BOSLEY CROWTHER", "headline": "Lady in a Jam", "summary_short": "Paper-thin fluff about heiress and headshrinker.", "publication_date": "1942-09-11", "opening_date": "1942-06-19", "date_updated": "2016-03-30 07:11:38", "link": {"type": "article", "url": "http://www.nytimes.com/movie/review?res=9F0CE2D61239E33BBC4952DFBF668389659EDE", "suggested_link_text": "Read the New York Times Review of Lady in a Jam"}, "multimedia": null}, {"display_title": "Footlight Serenade", "mpaa_rating": "", "critics_pick": 0, "byline": "BOSLEY CROWTHER", "headline": "Footlight Serenade", "summary_short": "Sprightly musical.", "publication_date": "1942-09-10", "opening_date": "1942-08-01", "date_updated": "2016-03-30 06:48:53", "link": {"type": "article", "url": "http://www.nytimes.com/movie/review?res=950DE3DC163CEE3BBC4852DFBF668389659EDE", "suggested_link_text": "Read the New York Times Review of Footlight Serenade"}, "multimedia": null}, {"display_title": "Across the Pacific", "mpaa_rating": "", "critics_pick": 0, "byline": "BOSLEY CROWTHER", "headline": "Across the Pacific", "summary_short": "A ``Maltese Falcon'' follow-up, not sequel. Another winner.", "publication_date": "1942-09-05", "opening_date": "1942-09-05", "date_updated": "2016-03-30 07:12:36", "link": {"type": "article", "url": "http://www.nytimes.com/movie/review?res=9E00E3D81E3CE33BBC4D53DFBF668389659EDE", "suggested_link_text": "Read the New York Times Review of Across the Pacific"}, "multimedia": null}, {"display_title": "The World at War", "mpaa_rating": "", "critics_pick": 0, "byline": "BOSLEY CROWTHER", "headline": "World at War, The", "summary_short": "", "publication_date": "1942-09-04", "opening_date": "1942-09-18", "date_updated": "2016-03-30 07:25:22", "link": {"type": "article", "url": "http://www.nytimes.com/movie/review?res=9900E3D91E3CE33BBC4C53DFBF668389659EDE", "suggested_link_text": "Read the New York Times Review of The World at War"}, "multimedia": null}, {"display_title": "Berlin Correspondent", "mpaa_rating": "", "critics_pick": 0, "byline": "T.M.P.", "headline": "Berlin Correspondent", "summary_short": "Journalist rescues professor from Nazis.", "publication_date": "1942-09-04", "opening_date": "1942-09-11", "date_updated": "2016-03-30 07:05:05", "link": {"type": "article", "url": "http://www.nytimes.com/movie/review?res=9A00E3D91E3CE33BBC4C53DFBF668389659EDE", "suggested_link_text": "Read the New York Times Review of Berlin Correspondent"}, "multimedia": null}, {"display_title": "Wake Island", "mpaa_rating": "", "critics_pick": 0, "byline": "BOSLEY CROWTHER", "headline": "Wake Island", "summary_short": "Singularly fine drama of Marine heroism in the Pacific.", "publication_date": "1942-09-02", "opening_date": "1942-08-11", "date_updated": "2016-03-30 06:53:19", "link": {"type": "article", "url": "http://www.nytimes.com/movie/review?res=9B01EED81239E33BBC4A53DFBF668389659EDE", "suggested_link_text": "Read the New York Times Review of Wake Island"}, "multimedia": null}, {"display_title": "Just off Broadway", "mpaa_rating": "", "critics_pick": 0, "byline": "BOSLEY CROWTHER", "headline": "Just off Broadway", "summary_short": "", "publication_date": "1942-08-29", "opening_date": "1942-09-25", "date_updated": "2016-03-30 06:42:44", "link": {"type": "article", "url": "http://www.nytimes.com/movie/review?res=940DE0DC1E3CE33BBC4151DFBE668389659EDE", "suggested_link_text": "Read the New York Times Review of Just off Broadway"}, "multimedia": null}, {"display_title": "The Talk of the Town", "mpaa_rating": "Not Rated", "critics_pick": 0, "byline": "BOSLEY CROWTHER", "headline": "Talk of the Town, The", "summary_short": "Pensive lawyer, pretty landlady, radical fugitive. Excellent, provocative comedy.", "publication_date": "1942-08-28", "opening_date": "1942-08-20", "date_updated": "2016-03-30 07:26:34", "link": {"type": "article", "url": "http://www.nytimes.com/movie/review?res=950DE3DC1E3CE33BBC4051DFBE668389659EDE", "suggested_link_text": "Read the New York Times Review of The Talk of the Town"}, "multimedia": null}, {"display_title": "Somewhere I'll Find You", "mpaa_rating": "", "critics_pick": 0, "byline": "T.S.", "headline": "Somewhere I'll Find You", "summary_short": "War correspondents. Glamorized mediocrity", "publication_date": "1942-08-28", "opening_date": "1942-09-01", "date_updated": "2016-03-30 06:45:26", "link": {"type": "article", "url": "http://www.nytimes.com/movie/review?res=9E0CE3DC1E3CE33BBC4051DFBE668389659EDE", "suggested_link_text": "Read the New York Times Review of Somewhere I'll Find You"}, "multimedia": null}, {"display_title": "Give Out, Sisters", "mpaa_rating": "", "critics_pick": 0, "byline": "T.M.P.", "headline": "Give Out, Sisters", "summary_short": "", "publication_date": "1942-08-28", "opening_date": "1942-09-01", "date_updated": "2016-03-30 07:28:43", "link": {"type": "article", "url": "http://www.nytimes.com/movie/review?res=9D0CE3DC1E3CE33BBC4051DFBE668389659EDE", "suggested_link_text": "Read the New York Times Review of Give Out, Sisters"}, "multimedia": null}, {"display_title": "Pardon My Sarong", "mpaa_rating": "", "critics_pick": 0, "byline": "BOSLEY CROWTHER", "headline": "Pardon my Sarong", "summary_short": "Pardonable.", "publication_date": "1942-08-27", "opening_date": "1942-08-07", "date_updated": "2016-03-30 06:57:14", "link": {"type": "article", "url": "http://www.nytimes.com/movie/review?res=9E0CE2DD1339E33BBC4F51DFBE668389659EDE", "suggested_link_text": "Read the New York Times Review of Pardon My Sarong"}, "multimedia": null}, {"display_title": "I Live on Danger", "mpaa_rating": "", "critics_pick": 0, "byline": "BOSLEY CROWTHER", "headline": "I Live on Danger", "summary_short": "", "publication_date": "1942-08-22", "opening_date": "1942-06-16", "date_updated": "2016-03-30 07:29:43", "link": {"type": "article", "url": "http://www.nytimes.com/movie/review?res=9507E4DF1E3CE33BBC4A51DFBE668389659EDE", "suggested_link_text": "Read the New York Times Review of I Live on Danger"}, "multimedia": null}, {"display_title": "Enemy Agents Meet Ellery Queen", "mpaa_rating": "", "critics_pick": 0, "byline": "T.S.", "headline": "Enemy Agents meet Ellery Queen", "summary_short": "", "publication_date": "1942-08-22", "opening_date": "1942-07-30", "date_updated": "2016-03-30 06:49:05", "link": {"type": "article", "url": "http://www.nytimes.com/movie/review?res=9E03E7DF1E3CE33BBC4A51DFBE668389659EDE", "suggested_link_text": "Read the New York Times Review of Enemy Agents Meet Ellery Queen"}, "multimedia": null}, {"display_title": "Moscow Strikes Back", "mpaa_rating": "", "critics_pick": 0, "byline": "T.S.", "headline": "Moscow Strikes Back", "summary_short": "", "publication_date": "1942-08-17", "opening_date": "0000-00-00", "date_updated": "2016-03-30 06:54:24", "link": {"type": "article", "url": "http://www.nytimes.com/movie/review?res=9501E0D7113CE33BBC4F52DFBE668389659EDE", "suggested_link_text": "Read the New York Times Review of Moscow Strikes Back"}, "multimedia": null}, {"display_title": "The Gay Sisters", "mpaa_rating": "", "critics_pick": 0, "byline": "T. S.", "headline": "Gay Sisters, The", "summary_short": "Inheritance finagling and love. Well played but slick suds.", "publication_date": "1942-08-15", "opening_date": "1942-08-01", "date_updated": "2016-03-30 06:47:03", "link": {"type": "article", "url": "http://www.nytimes.com/movie/review?res=9A02E2DE1738EE3BBC4D52DFBE668389659EDE", "suggested_link_text": "Read the New York Times Review of The Gay Sisters"}, "multimedia": null}, {"display_title": "Bambi", "mpaa_rating": "", "critics_pick": 1, "byline": "T.S.", "headline": "Bambi", "summary_short": "Animated version of Salten fable about a forest deer. Memorable Disney peak.", "publication_date": "1942-08-14", "opening_date": "1942-08-21", "date_updated": "2016-03-30 06:43:44", "link": {"type": "article", "url": "http://www.nytimes.com/movie/review?res=9902E7D8113CE33BBC4C52DFBE668389659EDE", "suggested_link_text": "Read the New York Times Review of Bambi"}, "multimedia": null}, {"display_title": "The Magnificent Ambersons", "mpaa_rating": "", "critics_pick": 0, "byline": "T.M.P.", "headline": "Magnificent Ambersons, The", "summary_short": "Family tensions. Another early gem from Orson Welles.", "publication_date": "1942-08-14", "opening_date": "1942-07-10", "date_updated": "2016-03-30 06:50:19", "link": {"type": "article", "url": "http://www.nytimes.com/movie/review?res=9B02E7D8113CE33BBC4C52DFBE668389659EDE", "suggested_link_text": "Read the New York Times Review of The Magnificent Ambersons"}, "multimedia": null}, {"display_title": "The Big Street", "mpaa_rating": "", "critics_pick": 0, "byline": "A.W.", "headline": "Big Street, The", "summary_short": "Adoring bus boy, thick-skinned singer. Typical Runyon tale, some brightness, but too moist.", "publication_date": "1942-08-14", "opening_date": "1942-09-04", "date_updated": "2016-03-30 07:05:26", "link": {"type": "article", "url": "http://www.nytimes.com/movie/review?res=9A02E7D8113CE33BBC4C52DFBE668389659EDE", "suggested_link_text": "Read the New York Times Review of The Big Street"}, "multimedia": null}]}