{"status": "OK", "copyright": "Copyright (c) 2017 The New York Times Company. All Rights Reserved.", "has_more": true, "num_results": 20, "results": [{"display_title": "Malakhov Kurgan", "mpaa_rating": "", "critics_pick": 0, "byline": "BOSLEY CROWTHER", "headline": "Last Hill, The", "summary_short": "", "publication_date": "1945-06-26", "opening_date": "1945-06-22", "date_updated": "2016-03-30 07:16:58", "link": {"type": "article", "url": "http://www.nytimes.com/movie/review?res=990DE1D6123BEE3BBC4E51DFB066838E659EDE", "suggested_link_text": "Read the New York Times Review of Malakhov Kurgan"}, "multimedia": null}, {"display_title": "Her Favorite Patient", "mpaa_rating": "", "critics_pick": 0, "byline": "BOSLEY CROWTHER", "headline": "Bedside Manner", "summary_short": "Pilot woos doctor. Not reviewed by us.", "publication_date": "1945-06-23", "opening_date": "1945-06-22", "date_updated": "2016-03-30 07:20:26", "link": {"type": "article", "url": "http://www.nytimes.com/movie/review?res=9B03E0D8123BEE3BBC4B51DFB066838E659EDE", "suggested_link_text": "Read the New York Times Review of Her Favorite Patient"}, "multimedia": null}, {"display_title": "The Naughty Nineties", "mpaa_rating": "", "critics_pick": 0, "byline": "BOSLEY CROWTHER", "headline": "Naughty Nineties, The", "summary_short": "Rita Johnson, Alan Curtis. Showboat-gambler terrain. Genial and painless.", "publication_date": "1945-06-21", "opening_date": "1945-07-06", "date_updated": "2016-03-30 06:54:24", "link": {"type": "article", "url": "http://www.nytimes.com/movie/review?res=9C02EED9123BEE3BBC4951DFB066838E659EDE", "suggested_link_text": "Read the New York Times Review of The Naughty Nineties"}, "multimedia": null}, {"display_title": "Those Endearing Young Charms", "mpaa_rating": "", "critics_pick": 0, "byline": "BOSLEY CROWTHER", "headline": "Those Endearing Young Charms", "summary_short": "Mild comedy.", "publication_date": "1945-06-20", "opening_date": "1945-06-19", "date_updated": "2016-03-30 07:20:40", "link": {"type": "article", "url": "http://www.nytimes.com/movie/review?res=9D01E3D9123BEE3BBC4851DFB066838E659EDE", "suggested_link_text": "Read the New York Times Review of Those Endearing Young Charms"}, "multimedia": null}, {"display_title": "Junior Miss", "mpaa_rating": "", "critics_pick": 0, "byline": "BOSLEY CROWTHER", "headline": "Junior Miss", "summary_short": "A big wartime Broadway hit. Appealing now as it is dated, and Peggy's darling.", "publication_date": "1945-06-18", "opening_date": null, "date_updated": "2016-03-30 06:54:32", "link": {"type": "article", "url": "http://www.nytimes.com/movie/review?res=950DEEDB123BEE3BBC4052DFB066838E659EDE", "suggested_link_text": "Read the New York Times Review of Junior Miss"}, "multimedia": null}, {"display_title": "Conflict", "mpaa_rating": "", "critics_pick": 0, "byline": "BOSLEY CROWTHER", "headline": "Conflict", "summary_short": "Trapping a murderer. Syd steals it.", "publication_date": "1945-06-16", "opening_date": "1945-07-27", "date_updated": "2016-03-30 06:57:31", "link": {"type": "article", "url": "http://www.nytimes.com/movie/review?res=9E05E3D9103BE433A25755C1A9609C946493D6CF", "suggested_link_text": "Read the New York Times Review of Conflict"}, "multimedia": null}, {"display_title": "It's in the Bag", "mpaa_rating": "", "critics_pick": 0, "byline": "BOSLEY CROWTHER", "headline": "It's in the Bag", "summary_short": "Not quite. Funny spurts.", "publication_date": "1945-06-11", "opening_date": null, "date_updated": "2016-03-30 07:11:46", "link": {"type": "article", "url": "http://www.nytimes.com/movie/review?res=9C0DE1DE123BEE3BBC4952DFB066838E659EDE", "suggested_link_text": "Read the New York Times Review of It's in the Bag"}, "multimedia": null}, {"display_title": "Delightfully Dangerous", "mpaa_rating": "", "critics_pick": 0, "byline": "BOSLEY CROWTHER", "headline": "Delightfully Dangerous", "summary_short": "Neither.", "publication_date": "1945-06-09", "opening_date": "1945-03-31", "date_updated": "2016-03-30 07:15:18", "link": {"type": "article", "url": "http://www.nytimes.com/movie/review?res=9E0DE3DC123BE333A0575AC0A9609C946493D6CF", "suggested_link_text": "Read the New York Times Review of Delightfully Dangerous"}, "multimedia": null}, {"display_title": "Out of This World", "mpaa_rating": "", "critics_pick": 0, "byline": "BOSLEY CROWTHER", "headline": "Out of This World", "summary_short": "Rather forced satire on crooners.", "publication_date": "1945-06-07", "opening_date": "1945-06-06", "date_updated": "2016-03-30 06:43:13", "link": {"type": "article", "url": "http://www.nytimes.com/movie/review?res=9E07E3D8143BE333A05754C0A9609C946493D6CF", "suggested_link_text": "Read the New York Times Review of Out of This World"}, "multimedia": null}, {"display_title": "The Way Ahead", "mpaa_rating": "", "critics_pick": 0, "byline": "BOSLEY CROWTHER", "headline": "Way Ahead, The", "summary_short": "WWII British infantry in North Africa. Well-knit drama.", "publication_date": "1945-06-04", "opening_date": "1945-06-03", "date_updated": "2016-03-30 06:42:39", "link": {"type": "article", "url": "http://www.nytimes.com/movie/review?res=9A06E2D7153BEE3BBC4C53DFB066838E659EDE", "suggested_link_text": "Read the New York Times Review of The Way Ahead"}, "multimedia": null}, {"display_title": "That's the Spirit", "mpaa_rating": "", "critics_pick": 0, "byline": "BOSLEY CROWTHER", "headline": "That's the Spirit", "summary_short": "", "publication_date": "1945-06-02", "opening_date": "1945-06-01", "date_updated": "2016-03-30 06:58:53", "link": {"type": "article", "url": "http://www.nytimes.com/movie/review?res=9A00EFD8153BEE3BBC4A53DFB066838E659EDE", "suggested_link_text": "Read the New York Times Review of That's the Spirit"}, "multimedia": null}, {"display_title": "The Body Snatcher", "mpaa_rating": "", "critics_pick": 0, "byline": "BOSLEY CROWTHER", "headline": "Body Snatcher, The", "summary_short": "Experimental surgeon in old Scotland. Classy classic.", "publication_date": "1945-05-26", "opening_date": null, "date_updated": "2016-03-30 06:43:43", "link": {"type": "article", "url": "http://www.nytimes.com/movie/review?res=9F0CE0DB153BEE3BBC4E51DFB366838E659EDE", "suggested_link_text": "Read the New York Times Review of The Body Snatcher"}, "multimedia": null}, {"display_title": "China Sky", "mpaa_rating": "", "critics_pick": 0, "byline": "BOSLEY CROWTHER", "headline": "China Sky", "summary_short": "Wartime doctor. Tedious.", "publication_date": "1945-05-25", "opening_date": "1945-05-16", "date_updated": "2016-03-30 07:15:07", "link": {"type": "article", "url": "http://www.nytimes.com/movie/review?res=9900E5DB153BEE3BBC4D51DFB366838E659EDE", "suggested_link_text": "Read the New York Times Review of China Sky"}, "multimedia": null}, {"display_title": "A Medal for Benny", "mpaa_rating": "", "critics_pick": 0, "byline": "BOSLEY CROWTHER", "headline": "Medal for Benny, A", "summary_short": "Stinging, probing drama of dead war hero. Beautifully written.", "publication_date": "1945-05-24", "opening_date": "1945-04-16", "date_updated": "2016-03-30 07:24:03", "link": {"type": "article", "url": "http://www.nytimes.com/movie/review?res=9806E3DC153BEE3BBC4C51DFB366838E659EDE", "suggested_link_text": "Read the New York Times Review of A Medal for Benny"}, "multimedia": null}, {"display_title": "The Brighton Strangler", "mpaa_rating": "", "critics_pick": 0, "byline": "BOSLEY CROWTHER", "headline": "Brighton Strangler, The", "summary_short": "Demented stage actor. Adequate, no more.", "publication_date": "1945-05-19", "opening_date": null, "date_updated": "2016-03-30 06:45:48", "link": {"type": "article", "url": "http://www.nytimes.com/movie/review?res=950DEEDF153BEE3BBC4152DFB366838E659EDE", "suggested_link_text": "Read the New York Times Review of The Brighton Strangler"}, "multimedia": null}, {"display_title": "Counter Attack", "mpaa_rating": "", "critics_pick": 0, "byline": "BOSLEY CROWTHER", "headline": "Counter-Attack", "summary_short": "One-room cat-and-mouse contest of Soviet and Nazi prisoners. Cutting but too talky.", "publication_date": "1945-05-17", "opening_date": "1945-04-26", "date_updated": "2016-03-30 07:29:10", "link": {"type": "article", "url": "http://www.nytimes.com/movie/review?res=9A0CE6DF153BEE3BBC4F52DFB366838E659EDE", "suggested_link_text": "Read the New York Times Review of Counter Attack"}, "multimedia": null}, {"display_title": "The Bullfighters", "mpaa_rating": "", "critics_pick": 0, "byline": "BOSLEY CROWTHER", "headline": "Bullfighters, The", "summary_short": "Funny as always.", "publication_date": "1945-05-12", "opening_date": "1945-05-01", "date_updated": "2016-03-30 07:16:33", "link": {"type": "article", "url": "http://www.nytimes.com/movie/review?res=9A0DEFD9143BEE3BBC4A52DFB366838E659EDE", "suggested_link_text": "Read the New York Times Review of The Bullfighters"}, "multimedia": null}, {"display_title": "Gentle Annie", "mpaa_rating": "", "critics_pick": 0, "byline": "BOSLEY CROWTHER.", "headline": "Gentle Annie", "summary_short": "Farm family and undercover lawman. A not-bad little western.", "publication_date": "1945-05-05", "opening_date": "1945-05-04", "date_updated": "2016-03-30 06:51:18", "link": {"type": "article", "url": "http://www.nytimes.com/movie/review?res=9D02E1DC143BEE3BBC4D53DFB366838E659EDE", "suggested_link_text": "Read the New York Times Review of Gentle Annie"}, "multimedia": null}, {"display_title": "The Clock", "mpaa_rating": "", "critics_pick": 0, "byline": "BOSLEY CROWTHER", "headline": "Clock, The", "summary_short": "Young wartime love, and a perceptive gem, via Vincente Minnelli.", "publication_date": "1945-05-04", "opening_date": "1945-05-25", "date_updated": "2016-03-30 07:16:22", "link": {"type": "article", "url": "http://www.nytimes.com/movie/review?res=9902E5DE143BEE3BBC4C53DFB366838E659EDE", "suggested_link_text": "Read the New York Times Review of The Clock"}, "multimedia": null}, {"display_title": "Salome, Where She Danced", "mpaa_rating": "", "critics_pick": 0, "byline": "BOSLEY CROWTHER", "headline": "Salome, Where She Danced", "summary_short": "A glamorous spy, Franco-Prussian terrain to Arizona. Picaresque but stops short of real fun.", "publication_date": "1945-05-03", "opening_date": "1945-04-17", "date_updated": "2016-03-30 06:53:43", "link": {"type": "article", "url": "http://www.nytimes.com/movie/review?res=9C07E3DF143BEE3BBC4B53DFB366838E659EDE", "suggested_link_text": "Read the New York Times Review of Salome, Where She Danced"}, "multimedia": null}]}