{"status": "OK", "copyright": "Copyright (c) 2017 The New York Times Company. All Rights Reserved.", "has_more": true, "num_results": 20, "results": [{"display_title": "It Happened Out West", "mpaa_rating": "", "critics_pick": 0, "byline": "BY FRANK S. NUGENT", "headline": "It Happened Out West", "summary_short": "", "publication_date": "1937-06-07", "opening_date": "1937-05-02", "date_updated": "2016-03-30 07:22:53", "link": {"type": "article", "url": "http://www.nytimes.com/movie/review?res=9E07E2DB1E3AE23ABC4F53DFB066838C629EDE", "suggested_link_text": "Read the New York Times Review of It Happened Out West"}, "multimedia": null}, {"display_title": "Moonlight Sonata", "mpaa_rating": "", "critics_pick": 0, "byline": "JOAN LITTLEFIELD.", "headline": "Moonlight Sonata", "summary_short": "Concert pianist and others visit Swedish baroness and granddaughter.", "publication_date": "1937-06-06", "opening_date": "1938-05-09", "date_updated": "2016-03-30 07:24:07", "link": {"type": "article", "url": "http://www.nytimes.com/movie/review?res=9E06E3DE1739E733A25755C0A9609C946694D6CF", "suggested_link_text": "Read the New York Times Review of Moonlight Sonata"}, "multimedia": null}, {"display_title": "Zori Parizha", "mpaa_rating": "", "critics_pick": 0, "byline": "FRANK S. NUGENT", "headline": "Paris Commune", "summary_short": "", "publication_date": "1937-06-02", "opening_date": "1937-06-01", "date_updated": "2016-03-30 07:05:40", "link": {"type": "article", "url": "http://www.nytimes.com/movie/review?res=9802E4DE1E3AE23ABC4A53DFB066838C629EDE", "suggested_link_text": "Read the New York Times Review of Zori Parizha"}, "multimedia": null}, {"display_title": "Vengeance", "mpaa_rating": "", "critics_pick": 0, "byline": "FRANK S. NUGENT", "headline": "What Price Vengeance", "summary_short": "", "publication_date": "1937-05-26", "opening_date": "1937-05-25", "date_updated": "2016-03-30 06:46:00", "link": {"type": "article", "url": "http://www.nytimes.com/movie/review?res=9407E6DF1E3AE23ABC4E51DFB366838C629EDE", "suggested_link_text": "Read the New York Times Review of Vengeance"}, "multimedia": null}, {"display_title": "Charlie Chan at the Olympics", "mpaa_rating": "", "critics_pick": 0, "byline": "J. T. M.", "headline": "Charlie Chan at the Olympics", "summary_short": "Okay, no more.", "publication_date": "1937-05-24", "opening_date": "1937-05-21", "date_updated": "2016-03-30 07:26:47", "link": {"type": "article", "url": "http://www.nytimes.com/movie/review?res=9800E6DD1130EE32A25757C2A9639C946694D6CF", "suggested_link_text": "Read the New York Times Review of Charlie Chan at the Olympics"}, "multimedia": null}, {"display_title": "As Good As Married", "mpaa_rating": "", "critics_pick": 0, "byline": "FRANK S. NUGENT", "headline": "As Good as Married", "summary_short": "Silly and dated.", "publication_date": "1937-05-22", "opening_date": "1937-05-21", "date_updated": "2016-03-30 07:30:01", "link": {"type": "article", "url": "http://www.nytimes.com/movie/review?res=9F04E2DE1130EE32A25751C2A9639C946694D6CF", "suggested_link_text": "Read the New York Times Review of As Good As Married"}, "multimedia": null}, {"display_title": "Melody for Two", "mpaa_rating": "", "critics_pick": 0, "byline": "FRANK S. NUGENT", "headline": "Melody for Two", "summary_short": "A radio band-leader has a spat with his singer girlfriend.", "publication_date": "1937-05-21", "opening_date": "1937-05-01", "date_updated": "2016-03-30 06:41:25", "link": {"type": "article", "url": "http://www.nytimes.com/movie/review?res=9F04EFD8113AE23ABC4951DFB366838C629EDE", "suggested_link_text": "Read the New York Times Review of Melody for Two"}, "multimedia": null}, {"display_title": "Mountain Justice", "mpaa_rating": "", "critics_pick": 0, "byline": "FRANK S. NUGENT", "headline": "Mountain Justice", "summary_short": "A nurse.", "publication_date": "1937-05-13", "opening_date": "1937-04-24", "date_updated": "2016-03-30 06:43:26", "link": {"type": "article", "url": "http://www.nytimes.com/movie/review?res=9F05E7D9113AE23ABC4B52DFB366838C629EDE", "suggested_link_text": "Read the New York Times Review of Mountain Justice"}, "multimedia": null}, {"display_title": "Captains Courageous", "mpaa_rating": "", "critics_pick": 1, "byline": "Frank S. Nugent", "headline": "CAPTAINS COURAGEOUS (MOVIE)", "summary_short": "Spoiled rich boy on Portuguese fishing boat. Memorable Kipling adaptation.", "publication_date": "1937-05-12", "opening_date": "1937-06-25", "date_updated": "2016-03-30 07:26:02", "link": {"type": "article", "url": "http://www.nytimes.com/movie/review?res=EE05E7DF173FB52CA1494CC5B6799B886896", "suggested_link_text": "Read the New York Times Review of Captains Courageous"}, "multimedia": null}, {"display_title": "Make Way for Tomorrow", "mpaa_rating": "", "critics_pick": 1, "byline": "Frank S. Nugent", "headline": "MAKE WAY FOR TOMORROW (MOVIE)", "summary_short": "Still Hollywood's finest drama on old age. Beautifully played, written, directed. The ending will rend your heart.", "publication_date": "1937-05-10", "opening_date": null, "date_updated": "2016-03-30 07:05:47", "link": {"type": "article", "url": "http://www.nytimes.com/movie/review?res=EE05E7DF1731BB2CA3494CC5B6799B886896", "suggested_link_text": "Read the New York Times Review of Make Way for Tomorrow"}, "multimedia": null}, {"display_title": "Way Out West", "mpaa_rating": "", "critics_pick": 0, "byline": "FRANK S. NUGENT", "headline": "Way out West", "summary_short": "Not their best but why quibble?", "publication_date": "1937-05-04", "opening_date": "1937-04-16", "date_updated": "2016-03-30 06:49:49", "link": {"type": "article", "url": "http://www.nytimes.com/movie/review?res=9907EED7103AE23ABC4C53DFB366838C629EDE", "suggested_link_text": "Read the New York Times Review of Way Out West"}, "multimedia": null}, {"display_title": "Dr. Knock", "mpaa_rating": "", "critics_pick": 0, "byline": "FRANK S. NUGENT", "headline": "Dr Knock", "summary_short": "", "publication_date": "1937-05-01", "opening_date": null, "date_updated": "2016-03-30 06:46:41", "link": {"type": "article", "url": "http://www.nytimes.com/movie/review?res=9B03E4DA103AE23ABC4953DFB366838C629EDE", "suggested_link_text": "Read the New York Times Review of Dr. Knock"}, "multimedia": null}, {"display_title": "Cafe Metropole", "mpaa_rating": "", "critics_pick": 0, "byline": "FRANK S. NUGENT", "headline": "Cafe Metropole", "summary_short": "Playboy poses as a Russian nobleman to woo heiress. Entertaining bauble.", "publication_date": "1937-04-29", "opening_date": "1937-05-07", "date_updated": "2016-03-30 06:55:42", "link": {"type": "article", "url": "http://www.nytimes.com/movie/review?res=9C00E5DB103AE23ABC4151DFB266838C629EDE", "suggested_link_text": "Read the New York Times Review of Cafe Metropole"}, "multimedia": null}, {"display_title": "Poslednyaya Noch", "mpaa_rating": "", "critics_pick": 0, "byline": "FRANK S. NUGENT", "headline": "Last Night, The", "summary_short": "", "publication_date": "1937-04-28", "opening_date": "1937-04-27", "date_updated": "2016-03-30 07:21:15", "link": {"type": "article", "url": "http://www.nytimes.com/movie/review?res=9C07E1DC103AE23ABC4051DFB266838C629EDE", "suggested_link_text": "Read the New York Times Review of Poslednyaya Noch"}, "multimedia": null}, {"display_title": "The Outcasts of Poker Flat", "mpaa_rating": "", "critics_pick": 0, "byline": "FRANK S. NUGENT", "headline": "Outcasts of Poker Flat, The", "summary_short": "Vigilantes hound rehabilitated gambler out of town.", "publication_date": "1937-04-27", "opening_date": "1937-04-16", "date_updated": "2016-03-30 06:46:26", "link": {"type": "article", "url": "http://www.nytimes.com/movie/review?res=9A06E1DD103AE23ABC4F51DFB266838C629EDE", "suggested_link_text": "Read the New York Times Review of The Outcasts of Poker Flat"}, "multimedia": null}, {"display_title": "A Star is Born", "mpaa_rating": "Not Rated", "critics_pick": 1, "byline": "Frank S. Nugent", "headline": "A STAR IS BORN (MOVIE)", "summary_short": "Actress's career soars while husband's fades away. The original beauty. Not as glittery as Garland-Mason but in some ways even more golden.", "publication_date": "1937-04-23", "opening_date": "1937-04-27", "date_updated": "2016-03-30 06:50:13", "link": {"type": "article", "url": "http://www.nytimes.com/movie/review?res=EE05E7DF1730E170BC4B51DFB266838C629EDE", "suggested_link_text": "Read the New York Times Review of A Star is Born"}, "multimedia": null}, {"display_title": "The Wave", "mpaa_rating": "Not Rated", "critics_pick": 0, "byline": "FRANK S. NUGENT", "headline": "Wave, The", "summary_short": "", "publication_date": "1937-04-21", "opening_date": "1937-04-20", "date_updated": "2016-03-30 07:09:31", "link": {"type": "article", "url": "http://www.nytimes.com/movie/review?res=9900E2D8133AE23ABC4951DFB266838C629EDE", "suggested_link_text": "Read the New York Times Review of The Wave"}, "multimedia": null}, {"display_title": "A Family Affair", "mpaa_rating": "", "critics_pick": 0, "byline": "FRANK S. NUGENT", "headline": "Family Affair, A", "summary_short": "Introducing the House of Hardy. Time improved things.", "publication_date": "1937-04-20", "opening_date": "1937-03-12", "date_updated": "2016-03-30 06:57:12", "link": {"type": "article", "url": "http://www.nytimes.com/movie/review?res=9902E0D9133AE23ABC4851DFB266838C629EDE", "suggested_link_text": "Read the New York Times Review of A Family Affair"}, "multimedia": null}, {"display_title": "Swing High, Swing Low", "mpaa_rating": "", "critics_pick": 0, "byline": "FRANK S. NUGENT", "headline": "Swing High, Swing Low", "summary_short": "Skidding jazz trumpeter. Soppy drama but these three give it some flavor. Good Coslow ballads.", "publication_date": "1937-04-15", "opening_date": "1937-03-12", "date_updated": "2016-03-30 07:22:18", "link": {"type": "article", "url": "http://www.nytimes.com/movie/review?res=9800E7DB133AE23ABC4D52DFB266838C629EDE", "suggested_link_text": "Read the New York Times Review of Swing High, Swing Low"}, "multimedia": null}, {"display_title": "Kimiko", "mpaa_rating": "", "critics_pick": 0, "byline": "FRANK S. NUGENT", "headline": "Kimiko", "summary_short": "", "publication_date": "1937-04-13", "opening_date": "1937-04-12", "date_updated": "2016-03-30 06:41:36", "link": {"type": "article", "url": "http://www.nytimes.com/movie/review?res=9904EFDD133AE23ABC4B52DFB266838C629EDE", "suggested_link_text": "Read the New York Times Review of Kimiko"}, "multimedia": null}]}