{"status": "OK", "copyright": "Copyright (c) 2017 The New York Times Company. All Rights Reserved.", "has_more": true, "num_results": 20, "results": [{"display_title": "365 Nights in Hollywood", "mpaa_rating": "", "critics_pick": 0, "byline": "F.S.N.", "headline": "365 Nights in Hollywood", "summary_short": "", "publication_date": "1934-11-07", "opening_date": "1934-12-10", "date_updated": "2016-03-30 07:10:51", "link": {"type": "article", "url": "http://www.nytimes.com/movie/review?res=9501EFD6113CE23ABC4F53DFB767838F629EDE", "suggested_link_text": "Read the New York Times Review of 365 Nights in Hollywood"}, "multimedia": null}, {"display_title": "Kansas City Princess", "mpaa_rating": "", "critics_pick": 0, "byline": "Andre Sennwald", "headline": "Kansas City Princess", "summary_short": "Two manicurists go to Paris and meet tycoon with bodyguard. Two of our favorites. Should be snappy, anyway.", "publication_date": "1934-11-05", "opening_date": "1934-10-13", "date_updated": "2016-03-30 07:13:45", "link": {"type": "article", "url": "http://www.nytimes.com/movie/review?res=9801E7D6113CE23ABC4D53DFB767838F629EDE", "suggested_link_text": "Read the New York Times Review of Kansas City Princess"}, "multimedia": null}, {"display_title": "Outcast Lady", "mpaa_rating": "", "critics_pick": 0, "byline": "ANDRE SENNWALD.", "headline": "Outcast Lady", "summary_short": "Middling version of Michael Arlen's ``Green Hat.'' But Bennett shines as doomed socialite Irish March. Good girl.", "publication_date": "1934-11-03", "opening_date": "1934-09-28", "date_updated": "2016-03-30 07:29:07", "link": {"type": "article", "url": "http://www.nytimes.com/movie/review?res=9C07E0D6123FE53ABC4B53DFB767838F629EDE", "suggested_link_text": "Read the New York Times Review of Outcast Lady"}, "multimedia": null}, {"display_title": "6 Day Bike Rider", "mpaa_rating": "", "critics_pick": 0, "byline": "F.S.N.", "headline": "6-Day Bike Rider", "summary_short": "", "publication_date": "1934-11-03", "opening_date": "1934-10-20", "date_updated": "2016-03-30 07:23:56", "link": {"type": "article", "url": "http://www.nytimes.com/movie/review?res=9D07E0D6123FE53ABC4B53DFB767838F629EDE", "suggested_link_text": "Read the New York Times Review of 6 Day Bike Rider"}, "multimedia": null}, {"display_title": "We Live Again", "mpaa_rating": "", "critics_pick": 0, "byline": "ANDRE SENNWALD.", "headline": "We Live Again", "summary_short": "Tolstoy's ``Resurrection.'' Forceful drama, well played, and quality production. Beautifully photographed.", "publication_date": "1934-11-02", "opening_date": "1934-11-01", "date_updated": "2016-03-30 06:48:45", "link": {"type": "article", "url": "http://www.nytimes.com/movie/review?res=990CE7D6123FE53ABC4A53DFB767838F629EDE", "suggested_link_text": "Read the New York Times Review of We Live Again"}, "multimedia": null}, {"display_title": "Transatlantic Merry-Go-Round", "mpaa_rating": "", "critics_pick": 0, "byline": "F.S.N.", "headline": "Transatlantic Merry-Go-Round", "summary_short": "Dated, amiable fun on ocean liner.", "publication_date": "1934-11-01", "opening_date": "1934-11-02", "date_updated": "2016-03-30 07:19:41", "link": {"type": "article", "url": "http://www.nytimes.com/movie/review?res=950CE7D8113CE23ABC4953DFB767838F629EDE", "suggested_link_text": "Read the New York Times Review of Transatlantic Merry-Go-Round"}, "multimedia": null}, {"display_title": "The St. Louis Kid", "mpaa_rating": "", "critics_pick": 0, "byline": "ANDRE SENNWALD.", "headline": "St Louis Kid, The", "summary_short": "Milk-truck driver vs. company goons in dairy strike. Timid and half-hearted.", "publication_date": "1934-11-01", "opening_date": "1934-11-10", "date_updated": "2016-03-30 06:58:52", "link": {"type": "article", "url": "http://www.nytimes.com/movie/review?res=940CE7D8113CE23ABC4953DFB767838F629EDE", "suggested_link_text": "Read the New York Times Review of The St. Louis Kid"}, "multimedia": null}, {"display_title": "Student Tour", "mpaa_rating": "", "critics_pick": 0, "byline": "ANDRE SENNWALD.", "headline": "Student Tour", "summary_short": "Thin, friendly musical parade with one highlight: Nelson Eddy and ``The Carlo.''", "publication_date": "1934-10-31", "opening_date": "1934-10-05", "date_updated": "2016-03-30 06:41:54", "link": {"type": "article", "url": "http://www.nytimes.com/movie/review?res=9802E5D9113CE23ABC4950DFB667838F629EDE", "suggested_link_text": "Read the New York Times Review of Student Tour"}, "multimedia": null}, {"display_title": "The Broken Melody", "mpaa_rating": "", "critics_pick": 0, "byline": "F.S.N.", "headline": "Broken Melody, The", "summary_short": "", "publication_date": "1934-10-31", "opening_date": null, "date_updated": "2016-03-30 06:41:50", "link": {"type": "article", "url": "http://www.nytimes.com/movie/review?res=9A02E5D9113CE23ABC4950DFB667838F629EDE", "suggested_link_text": "Read the New York Times Review of The Broken Melody"}, "multimedia": null}, {"display_title": "Are You a Mason?", "mpaa_rating": "", "critics_pick": 0, "byline": "ANDRE SENNWALD.", "headline": "Are You a Mason?", "summary_short": "", "publication_date": "1934-10-30", "opening_date": null, "date_updated": "2016-03-30 07:24:14", "link": {"type": "article", "url": "http://www.nytimes.com/movie/review?res=9D01E2D91639EE32A25753C3A9669D946594D6CF", "suggested_link_text": "Read the New York Times Review of Are You a Mason?"}, "multimedia": null}, {"display_title": "Mrs. Wiggs of the Cabbage Patch", "mpaa_rating": "", "critics_pick": 0, "byline": "ANDRE SENNWALD.", "headline": "Mrs Wiggs of the Cabbage Patch", "summary_short": "From the Stone Age but who cares, with this trio. Try it.", "publication_date": "1934-10-29", "opening_date": null, "date_updated": "2016-03-30 07:05:18", "link": {"type": "article", "url": "http://www.nytimes.com/movie/review?res=9F01EFDB113CE23ABC4151DFB667838F629EDE", "suggested_link_text": "Read the New York Times Review of Mrs. Wiggs of the Cabbage Patch"}, "multimedia": null}, {"display_title": "Die - Oder Keine", "mpaa_rating": "", "critics_pick": 0, "byline": "H.T.S.", "headline": "Die-oder Keine", "summary_short": "", "publication_date": "1934-10-29", "opening_date": "1934-10-28", "date_updated": "2016-03-30 07:19:40", "link": {"type": "article", "url": "http://www.nytimes.com/movie/review?res=9901EFDB113CE23ABC4151DFB667838F629EDE", "suggested_link_text": "Read the New York Times Review of Die - Oder Keine"}, "multimedia": null}, {"display_title": "What Every Woman Knows", "mpaa_rating": "", "critics_pick": 0, "byline": "ANDRE SENNWALD", "headline": "What Every Woman Knows", "summary_short": "Scottish barrister's rise with stronger, loving wife, from Barrie play. Beautifully handled.", "publication_date": "1934-10-27", "opening_date": "1934-10-19", "date_updated": "2016-03-30 07:18:03", "link": {"type": "article", "url": "http://www.nytimes.com/movie/review?res=9803E4D7153CEE3ABC4F51DFB667838F629EDE", "suggested_link_text": "Read the New York Times Review of What Every Woman Knows"}, "multimedia": null}, {"display_title": "The Lemon Drop Kid", "mpaa_rating": "", "critics_pick": 0, "byline": "F. S. 1.", "headline": "Lemon Drop Kid, The", "summary_short": "", "publication_date": "1934-10-27", "opening_date": "1934-09-28", "date_updated": "2016-03-30 07:27:54", "link": {"type": "article", "url": "http://www.nytimes.com/movie/review?res=9903E4D7153CEE3ABC4F51DFB667838F629EDE", "suggested_link_text": "Read the New York Times Review of The Lemon Drop Kid"}, "multimedia": null}, {"display_title": "Dos Mas Uno Dos", "mpaa_rating": "", "critics_pick": 0, "byline": "Harry T. Smith", "headline": "Dos Mas Uno Dos", "summary_short": "", "publication_date": "1934-10-27", "opening_date": null, "date_updated": "2016-03-30 06:54:02", "link": {"type": "article", "url": "http://www.nytimes.com/movie/review?res=9B03E4D7153CEE3ABC4F51DFB667838F629EDE", "suggested_link_text": "Read the New York Times Review of Dos Mas Uno Dos"}, "multimedia": null}, {"display_title": "The Pursuit of Happiness", "mpaa_rating": "", "critics_pick": 0, "byline": "ANDRE SENNWALD.", "headline": "Pursuit of Happiness, The", "summary_short": "", "publication_date": "1934-10-26", "opening_date": "1934-09-28", "date_updated": "2016-03-30 06:48:23", "link": {"type": "article", "url": "http://www.nytimes.com/movie/review?res=9F05E2D7123FE53ABC4E51DFB667838F629EDE", "suggested_link_text": "Read the New York Times Review of The Pursuit of Happiness"}, "multimedia": null}, {"display_title": "Madame Du Barry", "mpaa_rating": "", "critics_pick": 0, "byline": "ANDRE SENNWALD.", "headline": "Madame Du Barry", "summary_short": "Louis XV's mistress. Ornate, well-handled biodrama with haunting fadeout.", "publication_date": "1934-10-25", "opening_date": "1934-10-13", "date_updated": "2016-03-30 06:42:16", "link": {"type": "article", "url": "http://www.nytimes.com/movie/review?res=9F0CEFDD113CE23ABC4D51DFB667838F629EDE", "suggested_link_text": "Read the New York Times Review of Madame Du Barry"}, "multimedia": null}, {"display_title": "Norah O'Neale", "mpaa_rating": "", "critics_pick": 0, "byline": "A.S.", "headline": "Norah O'Neale", "summary_short": "", "publication_date": "1934-10-25", "opening_date": "1934-10-24", "date_updated": "2016-03-30 06:50:14", "link": {"type": "article", "url": "http://www.nytimes.com/movie/review?res=990CEFDD113CE23ABC4D51DFB667838F629EDE", "suggested_link_text": "Read the New York Times Review of Norah O'Neale"}, "multimedia": null}, {"display_title": "Autumn Crocus", "mpaa_rating": "", "critics_pick": 0, "byline": "F.S.N.", "headline": "Autumn Crocus", "summary_short": "", "publication_date": "1934-10-25", "opening_date": null, "date_updated": "2016-03-30 07:21:45", "link": {"type": "article", "url": "http://www.nytimes.com/movie/review?res=980CEFDD113CE23ABC4D51DFB667838F629EDE", "suggested_link_text": "Read the New York Times Review of Autumn Crocus"}, "multimedia": null}, {"display_title": "Gold", "mpaa_rating": "", "critics_pick": 0, "byline": "H. T. S.", "headline": "Gold", "summary_short": "", "publication_date": "1934-10-22", "opening_date": "1934-10-21", "date_updated": "2016-03-30 06:55:33", "link": {"type": "article", "url": "http://www.nytimes.com/movie/review?res=9B05E5DC1238E13ABC4A51DFB667838F629EDE", "suggested_link_text": "Read the New York Times Review of Gold"}, "multimedia": null}]}