{"status": "OK", "copyright": "Copyright (c) 2017 The New York Times Company. All Rights Reserved.", "has_more": true, "num_results": 20, "results": [{"display_title": "The Adventures of Don Juan", "mpaa_rating": "Not Rated", "critics_pick": 0, "byline": "BOSLEY CROWTHER", "headline": "Adventures of Don Juan", "summary_short": "Lush and rather squatty, but fine fencing.", "publication_date": "1948-12-25", "opening_date": "1948-12-01", "date_updated": "2016-03-30 07:06:08", "link": {"type": "article", "url": "http://www.nytimes.com/movie/review?res=9E06E1DD1E3DE13BBC4D51DFB4678383659EDE", "suggested_link_text": "Read the New York Times Review of The Adventures of Don Juan"}, "multimedia": null}, {"display_title": "Every Girl Should Be Married", "mpaa_rating": "", "critics_pick": 0, "byline": "BOSLEY CROWTHER", "headline": "Every Girl Should be Married", "summary_short": "Bright and saucy.", "publication_date": "1948-12-24", "opening_date": "1948-12-25", "date_updated": "2016-03-30 07:15:20", "link": {"type": "article", "url": "http://www.nytimes.com/movie/review?res=9400E5DB1330E23ABC4C51DFB4678383659EDE", "suggested_link_text": "Read the New York Times Review of Every Girl Should Be Married"}, "multimedia": null}, {"display_title": "The Dark Past", "mpaa_rating": "", "critics_pick": 0, "byline": "A.W.", "headline": "Dark Past, The", "summary_short": "Psychiatrist vs. intruder-killer. Very well done but verbose and stagy.", "publication_date": "1948-12-23", "opening_date": null, "date_updated": "2016-03-30 06:56:20", "link": {"type": "article", "url": "http://www.nytimes.com/movie/review?res=9C05E7DC103EE03BBC4B51DFB4678383659EDE", "suggested_link_text": "Read the New York Times Review of The Dark Past"}, "multimedia": null}, {"display_title": "That Wonderful Urge", "mpaa_rating": "", "critics_pick": 0, "byline": "Thomas M. Pryor", "headline": "That Wonderful Urge", "summary_short": "Heiress gets even with a sneaky New York newsman who courts her for a story. Old story, poorly written.", "publication_date": "1948-12-22", "opening_date": "1948-11-20", "date_updated": "2016-03-30 06:56:28", "link": {"type": "article", "url": "http://www.nytimes.com/movie/review?res=9900E3DD133FE23ABC4A51DFB4678383659EDE", "suggested_link_text": "Read the New York Times Review of That Wonderful Urge"}, "multimedia": null}, {"display_title": "Monsieur Vincent", "mpaa_rating": "", "critics_pick": 0, "byline": "BOSLEY CROWTHER", "headline": "Monsieur Vincent", "summary_short": "Strong, realistic drama about  Vincent de Paul.", "publication_date": "1948-12-21", "opening_date": "1948-12-20", "date_updated": "2016-03-30 07:21:05", "link": {"type": "article", "url": "http://www.nytimes.com/movie/review?res=940DE5DC173AE13ABC4951DFB4678383659EDE", "suggested_link_text": "Read the New York Times Review of Monsieur Vincent"}, "multimedia": null}, {"display_title": "Rogues' Regiment", "mpaa_rating": "", "critics_pick": 0, "byline": "A.W.", "headline": "Rogues' Regiment", "summary_short": "Army Intelligence agent as French Legionnaire pursues Nazi criminals. Slow.", "publication_date": "1948-12-20", "opening_date": "1948-09-28", "date_updated": "2016-03-30 07:13:53", "link": {"type": "article", "url": "http://www.nytimes.com/movie/review?res=9902EFD7163FE03ABC4851DFB4678383659EDE", "suggested_link_text": "Read the New York Times Review of Rogues' Regiment"}, "multimedia": null}, {"display_title": "The Paleface", "mpaa_rating": "", "critics_pick": 0, "byline": "BOSLEY CROWTHER", "headline": "Paleface, The", "summary_short": "Amusing Hope vehicle. Lasting bonus: ``Buttons and Bows.''", "publication_date": "1948-12-16", "opening_date": "1948-12-24", "date_updated": "2016-03-30 07:22:58", "link": {"type": "article", "url": "http://www.nytimes.com/movie/review?res=9E04EFDE123DE03ABC4E52DFB4678383659EDE", "suggested_link_text": "Read the New York Times Review of The Paleface"}, "multimedia": null}, {"display_title": "The Decision of Christopher Blake", "mpaa_rating": "", "critics_pick": 0, "byline": "BOSLEY CROWTHER", "headline": "Decision of Christopher Blake, The", "summary_short": "Boy tries to cope with parents' divorce. Hollow drama based on much better Moss Hart play.", "publication_date": "1948-12-11", "opening_date": "1948-12-23", "date_updated": "2016-03-30 07:21:39", "link": {"type": "article", "url": "http://www.nytimes.com/movie/review?res=990DE5D6133EE03BBC4952DFB4678383659EDE", "suggested_link_text": "Read the New York Times Review of The Decision of Christopher Blake"}, "multimedia": null}, {"display_title": "Words and Music", "mpaa_rating": "", "critics_pick": 0, "byline": "BOSLEY CROWTHER", "headline": "Words and Music", "summary_short": "All-star Rodgers-and-Hart bio. Standouts: Lena Horne's ``Where or When,'' Judy Garland's ``Johnny One-Note.''", "publication_date": "1948-12-10", "opening_date": "1948-12-31", "date_updated": "2016-03-30 07:09:19", "link": {"type": "article", "url": "http://www.nytimes.com/movie/review?res=9F04E0DC153FE33BBC4852DFB4678383659EDE", "suggested_link_text": "Read the New York Times Review of Words and Music"}, "multimedia": null}, {"display_title": "Northwest Stampede", "mpaa_rating": "", "critics_pick": 0, "byline": "A.W.", "headline": "Northwest Stampede", "summary_short": "Obvious with fine scenery.", "publication_date": "1948-12-10", "opening_date": "1948-07-28", "date_updated": "2016-03-30 07:09:19", "link": {"type": "article", "url": "http://www.nytimes.com/movie/review?res=9E04E3DC153FE33BBC4852DFB4678383659EDE", "suggested_link_text": "Read the New York Times Review of Northwest Stampede"}, "multimedia": null}, {"display_title": "Let's Live a Little", "mpaa_rating": "", "critics_pick": 0, "byline": "T.M.P.", "headline": "Let's Live a Little", "summary_short": "", "publication_date": "1948-12-10", "opening_date": null, "date_updated": "2016-03-30 07:10:35", "link": {"type": "article", "url": "http://www.nytimes.com/movie/review?res=9804E0DC153FE33BBC4852DFB4678383659EDE", "suggested_link_text": "Read the New York Times Review of Let's Live a Little"}, "multimedia": null}, {"display_title": "Harpoon", "mpaa_rating": "", "critics_pick": 0, "byline": "BOSLEY CROWTHER", "headline": "Harpoon", "summary_short": "", "publication_date": "1948-12-09", "opening_date": "1948-09-24", "date_updated": "2016-03-30 07:27:26", "link": {"type": "article", "url": "http://www.nytimes.com/movie/review?res=980CE1D8143EE53ABC4153DFB4678383659EDE", "suggested_link_text": "Read the New York Times Review of Harpoon"}, "multimedia": null}, {"display_title": "An Act of Murder", "mpaa_rating": "", "critics_pick": 0, "byline": "BOSLEY CROWTHER", "headline": "Live Today for Tomorrow", "summary_short": "Gripping, poignant drama of a mercy killing. Florence is super.", "publication_date": "1948-12-06", "opening_date": null, "date_updated": "2016-03-30 06:42:08", "link": {"type": "article", "url": "http://www.nytimes.com/movie/review?res=9803E7DA1338E13ABC4E53DFB4678383659EDE", "suggested_link_text": "Read the New York Times Review of An Act of Murder"}, "multimedia": null}, {"display_title": "Street Corner", "mpaa_rating": "", "critics_pick": 0, "byline": "BOSLEY CROWTHER", "headline": "Street Corner", "summary_short": "", "publication_date": "1948-12-04", "opening_date": null, "date_updated": "2016-03-30 06:51:47", "link": {"type": "article", "url": "http://www.nytimes.com/movie/review?res=9C05EFDA163FE03ABC4C53DFB4678383659EDE", "suggested_link_text": "Read the New York Times Review of Street Corner"}, "multimedia": null}, {"display_title": "The Secret Land", "mpaa_rating": "", "critics_pick": 0, "byline": "BOSLEY CHOWTHER", "headline": "Secret Land, The", "summary_short": "", "publication_date": "1948-12-02", "opening_date": "1948-10-22", "date_updated": "2016-03-30 06:54:49", "link": {"type": "article", "url": "http://www.nytimes.com/movie/review?res=9B07EFD6153DE03ABC4A53DFB4678383659EDE", "suggested_link_text": "Read the New York Times Review of The Secret Land"}, "multimedia": null}, {"display_title": "Hills of Home", "mpaa_rating": "", "critics_pick": 0, "byline": "BOSLEY CROWTHER", "headline": "Hills of Home", "summary_short": "Best of all Lassie yarns, set in Scotland.", "publication_date": "1948-11-26", "opening_date": "1948-12-01", "date_updated": "2016-03-30 07:26:53", "link": {"type": "article", "url": "http://www.nytimes.com/movie/review?res=9805E2D91438EE3BBC4E51DFB7678383659EDE", "suggested_link_text": "Read the New York Times Review of Hills of Home"}, "multimedia": null}, {"display_title": "A Southern Yankee", "mpaa_rating": "", "critics_pick": 0, "byline": "T.M.P.", "headline": "Southern Yankee, A", "summary_short": "Bumbling bellboy mistaken for spy. Fairly standard Skelton skidooing.", "publication_date": "1948-11-25", "opening_date": "1948-08-05", "date_updated": "2016-03-30 07:24:17", "link": {"type": "article", "url": "http://www.nytimes.com/movie/review?res=9B01E2D6163AE33BBC4D51DFB7678383659EDE", "suggested_link_text": "Read the New York Times Review of A Southern Yankee"}, "multimedia": null}, {"display_title": "Miss Tatlock's Millions", "mpaa_rating": "", "critics_pick": 0, "byline": "BOSLEY CROWTHER", "headline": "Miss Tatlock's Millions", "summary_short": "Wryly entertaining legacy scramble with personable cast.", "publication_date": "1948-11-25", "opening_date": "1948-11-19", "date_updated": "2016-03-30 06:50:31", "link": {"type": "article", "url": "http://www.nytimes.com/movie/review?res=9C04E5D6163AE33BBC4D51DFB7678383659EDE", "suggested_link_text": "Read the New York Times Review of Miss Tatlock's Millions"}, "multimedia": null}, {"display_title": "Admiral Nakhimov", "mpaa_rating": "", "critics_pick": 0, "byline": "H.H.T.", "headline": "Admiral Nakhimov", "summary_short": "", "publication_date": "1948-11-25", "opening_date": "0000-00-00", "date_updated": "2016-03-30 06:45:53", "link": {"type": "article", "url": "http://www.nytimes.com/movie/review?res=9D04E5D6163AE33BBC4D51DFB7678383659EDE", "suggested_link_text": "Read the New York Times Review of Admiral Nakhimov"}, "multimedia": null}, {"display_title": "Monte Cassino", "mpaa_rating": "", "critics_pick": 0, "byline": "A.W.", "headline": "Monte Cassino", "summary_short": "", "publication_date": "1948-11-25", "opening_date": "1948-11-24", "date_updated": "2016-03-30 07:13:25", "link": {"type": "article", "url": "http://www.nytimes.com/movie/review?res=9401E2D6163AE33BBC4D51DFB7678383659EDE", "suggested_link_text": "Read the New York Times Review of Monte Cassino"}, "multimedia": null}]}