{"status": "OK", "copyright": "Copyright (c) 2017 The New York Times Company. All Rights Reserved.", "has_more": true, "num_results": 20, "results": [{"display_title": "Der Verraeter", "mpaa_rating": "", "critics_pick": 0, "byline": "CLAIRE TRASK", "headline": "Verraeter", "summary_short": "", "publication_date": "1936-11-22", "opening_date": "1937-01-22", "date_updated": "2016-03-30 07:14:25", "link": {"type": "article", "url": "http://www.nytimes.com/movie/review?res=9504EFD7153DE33BBC4A51DFB767838D629EDE", "suggested_link_text": "Read the New York Times Review of Der Verraeter"}, "multimedia": null}, {"display_title": "Syn Mongolii", "mpaa_rating": "", "critics_pick": 0, "byline": "B.R.C.", "headline": "Son of Mongolia", "summary_short": "", "publication_date": "1936-11-21", "opening_date": "1936-11-20", "date_updated": "2016-03-30 06:50:56", "link": {"type": "article", "url": "http://www.nytimes.com/movie/review?res=9E04E6D8153DE33BBC4951DFB767838D629EDE", "suggested_link_text": "Read the New York Times Review of Syn Mongolii"}, "multimedia": null}, {"display_title": "Murder with Pictures", "mpaa_rating": "", "critics_pick": 0, "byline": "J.T.M.", "headline": "Murder With Pictures", "summary_short": "Routine.", "publication_date": "1936-11-21", "opening_date": "1936-09-25", "date_updated": "2016-03-30 07:24:11", "link": {"type": "article", "url": "http://www.nytimes.com/movie/review?res=9F04E6D8153DE33BBC4951DFB767838D629EDE", "suggested_link_text": "Read the New York Times Review of Murder with Pictures"}, "multimedia": null}, {"display_title": "Der Mutige Seefahrer", "mpaa_rating": "", "critics_pick": 0, "byline": "Harry T. Smith", "headline": "Mutige Seefahrer, Der", "summary_short": "", "publication_date": "1936-11-21", "opening_date": "1936-11-20", "date_updated": "2016-03-30 07:29:45", "link": {"type": "article", "url": "http://www.nytimes.com/movie/review?res=9B07EFD9153DE33BBC4951DFB767838D629EDE", "suggested_link_text": "Read the New York Times Review of Der Mutige Seefahrer"}, "multimedia": null}, {"display_title": "Tarzan Escapes", "mpaa_rating": "", "critics_pick": 0, "byline": "J.T.M", "headline": "Tarzan Escapes", "summary_short": "Yes, again. Jungle business pretty much as usual.", "publication_date": "1936-11-20", "opening_date": "1936-11-19", "date_updated": "2016-03-30 06:58:01", "link": {"type": "article", "url": "http://www.nytimes.com/movie/review?res=9E02E1DA1E39EE3BBC4851DFB767838D629EDE", "suggested_link_text": "Read the New York Times Review of Tarzan Escapes"}, "multimedia": null}, {"display_title": "Wedding Present", "mpaa_rating": "", "critics_pick": 0, "byline": "B.R.C.", "headline": "Wedding Present", "summary_short": "", "publication_date": "1936-11-19", "opening_date": "1936-10-09", "date_updated": "2016-03-30 06:45:11", "link": {"type": "article", "url": "http://www.nytimes.com/movie/review?res=9F0CE1DC173EEE3BBC4152DFB767838D629EDE", "suggested_link_text": "Read the New York Times Review of Wedding Present"}, "multimedia": null}, {"display_title": "Go West, Young Man", "mpaa_rating": "", "critics_pick": 0, "byline": "J.T.M.", "headline": "Go West, Young Man", "summary_short": "Wryly sporty West, ripe cast. Some pearly comments, as when Mae spots Scott. Runner-up: boarder and his eggs.", "publication_date": "1936-11-19", "opening_date": "1936-11-18", "date_updated": "2016-03-30 06:51:04", "link": {"type": "article", "url": "http://www.nytimes.com/movie/review?res=9C0CE1DC173EEE3BBC4152DFB767838D629EDE", "suggested_link_text": "Read the New York Times Review of Go West, Young Man"}, "multimedia": null}, {"display_title": "The Accusing Finger", "mpaa_rating": "", "critics_pick": 0, "byline": "B.R.C.", "headline": "Accusing Finger, The", "summary_short": "", "publication_date": "1936-11-17", "opening_date": "1936-11-17", "date_updated": "2016-03-30 07:27:38", "link": {"type": "article", "url": "http://www.nytimes.com/movie/review?res=9B03E6DA1E39EE3BBC4F52DFB767838D629EDE", "suggested_link_text": "Read the New York Times Review of The Accusing Finger"}, "multimedia": null}, {"display_title": "Waldwinter", "mpaa_rating": "", "critics_pick": 0, "byline": "H.T.S.", "headline": "Waldwinter", "summary_short": "", "publication_date": "1936-11-14", "opening_date": "1936-07-14", "date_updated": "2016-03-30 06:46:10", "link": {"type": "article", "url": "http://www.nytimes.com/movie/review?res=9E00E2DC153CE53ABC4C52DFB767838D629EDE", "suggested_link_text": "Read the New York Times Review of Waldwinter"}, "multimedia": null}, {"display_title": "Pigskin Parade", "mpaa_rating": "", "critics_pick": 0, "byline": "FRANK S. NUGENT", "headline": "Pigskin Parade", "summary_short": "Genuinely funny burlesque of football. Still.", "publication_date": "1936-11-14", "opening_date": "1936-10-23", "date_updated": "2016-03-30 06:58:55", "link": {"type": "article", "url": "http://www.nytimes.com/movie/review?res=9501E2DC153CE53ABC4C52DFB767838D629EDE", "suggested_link_text": "Read the New York Times Review of Pigskin Parade"}, "multimedia": null}, {"display_title": "Theodora Goes Wild", "mpaa_rating": "", "critics_pick": 0, "byline": "FRANK S. NUGENT", "headline": "Theodora Goes Wild", "summary_short": "Lady Dunne finally thaws. Delightful, delicious, delovely.", "publication_date": "1936-11-13", "opening_date": "1936-11-12", "date_updated": "2016-03-30 07:22:55", "link": {"type": "article", "url": "http://www.nytimes.com/movie/review?res=9C07E3DD173EEE3BBC4B52DFB767838D629EDE", "suggested_link_text": "Read the New York Times Review of Theodora Goes Wild"}, "multimedia": null}, {"display_title": "Come and Get It", "mpaa_rating": "", "critics_pick": 0, "byline": "FRANK S. NUGENT", "headline": "Come and Get It", "summary_short": "Novelist Ferber's lumberland saga whittled to a lost-love theme. Has color, fine Arnold, magnetic Farmer.", "publication_date": "1936-11-12", "opening_date": null, "date_updated": "2016-03-30 06:51:20", "link": {"type": "article", "url": "http://www.nytimes.com/movie/review?res=980DE2DB1E39EE3BBC4A52DFB767838D629EDE", "suggested_link_text": "Read the New York Times Review of Come and Get It"}, "multimedia": null}, {"display_title": "Our Relations", "mpaa_rating": "", "critics_pick": 0, "byline": "FRANK S. NUGENT", "headline": "Our Relations", "summary_short": "Nice and typical. Good fun.", "publication_date": "1936-11-11", "opening_date": "1936-10-30", "date_updated": "2016-03-30 07:09:54", "link": {"type": "article", "url": "http://www.nytimes.com/movie/review?res=9F03EEDC1E39EE3BBC4952DFB767838D629EDE", "suggested_link_text": "Read the New York Times Review of Our Relations"}, "multimedia": null}, {"display_title": "Manewry Milosne", "mpaa_rating": "", "critics_pick": 0, "byline": "H.T.S.", "headline": "Manewry Milosne", "summary_short": "", "publication_date": "1936-11-11", "opening_date": "1936-11-10", "date_updated": "2016-03-30 07:21:23", "link": {"type": "article", "url": "http://www.nytimes.com/movie/review?res=9803EEDC1E39EE3BBC4952DFB767838D629EDE", "suggested_link_text": "Read the New York Times Review of Manewry Milosne"}, "multimedia": null}, {"display_title": "Song of China", "mpaa_rating": "", "critics_pick": 0, "byline": "FRANK S. NUGENT", "headline": "Song of China", "summary_short": "", "publication_date": "1936-11-10", "opening_date": "1936-11-09", "date_updated": "2016-03-30 07:16:47", "link": {"type": "article", "url": "http://www.nytimes.com/movie/review?res=9401E5DC1E39EE3BBC4852DFB767838D629EDE", "suggested_link_text": "Read the New York Times Review of Song of China"}, "multimedia": null}, {"display_title": "Meseauto", "mpaa_rating": "", "critics_pick": 0, "byline": "H.T.S.", "headline": "Meseauto", "summary_short": "", "publication_date": "1936-11-10", "opening_date": "1936-11-09", "date_updated": "2016-03-30 06:50:14", "link": {"type": "article", "url": "http://www.nytimes.com/movie/review?res=9501E5DC1E39EE3BBC4852DFB767838D629EDE", "suggested_link_text": "Read the New York Times Review of Meseauto"}, "multimedia": null}, {"display_title": "Under Your Spell", "mpaa_rating": "", "critics_pick": 0, "byline": "B.R.C.", "headline": "Under Your Spell", "summary_short": "", "publication_date": "1936-11-07", "opening_date": "1936-11-06", "date_updated": "2016-03-30 07:22:50", "link": {"type": "article", "url": "http://www.nytimes.com/movie/review?res=9504EFD61239E632A25754C0A9679D946794D6CF", "suggested_link_text": "Read the New York Times Review of Under Your Spell"}, "multimedia": null}, {"display_title": "The Girl on the Front Page", "mpaa_rating": "", "critics_pick": 0, "byline": "FRANK S. NUGENT", "headline": "Girl on the Front Page, The", "summary_short": "", "publication_date": "1936-11-07", "opening_date": "1936-09-27", "date_updated": "2016-03-30 07:25:57", "link": {"type": "article", "url": "http://www.nytimes.com/movie/review?res=9404EFD61239E632A25754C0A9679D946794D6CF", "suggested_link_text": "Read the New York Times Review of The Girl on the Front Page"}, "multimedia": null}, {"display_title": "Stuetzen Der Gesellschaft", "mpaa_rating": "", "critics_pick": 0, "byline": "H.T.S.", "headline": "Stuetzen der Gesellschaft", "summary_short": "", "publication_date": "1936-11-07", "opening_date": "1936-11-06", "date_updated": "2016-03-30 06:51:36", "link": {"type": "article", "url": "http://www.nytimes.com/movie/review?res=9C07EFD61239E632A25754C0A9679D946794D6CF", "suggested_link_text": "Read the New York Times Review of Stuetzen Der Gesellschaft"}, "multimedia": null}, {"display_title": "As You Like It", "mpaa_rating": "Not Rated", "critics_pick": 0, "byline": "FRANK S. NUGENT", "headline": "As You Like It", "summary_short": "The boards creak but not the Bard, nor these two young talents. Great chemistry.", "publication_date": "1936-11-06", "opening_date": "1937-01-08", "date_updated": "2016-03-30 06:48:09", "link": {"type": "article", "url": "http://www.nytimes.com/movie/review?res=9500EFDE1E39EE3BBC4E53DFB767838D629EDE", "suggested_link_text": "Read the New York Times Review of As You Like It"}, "multimedia": null}]}