{"status": "OK", "copyright": "Copyright (c) 2017 The New York Times Company. All Rights Reserved.", "has_more": true, "num_results": 20, "results": [{"display_title": "The Killers", "mpaa_rating": "Not Rated", "critics_pick": 1, "byline": "BOSLEY CROWTHER", "headline": "Killers, The", "summary_short": "First 10 minutes or so, in the diner, pure Hemingway gold. Otherwise, very good pulp melodrama.", "publication_date": "1946-08-29", "opening_date": null, "date_updated": "2016-03-30 06:43:52", "link": {"type": "article", "url": "http://www.nytimes.com/movie/review?res=9807E4DF1338E53ABC4151DFBE66838D659EDE", "suggested_link_text": "Read the New York Times Review of The Killers"}, "multimedia": null}, {"display_title": "Brief Encounter", "mpaa_rating": "Not Rated", "critics_pick": 1, "byline": "BOSLEY CROWTHER", "headline": "Brief Encounter", "summary_short": "London train commuters. Memorable love story, via Coward, Lean and sounds of Rachmaninoff. A British jewel.", "publication_date": "1946-08-26", "opening_date": "1946-08-24", "date_updated": "2016-03-30 06:49:55", "link": {"type": "article", "url": "http://www.nytimes.com/movie/review?res=9805EFD71238E53ABC4E51DFBE66838D659EDE", "suggested_link_text": "Read the New York Times Review of Brief Encounter"}, "multimedia": null}, {"display_title": "The Big Sleep", "mpaa_rating": "", "critics_pick": 1, "byline": "BOSLEY CROWTHER", "headline": "Big Sleep, The", "summary_short": "Sleek, hard-boiled Chandler, though overly-intricate plotting. Good scene: Bogie and Dot Malone in bookshop.", "publication_date": "1946-08-24", "opening_date": "1946-08-31", "date_updated": "2016-03-30 07:17:13", "link": {"type": "article", "url": "http://www.nytimes.com/movie/review?res=9F00E5DB143FE73ABC4C51DFBE66838D659EDE", "suggested_link_text": "Read the New York Times Review of The Big Sleep"}, "multimedia": null}, {"display_title": "My Pal Trigger", "mpaa_rating": "", "critics_pick": 0, "byline": "BOSLEY CROWTHER", "headline": "My Pal Trigger", "summary_short": "That's his horse. Or was.", "publication_date": "1946-08-17", "opening_date": "1946-07-10", "date_updated": "2016-03-30 07:12:01", "link": {"type": "article", "url": "http://www.nytimes.com/movie/review?res=9A06E5DC143FE73ABC4F52DFBE66838D659EDE", "suggested_link_text": "Read the New York Times Review of My Pal Trigger"}, "multimedia": null}, {"display_title": "Holiday in Mexico", "mpaa_rating": "", "critics_pick": 0, "byline": "BOSLEY CROWTHER", "headline": "Holiday in Mexico", "summary_short": "Ambassador's daughter loves musician. Light, satisfying musical.", "publication_date": "1946-08-16", "opening_date": "1946-09-01", "date_updated": "2016-03-30 06:58:59", "link": {"type": "article", "url": "http://www.nytimes.com/movie/review?res=9C06E0D8133AEE3ABC4E52DFBE66838D659EDE", "suggested_link_text": "Read the New York Times Review of Holiday in Mexico"}, "multimedia": null}, {"display_title": "Claudia and David", "mpaa_rating": "", "critics_pick": 0, "byline": "BOSLEY CROWTHER", "headline": "Claudia and David", "summary_short": "Pleasant but rather innocuous. This one needs Goliath.", "publication_date": "1946-08-15", "opening_date": "1946-02-25", "date_updated": "2016-03-30 07:28:06", "link": {"type": "article", "url": "http://www.nytimes.com/movie/review?res=9803EFD81339E23ABC4D52DFBE66838D659EDE", "suggested_link_text": "Read the New York Times Review of Claudia and David"}, "multimedia": null}, {"display_title": "Centennial Summer", "mpaa_rating": "", "critics_pick": 0, "byline": "BOSLEY CROWTHER", "headline": "Centennial Summer", "summary_short": "Mild family-comedy bauble, some nice Kern tunes. Best: ``In Love in Vain.''", "publication_date": "1946-07-18", "opening_date": "1946-08-01", "date_updated": "2016-03-30 06:42:07", "link": {"type": "article", "url": "http://www.nytimes.com/movie/review?res=9D01E0DA1238E133A2575BC1A9619C946793D6CF", "suggested_link_text": "Read the New York Times Review of Centennial Summer"}, "multimedia": null}, {"display_title": "Easy to Wed", "mpaa_rating": "", "critics_pick": 0, "byline": "BOSLEY CROWTHER", "headline": "Easy to Wed", "summary_short": "Fast, brassy and funny, especially Lucy and Wynn.", "publication_date": "1946-07-12", "opening_date": "1946-07-25", "date_updated": "2016-03-30 06:45:20", "link": {"type": "article", "url": "http://www.nytimes.com/movie/review?res=9F02EEDB1238E133A25751C1A9619C946793D6CF", "suggested_link_text": "Read the New York Times Review of Easy to Wed"}, "multimedia": null}, {"display_title": "The Stranger", "mpaa_rating": "", "critics_pick": 0, "byline": "BOSLEY CROWTHER", "headline": "Stranger, The", "summary_short": "Fugitive Nazi masked as college prof. Brilliant.", "publication_date": "1946-07-11", "opening_date": "1946-05-25", "date_updated": "2016-03-30 06:58:39", "link": {"type": "article", "url": "http://www.nytimes.com/movie/review?res=9A06E2D7103AEE3BBC4952DFB166838D659EDE", "suggested_link_text": "Read the New York Times Review of The Stranger"}, "multimedia": null}, {"display_title": "Of Human Bondage", "mpaa_rating": "", "critics_pick": 0, "byline": "BOSLEY CROWTHER", "headline": "Of Human Bondage", "summary_short": "Maugham's clubfooted London artist-doctor falls for a cheap woman. Surprisingly effective. You may even prefer Parker's venum to Davis's volcanic tics.", "publication_date": "1946-07-06", "opening_date": "1946-07-20", "date_updated": "2016-03-30 07:14:55", "link": {"type": "article", "url": "http://www.nytimes.com/movie/review?res=9401E2DC1538E53ABC4E53DFB166838D659EDE", "suggested_link_text": "Read the New York Times Review of Of Human Bondage"}, "multimedia": null}, {"display_title": "Suspense", "mpaa_rating": "", "critics_pick": 0, "byline": "BOSLEY CROWTHER", "headline": "Suspense", "summary_short": "Good ice show background, rest middling.", "publication_date": "1946-07-05", "opening_date": "1946-06-15", "date_updated": "2016-03-30 06:55:18", "link": {"type": "article", "url": "http://www.nytimes.com/movie/review?res=9405E7DC1538E53ABC4D53DFB166838D659EDE", "suggested_link_text": "Read the New York Times Review of Suspense"}, "multimedia": null}, {"display_title": "Dead of Night", "mpaa_rating": "", "critics_pick": 1, "byline": "BOSLEY CROWTHER", "headline": "Dead of Night", "summary_short": "Pioneer British package of occult yarns and still champ. Our favorite yarns: hospital and mirror.", "publication_date": "1946-06-29", "opening_date": null, "date_updated": "2016-03-30 06:50:35", "link": {"type": "article", "url": "http://www.nytimes.com/movie/review?res=9A04EFD91538E532A2575AC2A9609C946793D6CF", "suggested_link_text": "Read the New York Times Review of Dead of Night"}, "multimedia": null}, {"display_title": "The Searching Wind", "mpaa_rating": "", "critics_pick": 0, "byline": "BOSLEY CROWTHER", "headline": "Searching Wind, The", "summary_short": "Hellman play about passive American diplomat as Naziism spreads. Rather stacked but intelligent drama. Sylvia best.", "publication_date": "1946-06-27", "opening_date": "1946-08-09", "date_updated": "2016-03-30 07:25:57", "link": {"type": "article", "url": "http://www.nytimes.com/movie/review?res=9E06E0DE1238E133A25754C2A9609C946793D6CF", "suggested_link_text": "Read the New York Times Review of The Searching Wind"}, "multimedia": null}, {"display_title": "Anna and the King of Siam", "mpaa_rating": "", "critics_pick": 1, "byline": "BOSLEY CROWTHER", "headline": "Anna and the King of Siam", "summary_short": "``The King and I'' before the music. Impressive.", "publication_date": "1946-06-21", "opening_date": null, "date_updated": "2016-03-30 06:42:53", "link": {"type": "article", "url": "http://www.nytimes.com/movie/review?res=9807E7D91538E532A25752C2A9609C946793D6CF", "suggested_link_text": "Read the New York Times Review of Anna and the King of Siam"}, "multimedia": null}, {"display_title": "Henry V", "mpaa_rating": "", "critics_pick": 1, "byline": "BOSLEY CROWTHER", "headline": "Henry V", "summary_short": "Magnificent filming of Shakespeare, via Olivier.", "publication_date": "1946-06-18", "opening_date": "1946-06-17", "date_updated": "2016-03-30 07:23:43", "link": {"type": "article", "url": "http://www.nytimes.com/movie/review?res=9901E7D81538E133A2575BC1A9609C946793D6CF", "suggested_link_text": "Read the New York Times Review of Henry V"}, "multimedia": null}, {"display_title": "Janie Gets Married", "mpaa_rating": "", "critics_pick": 0, "byline": "BOSLEY CROWTHER", "headline": "Janie Gets Married", "summary_short": "Starting out, with ex-G.I. Harmless.", "publication_date": "1946-06-15", "opening_date": "1946-06-15", "date_updated": "2016-03-30 06:48:13", "link": {"type": "article", "url": "http://www.nytimes.com/movie/review?res=940CE1DA1538E133A25756C1A9609C946793D6CF", "suggested_link_text": "Read the New York Times Review of Janie Gets Married"}, "multimedia": null}, {"display_title": "Somewhere in the Night", "mpaa_rating": "", "critics_pick": 0, "byline": "BOSLEY CROWTHER", "headline": "Somewhere in the Night", "summary_short": "Frail suspense.", "publication_date": "1946-06-13", "opening_date": "1946-06-12", "date_updated": "2016-03-30 07:29:27", "link": {"type": "article", "url": "http://www.nytimes.com/movie/review?res=9503E5DB1538E133A25750C1A9609C946793D6CF", "suggested_link_text": "Read the New York Times Review of Somewhere in the Night"}, "multimedia": null}, {"display_title": "Without Reservations", "mpaa_rating": "", "critics_pick": 0, "byline": "BOSLEY CROWTHER", "headline": "Without Reservations", "summary_short": "Novelist and two Navy men. Amusing but skittish.", "publication_date": "1946-06-08", "opening_date": "1946-05-13", "date_updated": "2016-03-30 07:29:30", "link": {"type": "article", "url": "http://www.nytimes.com/movie/review?res=9401E5D91438E53ABC4053DFB066838D659EDE", "suggested_link_text": "Read the New York Times Review of Without Reservations"}, "multimedia": null}, {"display_title": "The Runaround", "mpaa_rating": "", "critics_pick": 0, "byline": "BOSLEY CROWTHER", "headline": "Runaround, The", "summary_short": "Funny, bouncy chase for runaway heiress.", "publication_date": "1946-06-07", "opening_date": null, "date_updated": "2016-03-30 07:12:31", "link": {"type": "article", "url": "http://www.nytimes.com/movie/review?res=9A00E5DA1438E53ABC4F53DFB066838D659EDE", "suggested_link_text": "Read the New York Times Review of The Runaround"}, "multimedia": null}, {"display_title": "The Bride Wore Boots", "mpaa_rating": "", "critics_pick": 0, "byline": "BOSLEY CROWTHER", "headline": "Bride Wore Boots, The", "summary_short": "And the groom hates horses, see? Horsefeathers.", "publication_date": "1946-06-06", "opening_date": null, "date_updated": "2016-03-30 06:52:19", "link": {"type": "article", "url": "http://www.nytimes.com/movie/review?res=9B0DE4DD1438E53ABC4E53DFB066838D659EDE", "suggested_link_text": "Read the New York Times Review of The Bride Wore Boots"}, "multimedia": null}]}