{"status": "OK", "copyright": "Copyright (c) 2017 The New York Times Company. All Rights Reserved.", "has_more": true, "num_results": 20, "results": [{"display_title": "The Notorious Sophie Lang", "mpaa_rating": "", "critics_pick": 0, "byline": "A.D.S.", "headline": "Notorious Sophie Lang, The", "summary_short": "", "publication_date": "1934-07-21", "opening_date": "1934-07-20", "date_updated": "2016-03-30 06:58:25", "link": {"type": "article", "url": "http://www.nytimes.com/movie/review?res=9804EEDC133CE23ABC4951DFB166838F629EDE", "suggested_link_text": "Read the New York Times Review of The Notorious Sophie Lang"}, "multimedia": null}, {"display_title": "Here Comes the Navy", "mpaa_rating": "", "critics_pick": 0, "byline": "F.S.N.", "headline": "Here Comes the Navy", "summary_short": "No more, no less. The old one-two.", "publication_date": "1934-07-21", "opening_date": "1934-07-21", "date_updated": "2016-03-30 07:25:46", "link": {"type": "article", "url": "http://www.nytimes.com/movie/review?res=9904EEDC133CE23ABC4951DFB166838F629EDE", "suggested_link_text": "Read the New York Times Review of Here Comes the Navy"}, "multimedia": null}, {"display_title": "Grand Canary", "mpaa_rating": "", "critics_pick": 0, "byline": "A.D.S.", "headline": "Grand Canary", "summary_short": "", "publication_date": "1934-07-20", "opening_date": "1934-07-20", "date_updated": "2016-03-30 07:05:06", "link": {"type": "article", "url": "http://www.nytimes.com/movie/review?res=9F00E5DC133CE23ABC4851DFB166838F629EDE", "suggested_link_text": "Read the New York Times Review of Grand Canary"}, "multimedia": null}, {"display_title": "His Greatest Gamble", "mpaa_rating": "Not Rated", "critics_pick": 0, "byline": "A.D.S.", "headline": "His Greatest Gamble", "summary_short": "", "publication_date": "1934-07-18", "opening_date": "1934-08-10", "date_updated": "2016-03-30 06:50:21", "link": {"type": "article", "url": "http://www.nytimes.com/movie/review?res=9506E1DB153FE53ABC4052DFB166838F629EDE", "suggested_link_text": "Read the New York Times Review of His Greatest Gamble"}, "multimedia": null}, {"display_title": "I Give My Love", "mpaa_rating": "", "critics_pick": 0, "byline": "A.D.S.", "headline": "I Give my Love", "summary_short": "", "publication_date": "1934-07-17", "opening_date": "1934-07-17", "date_updated": "2016-03-30 07:19:37", "link": {"type": "article", "url": "http://www.nytimes.com/movie/review?res=990CE4DD133CE23ABC4F52DFB166838F629EDE", "suggested_link_text": "Read the New York Times Review of I Give My Love"}, "multimedia": null}, {"display_title": "Dancing Man", "mpaa_rating": "", "critics_pick": 0, "byline": "A.D.S.", "headline": "Dancing Man", "summary_short": "", "publication_date": "1934-07-16", "opening_date": "1934-02-23", "date_updated": "2016-03-30 06:53:50", "link": {"type": "article", "url": "http://www.nytimes.com/movie/review?res=9C02E7DB153FE53ABC4E52DFB166838F629EDE", "suggested_link_text": "Read the New York Times Review of Dancing Man"}, "multimedia": null}, {"display_title": "The Old-Fashioned Way", "mpaa_rating": "", "critics_pick": 0, "byline": "A.D.S.", "headline": "Old-Fashioned Way, The", "summary_short": "Very nice and funny, the Fields way. And hooray for Baby!", "publication_date": "1934-07-14", "opening_date": "1934-07-13", "date_updated": "2016-03-30 07:16:50", "link": {"type": "article", "url": "http://www.nytimes.com/movie/review?res=9F04EFDF133CE23ABC4C52DFB166838F629EDE", "suggested_link_text": "Read the New York Times Review of The Old-Fashioned Way"}, "multimedia": null}, {"display_title": "Whom the Gods Destroy", "mpaa_rating": "", "critics_pick": 0, "byline": "A.D.S.", "headline": "Whom the Gods Destroy", "summary_short": "", "publication_date": "1934-07-13", "opening_date": "1934-07-12", "date_updated": "2016-03-30 06:47:29", "link": {"type": "article", "url": "http://www.nytimes.com/movie/review?res=950DE2DC153FE53ABC4B52DFB166838F629EDE", "suggested_link_text": "Read the New York Times Review of Whom the Gods Destroy"}, "multimedia": null}, {"display_title": "The Man with Two Faces", "mpaa_rating": "Not Rated", "critics_pick": 0, "byline": "A.D.S.", "headline": "Man With two Faces, The", "summary_short": "Sadist slain after ruining wife's life.", "publication_date": "1934-07-12", "opening_date": "1934-08-04", "date_updated": "2016-03-30 06:47:39", "link": {"type": "article", "url": "http://www.nytimes.com/movie/review?res=9901E5DF133CE23ABC4A52DFB166838F629EDE", "suggested_link_text": "Read the New York Times Review of The Man with Two Faces"}, "multimedia": null}, {"display_title": "Return of the Terror", "mpaa_rating": "", "critics_pick": 0, "byline": "A.D.S.", "headline": "Return of the Terror", "summary_short": "", "publication_date": "1934-07-11", "opening_date": "1934-07-07", "date_updated": "2016-03-30 06:53:05", "link": {"type": "article", "url": "http://www.nytimes.com/movie/review?res=9505E5DC153FE53ABC4952DFB166838F629EDE", "suggested_link_text": "Read the New York Times Review of Return of the Terror"}, "multimedia": null}, {"display_title": "Call It Luck", "mpaa_rating": "", "critics_pick": 0, "byline": "A.D.S.", "headline": "Call it Luck", "summary_short": "", "publication_date": "1934-07-10", "opening_date": "1934-07-10", "date_updated": "2016-03-30 07:25:47", "link": {"type": "article", "url": "http://www.nytimes.com/movie/review?res=9D06E2D6123CE23ABC4852DFB166838F629EDE", "suggested_link_text": "Read the New York Times Review of Call It Luck"}, "multimedia": null}, {"display_title": "Shoot the Works", "mpaa_rating": "", "critics_pick": 0, "byline": "A.D.S.", "headline": "Shoot the Works", "summary_short": "", "publication_date": "1934-07-07", "opening_date": "1934-07-18", "date_updated": "2016-03-30 07:23:19", "link": {"type": "article", "url": "http://www.nytimes.com/movie/review?res=9F06E0D7123CE23ABC4F53DFB166838F629EDE", "suggested_link_text": "Read the New York Times Review of Shoot the Works"}, "multimedia": null}, {"display_title": "The Hell Cat", "mpaa_rating": "", "critics_pick": 0, "byline": "F.S.N.", "headline": "Hell Cat, The", "summary_short": "", "publication_date": "1934-07-07", "opening_date": "1934-06-16", "date_updated": "2016-03-30 07:27:07", "link": {"type": "article", "url": "http://www.nytimes.com/movie/review?res=9806E0D7123CE23ABC4F53DFB166838F629EDE", "suggested_link_text": "Read the New York Times Review of The Hell Cat"}, "multimedia": null}, {"display_title": "Hitlerjunge Quex", "mpaa_rating": "", "critics_pick": 0, "byline": "H.T.S.", "headline": "Unsere Fahne Flattert Uns Voran", "summary_short": "", "publication_date": "1934-07-07", "opening_date": null, "date_updated": "2016-03-30 07:17:13", "link": {"type": "article", "url": "http://www.nytimes.com/movie/review?res=9906E0D7123CE23ABC4F53DFB166838F629EDE", "suggested_link_text": "Read the New York Times Review of Hitlerjunge Quex"}, "multimedia": null}, {"display_title": "Strictly Dynamite", "mpaa_rating": "", "critics_pick": 0, "byline": "A.D.S.", "headline": "Strictly Dynamite", "summary_short": "A small-town poet ends up writing jokes for a radio comedian.", "publication_date": "1934-07-04", "opening_date": "1934-05-11", "date_updated": "2016-03-30 07:21:11", "link": {"type": "article", "url": "http://www.nytimes.com/movie/review?res=9901E6D8123CE23ABC4C53DFB166838F629EDE", "suggested_link_text": "Read the New York Times Review of Strictly Dynamite"}, "multimedia": null}, {"display_title": "Midnight Alibi", "mpaa_rating": "Not Rated", "critics_pick": 0, "byline": "F.S.N.", "headline": "Midnight Alibi", "summary_short": "Fugitive gambler hides in home of elderly recluse.", "publication_date": "1934-07-04", "opening_date": "1934-07-14", "date_updated": "2016-03-30 07:16:42", "link": {"type": "article", "url": "http://www.nytimes.com/movie/review?res=9A01E6D8123CE23ABC4C53DFB166838F629EDE", "suggested_link_text": "Read the New York Times Review of Midnight Alibi"}, "multimedia": null}, {"display_title": "The Thin Man", "mpaa_rating": "Not Rated", "critics_pick": 1, "byline": "M. H.", "headline": "Thin Man, The", "summary_short": "Hammett's marvelous old martini-and-murder puzzle, sparked by two endearing pros.", "publication_date": "1934-06-30", "opening_date": "1934-05-25", "date_updated": "2016-03-30 06:43:26", "link": {"type": "article", "url": "http://www.nytimes.com/movie/review?res=9D03E5D9143DEE3ABC4850DFB066838F629EDE", "suggested_link_text": "Read the New York Times Review of The Thin Man"}, "multimedia": null}, {"display_title": "The World Moves On", "mpaa_rating": "", "critics_pick": 0, "byline": "MORDAUNT HALL.", "headline": "World Moves On, The", "summary_short": "Colorful, sprawling family saga, as we recall. Directed by John Ford.", "publication_date": "1934-06-30", "opening_date": "1934-08-31", "date_updated": "2016-03-30 07:23:40", "link": {"type": "article", "url": "http://www.nytimes.com/movie/review?res=9C03E5D9143DEE3ABC4850DFB066838F629EDE", "suggested_link_text": "Read the New York Times Review of The World Moves On"}, "multimedia": null}, {"display_title": "The Circus Clown", "mpaa_rating": "", "critics_pick": 0, "byline": "F. S. N.", "headline": "Circus Clown, The", "summary_short": "Typical Joe E. romp from the Stone Age.", "publication_date": "1934-06-30", "opening_date": "1934-06-30", "date_updated": "2016-03-30 07:25:36", "link": {"type": "article", "url": "http://www.nytimes.com/movie/review?res=9F03E5D9143DEE3ABC4850DFB066838F629EDE", "suggested_link_text": "Read the New York Times Review of The Circus Clown"}, "multimedia": null}, {"display_title": "Of Human Bondage", "mpaa_rating": "Not Rated", "critics_pick": 0, "byline": "MORDAUNT HALL.", "headline": "Of Human Bondage", "summary_short": "Maugham's crippled med student and vicious waitress. Thoughtful, with explosive Davis.", "publication_date": "1934-06-29", "opening_date": "1934-07-20", "date_updated": "2016-03-30 07:09:18", "link": {"type": "article", "url": "http://www.nytimes.com/movie/review?res=9B07E7DD103EE53ABC4151DFB066838F629EDE", "suggested_link_text": "Read the New York Times Review of Of Human Bondage"}, "multimedia": null}]}