{"status": "OK", "copyright": "Copyright (c) 2017 The New York Times Company. All Rights Reserved.", "has_more": true, "num_results": 20, "results": [{"display_title": "Advice to the Lovelorn", "mpaa_rating": "", "critics_pick": 0, "byline": "MORDAUNT HALL.", "headline": "Advice to the Lovelorn", "summary_short": "An advice columnist. Not reviewed by us.", "publication_date": "1933-12-14", "opening_date": "1933-12-01", "date_updated": "2016-03-30 07:30:34", "link": {"type": "article", "url": "http://www.nytimes.com/movie/review?res=9B00E0D71431E333A25757C1A9649D946294D6CF", "suggested_link_text": "Read the New York Times Review of Advice to the Lovelorn"}, "multimedia": null}, {"display_title": "Sin of Nora Moran", "mpaa_rating": "", "critics_pick": 0, "byline": "MORDAUNT HALL.", "headline": "Sin of Nora Moran, The", "summary_short": "", "publication_date": "1933-12-13", "opening_date": "1933-12-13", "date_updated": "2016-03-30 07:29:31", "link": {"type": "article", "url": "http://www.nytimes.com/movie/review?res=9E02E0D6133FE63ABC4B52DFB4678388629EDE", "suggested_link_text": "Read the New York Times Review of Sin of Nora Moran"}, "multimedia": null}, {"display_title": "King for a Night", "mpaa_rating": "", "critics_pick": 0, "byline": "A.D.S.", "headline": "King for a Night", "summary_short": "", "publication_date": "1933-12-11", "opening_date": "1934-01-09", "date_updated": "2016-03-30 06:56:20", "link": {"type": "article", "url": "http://www.nytimes.com/movie/review?res=9B04E1D81431E333A25752C1A9649D946294D6CF", "suggested_link_text": "Read the New York Times Review of King for a Night"}, "multimedia": null}, {"display_title": "Heads We Go", "mpaa_rating": "", "critics_pick": 0, "byline": "MORDAUNT HALL", "headline": "Charming Deceiver, The", "summary_short": "", "publication_date": "1933-12-09", "opening_date": null, "date_updated": "2016-03-30 06:52:24", "link": {"type": "article", "url": "http://www.nytimes.com/movie/review?res=9D07E6D81431E333A2575AC0A9649D946294D6CF", "suggested_link_text": "Read the New York Times Review of Heads We Go"}, "multimedia": null}, {"display_title": "Counsellor-At-Law", "mpaa_rating": "", "critics_pick": 0, "byline": "MORDAUNT HALL.", "headline": "Counsellor-At-Law", "summary_short": "Rough-hewn lawyer, caring secretary, snobbish wife. Exceptional Barrymore in fine version of Rice play.", "publication_date": "1933-12-08", "opening_date": "1933-12-25", "date_updated": "2016-03-30 07:15:01", "link": {"type": "article", "url": "http://www.nytimes.com/movie/review?res=9B00E5D6133FE63ABC4053DFB4678388629EDE", "suggested_link_text": "Read the New York Times Review of Counsellor-At-Law"}, "multimedia": null}, {"display_title": "Girl without a Room", "mpaa_rating": "", "critics_pick": 0, "byline": "MORDAUNT HALL.", "headline": "Girl Without a Room", "summary_short": "", "publication_date": "1933-12-07", "opening_date": "1933-12-08", "date_updated": "2016-03-30 06:51:47", "link": {"type": "article", "url": "http://www.nytimes.com/movie/review?res=9501E3D7133FE63ABC4F53DFB4678388629EDE", "suggested_link_text": "Read the New York Times Review of Girl without a Room"}, "multimedia": null}, {"display_title": "Io... Tu... Y... Ella", "mpaa_rating": "", "critics_pick": 0, "byline": "H.T.S.", "headline": "IO... TU... Y...", "summary_short": "", "publication_date": "1933-12-05", "opening_date": null, "date_updated": "2016-03-30 07:22:33", "link": {"type": "article", "url": "http://www.nytimes.com/movie/review?res=9F05EFDA1431E333A25756C0A9649D946294D6CF", "suggested_link_text": "Read the New York Times Review of Io... Tu... Y... Ella"}, "multimedia": null}, {"display_title": "White Woman", "mpaa_rating": "", "critics_pick": 0, "byline": "MORDAUNT HALL.", "headline": "White Woman", "summary_short": "Far-out and funny antique.", "publication_date": "1933-12-03", "opening_date": "1933-11-10", "date_updated": "2016-03-30 06:54:56", "link": {"type": "article", "url": "http://www.nytimes.com/movie/review?res=9505E1DC1731E633A25750C0A9649D946294D6CF", "suggested_link_text": "Read the New York Times Review of White Woman"}, "multimedia": null}, {"display_title": "Gow", "mpaa_rating": "", "critics_pick": 0, "byline": "A.D.S.", "headline": "Gow", "summary_short": "", "publication_date": "1933-12-02", "opening_date": null, "date_updated": "2016-03-30 06:51:48", "link": {"type": "article", "url": "http://www.nytimes.com/movie/review?res=9C0CE2DB1431E333A25751C0A9649D946294D6CF", "suggested_link_text": "Read the New York Times Review of Gow"}, "multimedia": null}, {"display_title": "Sitting Pretty", "mpaa_rating": "", "critics_pick": 0, "byline": "MORDAUNT HALL", "headline": "Sitting Pretty", "summary_short": "All we recall is that grand oldie, ", "publication_date": "1933-12-02", "opening_date": "1933-11-24", "date_updated": "2016-03-30 06:55:00", "link": {"type": "article", "url": "http://www.nytimes.com/movie/review?res=990DE2DB1431E333A25751C0A9649D946294D6CF", "suggested_link_text": "Read the New York Times Review of Sitting Pretty"}, "multimedia": null}, {"display_title": "The House on 56th Street", "mpaa_rating": "", "critics_pick": 0, "byline": "M.H.", "headline": "House on 56th Street, The", "summary_short": "Released prisoner teams up with card shark.", "publication_date": "1933-12-02", "opening_date": "1933-12-23", "date_updated": "2016-03-30 06:45:12", "link": {"type": "article", "url": "http://www.nytimes.com/movie/review?res=9A0DE2DB1431E333A25751C0A9649D946294D6CF", "suggested_link_text": "Read the New York Times Review of The House on 56th Street"}, "multimedia": null}, {"display_title": "The Chief", "mpaa_rating": "", "critics_pick": 0, "byline": "A.D.S.", "headline": "Chief, The", "summary_short": "Really dated old radio comedy, spotlighting popular Wynn. Dot's one of our favorites.", "publication_date": "1933-12-02", "opening_date": "1933-11-03", "date_updated": "2016-03-30 07:27:39", "link": {"type": "article", "url": "http://www.nytimes.com/movie/review?res=940DE2DB1431E333A25751C0A9649D946294D6CF", "suggested_link_text": "Read the New York Times Review of The Chief"}, "multimedia": null}, {"display_title": "Hoopla", "mpaa_rating": "", "critics_pick": 0, "byline": "A.D.S.", "headline": "Hoopla", "summary_short": "", "publication_date": "1933-12-01", "opening_date": "1933-11-30", "date_updated": "2016-03-30 06:43:32", "link": {"type": "article", "url": "http://www.nytimes.com/movie/review?res=9F05E7D7133FE63ABC4953DFB4678388629EDE", "suggested_link_text": "Read the New York Times Review of Hoopla"}, "multimedia": null}, {"display_title": "Dancing Lady", "mpaa_rating": "", "critics_pick": 0, "byline": "MORDAUNT HALL.", "headline": "Dancing Lady", "summary_short": "Good, glitzy old-style musical, painless plot. Two numbers introduce a Broadway dude named Astaire.", "publication_date": "1933-12-01", "opening_date": "1933-11-24", "date_updated": "2016-03-30 06:56:00", "link": {"type": "article", "url": "http://www.nytimes.com/movie/review?res=9D05E7D7133FE63ABC4953DFB4678388629EDE", "suggested_link_text": "Read the New York Times Review of Dancing Lady"}, "multimedia": null}, {"display_title": "Son of a Sailor", "mpaa_rating": "", "critics_pick": 0, "byline": "MORDAUNT HALL.", "headline": "Son of a Sailor", "summary_short": "A bumbling gob and top-secret Navy documents.", "publication_date": "1933-11-30", "opening_date": "1933-12-23", "date_updated": "2016-03-30 06:55:53", "link": {"type": "article", "url": "http://www.nytimes.com/movie/review?res=9F06E2D8133FE63ABC4850DFB7678388629EDE", "suggested_link_text": "Read the New York Times Review of Son of a Sailor"}, "multimedia": null}, {"display_title": "Master of Men", "mpaa_rating": "", "critics_pick": 0, "byline": "MORDAUNT HALL.", "headline": "Master of Men", "summary_short": "", "publication_date": "1933-11-29", "opening_date": "1933-11-28", "date_updated": "2016-03-30 06:53:03", "link": {"type": "article", "url": "http://www.nytimes.com/movie/review?res=9900E5DB1431E333A2575AC2A9679D946294D6CF", "suggested_link_text": "Read the New York Times Review of Master of Men"}, "multimedia": null}, {"display_title": "Take a Chance", "mpaa_rating": "", "critics_pick": 0, "byline": "MORDAUNT HALL", "headline": "Take a Chance", "summary_short": "", "publication_date": "1933-11-27", "opening_date": "1933-11-25", "date_updated": "2016-03-30 07:11:21", "link": {"type": "article", "url": "http://www.nytimes.com/movie/review?res=9806E4DC1431E333A25754C2A9679D946294D6CF", "suggested_link_text": "Read the New York Times Review of Take a Chance"}, "multimedia": null}, {"display_title": "The Worst Woman in Paris", "mpaa_rating": "", "critics_pick": 0, "byline": "A.D.S.", "headline": "Worst Woman in Paris, The", "summary_short": "", "publication_date": "1933-11-25", "opening_date": "1933-12-03", "date_updated": "2016-03-30 06:44:51", "link": {"type": "article", "url": "http://www.nytimes.com/movie/review?res=9804EFDD1431E333A25756C2A9679D946294D6CF", "suggested_link_text": "Read the New York Times Review of The Worst Woman in Paris"}, "multimedia": null}, {"display_title": "Christopher Bean", "mpaa_rating": "", "critics_pick": 0, "byline": "MORDAUNT HALL", "headline": "Christopher Bean", "summary_short": "", "publication_date": "1933-11-25", "opening_date": "1933-11-17", "date_updated": "2016-03-30 07:11:39", "link": {"type": "article", "url": "http://www.nytimes.com/movie/review?res=9E04EFDD1431E333A25756C2A9679D946294D6CF", "suggested_link_text": "Read the New York Times Review of Christopher Bean"}, "multimedia": null}, {"display_title": "Duck Soup", "mpaa_rating": "Not Rated", "critics_pick": 1, "byline": "M.H.", "headline": "Duck Soup", "summary_short": "Marvelously funny war spoof. Hail Freedonia and four freres.", "publication_date": "1933-11-23", "opening_date": "1933-11-17", "date_updated": "2016-03-30 07:10:30", "link": {"type": "article", "url": "http://www.nytimes.com/movie/review?res=9B02E5DA133FE63ABC4B51DFB7678388629EDE", "suggested_link_text": "Read the New York Times Review of Duck Soup"}, "multimedia": null}]}