{"status": "OK", "copyright": "Copyright (c) 2017 The New York Times Company. All Rights Reserved.", "has_more": true, "num_results": 20, "results": [{"display_title": "Dixie Dugan", "mpaa_rating": "", "critics_pick": 0, "byline": "BOSLEY CROWTHER", "headline": "Dixie Dugan", "summary_short": "", "publication_date": "1943-04-09", "opening_date": "1943-03-12", "date_updated": "2016-03-30 07:27:20", "link": {"type": "article", "url": "http://www.nytimes.com/movie/review?res=9A05E4DC173DE13BBC4153DFB2668388659EDE", "suggested_link_text": "Read the New York Times Review of Dixie Dugan"}, "multimedia": null}, {"display_title": "The Heart of a Nation", "mpaa_rating": "", "critics_pick": 0, "byline": "BOSLEY CROWTHER", "headline": "Heart of a Nation, The", "summary_short": "", "publication_date": "1943-04-08", "opening_date": "0000-00-00", "date_updated": "2016-03-30 06:57:13", "link": {"type": "article", "url": "http://www.nytimes.com/movie/review?res=9B05E0DD173DE13BBC4053DFB2668388659EDE", "suggested_link_text": "Read the New York Times Review of The Heart of a Nation"}, "multimedia": null}, {"display_title": "Air Raid Wardens", "mpaa_rating": "", "critics_pick": 0, "byline": "T.S.", "headline": "Air Raid Wardens", "summary_short": "And spies. At 'em, boys.", "publication_date": "1943-04-05", "opening_date": "1943-04-01", "date_updated": "2016-03-30 06:42:19", "link": {"type": "article", "url": "http://www.nytimes.com/movie/review?res=9A05E2DB1F39E33BBC4D53DFB2668388659EDE", "suggested_link_text": "Read the New York Times Review of Air Raid Wardens"}, "multimedia": null}, {"display_title": "Slightly Dangerous", "mpaa_rating": "", "critics_pick": 0, "byline": "BOSLEY CROWTHER", "headline": "Slightly Dangerous", "summary_short": "Bored young working woman mistaken for heiress. Lana never could do comedy.", "publication_date": "1943-04-02", "opening_date": "1943-04-01", "date_updated": "2016-03-30 06:50:33", "link": {"type": "article", "url": "http://www.nytimes.com/movie/review?res=9F05E5DB1730E53BBC4A53DFB2668388659EDE", "suggested_link_text": "Read the New York Times Review of Slightly Dangerous"}, "multimedia": null}, {"display_title": "The Falcon Strikes Back", "mpaa_rating": "", "critics_pick": 0, "byline": "T.S.", "headline": "Falcon Strikes Back, The", "summary_short": "And out. Under-par entry in sleuther series.", "publication_date": "1943-04-02", "opening_date": "1943-05-07", "date_updated": "2016-03-30 07:21:33", "link": {"type": "article", "url": "http://www.nytimes.com/movie/review?res=9A05E5DB1730E53BBC4A53DFB2668388659EDE", "suggested_link_text": "Read the New York Times Review of The Falcon Strikes Back"}, "multimedia": null}, {"display_title": "Hitler: Dead or Alive", "mpaa_rating": "", "critics_pick": 0, "byline": "BOSLEY CROWTHER", "headline": "Hitler-Dead or Alive", "summary_short": "Ex-convicts on killer mission. Wotta cast.", "publication_date": "1943-03-31", "opening_date": "1943-04-03", "date_updated": "2016-03-30 07:16:49", "link": {"type": "article", "url": "http://www.nytimes.com/movie/review?res=9E07EFDC143CEE3BBC4950DFB5668388659EDE", "suggested_link_text": "Read the New York Times Review of Hitler: Dead or Alive"}, "multimedia": null}, {"display_title": "The Moon Is Down", "mpaa_rating": "", "critics_pick": 0, "byline": "BOSLEY CROWTHER", "headline": "Moon Is Down, The", "summary_short": "Norwegians vs. Nazis. Forceful and fine. And dig opening with map and voice.", "publication_date": "1943-03-27", "opening_date": null, "date_updated": "2016-03-30 06:50:10", "link": {"type": "article", "url": "http://www.nytimes.com/movie/review?res=9C06E5D7143FE33BBC4F51DFB5668388659EDE", "suggested_link_text": "Read the New York Times Review of The Moon Is Down"}, "multimedia": null}, {"display_title": "Ladies' Day", "mpaa_rating": "", "critics_pick": 0, "byline": "T.S.", "headline": "Ladies' Day", "summary_short": "Comedy about big-league pitcher and Mexican bride.", "publication_date": "1943-03-26", "opening_date": "1943-04-09", "date_updated": "2016-03-30 07:19:14", "link": {"type": "article", "url": "http://www.nytimes.com/movie/review?res=9C05E2DD1F39E33BBC4E51DFB5668388659EDE", "suggested_link_text": "Read the New York Times Review of Ladies' Day"}, "multimedia": null}, {"display_title": "The Powers Girl", "mpaa_rating": "", "critics_pick": 0, "byline": "BOSLEY CROWTHER", "headline": "Powers Girl, The", "summary_short": "", "publication_date": "1943-03-26", "opening_date": "1943-01-15", "date_updated": "2016-03-30 07:27:28", "link": {"type": "article", "url": "http://www.nytimes.com/movie/review?res=9B0CE3DD1F39E33BBC4E51DFB5668388659EDE", "suggested_link_text": "Read the New York Times Review of The Powers Girl"}, "multimedia": null}, {"display_title": "Hello, Frisco, Hello", "mpaa_rating": "", "critics_pick": 0, "byline": "BOSLEY CROWTHER", "headline": "Hello, Frisco, Hello", "summary_short": "Becoming Faye showcase. Pretty, tuneful and charming.", "publication_date": "1943-03-25", "opening_date": "1943-03-26", "date_updated": "2016-03-30 06:42:12", "link": {"type": "article", "url": "http://www.nytimes.com/movie/review?res=9506EFDD1339E632A25756C2A9659C946293D6CF", "suggested_link_text": "Read the New York Times Review of Hello, Frisco, Hello"}, "multimedia": null}, {"display_title": "Happy Go Lucky", "mpaa_rating": "", "critics_pick": 0, "byline": "T.S.", "headline": "Happy Go Lucky", "summary_short": "Game crew, passable fluff.", "publication_date": "1943-03-25", "opening_date": "1943-01-04", "date_updated": "2016-03-30 06:42:54", "link": {"type": "article", "url": "http://www.nytimes.com/movie/review?res=9C01EFDD1339E632A25756C2A9659C946293D6CF", "suggested_link_text": "Read the New York Times Review of Happy Go Lucky"}, "multimedia": null}, {"display_title": "Boevoy Kinosbornik No. 9", "mpaa_rating": "", "critics_pick": 0, "byline": "T.M.P.", "headline": "Diary of a Nazi", "summary_short": "", "publication_date": "1943-03-25", "opening_date": "1943-03-24", "date_updated": "2016-03-30 06:54:55", "link": {"type": "article", "url": "http://www.nytimes.com/movie/review?res=9E01EFDD1339E632A25756C2A9659C946293D6CF", "suggested_link_text": "Read the New York Times Review of Boevoy Kinosbornik No. 9"}, "multimedia": null}, {"display_title": "Lasse-Maja", "mpaa_rating": "", "critics_pick": 0, "byline": "T.S.", "headline": "Lasse-Maja", "summary_short": "", "publication_date": "1943-03-22", "opening_date": "1943-03-20", "date_updated": "2016-03-30 07:09:19", "link": {"type": "article", "url": "http://www.nytimes.com/movie/review?res=9A03E7DD1F39E33BBC4A51DFB5668388659EDE", "suggested_link_text": "Read the New York Times Review of Lasse-Maja"}, "multimedia": null}, {"display_title": "Chetniks - The Fighting Guerrillas", "mpaa_rating": "", "critics_pick": 0, "byline": "T.M.P.", "headline": "Chetniks", "summary_short": "", "publication_date": "1943-03-19", "opening_date": "1943-01-11", "date_updated": "2016-03-30 06:57:01", "link": {"type": "article", "url": "http://www.nytimes.com/movie/review?res=9F00EEDF1F39E33BBC4152DFB5668388659EDE", "suggested_link_text": "Read the New York Times Review of Chetniks - The Fighting Guerrillas"}, "multimedia": null}, {"display_title": "At the Front", "mpaa_rating": "", "critics_pick": 0, "byline": "B.C.", "headline": "At the Front", "summary_short": "", "publication_date": "1943-03-19", "opening_date": "1943-03-18", "date_updated": "2016-03-30 06:58:36", "link": {"type": "article", "url": "http://www.nytimes.com/movie/review?res=9A00EEDF1F39E33BBC4152DFB5668388659EDE", "suggested_link_text": "Read the New York Times Review of At the Front"}, "multimedia": null}, {"display_title": "Keeper of the Flame", "mpaa_rating": "Not Rated", "critics_pick": 0, "byline": "BOSLEY CROWTHER", "headline": "Keeper of the Flame", "summary_short": "Aftermath of a great man's passing. Original and gripping.", "publication_date": "1943-03-19", "opening_date": "1942-12-01", "date_updated": "2016-03-30 07:29:05", "link": {"type": "article", "url": "http://www.nytimes.com/movie/review?res=9B01EEDF1F39E33BBC4152DFB5668388659EDE", "suggested_link_text": "Read the New York Times Review of Keeper of the Flame"}, "multimedia": null}, {"display_title": "Journey into Fear", "mpaa_rating": "", "critics_pick": 0, "byline": "T.S.", "headline": "Journey Into Fear", "summary_short": "Uneven but murky shipboard suspense that simmers, tho can't touch Ambler novel.", "publication_date": "1943-03-19", "opening_date": "1943-02-12", "date_updated": "2016-03-30 06:45:10", "link": {"type": "article", "url": "http://www.nytimes.com/movie/review?res=9501EEDF1F39E33BBC4152DFB5668388659EDE", "suggested_link_text": "Read the New York Times Review of Journey into Fear"}, "multimedia": null}, {"display_title": "Forever and a Day", "mpaa_rating": "", "critics_pick": 0, "byline": "BOSLEY CROWTHER", "headline": "Forever and a Day", "summary_short": "A London house, through the years. Hollywood Britons made this in World War II. And made it well. Good show.", "publication_date": "1943-03-13", "opening_date": "1943-01-21", "date_updated": "2016-03-30 06:43:38", "link": {"type": "article", "url": "http://www.nytimes.com/movie/review?res=9F00E5D61E39E33BBC4B52DFB5668388659EDE", "suggested_link_text": "Read the New York Times Review of Forever and a Day"}, "multimedia": null}, {"display_title": "The Hard Way", "mpaa_rating": "", "critics_pick": 0, "byline": "T.S.", "headline": "Hard Way, The", "summary_short": "Show-biz climbers. Literate, savvy drama with sterling performances.", "publication_date": "1943-03-13", "opening_date": "1943-02-20", "date_updated": "2016-03-30 06:49:32", "link": {"type": "article", "url": "http://www.nytimes.com/movie/review?res=9800E5D61E39E33BBC4B52DFB5668388659EDE", "suggested_link_text": "Read the New York Times Review of The Hard Way"}, "multimedia": null}, {"display_title": "Stand by for Action", "mpaa_rating": "", "critics_pick": 0, "byline": "BOSLEY CROWTHER", "headline": "Stand by for Action", "summary_short": "What action? WWII navy convoy.", "publication_date": "1943-03-12", "opening_date": null, "date_updated": "2016-03-30 06:55:51", "link": {"type": "article", "url": "http://www.nytimes.com/movie/review?res=940DE0D71E39E33BBC4A52DFB5668388659EDE", "suggested_link_text": "Read the New York Times Review of Stand by for Action"}, "multimedia": null}]}