{"status": "OK", "copyright": "Copyright (c) 2017 The New York Times Company. All Rights Reserved.", "has_more": true, "num_results": 20, "results": [{"display_title": "Lenin v 1918 Godu", "mpaa_rating": "", "critics_pick": 0, "byline": "FRANK S. NUGENT", "headline": "Lenin in 1918", "summary_short": "", "publication_date": "1939-06-27", "opening_date": "1939-06-26", "date_updated": "2016-03-30 07:30:38", "link": {"type": "article", "url": "http://www.nytimes.com/movie/review?res=9D02E4DB1530E53ABC4F51DFB0668382629EDE", "suggested_link_text": "Read the New York Times Review of Lenin v 1918 Godu"}, "multimedia": null}, {"display_title": "Susannah of the Mounties", "mpaa_rating": "PG", "critics_pick": 0, "byline": "FRANK S. NUGENT", "headline": "Susannah of the Mounties", "summary_short": "Shirley in Rose-Marie land. Very entertaining.", "publication_date": "1939-06-24", "opening_date": "1939-06-23", "date_updated": "2016-03-30 07:20:49", "link": {"type": "article", "url": "http://www.nytimes.com/movie/review?res=9B07E0D7173BE033A25757C2A9609C946894D6CF", "suggested_link_text": "Read the New York Times Review of Susannah of the Mounties"}, "multimedia": null}, {"display_title": "Good Girls Go to Paris", "mpaa_rating": "", "critics_pick": 0, "byline": "FRANK S. NUGENT", "headline": "Good Girls Go to Paris", "summary_short": "Most amusing and Miss Blondell is a good gal.", "publication_date": "1939-06-23", "opening_date": "1939-06-20", "date_updated": "2016-03-30 07:23:43", "link": {"type": "article", "url": "http://www.nytimes.com/movie/review?res=9B0CE2DB163BE333A25750C2A9609C946894D6CF", "suggested_link_text": "Read the New York Times Review of Good Girls Go to Paris"}, "multimedia": null}, {"display_title": "S.O.S. Tidal Wave", "mpaa_rating": "", "critics_pick": 0, "byline": "FRANK S. NUGENT", "headline": "SOS Tidal Wave", "summary_short": "Scribe ties mayoral candidate to hoax made possible by TV.", "publication_date": "1939-06-22", "opening_date": "1939-06-02", "date_updated": "2016-03-30 06:41:59", "link": {"type": "article", "url": "http://www.nytimes.com/movie/review?res=9A03EEDD1530E53ABC4A51DFB0668382629EDE", "suggested_link_text": "Read the New York Times Review of S.O.S. Tidal Wave"}, "multimedia": null}, {"display_title": "Clouds over Europe", "mpaa_rating": "", "critics_pick": 0, "byline": "FRANK S. NUGENT", "headline": "Clouds Over Europe", "summary_short": "Engrossing spy yarn though a bit dated.", "publication_date": "1939-06-16", "opening_date": "1939-06-20", "date_updated": "2016-03-30 07:20:51", "link": {"type": "article", "url": "http://www.nytimes.com/movie/review?res=9A0DE5DF1530E53ABC4E52DFB0668382629EDE", "suggested_link_text": "Read the New York Times Review of Clouds over Europe"}, "multimedia": null}, {"display_title": "Inspector Hornleigh", "mpaa_rating": "", "critics_pick": 0, "byline": "FRANK S. NUGENT", "headline": "Inspector Hornleigh", "summary_short": "", "publication_date": "1939-06-15", "opening_date": null, "date_updated": "2016-03-30 06:52:38", "link": {"type": "article", "url": "http://www.nytimes.com/movie/review?res=9D03E3D61430E53ABC4D52DFB0668382629EDE", "suggested_link_text": "Read the New York Times Review of Inspector Hornleigh"}, "multimedia": null}, {"display_title": "It Could Happen to You", "mpaa_rating": "", "critics_pick": 0, "byline": "FRANK S. NUGENT", "headline": "It Could Happen to You", "summary_short": "", "publication_date": "1939-06-09", "opening_date": null, "date_updated": "2016-03-30 07:23:18", "link": {"type": "article", "url": "http://www.nytimes.com/movie/review?res=9F05E0D91430E53ABC4153DFB0668382629EDE", "suggested_link_text": "Read the New York Times Review of It Could Happen to You"}, "multimedia": null}, {"display_title": "Racketeers of the Range", "mpaa_rating": "", "critics_pick": 0, "byline": "FRANK S. NUGENT", "headline": "Racketeers of the Range", "summary_short": "Nice work if you can get it.", "publication_date": "1939-06-08", "opening_date": "1939-05-26", "date_updated": "2016-03-30 07:25:44", "link": {"type": "article", "url": "http://www.nytimes.com/movie/review?res=980CEFDA1430E53ABC4053DFB0668382629EDE", "suggested_link_text": "Read the New York Times Review of Racketeers of the Range"}, "multimedia": null}, {"display_title": "Young Mr. Lincoln", "mpaa_rating": "", "critics_pick": 1, "byline": "FRANK S. NUGENT", "headline": "Young Mr Lincoln", "summary_short": "Very sturdy, the John Ford way.", "publication_date": "1939-06-03", "opening_date": "1939-06-09", "date_updated": "2016-03-30 06:50:05", "link": {"type": "article", "url": "http://www.nytimes.com/movie/review?res=980DE1DC1430E53ABC4B53DFB0668382629EDE", "suggested_link_text": "Read the New York Times Review of Young Mr. Lincoln"}, "multimedia": null}, {"display_title": "The Mikado", "mpaa_rating": "Not Rated", "critics_pick": 0, "byline": "FRANK S. NUGENT", "headline": "Mikado, The", "summary_short": "Opulent, ripely tuneful Gilbert and Sullivan, and more than a bit precious at close range. Best for Savoyards.", "publication_date": "1939-06-02", "opening_date": "1939-05-01", "date_updated": "2016-03-30 07:29:11", "link": {"type": "article", "url": "http://www.nytimes.com/movie/review?res=9407E6DC1430E53ABC4A53DFB0668382629EDE", "suggested_link_text": "Read the New York Times Review of The Mikado"}, "multimedia": null}, {"display_title": "Undercover Doctor", "mpaa_rating": "", "critics_pick": 0, "byline": "FRANK S. NUGENT", "headline": "Undercover Doctor", "summary_short": "", "publication_date": "1939-06-01", "opening_date": "1939-06-09", "date_updated": "2016-03-30 06:56:39", "link": {"type": "article", "url": "http://www.nytimes.com/movie/review?res=9504E4DD1430E53ABC4953DFB0668382629EDE", "suggested_link_text": "Read the New York Times Review of Undercover Doctor"}, "multimedia": null}, {"display_title": "Charlie Chan in Reno", "mpaa_rating": "", "critics_pick": 0, "byline": "FRANK S. NUGENT", "headline": "Charlie Chan in Reno", "summary_short": "Nothing special.", "publication_date": "1939-05-31", "opening_date": "1939-06-16", "date_updated": "2016-03-30 07:27:53", "link": {"type": "article", "url": "http://www.nytimes.com/movie/review?res=9E07E0DE1430E53ABC4950DFB3668382629EDE", "suggested_link_text": "Read the New York Times Review of Charlie Chan in Reno"}, "multimedia": null}, {"display_title": "The Kid from Kokomo", "mpaa_rating": "", "critics_pick": 0, "byline": "FRANK S. NUGENT", "headline": "Kid From Kokomo, The", "summary_short": "Absurdly, fabricated farce.", "publication_date": "1939-05-20", "opening_date": "2003-04-11", "date_updated": "2016-03-30 07:28:48", "link": {"type": "article", "url": "http://www.nytimes.com/movie/review?res=9E06EFDB1730E53ABC4851DFB3668382629EDE", "suggested_link_text": "Read the New York Times Review of The Kid from Kokomo"}, "multimedia": null}, {"display_title": "It's a Wonderful World", "mpaa_rating": "Not Rated", "critics_pick": 0, "byline": "FRANK S. NUGENT", "headline": "It's a Wonderful World", "summary_short": "Poet and scoutmaster. Deft, amusing whodunit.", "publication_date": "1939-05-19", "opening_date": "1939-05-19", "date_updated": "2016-03-30 06:45:01", "link": {"type": "article", "url": "http://www.nytimes.com/movie/review?res=9B04E4DB1730E53ABC4152DFB3668382629EDE", "suggested_link_text": "Read the New York Times Review of It's a Wonderful World"}, "multimedia": null}, {"display_title": "Sorority House", "mpaa_rating": "", "critics_pick": 0, "byline": "FRANK S. NUGENT", "headline": "Sorority House", "summary_short": "College aches and pains.", "publication_date": "1939-05-18", "opening_date": "1939-05-05", "date_updated": "2016-03-30 07:29:19", "link": {"type": "article", "url": "http://www.nytimes.com/movie/review?res=9406E0DA113CE73ABC4052DFB3668382629EDE", "suggested_link_text": "Read the New York Times Review of Sorority House"}, "multimedia": null}, {"display_title": "Goodbye, Mr. Chips", "mpaa_rating": "Not Rated", "critics_pick": 1, "byline": "FRANK S. NUGENT", "headline": "Goodbye Mr Chips", "summary_short": "British boys-school teacher over years, and just about perfect. Donat's Oscar- winner, beautifully abetted by Garson.", "publication_date": "1939-05-16", "opening_date": "1939-07-28", "date_updated": "2016-03-30 06:42:39", "link": {"type": "article", "url": "http://www.nytimes.com/movie/review?res=9D02E1D91F3CE533A25755C1A9639C946894D6CF", "suggested_link_text": "Read the New York Times Review of Goodbye, Mr. Chips"}, "multimedia": null}, {"display_title": "Only Angels Have Wings", "mpaa_rating": "", "critics_pick": 1, "byline": "FRANK S. NUGENT", "headline": "Only Angels Have Wings", "summary_short": "Mail fliers in Central America. Excellent Howard Hawks drama.", "publication_date": "1939-05-12", "opening_date": "1939-05-15", "date_updated": "2016-03-30 07:22:17", "link": {"type": "article", "url": "http://www.nytimes.com/movie/review?res=9E03E1DF1730E53ABC4A52DFB3668382629EDE", "suggested_link_text": "Read the New York Times Review of Only Angels Have Wings"}, "multimedia": null}, {"display_title": "Union Pacific", "mpaa_rating": "Not Rated", "critics_pick": 0, "byline": "FRANK S. NUGENT", "headline": "Union Pacific", "summary_short": "DeMille's railroad pioneers. Typical, booming eyeful.", "publication_date": "1939-05-11", "opening_date": "1939-05-05", "date_updated": "2016-03-30 06:53:15", "link": {"type": "article", "url": "http://www.nytimes.com/movie/review?res=9D05E5DA1F3CE533A25752C1A9639C946894D6CF", "suggested_link_text": "Read the New York Times Review of Union Pacific"}, "multimedia": null}, {"display_title": "Fixer Dugan", "mpaa_rating": "", "critics_pick": 0, "byline": "FRANK S. NUGENT", "headline": "Fixer Dugan", "summary_short": "Circus trouble- shooter and lion tamer.", "publication_date": "1939-05-06", "opening_date": "1939-05-05", "date_updated": "2016-03-30 06:47:13", "link": {"type": "article", "url": "http://www.nytimes.com/movie/review?res=9F06E3D61630E53ABC4E53DFB3668382629EDE", "suggested_link_text": "Read the New York Times Review of Fixer Dugan"}, "multimedia": null}, {"display_title": "East Side of Heaven", "mpaa_rating": "", "critics_pick": 0, "byline": "FRANK S. NUGENT", "headline": "East Side of Heaven", "summary_short": "Typical, tuneful.", "publication_date": "1939-05-05", "opening_date": "1939-04-07", "date_updated": "2016-03-30 07:16:30", "link": {"type": "article", "url": "http://www.nytimes.com/movie/review?res=9401E1D71630E53ABC4D53DFB3668382629EDE", "suggested_link_text": "Read the New York Times Review of East Side of Heaven"}, "multimedia": null}]}