{"status": "OK", "copyright": "Copyright (c) 2017 The New York Times Company. All Rights Reserved.", "has_more": true, "num_results": 20, "results": [{"display_title": "Lady Luck", "mpaa_rating": "", "critics_pick": 0, "byline": "BOSLEY CROWTHER", "headline": "Lady Luck", "summary_short": "Compulsive-gambler husband. Middling comedy-drama.", "publication_date": "1946-10-31", "opening_date": null, "date_updated": "2016-03-30 06:56:56", "link": {"type": "article", "url": "http://www.nytimes.com/movie/review?res=9C06E5D61038E53ABC4950DFB667838D659EDE", "suggested_link_text": "Read the New York Times Review of Lady Luck"}, "multimedia": null}, {"display_title": "The Cockeyed Miracle", "mpaa_rating": "", "critics_pick": 0, "byline": "BOSLEY CROWTHER", "headline": "Cockeyed Miracle, The", "summary_short": "Restless spirit returns to Earth to right financial goof.", "publication_date": "1946-10-25", "opening_date": null, "date_updated": "2016-03-30 07:05:49", "link": {"type": "article", "url": "http://www.nytimes.com/movie/review?res=9800E3DC1038E53ABC4D51DFB667838D659EDE", "suggested_link_text": "Read the New York Times Review of The Cockeyed Miracle"}, "multimedia": null}, {"display_title": "Angel on My Shoulder", "mpaa_rating": "", "critics_pick": 0, "byline": "BOSLEY CROWTHER", "headline": "Angel on my Shoulder", "summary_short": "Talky but engrossing fantasy, centered on Muni.", "publication_date": "1946-10-21", "opening_date": "1946-09-20", "date_updated": "2016-03-30 07:06:04", "link": {"type": "article", "url": "http://www.nytimes.com/movie/review?res=9504E4DF1038E53ABC4951DFB667838D659EDE", "suggested_link_text": "Read the New York Times Review of Angel on My Shoulder"}, "multimedia": null}, {"display_title": "The Dark Mirror", "mpaa_rating": "", "critics_pick": 0, "byline": "BOSLEY CROWTHER", "headline": "Dark Mirror, The", "summary_short": "Twin sisters, lamb and psycho-killer. Tense, tight, well played.", "publication_date": "1946-10-19", "opening_date": "1946-10-18", "date_updated": "2016-03-30 07:16:43", "link": {"type": "article", "url": "http://www.nytimes.com/movie/review?res=9B05E1D61338E53ABC4152DFB667838D659EDE", "suggested_link_text": "Read the New York Times Review of The Dark Mirror"}, "multimedia": null}, {"display_title": "No Leave, No Love", "mpaa_rating": "", "critics_pick": 0, "byline": "BOSLEY CROWTHER", "headline": "No Leave, No Love", "summary_short": "No dice. Marines in the Big Town.", "publication_date": "1946-10-18", "opening_date": "1946-10-03", "date_updated": "2016-03-30 07:25:30", "link": {"type": "article", "url": "http://www.nytimes.com/movie/review?res=9806E3D91039E23ABC4052DFB667838D659EDE", "suggested_link_text": "Read the New York Times Review of No Leave, No Love"}, "multimedia": null}, {"display_title": "Blue Skies", "mpaa_rating": "", "critics_pick": 0, "byline": "BOSLEY CROWTHER", "headline": "Blue Skies", "summary_short": "Pleasantly blue, with Irving Berlin sunshine.", "publication_date": "1946-10-17", "opening_date": "1946-11-01", "date_updated": "2016-03-30 06:42:40", "link": {"type": "article", "url": "http://www.nytimes.com/movie/review?res=9B06EFD8103BE433A25754C1A9669D946793D6CF", "suggested_link_text": "Read the New York Times Review of Blue Skies"}, "multimedia": null}, {"display_title": "The Jolson Story", "mpaa_rating": "", "critics_pick": 0, "byline": "BOSLEY CROWTHER", "headline": "Jolson Story, The", "summary_short": "Tame drama but a vibrant, nostalgic earful of ripe melodies. Super sound track.", "publication_date": "1946-10-11", "opening_date": "1946-10-10", "date_updated": "2016-03-30 06:48:15", "link": {"type": "article", "url": "http://www.nytimes.com/movie/review?res=9C05E6DD1039E23ABC4952DFB667838D659EDE", "suggested_link_text": "Read the New York Times Review of The Jolson Story"}, "multimedia": null}, {"display_title": "Gallant Journey", "mpaa_rating": "", "critics_pick": 0, "byline": "BOSLEY CROWTHER", "headline": "Gallant Journey", "summary_short": "Rather taciturn biography of man who experimented with gliders.", "publication_date": "1946-10-10", "opening_date": "1946-09-24", "date_updated": "2016-03-30 07:11:58", "link": {"type": "article", "url": "http://www.nytimes.com/movie/review?res=9905EFDE1E3AEE3BBC4852DFB667838D659EDE", "suggested_link_text": "Read the New York Times Review of Gallant Journey"}, "multimedia": null}, {"display_title": "Cloak and Dagger", "mpaa_rating": "", "critics_pick": 0, "byline": "BOSLEY CROWTHER", "headline": "Cloak and Dagger", "summary_short": "Fast and improbable. Fritz Lang marking time.", "publication_date": "1946-10-05", "opening_date": "1946-09-28", "date_updated": "2016-03-30 07:15:51", "link": {"type": "article", "url": "http://www.nytimes.com/movie/review?res=9500E0D7113AEE3BBC4D53DFB667838D659EDE", "suggested_link_text": "Read the New York Times Review of Cloak and Dagger"}, "multimedia": null}, {"display_title": "Sister Kenny", "mpaa_rating": "", "critics_pick": 0, "byline": "BOSLEY CROWTHER", "headline": "Sister Kenny", "summary_short": "Australian nurse and her polio treatment. Firmly effective, but we'll take Sister Mame.", "publication_date": "1946-09-30", "opening_date": "1946-10-10", "date_updated": "2016-03-30 07:13:57", "link": {"type": "article", "url": "http://www.nytimes.com/movie/review?res=9E02E5D71338E53ABC4850DFBF66838D659EDE", "suggested_link_text": "Read the New York Times Review of Sister Kenny"}, "multimedia": null}, {"display_title": "Western Approaches", "mpaa_rating": "", "critics_pick": 0, "byline": "ROSLEY CROWTHER", "headline": "Western Approaches", "summary_short": "", "publication_date": "1946-09-28", "opening_date": null, "date_updated": "2016-03-30 07:29:03", "link": {"type": "article", "url": "http://www.nytimes.com/movie/review?res=9805E1DA1338E53ABC4051DFBF66838D659EDE", "suggested_link_text": "Read the New York Times Review of Western Approaches"}, "multimedia": null}, {"display_title": "Three Wise Fools", "mpaa_rating": "", "critics_pick": 0, "byline": "BOSLEY CROWTHER", "headline": "Three Wise Fools", "summary_short": "Margaret believes in leprechauns. If you can stand it, try it.", "publication_date": "1946-09-27", "opening_date": null, "date_updated": "2016-03-30 07:29:39", "link": {"type": "article", "url": "http://www.nytimes.com/movie/review?res=9405EEDB1338E53ABC4F51DFBF66838D659EDE", "suggested_link_text": "Read the New York Times Review of Three Wise Fools"}, "multimedia": null}, {"display_title": "The Black Angel", "mpaa_rating": "", "critics_pick": 0, "byline": "BOSLEY CROWTHER", "headline": "Black Angel", "summary_short": "Twisty, compelling puzzler, via Cornell Woolrich story. Stay with it.", "publication_date": "1946-09-26", "opening_date": "1946-08-02", "date_updated": "2016-03-30 06:46:40", "link": {"type": "article", "url": "http://www.nytimes.com/movie/review?res=9400E3D7133AEE3ABC4E51DFBF66838D659EDE", "suggested_link_text": "Read the New York Times Review of The Black Angel"}, "multimedia": null}, {"display_title": "Two Years Before the Mast", "mpaa_rating": "", "critics_pick": 0, "byline": "BOSLEY CROWTHER", "headline": "Two Years Before the Mast", "summary_short": "Muscular and briny but familiar.", "publication_date": "1946-09-25", "opening_date": "1946-11-22", "date_updated": "2016-03-30 06:44:15", "link": {"type": "article", "url": "http://www.nytimes.com/movie/review?res=9E05E4DB1338E53ABC4D51DFBF66838D659EDE", "suggested_link_text": "Read the New York Times Review of Two Years Before the Mast"}, "multimedia": null}, {"display_title": "If I'm Lucky", "mpaa_rating": "", "critics_pick": 0, "byline": "BOSLEY CROWTHER", "headline": "If I'm Lucky", "summary_short": "Anemic trifle about swing band and governorship.", "publication_date": "1946-09-20", "opening_date": "1946-09-02", "date_updated": "2016-03-30 07:29:01", "link": {"type": "article", "url": "http://www.nytimes.com/movie/review?res=9801E5DE1338E53ABC4851DFBF66838D659EDE", "suggested_link_text": "Read the New York Times Review of If I'm Lucky"}, "multimedia": null}, {"display_title": "Home Sweet Homicide", "mpaa_rating": "", "critics_pick": 0, "byline": "BOSLEY CROWTHER", "headline": "Home Sweet Homicide", "summary_short": "Dean Stockwell, Lynn Bari. Pleasant enough whodunit with sleuthing kids. The catch is their squealing.", "publication_date": "1946-09-12", "opening_date": "1946-10-02", "date_updated": "2016-03-30 07:23:45", "link": {"type": "article", "url": "http://www.nytimes.com/movie/review?res=9506E3DF1638E73ABC4A52DFBF66838D659EDE", "suggested_link_text": "Read the New York Times Review of Home Sweet Homicide"}, "multimedia": null}, {"display_title": "Crack-Up", "mpaa_rating": "", "critics_pick": 0, "byline": "BOSLEY CROWTHER", "headline": "Crack-Up", "summary_short": "Murder in the art world. Slender, trim whodunit.", "publication_date": "1946-09-07", "opening_date": "1946-09-06", "date_updated": "2016-03-30 07:21:03", "link": {"type": "article", "url": "http://www.nytimes.com/movie/review?res=9A01E7D7153FE23BBC4F53DFBF66838D659EDE", "suggested_link_text": "Read the New York Times Review of Crack-Up"}, "multimedia": null}, {"display_title": "Caesar and Cleopatra", "mpaa_rating": "", "critics_pick": 0, "byline": "BOSLEY CROWTHER", "headline": "Caesar and Cleopatra", "summary_short": "Shaw's version. Lovely to look at, even better to hear.", "publication_date": "1946-09-06", "opening_date": "1946-09-06", "date_updated": "2016-03-30 07:20:40", "link": {"type": "article", "url": "http://www.nytimes.com/movie/review?res=9802EFD91439E731A25755C0A96F9C946793D6CF", "suggested_link_text": "Read the New York Times Review of Caesar and Cleopatra"}, "multimedia": null}, {"display_title": "Monsieur Beaucaire", "mpaa_rating": "", "critics_pick": 0, "byline": "BOSLEY CROWTHER", "headline": "Monsieur Beaucaire", "summary_short": "Hope ahop in old France. Funny indeed.", "publication_date": "1946-09-05", "opening_date": "1946-09-04", "date_updated": "2016-03-30 06:50:45", "link": {"type": "article", "url": "http://www.nytimes.com/movie/review?res=9C00E1D61F39E73ABC4D53DFBF66838D659EDE", "suggested_link_text": "Read the New York Times Review of Monsieur Beaucaire"}, "multimedia": null}, {"display_title": "Black Beauty", "mpaa_rating": "", "critics_pick": 0, "byline": "BOSLEY CROWTHER", "headline": "Black Beauty", "summary_short": "Very nice for the youngsters.", "publication_date": "1946-08-30", "opening_date": "1946-08-29", "date_updated": "2016-03-30 07:11:36", "link": {"type": "article", "url": "http://www.nytimes.com/movie/review?res=9A01EFD91F3EE33ABC4850DFBE66838D659EDE", "suggested_link_text": "Read the New York Times Review of Black Beauty"}, "multimedia": null}]}