{"status": "OK", "copyright": "Copyright (c) 2017 The New York Times Company. All Rights Reserved.", "has_more": true, "num_results": 20, "results": [{"display_title": "Calcutta", "mpaa_rating": "", "critics_pick": 0, "byline": "T.M.P.", "headline": "Calcutta", "summary_short": "Shakily plotted revenge drama. Some okay trouping.", "publication_date": "1947-04-24", "opening_date": null, "date_updated": "2016-03-30 06:55:55", "link": {"type": "article", "url": "http://www.nytimes.com/movie/review?res=9C0CE0D6173CE13BBC4C51DFB266838C659EDE", "suggested_link_text": "Read the New York Times Review of Calcutta"}, "multimedia": null}, {"display_title": "The Macomber Affair", "mpaa_rating": "", "critics_pick": 0, "byline": "BOSLEY CROWTHER", "headline": "Macomber Affair, The", "summary_short": "African safari and good, thorny Hemingway till that soft, teasing resolution.", "publication_date": "1947-04-21", "opening_date": null, "date_updated": "2016-03-30 07:19:38", "link": {"type": "article", "url": "http://www.nytimes.com/movie/review?res=9E0CE5DF143AE233A25752C2A9629C946693D6CF", "suggested_link_text": "Read the New York Times Review of The Macomber Affair"}, "multimedia": null}, {"display_title": "Fear in the Night", "mpaa_rating": "", "critics_pick": 0, "byline": "B.C.", "headline": "Fear in the Night", "summary_short": "Anybody who swallows this will believe anything.", "publication_date": "1947-04-19", "opening_date": "1947-04-18", "date_updated": "2016-03-30 07:12:44", "link": {"type": "article", "url": "http://www.nytimes.com/movie/review?res=9B0DE2D8153EE13BBC4152DFB266838C659EDE", "suggested_link_text": "Read the New York Times Review of Fear in the Night"}, "multimedia": null}, {"display_title": "This Happy Breed", "mpaa_rating": "", "critics_pick": 0, "byline": "BOSLEY CROWTHER", "headline": "This Happy Breed", "summary_short": "", "publication_date": "1947-04-14", "opening_date": "1947-04-12", "date_updated": "2016-03-30 06:59:00", "link": {"type": "article", "url": "http://www.nytimes.com/movie/review?res=9A01E4DA153EE13BBC4C52DFB266838C659EDE", "suggested_link_text": "Read the New York Times Review of This Happy Breed"}, "multimedia": null}, {"display_title": "Buck Privates Come Home", "mpaa_rating": "", "critics_pick": 0, "byline": "T.M.P.", "headline": "Buck Privates Come Home", "summary_short": "Smuggling a war orphan into U.S. More substance for the boys than usual, sometimes quite moving.", "publication_date": "1947-04-12", "opening_date": "1947-04-04", "date_updated": "2016-03-30 06:42:43", "link": {"type": "article", "url": "http://www.nytimes.com/movie/review?res=9E03EEDF153EE13BBC4A52DFB266838C659EDE", "suggested_link_text": "Read the New York Times Review of Buck Privates Come Home"}, "multimedia": null}, {"display_title": "Smash-Up: The Story of a Woman", "mpaa_rating": "", "critics_pick": 0, "byline": "BOSLEY CROWTHER", "headline": "Smash-Up, The Story of a Woman", "summary_short": "Club singer turns alcoholic. Good early drama on the subject and Sue is super.", "publication_date": "1947-04-11", "opening_date": "1947-03-01", "date_updated": "2016-03-30 07:14:26", "link": {"type": "article", "url": "http://www.nytimes.com/movie/review?res=990CE2DF153EE13BBC4952DFB266838C659EDE", "suggested_link_text": "Read the New York Times Review of Smash-Up: The Story of a Woman"}, "multimedia": null}, {"display_title": "Trail Street", "mpaa_rating": "", "critics_pick": 0, "byline": "B.C.", "headline": "Trail Street", "summary_short": "Early Kansas wheat farmers. Mainly corn flakes.", "publication_date": "1947-04-10", "opening_date": "1947-02-19", "date_updated": "2016-03-30 06:55:32", "link": {"type": "article", "url": "http://www.nytimes.com/movie/review?res=9F02E4D7113EEE3BBC4852DFB266838C659EDE", "suggested_link_text": "Read the New York Times Review of Trail Street"}, "multimedia": null}, {"display_title": "La Main du Diable", "mpaa_rating": "", "critics_pick": 0, "byline": "BOSLEY CROWTHER", "headline": "Carnival of Sinners", "summary_short": "Artist sells soul for talisman.", "publication_date": "1947-04-08", "opening_date": "1947-04-07", "date_updated": "2016-03-30 06:52:58", "link": {"type": "article", "url": "http://www.nytimes.com/movie/review?res=9D0DEED6143EE13BBC4053DFB266838C659EDE", "suggested_link_text": "Read the New York Times Review of La Main du Diable"}, "multimedia": null}, {"display_title": "Time out of Mind", "mpaa_rating": "", "critics_pick": 0, "byline": "T.M.P.", "headline": "Time Out of Mind", "summary_short": "Gloomy costume drama of unhappy marriage.", "publication_date": "1947-04-07", "opening_date": "1947-05-03", "date_updated": "2016-03-30 06:47:12", "link": {"type": "article", "url": "http://www.nytimes.com/movie/review?res=9402E7D8173CE13BBC4F53DFB266838C659EDE", "suggested_link_text": "Read the New York Times Review of Time out of Mind"}, "multimedia": null}, {"display_title": "Tarzan and the Huntress", "mpaa_rating": "", "critics_pick": 0, "byline": "B.C.", "headline": "Tarzan and the Huntress", "summary_short": "Leafy and slender.", "publication_date": "1947-04-07", "opening_date": "1947-04-05", "date_updated": "2016-03-30 06:55:50", "link": {"type": "article", "url": "http://www.nytimes.com/movie/review?res=9D0DE7D8173CE13BBC4F53DFB266838C659EDE", "suggested_link_text": "Read the New York Times Review of Tarzan and the Huntress"}, "multimedia": null}, {"display_title": "That's My Man", "mpaa_rating": "", "critics_pick": 0, "byline": "A.W.", "headline": "That's my Man", "summary_short": "", "publication_date": "1947-04-07", "opening_date": "1947-06-01", "date_updated": "2016-03-30 06:42:28", "link": {"type": "article", "url": "http://www.nytimes.com/movie/review?res=9C0DE7D8173CE13BBC4F53DFB266838C659EDE", "suggested_link_text": "Read the New York Times Review of That's My Man"}, "multimedia": null}, {"display_title": "Life Begins Anew", "mpaa_rating": "", "critics_pick": 0, "byline": "J.R.L.", "headline": "Life Begins Anew", "summary_short": "", "publication_date": "1947-04-07", "opening_date": null, "date_updated": "2016-03-30 07:12:13", "link": {"type": "article", "url": "http://www.nytimes.com/movie/review?res=9F0DE7D8173CE13BBC4F53DFB266838C659EDE", "suggested_link_text": "Read the New York Times Review of Life Begins Anew"}, "multimedia": null}, {"display_title": "Stallion Road", "mpaa_rating": "", "critics_pick": 0, "byline": "BOSLEY CROWTHER", "headline": "Stallion Road", "summary_short": "Anyway, hooray for the horses.", "publication_date": "1947-04-05", "opening_date": "1947-04-12", "date_updated": "2016-03-30 06:44:38", "link": {"type": "article", "url": "http://www.nytimes.com/movie/review?res=9C0DE5D6143EE13BBC4D53DFB266838C659EDE", "suggested_link_text": "Read the New York Times Review of Stallion Road"}, "multimedia": null}, {"display_title": "The Mighty McGurk", "mpaa_rating": "", "critics_pick": 0, "byline": "A.W.", "headline": "Mighty McGurk, The", "summary_short": "Contrived and confused drama of ex-fighter.", "publication_date": "1947-04-04", "opening_date": "1947-01-02", "date_updated": "2016-03-30 06:51:45", "link": {"type": "article", "url": "http://www.nytimes.com/movie/review?res=9C04E2D9173CE13BBC4C53DFB266838C659EDE", "suggested_link_text": "Read the New York Times Review of The Mighty McGurk"}, "multimedia": null}, {"display_title": "La Cage aux Rossignols", "mpaa_rating": "", "critics_pick": 0, "byline": "BOSLEY CROWTHER", "headline": "Cage of Nightingales, A", "summary_short": "", "publication_date": "1947-04-03", "opening_date": null, "date_updated": "2016-03-30 06:50:31", "link": {"type": "article", "url": "http://www.nytimes.com/movie/review?res=9405E5DF113BEF3ABC4B53DFB266838C659EDE", "suggested_link_text": "Read the New York Times Review of La Cage aux Rossignols"}, "multimedia": null}, {"display_title": "Carnival in Costa Rica", "mpaa_rating": "", "critics_pick": 0, "byline": "BOSLEY CROWTHER", "headline": "Carnival in Costa Rica", "summary_short": "Standard pleasantry.", "publication_date": "1947-03-29", "opening_date": null, "date_updated": "2016-03-30 07:14:16", "link": {"type": "article", "url": "http://www.nytimes.com/movie/review?res=9A05EEDB143EE13BBC4151DFB566838C659EDE", "suggested_link_text": "Read the New York Times Review of Carnival in Costa Rica"}, "multimedia": null}, {"display_title": "Johnny O'Clock", "mpaa_rating": "", "critics_pick": 0, "byline": "BOSLEY CROWTHER", "headline": "Johnny O'Clock", "summary_short": "Tough, aimless melodrama.", "publication_date": "1947-03-27", "opening_date": "1947-01-23", "date_updated": "2016-03-30 07:07:27", "link": {"type": "article", "url": "http://www.nytimes.com/movie/review?res=9404E6D8113EEE3BBC4F51DFB566838C659EDE", "suggested_link_text": "Read the New York Times Review of Johnny O'Clock"}, "multimedia": null}, {"display_title": "The Farmer's Daughter", "mpaa_rating": "Not Rated", "critics_pick": 1, "byline": "BOSLEY CROWTHER", "headline": "Farmer's Daughter, The", "summary_short": "Delightful, rounded comedy of servant turned congresswoman. Loretta's Oscar.", "publication_date": "1947-03-26", "opening_date": "1947-03-26", "date_updated": "2016-03-30 06:53:16", "link": {"type": "article", "url": "http://www.nytimes.com/movie/review?res=9E00E0DA113EEE3BBC4E51DFB566838C659EDE", "suggested_link_text": "Read the New York Times Review of The Farmer's Daughter"}, "multimedia": null}, {"display_title": "The Devil Thumbs a Ride", "mpaa_rating": "", "critics_pick": 0, "byline": "B.C.", "headline": "Devil Thumbs a Ride, The", "summary_short": "Killer eludes police dragnet. Standard.", "publication_date": "1947-03-22", "opening_date": "1947-02-20", "date_updated": "2016-03-30 07:12:32", "link": {"type": "article", "url": "http://www.nytimes.com/movie/review?res=950DE2DB173CE13BBC4A51DFB566838C659EDE", "suggested_link_text": "Read the New York Times Review of The Devil Thumbs a Ride"}, "multimedia": null}, {"display_title": "The Late George Apley", "mpaa_rating": "", "critics_pick": 0, "byline": "BOSLEY CROWTHER", "headline": "Late George Apley, The", "summary_short": "Marquand's Boston aristocrats. Diluted drama but still interesting, with some bite. Lovely bit by Vanessa.", "publication_date": "1947-03-21", "opening_date": "1947-03-20", "date_updated": "2016-03-30 07:12:17", "link": {"type": "article", "url": "http://www.nytimes.com/movie/review?res=9805E5DB173CE13BBC4951DFB566838C659EDE", "suggested_link_text": "Read the New York Times Review of The Late George Apley"}, "multimedia": null}]}