{"status": "OK", "copyright": "Copyright (c) 2017 The New York Times Company. All Rights Reserved.", "has_more": true, "num_results": 20, "results": [{"display_title": "Sailor's Luck", "mpaa_rating": "", "critics_pick": 0, "byline": "MORDAUNT HALL.", "headline": "Sailor's Luck", "summary_short": "On leave. Very appealing, from the good old days.", "publication_date": "1933-03-17", "opening_date": "1933-03-17", "date_updated": "2016-03-30 07:24:54", "link": {"type": "article", "url": "http://www.nytimes.com/movie/review?res=9C03E3D71738E333A25754C1A9659C946294D6CF", "suggested_link_text": "Read the New York Times Review of Sailor's Luck"}, "multimedia": null}, {"display_title": "The Man They Couldn't Arrest", "mpaa_rating": "", "critics_pick": 0, "byline": "A.D.S.", "headline": "Man they Couldn't Arrest, The", "summary_short": "", "publication_date": "1933-03-14", "opening_date": "1933-10-24", "date_updated": "2016-03-30 07:27:19", "link": {"type": "article", "url": "http://www.nytimes.com/movie/review?res=9B01E6D71F3BEF3ABC4C52DFB5668388629EDE", "suggested_link_text": "Read the New York Times Review of The Man They Couldn't Arrest"}, "multimedia": null}, {"display_title": "Herthas Erwachen", "mpaa_rating": "", "critics_pick": 0, "byline": "MORDAUNT HALL.", "headline": "Hertha's Erwachen", "summary_short": "", "publication_date": "1933-03-14", "opening_date": null, "date_updated": "2016-03-30 06:55:50", "link": {"type": "article", "url": "http://www.nytimes.com/movie/review?res=9A01E6D71F3BEF3ABC4C52DFB5668388629EDE", "suggested_link_text": "Read the New York Times Review of Herthas Erwachen"}, "multimedia": null}, {"display_title": "The Crime of the Century", "mpaa_rating": "", "critics_pick": 0, "byline": "MORDAUNT HALL.", "headline": "Crime of the Century, The", "summary_short": "Not by a long shot.", "publication_date": "1933-03-13", "opening_date": "1933-02-17", "date_updated": "2016-03-30 06:50:26", "link": {"type": "article", "url": "http://www.nytimes.com/movie/review?res=9E0CE0DB173BEF3ABC4B52DFB5668388629EDE", "suggested_link_text": "Read the New York Times Review of The Crime of the Century"}, "multimedia": null}, {"display_title": "Heritage of the Desert", "mpaa_rating": "", "critics_pick": 0, "byline": "MORDAUNT HALL", "headline": "Heritage of the Desert", "summary_short": "An Eastern surveyor saves an orphan and ranchers from rustlers.", "publication_date": "1933-03-11", "opening_date": "1932-09-30", "date_updated": "2016-03-30 07:10:44", "link": {"type": "article", "url": "http://www.nytimes.com/movie/review?res=9402E2DA1539E033A25752C1A9659C946294D6CF", "suggested_link_text": "Read the New York Times Review of Heritage of the Desert"}, "multimedia": null}, {"display_title": "42nd Street", "mpaa_rating": "Not Rated", "critics_pick": 0, "byline": "M.H.", "headline": "42d Street", "summary_short": "Come and meet those dancing feet. Grand and glorious.", "publication_date": "1933-03-10", "opening_date": "1933-03-11", "date_updated": "2016-03-30 06:42:51", "link": {"type": "article", "url": "http://www.nytimes.com/movie/review?res=9B04E0D91738E333A25753C1A9659C946294D6CF", "suggested_link_text": "Read the New York Times Review of 42nd Street"}, "multimedia": null}, {"display_title": "Christopher Strong", "mpaa_rating": "", "critics_pick": 0, "byline": "MORDAUNT HALL.", "headline": "Christopher Strong", "summary_short": "Aviator Kate succumbs to adulterous love. Interesting drama, persuasive cast.", "publication_date": "1933-03-10", "opening_date": "1933-03-31", "date_updated": "2016-03-30 07:17:01", "link": {"type": "article", "url": "http://www.nytimes.com/movie/review?res=9A04E0D91738E333A25753C1A9659C946294D6CF", "suggested_link_text": "Read the New York Times Review of Christopher Strong"}, "multimedia": null}, {"display_title": "La Donna D'una Notte  [Italian Version]", "mpaa_rating": "", "critics_pick": 0, "byline": "H.T.S.", "headline": "Donna D'una Notte, La", "summary_short": "", "publication_date": "1933-03-10", "opening_date": "1930-10-18", "date_updated": "2016-03-30 07:23:33", "link": {"type": "article", "url": "http://www.nytimes.com/movie/review?res=9404E0D91738E333A25753C1A9659C946294D6CF", "suggested_link_text": "Read the New York Times Review of La Donna D'una Notte  [Italian Version]"}, "multimedia": null}, {"display_title": "Racetrack", "mpaa_rating": "", "critics_pick": 0, "byline": "MORDAUNT HALL.", "headline": "Racetrack", "summary_short": "", "publication_date": "1933-03-06", "opening_date": "1933-02-25", "date_updated": "2016-03-30 06:51:58", "link": {"type": "article", "url": "http://www.nytimes.com/movie/review?res=9806E4DC1F3BE233A25755C0A9659C946294D6CF", "suggested_link_text": "Read the New York Times Review of Racetrack"}, "multimedia": null}, {"display_title": "Broadway Bad", "mpaa_rating": "", "critics_pick": 0, "byline": "A.D.S.", "headline": "Broadway Bad", "summary_short": "", "publication_date": "1933-03-06", "opening_date": "1933-02-24", "date_updated": "2016-03-30 06:58:05", "link": {"type": "article", "url": "http://www.nytimes.com/movie/review?res=9906E4DC1F3BE233A25755C0A9659C946294D6CF", "suggested_link_text": "Read the New York Times Review of Broadway Bad"}, "multimedia": null}, {"display_title": "Clear All Wires", "mpaa_rating": "", "critics_pick": 0, "byline": "MORDAUNT HALL.", "headline": "Clear all Wires", "summary_short": "American newsman double-crosses colleagues in Moscow.", "publication_date": "1933-03-04", "opening_date": "1933-02-24", "date_updated": "2016-03-30 07:15:32", "link": {"type": "article", "url": "http://www.nytimes.com/movie/review?res=9C0DE7D91F3BEF3ABC4C53DFB5668388629EDE", "suggested_link_text": "Read the New York Times Review of Clear All Wires"}, "multimedia": null}, {"display_title": "There Goes the Bride", "mpaa_rating": "", "critics_pick": 0, "byline": "A.D.S.", "headline": "There Goes the Bride", "summary_short": "", "publication_date": "1933-03-04", "opening_date": null, "date_updated": "2016-03-30 07:14:20", "link": {"type": "article", "url": "http://www.nytimes.com/movie/review?res=9B0CE7D91F3BEF3ABC4C53DFB5668388629EDE", "suggested_link_text": "Read the New York Times Review of There Goes the Bride"}, "multimedia": null}, {"display_title": "Walzerparadies", "mpaa_rating": "", "critics_pick": 0, "byline": "H.T.S.", "headline": "Walzerparadies", "summary_short": "", "publication_date": "1933-03-04", "opening_date": null, "date_updated": "2016-03-30 06:45:39", "link": {"type": "article", "url": "http://www.nytimes.com/movie/review?res=940CE7D91F3BEF3ABC4C53DFB5668388629EDE", "suggested_link_text": "Read the New York Times Review of Walzerparadies"}, "multimedia": null}, {"display_title": "King Kong", "mpaa_rating": "Not Rated", "critics_pick": 1, "byline": "MORDAUNT HALL.", "headline": "King Kong", "summary_short": "The one and only.", "publication_date": "1933-03-03", "opening_date": "1933-04-07", "date_updated": "2016-03-30 06:58:15", "link": {"type": "article", "url": "http://www.nytimes.com/movie/review?res=9F03E3DC173BEF3ABC4B53DFB5668388629EDE", "suggested_link_text": "Read the New York Times Review of King Kong"}, "multimedia": null}, {"display_title": "What Price Decency?", "mpaa_rating": "", "critics_pick": 0, "byline": "MORDAUNT HALL.", "headline": "What Price Decency?", "summary_short": "", "publication_date": "1933-03-02", "opening_date": "1933-03-07", "date_updated": "2016-03-30 06:44:23", "link": {"type": "article", "url": "http://www.nytimes.com/movie/review?res=9E07E1DA1F3BEF3ABC4A53DFB5668388629EDE", "suggested_link_text": "Read the New York Times Review of What Price Decency?"}, "multimedia": null}, {"display_title": "Sailor Be Good", "mpaa_rating": "", "critics_pick": 0, "byline": "M.H.", "headline": "Sailor Be Good", "summary_short": "", "publication_date": "1933-02-27", "opening_date": "1933-03-07", "date_updated": "2016-03-30 06:52:10", "link": {"type": "article", "url": "http://www.nytimes.com/movie/review?res=980CE5DD173BEF3ABC4F51DFB4668388629EDE", "suggested_link_text": "Read the New York Times Review of Sailor Be Good"}, "multimedia": null}, {"display_title": "Blondie Johnson", "mpaa_rating": "", "critics_pick": 0, "byline": "A.D.S.", "headline": "Blondie Johnson", "summary_short": "Mother's death drives woman to life of crime.", "publication_date": "1933-02-27", "opening_date": "1933-02-25", "date_updated": "2016-03-30 06:52:16", "link": {"type": "article", "url": "http://www.nytimes.com/movie/review?res=990CE5DD173BEF3ABC4F51DFB4668388629EDE", "suggested_link_text": "Read the New York Times Review of Blondie Johnson"}, "multimedia": null}, {"display_title": "Rome Express", "mpaa_rating": "", "critics_pick": 0, "byline": "MORDAUNT HALL.", "headline": "Rome Express", "summary_short": "", "publication_date": "1933-02-27", "opening_date": null, "date_updated": "2016-03-30 07:11:56", "link": {"type": "article", "url": "http://www.nytimes.com/movie/review?res=9E0CE5DD173BEF3ABC4F51DFB4668388629EDE", "suggested_link_text": "Read the New York Times Review of Rome Express"}, "multimedia": null}, {"display_title": "Ivan", "mpaa_rating": "", "critics_pick": 0, "byline": "H.T.S.", "headline": "Ivan", "summary_short": "", "publication_date": "1933-02-27", "opening_date": null, "date_updated": "2016-03-30 07:12:22", "link": {"type": "article", "url": "http://www.nytimes.com/movie/review?res=9B0CE5DD173BEF3ABC4F51DFB4668388629EDE", "suggested_link_text": "Read the New York Times Review of Ivan"}, "multimedia": null}, {"display_title": "Friederike", "mpaa_rating": "", "critics_pick": 0, "byline": "H.T.S.", "headline": "Friederike", "summary_short": "", "publication_date": "1933-02-27", "opening_date": null, "date_updated": "2016-03-30 07:05:40", "link": {"type": "article", "url": "http://www.nytimes.com/movie/review?res=940CE5DD173BEF3ABC4F51DFB4668388629EDE", "suggested_link_text": "Read the New York Times Review of Friederike"}, "multimedia": null}]}