{"status": "OK", "copyright": "Copyright (c) 2017 The New York Times Company. All Rights Reserved.", "has_more": true, "num_results": 20, "results": [{"display_title": "The Pied Piper", "mpaa_rating": "", "critics_pick": 0, "byline": "T.S.", "headline": "Pied Piper, The", "summary_short": "Engrossing  pre-World War II drama, with marvelous, moving surprise at the end.", "publication_date": "1942-08-13", "opening_date": "1942-08-21", "date_updated": "2016-03-30 07:06:04", "link": {"type": "article", "url": "http://www.nytimes.com/movie/review?res=9B0CE1DA1239E33BBC4B52DFBE668389659EDE", "suggested_link_text": "Read the New York Times Review of The Pied Piper"}, "multimedia": null}, {"display_title": "Bombs Over Burma", "mpaa_rating": "", "critics_pick": 0, "byline": "T.S.", "headline": "Bombs Over Burma", "summary_short": "", "publication_date": "1942-08-10", "opening_date": "1942-06-05", "date_updated": "2016-03-30 07:25:52", "link": {"type": "article", "url": "http://www.nytimes.com/movie/review?res=9401EEDD1239E33BBC4852DFBE668389659EDE", "suggested_link_text": "Read the New York Times Review of Bombs Over Burma"}, "multimedia": null}, {"display_title": "Tarzan's New York Adventure", "mpaa_rating": "", "critics_pick": 0, "byline": "T.S.", "headline": "Tarzan's New York Adventure", "summary_short": "Okay but the old juice is gone.", "publication_date": "1942-08-07", "opening_date": "1942-05-01", "date_updated": "2016-03-30 06:46:07", "link": {"type": "article", "url": "http://www.nytimes.com/movie/review?res=9507EFDC113CE33BBC4F53DFBE668389659EDE", "suggested_link_text": "Read the New York Times Review of Tarzan's New York Adventure"}, "multimedia": null}, {"display_title": "Little Tokyo, USA", "mpaa_rating": "", "critics_pick": 0, "byline": "T.M.P.", "headline": "Little Tokyo, USA", "summary_short": "", "publication_date": "1942-08-07", "opening_date": "1942-07-08", "date_updated": "2016-03-30 06:51:10", "link": {"type": "article", "url": "http://www.nytimes.com/movie/review?res=9C06EFDC113CE33BBC4F53DFBE668389659EDE", "suggested_link_text": "Read the New York Times Review of Little Tokyo, USA"}, "multimedia": null}, {"display_title": "Invisible Agent", "mpaa_rating": "", "critics_pick": 0, "byline": "T.S.", "headline": "Invisible Agent", "summary_short": "From hunger.", "publication_date": "1942-08-06", "opening_date": "1942-08-07", "date_updated": "2016-03-30 06:45:33", "link": {"type": "article", "url": "http://www.nytimes.com/movie/review?res=9C04E1DC113CE33BBC4E53DFBE668389659EDE", "suggested_link_text": "Read the New York Times Review of Invisible Agent"}, "multimedia": null}, {"display_title": "Holiday Inn", "mpaa_rating": "", "critics_pick": 0, "byline": "T.S.", "headline": "Holiday Inn", "summary_short": "Romantic triangle in a small country hotel. The real star is Irving Berlin's ''White Christmas.''", "publication_date": "1942-08-05", "opening_date": null, "date_updated": "2016-03-30 07:23:29", "link": {"type": "article", "url": "http://www.nytimes.com/movie/review?res=9904E2DC1239E33BBC4D53DFBE668389659EDE", "suggested_link_text": "Read the New York Times Review of Holiday Inn"}, "multimedia": null}, {"display_title": "A-Haunting We Will Go", "mpaa_rating": "", "critics_pick": 0, "byline": "T.S.", "headline": "A-Haunting We Will Go", "summary_short": "Go, men, go!", "publication_date": "1942-08-03", "opening_date": "1942-08-07", "date_updated": "2016-03-30 06:46:57", "link": {"type": "article", "url": "http://www.nytimes.com/movie/review?res=9A03E6DC113CE33BBC4B53DFBE668389659EDE", "suggested_link_text": "Read the New York Times Review of A-Haunting We Will Go"}, "multimedia": null}, {"display_title": "Wings for the Eagle", "mpaa_rating": "", "critics_pick": 0, "byline": "T.S.", "headline": "Wings for the Eagle", "summary_short": "War-worker propaganda. Good trouping by George Tobias.", "publication_date": "1942-08-01", "opening_date": "1942-07-18", "date_updated": "2016-03-30 07:06:11", "link": {"type": "article", "url": "http://www.nytimes.com/movie/review?res=9501E3DE113CE33BBC4953DFBE668389659EDE", "suggested_link_text": "Read the New York Times Review of Wings for the Eagle"}, "multimedia": null}, {"display_title": "They All Kissed the Bride", "mpaa_rating": "", "critics_pick": 0, "byline": "T S.", "headline": "They all Kissed the Bride", "summary_short": "Slapdash comedy scramble, fresh and subtle as a T-model Ford.", "publication_date": "1942-07-31", "opening_date": "1942-06-11", "date_updated": "2016-03-30 06:56:34", "link": {"type": "article", "url": "http://www.nytimes.com/movie/review?res=9E04E3D81239E33BBC4950DFB1668389659EDE", "suggested_link_text": "Read the New York Times Review of They All Kissed the Bride"}, "multimedia": null}, {"display_title": "Mexican Spitfire Sees a Ghost", "mpaa_rating": "", "critics_pick": 0, "byline": "A.W.", "headline": "Mexican Spitfire Sees a Ghost", "summary_short": "Bald corn, granted, but we love 'em both.", "publication_date": "1942-07-31", "opening_date": "1942-06-26", "date_updated": "2016-03-30 07:29:06", "link": {"type": "article", "url": "http://www.nytimes.com/movie/review?res=9804E3D81239E33BBC4950DFB1668389659EDE", "suggested_link_text": "Read the New York Times Review of Mexican Spitfire Sees a Ghost"}, "multimedia": null}, {"display_title": "Flight Lieutenant", "mpaa_rating": "", "critics_pick": 0, "byline": "T.M.P.", "headline": "Flight Lieutenant", "summary_short": "Pretty bad.", "publication_date": "1942-07-31", "opening_date": "1942-07-09", "date_updated": "2016-03-30 07:13:00", "link": {"type": "article", "url": "http://www.nytimes.com/movie/review?res=9F04E3D81239E33BBC4950DFB1668389659EDE", "suggested_link_text": "Read the New York Times Review of Flight Lieutenant"}, "multimedia": null}, {"display_title": "Pierre of the Plains", "mpaa_rating": "", "critics_pick": 0, "byline": "T.S.", "headline": "Pierre of the Plains", "summary_short": "Canadian trapper and barmaid.", "publication_date": "1942-07-30", "opening_date": "1942-07-29", "date_updated": "2016-03-30 07:14:35", "link": {"type": "article", "url": "http://www.nytimes.com/movie/review?res=9407E1DF113CE33BBC4850DFB1668389659EDE", "suggested_link_text": "Read the New York Times Review of Pierre of the Plains"}, "multimedia": null}, {"display_title": "Tombstone", "mpaa_rating": "", "critics_pick": 0, "byline": "T.S.", "headline": "Tombstone, The Town too Tough to Die", "summary_short": "All about Earp.", "publication_date": "1942-07-27", "opening_date": "1942-06-13", "date_updated": "2016-03-30 06:46:01", "link": {"type": "article", "url": "http://www.nytimes.com/movie/review?res=9404E0D6103CE33BBC4F51DFB1668389659EDE", "suggested_link_text": "Read the New York Times Review of Tombstone"}, "multimedia": null}, {"display_title": "Parachute Nurse", "mpaa_rating": "", "critics_pick": 0, "byline": "T.M.P.", "headline": "Parachute Nurse", "summary_short": "World War II nurses learn how to pack their own chutes and jump.", "publication_date": "1942-07-27", "opening_date": "1942-08-06", "date_updated": "2016-03-30 06:43:43", "link": {"type": "article", "url": "http://www.nytimes.com/movie/review?res=9504E0D6103CE33BBC4F51DFB1668389659EDE", "suggested_link_text": "Read the New York Times Review of Parachute Nurse"}, "multimedia": null}, {"display_title": "Priorities on Parade", "mpaa_rating": "", "critics_pick": 0, "byline": "T.S.", "headline": "Priorities on Parade", "summary_short": "Poorly managed trivia.", "publication_date": "1942-07-23", "opening_date": "1942-07-23", "date_updated": "2016-03-30 07:19:30", "link": {"type": "article", "url": "http://www.nytimes.com/movie/review?res=940CE7DD1339E632A25750C2A9619C946393D6CF", "suggested_link_text": "Read the New York Times Review of Priorities on Parade"}, "multimedia": null}, {"display_title": "Drums of the Congo", "mpaa_rating": "", "critics_pick": 0, "byline": "T.S.", "headline": "Drums of the Congo", "summary_short": "", "publication_date": "1942-07-20", "opening_date": "1942-07-17", "date_updated": "2016-03-30 06:43:22", "link": {"type": "article", "url": "http://www.nytimes.com/movie/review?res=9E0DE2DF1738EE3BBC4851DFB1668389659EDE", "suggested_link_text": "Read the New York Times Review of Drums of the Congo"}, "multimedia": null}, {"display_title": "The Big Shot", "mpaa_rating": "", "critics_pick": 0, "byline": "BOSLEY CROWTHER", "headline": "Big Shot, The", "summary_short": "Gangster corn, okay Bogie.", "publication_date": "1942-07-18", "opening_date": "1942-06-13", "date_updated": "2016-03-30 07:26:38", "link": {"type": "article", "url": "http://www.nytimes.com/movie/review?res=9E06E1D8103CE33BBC4052DFB1668389659EDE", "suggested_link_text": "Read the New York Times Review of The Big Shot"}, "multimedia": null}, {"display_title": "Her Cardboard Lover", "mpaa_rating": "", "critics_pick": 0, "byline": "BOSLEY CROWTHER", "headline": "Her Cardboard Lover", "summary_short": "And how. Tired, tattered romantic comedy. Norma's checkout.", "publication_date": "1942-07-17", "opening_date": "1942-07-16", "date_updated": "2016-03-30 07:14:11", "link": {"type": "article", "url": "http://www.nytimes.com/movie/review?res=9A0CE6D8103CE33BBC4F52DFB1668389659EDE", "suggested_link_text": "Read the New York Times Review of Her Cardboard Lover"}, "multimedia": null}, {"display_title": "The Pride of the Yankees", "mpaa_rating": "", "critics_pick": 1, "byline": "BOSLEY CROWTHER", "headline": "Pride of the Yankees, The", "summary_short": "Rounded baseball drama about Lou Gehrig's career.", "publication_date": "1942-07-16", "opening_date": "1943-03-05", "date_updated": "2016-03-30 06:57:41", "link": {"type": "article", "url": "http://www.nytimes.com/movie/review?res=9E0DEFD71E31E53BBC4E52DFB1668389659EDE", "suggested_link_text": "Read the New York Times Review of The Pride of the Yankees"}, "multimedia": null}, {"display_title": "Sweater Girl", "mpaa_rating": "", "critics_pick": 0, "byline": "-- T.S.", "headline": "Sweater Girl", "summary_short": "Campus murders, infinitely better years ago as &quot;&quot;College Scandal.'' Plot's the thing, or was.", "publication_date": "1942-07-13", "opening_date": null, "date_updated": "2016-03-30 06:53:07", "link": {"type": "article", "url": "http://www.nytimes.com/movie/review?res=9402EEDA103CE33BBC4B52DFB1668389659EDE", "suggested_link_text": "Read the New York Times Review of Sweater Girl"}, "multimedia": null}]}