{"status": "OK", "copyright": "Copyright (c) 2017 The New York Times Company. All Rights Reserved.", "has_more": true, "num_results": 20, "results": [{"display_title": "Mr. Robinson Crusoe", "mpaa_rating": "", "critics_pick": 0, "byline": "MORDAUNT HALL.", "headline": "Mr Robinson Crusoe", "summary_short": "Playboy yachtsman creates island paradise to win a bet.", "publication_date": "1932-09-22", "opening_date": "1932-08-19", "date_updated": "2016-03-30 07:16:54", "link": {"type": "article", "url": "http://www.nytimes.com/movie/review?res=9B03E6DC1331E633A25751C2A96F9C946394D6CF", "suggested_link_text": "Read the New York Times Review of Mr. Robinson Crusoe"}, "multimedia": null}, {"display_title": "M\u00c3\u00a4dchen in Uniform", "mpaa_rating": "", "critics_pick": 0, "byline": "MORDAUNT HALL.", "headline": "Maedchen in Uniform", "summary_short": "Student in love with teacher at Prussian girls' school.", "publication_date": "1932-09-21", "opening_date": null, "date_updated": "2016-03-30 06:46:35", "link": {"type": "article", "url": "http://www.nytimes.com/movie/review?res=9405E2DE1539E033A25752C2A96F9C946394D6CF", "suggested_link_text": "Read the New York Times Review of M\u00c3\u00a4dchen in Uniform"}, "multimedia": null}, {"display_title": "The Phantom Express", "mpaa_rating": "", "critics_pick": 0, "byline": "MORDAUNT HALL.", "headline": "Phantom Express, The", "summary_short": "", "publication_date": "1932-09-20", "opening_date": "1932-08-15", "date_updated": "2016-03-30 06:58:03", "link": {"type": "article", "url": "http://www.nytimes.com/movie/review?res=9E01E0DD1331E633A25753C2A96F9C946394D6CF", "suggested_link_text": "Read the New York Times Review of The Phantom Express"}, "multimedia": null}, {"display_title": "La Perle", "mpaa_rating": "", "critics_pick": 0, "byline": "HERBERT L. MATTHEWS.", "headline": "Perle, La", "summary_short": "", "publication_date": "1932-09-18", "opening_date": null, "date_updated": "2016-03-30 06:56:02", "link": {"type": "article", "url": "http://www.nytimes.com/movie/review?res=9404EFDD1131E333A2575BC1A96F9C946394D6CF", "suggested_link_text": "Read the New York Times Review of La Perle"}, "multimedia": null}, {"display_title": "The Night of June 13", "mpaa_rating": "", "critics_pick": 0, "byline": "MORDAUNT HALL.", "headline": "Night of June 13th, The", "summary_short": "", "publication_date": "1932-09-17", "opening_date": "1932-09-17", "date_updated": "2016-03-30 07:24:01", "link": {"type": "article", "url": "http://www.nytimes.com/movie/review?res=9F02E4DE1331E633A25754C1A96F9C946394D6CF", "suggested_link_text": "Read the New York Times Review of The Night of June 13"}, "multimedia": null}, {"display_title": "The Last Man", "mpaa_rating": "", "critics_pick": 0, "byline": "A.D.S.", "headline": "Last Man, The", "summary_short": "", "publication_date": "1932-09-17", "opening_date": "1932-08-31", "date_updated": "2016-03-30 07:06:01", "link": {"type": "article", "url": "http://www.nytimes.com/movie/review?res=9C02E4DE1331E633A25754C1A96F9C946394D6CF", "suggested_link_text": "Read the New York Times Review of The Last Man"}, "multimedia": null}, {"display_title": "Painted Woman", "mpaa_rating": "", "critics_pick": 0, "byline": "MORDAUNT HALL.", "headline": "Painted Woman, The", "summary_short": "", "publication_date": "1932-09-16", "opening_date": "1932-08-21", "date_updated": "2016-03-30 06:53:20", "link": {"type": "article", "url": "http://www.nytimes.com/movie/review?res=9806EEDA1631E633A25755C1A96F9C946394D6CF", "suggested_link_text": "Read the New York Times Review of Painted Woman"}, "multimedia": null}, {"display_title": "Movie Crazy", "mpaa_rating": "", "critics_pick": 0, "byline": "MORDAUNT HALL.", "headline": "Movie Crazy", "summary_short": "", "publication_date": "1932-09-15", "opening_date": "1932-09-23", "date_updated": "2016-03-30 07:19:08", "link": {"type": "article", "url": "http://www.nytimes.com/movie/review?res=9907E3DE1131E333A25756C1A96F9C946394D6CF", "suggested_link_text": "Read the New York Times Review of Movie Crazy"}, "multimedia": null}, {"display_title": "Bird of Paradise", "mpaa_rating": "", "critics_pick": 0, "byline": "M.H.", "headline": "Bird of Paradise", "summary_short": "South Sea isle romance. Atmospheric antique.", "publication_date": "1932-09-10", "opening_date": "1932-08-12", "date_updated": "2016-03-30 06:57:26", "link": {"type": "article", "url": "http://www.nytimes.com/movie/review?res=9E06EFD61231E633A25753C1A96F9C946394D6CF", "suggested_link_text": "Read the New York Times Review of Bird of Paradise"}, "multimedia": null}, {"display_title": "Big City Blues", "mpaa_rating": "Not Rated", "critics_pick": 0, "byline": "Mordaunt Hall", "headline": "Big City Blues", "summary_short": "Does anybody remember this one? Indiana boy gets into New York trouble, flees with girlfriend.", "publication_date": "1932-09-10", "opening_date": "1932-09-18", "date_updated": "2016-03-30 07:27:24", "link": {"type": "article", "url": "http://www.nytimes.com/movie/review?res=9C06EFD61231E633A25753C1A96F9C946394D6CF", "suggested_link_text": "Read the New York Times Review of Big City Blues"}, "multimedia": null}, {"display_title": "Zwei Herzen und Ein Schlag", "mpaa_rating": "", "critics_pick": 0, "byline": "H.T.S.", "headline": "Zwei Herzen und ein Schlag", "summary_short": "", "publication_date": "1932-09-09", "opening_date": null, "date_updated": "2016-03-30 07:21:24", "link": {"type": "article", "url": "http://www.nytimes.com/movie/review?res=9800E7D61231E633A2575AC0A96F9C946394D6CF", "suggested_link_text": "Read the New York Times Review of Zwei Herzen und Ein Schlag"}, "multimedia": null}, {"display_title": "The Crash", "mpaa_rating": "", "critics_pick": 0, "byline": "MORDAUNT HALL.", "headline": "Crash, The", "summary_short": "Wife of stock- market loser eyes Australian sheep rancher in Bermuda.", "publication_date": "1932-09-09", "opening_date": "1932-10-09", "date_updated": "2016-03-30 07:16:39", "link": {"type": "article", "url": "http://www.nytimes.com/movie/review?res=9D00E7D61231E633A2575AC0A96F9C946394D6CF", "suggested_link_text": "Read the New York Times Review of The Crash"}, "multimedia": null}, {"display_title": "Cruiser Emden", "mpaa_rating": "", "critics_pick": 0, "byline": "MORDAUNT HALL.", "headline": "Kreuzer Emden", "summary_short": "", "publication_date": "1932-09-08", "opening_date": null, "date_updated": "2016-03-30 07:21:39", "link": {"type": "article", "url": "http://www.nytimes.com/movie/review?res=9906EFDD1631E633A2575BC0A96F9C946394D6CF", "suggested_link_text": "Read the New York Times Review of Cruiser Emden"}, "multimedia": null}, {"display_title": "1914, Die Letzten Tage Vor Dem Weltbrand", "mpaa_rating": "", "critics_pick": 0, "byline": "H.T.S.", "headline": "1914: The Last Days Before the War", "summary_short": "", "publication_date": "1932-09-05", "opening_date": null, "date_updated": "2016-03-30 06:58:57", "link": {"type": "article", "url": "http://www.nytimes.com/movie/review?res=9A06E5D71231E633A25756C0A96F9C946394D6CF", "suggested_link_text": "Read the New York Times Review of 1914, Die Letzten Tage Vor Dem Weltbrand"}, "multimedia": null}, {"display_title": "Blessed Event", "mpaa_rating": "", "critics_pick": 0, "byline": "MORDAUNT HALL.", "headline": "Blessed Event", "summary_short": "Manhattan gossip columnist feuds with singer. Considered quite bouncy back when.", "publication_date": "1932-09-03", "opening_date": "1932-09-10", "date_updated": "2016-03-30 07:12:46", "link": {"type": "article", "url": "http://www.nytimes.com/movie/review?res=9406EEDF1131E333A25750C0A96F9C946394D6CF", "suggested_link_text": "Read the New York Times Review of Blessed Event"}, "multimedia": null}, {"display_title": "The Age of Consent", "mpaa_rating": "", "critics_pick": 0, "byline": "A.D.S.", "headline": "Age of Consent, The", "summary_short": "College youth at bay, back when.", "publication_date": "1932-09-03", "opening_date": "1932-08-19", "date_updated": "2016-03-30 06:48:23", "link": {"type": "article", "url": "http://www.nytimes.com/movie/review?res=9D07EEDF1131E333A25750C0A96F9C946394D6CF", "suggested_link_text": "Read the New York Times Review of The Age of Consent"}, "multimedia": null}, {"display_title": "70,000 Witnesses", "mpaa_rating": "", "critics_pick": 0, "byline": "M.H.", "headline": "70,000 Witnesses", "summary_short": "", "publication_date": "1932-09-03", "opening_date": "1932-09-09", "date_updated": "2016-03-30 07:14:27", "link": {"type": "article", "url": "http://www.nytimes.com/movie/review?res=9C01EEDF1131E333A25750C0A96F9C946394D6CF", "suggested_link_text": "Read the New York Times Review of 70,000 Witnesses"}, "multimedia": null}, {"display_title": "Down to Earth", "mpaa_rating": "", "critics_pick": 0, "byline": "MORDAUNT HALL.", "headline": "Down to Earth", "summary_short": "", "publication_date": "1932-09-02", "opening_date": "1932-09-01", "date_updated": "2016-03-30 06:51:13", "link": {"type": "article", "url": "http://www.nytimes.com/movie/review?res=9E05E6D81231E633A25751C0A96F9C946394D6CF", "suggested_link_text": "Read the New York Times Review of Down to Earth"}, "multimedia": null}, {"display_title": "Blondie of the Follies", "mpaa_rating": "", "critics_pick": 0, "byline": "A.D.S.", "headline": "Blondie of the Follies", "summary_short": "Two Manhattan chorines love same man. Good Davies vehicle.", "publication_date": "1932-09-02", "opening_date": "1932-09-01", "date_updated": "2016-03-30 07:05:42", "link": {"type": "article", "url": "http://www.nytimes.com/movie/review?res=9F05E6D81231E633A25751C0A96F9C946394D6CF", "suggested_link_text": "Read the New York Times Review of Blondie of the Follies"}, "multimedia": null}, {"display_title": "Strange Interlude", "mpaa_rating": "", "critics_pick": 0, "byline": "MORDAUNT HALL.", "headline": "Strange Interlude", "summary_short": "O'Neill's miserables and their inner thoughts. Worthy eccentric antique.", "publication_date": "1932-09-01", "opening_date": null, "date_updated": "2016-03-30 07:16:35", "link": {"type": "article", "url": "http://www.nytimes.com/movie/review?res=9D03E6DF1131E333A25752C0A96F9C946394D6CF", "suggested_link_text": "Read the New York Times Review of Strange Interlude"}, "multimedia": null}]}