{"status": "OK", "copyright": "Copyright (c) 2017 The New York Times Company. All Rights Reserved.", "has_more": true, "num_results": 20, "results": [{"display_title": "The Warrior's Husband", "mpaa_rating": "", "critics_pick": 0, "byline": "MORDAUNT HALL", "headline": "Warrior's Husband, The", "summary_short": "", "publication_date": "1933-05-12", "opening_date": "1933-04-28", "date_updated": "2016-03-30 06:56:51", "link": {"type": "article", "url": "http://www.nytimes.com/movie/review?res=9502E6DB1538E333A25751C1A9639C946294D6CF", "suggested_link_text": "Read the New York Times Review of The Warrior's Husband"}, "multimedia": null}, {"display_title": "Sur Le Pave de Berlin", "mpaa_rating": "", "critics_pick": 0, "byline": "MOBDAUNT HALL.", "headline": "Berlin-Alexanderplatz", "summary_short": "", "publication_date": "1933-05-11", "opening_date": null, "date_updated": "2016-03-30 07:19:48", "link": {"type": "article", "url": "http://www.nytimes.com/movie/review?res=9E01E4D8163AEF3ABC4952DFB3668388629EDE", "suggested_link_text": "Read the New York Times Review of Sur Le Pave de Berlin"}, "multimedia": null}, {"display_title": "The Big Cage", "mpaa_rating": "", "critics_pick": 0, "byline": "MORDAUNT HALL.", "headline": "Big Cage, The", "summary_short": "Most interesting for Beatty and the beasts.", "publication_date": "1933-05-09", "opening_date": "1933-05-01", "date_updated": "2016-03-30 07:12:08", "link": {"type": "article", "url": "http://www.nytimes.com/movie/review?res=9504EEDD1538E333A2575AC0A9639C946294D6CF", "suggested_link_text": "Read the New York Times Review of The Big Cage"}, "multimedia": null}, {"display_title": "India Speaks", "mpaa_rating": "", "critics_pick": 0, "byline": "MORDAUNT HALL.", "headline": "India Speaks", "summary_short": "", "publication_date": "1933-05-08", "opening_date": "1933-04-28", "date_updated": "2016-03-30 06:53:37", "link": {"type": "article", "url": "http://www.nytimes.com/movie/review?res=9D03E5DD1538E333A2575BC0A9639C946294D6CF", "suggested_link_text": "Read the New York Times Review of India Speaks"}, "multimedia": null}, {"display_title": "The Story of Temple Drake", "mpaa_rating": "", "critics_pick": 0, "byline": "MORDAUNT HALL.", "headline": "Story of Temple Drake, The", "summary_short": "", "publication_date": "1933-05-06", "opening_date": null, "date_updated": "2016-03-30 07:14:39", "link": {"type": "article", "url": "http://www.nytimes.com/movie/review?res=9904E4DF1538E333A25755C0A9639C946294D6CF", "suggested_link_text": "Read the New York Times Review of The Story of Temple Drake"}, "multimedia": null}, {"display_title": "Hello Sister!", "mpaa_rating": "", "critics_pick": 0, "byline": "A.D.S.", "headline": "Hello Sister!", "summary_short": "Hello yourself. Where on earth did this one come from?", "publication_date": "1933-05-06", "opening_date": "1933-04-14", "date_updated": "2016-03-30 07:25:44", "link": {"type": "article", "url": "http://www.nytimes.com/movie/review?res=9A04E4DF1538E333A25755C0A9639C946294D6CF", "suggested_link_text": "Read the New York Times Review of Hello Sister!"}, "multimedia": null}, {"display_title": "The Silver Cord", "mpaa_rating": "", "critics_pick": 0, "byline": "MORDAUNT HALL.", "headline": "Silver Cord, The", "summary_short": "A monstrous, clinging mother, via Sidney Howard's drama. Striking theme, good performances.", "publication_date": "1933-05-05", "opening_date": "1933-05-05", "date_updated": "2016-03-30 07:18:48", "link": {"type": "article", "url": "http://www.nytimes.com/movie/review?res=9D06EED9163AEF3ABC4D53DFB3668388629EDE", "suggested_link_text": "Read the New York Times Review of The Silver Cord"}, "multimedia": null}, {"display_title": "Alimony Madness", "mpaa_rating": "", "critics_pick": 0, "byline": "A.D.S.", "headline": "Alimony Madness", "summary_short": "", "publication_date": "1933-05-05", "opening_date": "1933-04-01", "date_updated": "2016-03-30 07:29:49", "link": {"type": "article", "url": "http://www.nytimes.com/movie/review?res=9E06EED9163AEF3ABC4D53DFB3668388629EDE", "suggested_link_text": "Read the New York Times Review of Alimony Madness"}, "multimedia": null}, {"display_title": "Central Airport", "mpaa_rating": "Not Rated", "critics_pick": 0, "byline": "MORDAUNT HALL", "headline": "Central Airport", "summary_short": "Stunt pilot loves sky diver.", "publication_date": "1933-05-04", "opening_date": "1933-04-15", "date_updated": "2016-03-30 06:47:45", "link": {"type": "article", "url": "http://www.nytimes.com/movie/review?res=9A03E4D9163AEF3ABC4C53DFB3668388629EDE", "suggested_link_text": "Read the New York Times Review of Central Airport"}, "multimedia": null}, {"display_title": "Les Trois Mousquetaires - Les Ferrets De la Reine", "mpaa_rating": "", "critics_pick": 0, "byline": "H.T.S.", "headline": "Trois Mousquetaires, Les", "summary_short": "", "publication_date": "1933-05-01", "opening_date": null, "date_updated": "2016-03-30 06:46:09", "link": {"type": "article", "url": "http://www.nytimes.com/movie/review?res=9803E6D61438E333A25752C0A9639C946294D6CF", "suggested_link_text": "Read the New York Times Review of Les Trois Mousquetaires - Les Ferrets De la Reine"}, "multimedia": null}, {"display_title": "The Past of Mary Holmes", "mpaa_rating": "", "critics_pick": 0, "byline": "A.D.S.", "headline": "Past of Mary Holmes, The", "summary_short": "", "publication_date": "1933-05-01", "opening_date": "1933-01-20", "date_updated": "2016-03-30 07:16:38", "link": {"type": "article", "url": "http://www.nytimes.com/movie/review?res=9E03E6D61438E333A25752C0A9639C946294D6CF", "suggested_link_text": "Read the New York Times Review of The Past of Mary Holmes"}, "multimedia": null}, {"display_title": "Noc Listopadowa", "mpaa_rating": "", "critics_pick": 0, "byline": "H.T.S.", "headline": "Noc Listopadowa", "summary_short": "", "publication_date": "1933-05-01", "opening_date": null, "date_updated": "2016-03-30 07:28:56", "link": {"type": "article", "url": "http://www.nytimes.com/movie/review?res=9F03E6D61438E333A25752C0A9639C946294D6CF", "suggested_link_text": "Read the New York Times Review of Noc Listopadowa"}, "multimedia": null}, {"display_title": "Looking Forward", "mpaa_rating": "", "critics_pick": 0, "byline": "MORDAUNT HALL.", "headline": "Looking Forward", "summary_short": "Hard times force London shopkeeper to fire 40-year worker.", "publication_date": "1933-05-01", "opening_date": "0000-00-00", "date_updated": "2016-03-30 07:14:44", "link": {"type": "article", "url": "http://www.nytimes.com/movie/review?res=9C03E6D61438E333A25752C0A9639C946294D6CF", "suggested_link_text": "Read the New York Times Review of Looking Forward"}, "multimedia": null}, {"display_title": "Song of the Eagle", "mpaa_rating": "", "critics_pick": 0, "byline": "A.D.S.", "headline": "Song of the Eagle", "summary_short": "", "publication_date": "1933-04-29", "opening_date": "1933-04-28", "date_updated": "2016-03-30 06:51:52", "link": {"type": "article", "url": "http://www.nytimes.com/movie/review?res=9404E1D81438E333A2575AC2A9629C946294D6CF", "suggested_link_text": "Read the New York Times Review of Song of the Eagle"}, "multimedia": null}, {"display_title": "Reunion in Vienna", "mpaa_rating": "", "critics_pick": 0, "byline": "MORDAUNT HALL.", "headline": "Reunion in Vienna", "summary_short": "Frank Morgan. Hapsburg love rekindled. Charming comedy by Robert Sherwood, via Broadway and the Lunts.", "publication_date": "1933-04-29", "opening_date": "1933-06-16", "date_updated": "2016-03-30 06:44:23", "link": {"type": "article", "url": "http://www.nytimes.com/movie/review?res=9904E1D81438E333A2575AC2A9629C946294D6CF", "suggested_link_text": "Read the New York Times Review of Reunion in Vienna"}, "multimedia": null}, {"display_title": "Diplomaniacs", "mpaa_rating": "", "critics_pick": 0, "byline": "M.H.", "headline": "Diplomaniacs", "summary_short": "Two bumblers pose as peace-conference delegates. Popular comic duo back when.", "publication_date": "1933-04-29", "opening_date": "1933-05-12", "date_updated": "2016-03-30 06:58:59", "link": {"type": "article", "url": "http://www.nytimes.com/movie/review?res=9B04E1D81438E333A2575AC2A9629C946294D6CF", "suggested_link_text": "Read the New York Times Review of Diplomaniacs"}, "multimedia": null}, {"display_title": "Zoo in Budapest", "mpaa_rating": "", "critics_pick": 0, "byline": "MORDAUNT HALL.", "headline": "Zoo in Budapest", "summary_short": "Young zookeeper shelters runaway orphan girl. Appealing family yarn, photographed by Lee Garmes. Beautiful to behold.", "publication_date": "1933-04-28", "opening_date": "1933-04-28", "date_updated": "2016-03-30 06:55:24", "link": {"type": "article", "url": "http://www.nytimes.com/movie/review?res=9E03EFDA1438E333A2575BC2A9629C946294D6CF", "suggested_link_text": "Read the New York Times Review of Zoo in Budapest"}, "multimedia": null}, {"display_title": "Hell Below", "mpaa_rating": "", "critics_pick": 0, "byline": "MORDAUNT HALL.", "headline": "Hell Below", "summary_short": "Submarine antique.", "publication_date": "1933-04-26", "opening_date": "1933-06-09", "date_updated": "2016-03-30 07:22:36", "link": {"type": "article", "url": "http://www.nytimes.com/movie/review?res=9402E7D6143BEF3ABC4E51DFB2668388629EDE", "suggested_link_text": "Read the New York Times Review of Hell Below"}, "multimedia": null}, {"display_title": "So This Is Africa", "mpaa_rating": "", "critics_pick": 0, "byline": "MORDAUNT HALL.", "headline": "So This Is Africa!", "summary_short": "", "publication_date": "1933-04-24", "opening_date": "1933-04-22", "date_updated": "2016-03-30 07:13:56", "link": {"type": "article", "url": "http://www.nytimes.com/movie/review?res=9A0CE2D61E3AE333A25757C2A9629C946294D6CF", "suggested_link_text": "Read the New York Times Review of So This Is Africa"}, "multimedia": null}, {"display_title": "Bondage", "mpaa_rating": "", "critics_pick": 0, "byline": "A.D.S.", "headline": "Bondage", "summary_short": "", "publication_date": "1933-04-24", "opening_date": "1933-04-22", "date_updated": "2016-03-30 07:10:48", "link": {"type": "article", "url": "http://www.nytimes.com/movie/review?res=9B0CE2D61E3AE333A25757C2A9629C946294D6CF", "suggested_link_text": "Read the New York Times Review of Bondage"}, "multimedia": null}]}