{"status": "OK", "copyright": "Copyright (c) 2017 The New York Times Company. All Rights Reserved.", "has_more": true, "num_results": 20, "results": [{"display_title": "Madame Butterfly", "mpaa_rating": "", "critics_pick": 0, "byline": "A.D.S.", "headline": "Madame Butterfly", "summary_short": "Yes, her. The story, not the opera.", "publication_date": "1932-12-26", "opening_date": "1932-12-30", "date_updated": "2016-03-30 06:44:50", "link": {"type": "article", "url": "http://www.nytimes.com/movie/review?res=9D01E1D91F31E333A25755C2A9649D946394D6CF", "suggested_link_text": "Read the New York Times Review of Madame Butterfly"}, "multimedia": null}, {"display_title": "Cynara", "mpaa_rating": "", "critics_pick": 0, "byline": "MORDAUNT HALL.", "headline": "Cynara", "summary_short": "English barrister strays. Dated, but the Colman charm still glows.", "publication_date": "1932-12-26", "opening_date": "1932-12-24", "date_updated": "2016-03-30 06:43:37", "link": {"type": "article", "url": "http://www.nytimes.com/movie/review?res=9506E1D91F31E333A25755C2A9649D946394D6CF", "suggested_link_text": "Read the New York Times Review of Cynara"}, "multimedia": null}, {"display_title": "Rasputin and the Empress", "mpaa_rating": "", "critics_pick": 0, "byline": "MORD UNT HALL.M.H.", "headline": "Rasputin and the Empress", "summary_short": "Fall of the Romanoffs. Handsome, often affecting drama and the famed siblings' only movie together.", "publication_date": "1932-12-24", "opening_date": "1933-03-24", "date_updated": "2016-03-30 06:42:59", "link": {"type": "article", "url": "http://www.nytimes.com/movie/review?res=9F0DEEDB1E31E633A25757C2A9649D946394D6CF", "suggested_link_text": "Read the New York Times Review of Rasputin and the Empress"}, "multimedia": null}, {"display_title": "Handle with Care", "mpaa_rating": "", "critics_pick": 0, "byline": "A.D.S.", "headline": "Handle with Care", "summary_short": "", "publication_date": "1932-12-24", "opening_date": "1932-12-25", "date_updated": "2016-03-30 07:24:42", "link": {"type": "article", "url": "http://www.nytimes.com/movie/review?res=9A0DEEDB1E31E633A25757C2A9649D946394D6CF", "suggested_link_text": "Read the New York Times Review of Handle with Care"}, "multimedia": null}, {"display_title": "Moritz Macht Sein Glueck", "mpaa_rating": "", "critics_pick": 0, "byline": "H.T.S.", "headline": "Moritz Macht Sein Glueck", "summary_short": "", "publication_date": "1932-12-24", "opening_date": null, "date_updated": "2016-03-30 06:58:50", "link": {"type": "article", "url": "http://www.nytimes.com/movie/review?res=9B0DEEDB1E31E633A25757C2A9649D946394D6CF", "suggested_link_text": "Read the New York Times Review of Moritz Macht Sein Glueck"}, "multimedia": null}, {"display_title": "Silver Dollar", "mpaa_rating": "", "critics_pick": 0, "byline": "MORDAUNT HALL.", "headline": "Silver Dollar", "summary_short": "A fictionalized account of the Tabor-Baby Doe Denver saga. Fine, forgotten drama, effective Wagner theme.", "publication_date": "1932-12-23", "opening_date": "1932-12-24", "date_updated": "2016-03-30 06:47:02", "link": {"type": "article", "url": "http://www.nytimes.com/movie/review?res=9E05E5D91F31E333A25750C2A9649D946394D6CF", "suggested_link_text": "Read the New York Times Review of Silver Dollar"}, "multimedia": null}, {"display_title": "Afraid to Talk", "mpaa_rating": "", "critics_pick": 0, "byline": "MORDAUNT HALL.", "headline": "Afraid to Talk", "summary_short": "", "publication_date": "1932-12-19", "opening_date": "1932-12-01", "date_updated": "2016-03-30 06:49:33", "link": {"type": "article", "url": "http://www.nytimes.com/movie/review?res=9407E1DB1E31E633A2575AC1A9649D946394D6CF", "suggested_link_text": "Read the New York Times Review of Afraid to Talk"}, "multimedia": null}, {"display_title": "Passion of St. Francis", "mpaa_rating": "", "critics_pick": 0, "byline": "H.T.S.", "headline": "Passion of St Francis, The", "summary_short": "", "publication_date": "1932-12-17", "opening_date": "1934-09-01", "date_updated": "2016-03-30 07:28:53", "link": {"type": "article", "url": "http://www.nytimes.com/movie/review?res=9A00E6DB1E31E633A25754C1A9649D946394D6CF", "suggested_link_text": "Read the New York Times Review of Passion of St. Francis"}, "multimedia": null}, {"display_title": "Man Against Woman", "mpaa_rating": "", "critics_pick": 0, "byline": "MORDAUNT HALL", "headline": "Man Against Woman", "summary_short": "", "publication_date": "1932-12-17", "opening_date": "1932-11-15", "date_updated": "2016-03-30 06:54:53", "link": {"type": "article", "url": "http://www.nytimes.com/movie/review?res=9D03E6DB1E31E633A25754C1A9649D946394D6CF", "suggested_link_text": "Read the New York Times Review of Man Against Woman"}, "multimedia": null}, {"display_title": "Ljubav I Strast", "mpaa_rating": "", "critics_pick": 0, "byline": "H.T.S.", "headline": "Ljubav I Strast", "summary_short": "", "publication_date": "1932-12-16", "opening_date": null, "date_updated": "2016-03-30 07:23:02", "link": {"type": "article", "url": "http://www.nytimes.com/movie/review?res=9904EEDC1F31E333A25755C1A9649D946394D6CF", "suggested_link_text": "Read the New York Times Review of Ljubav I Strast"}, "multimedia": null}, {"display_title": "The Devil Is Driving", "mpaa_rating": "", "critics_pick": 0, "byline": "MORDAUNT HALL.", "headline": "Devil Is Driving, The", "summary_short": "", "publication_date": "1932-12-16", "opening_date": "1932-12-09", "date_updated": "2016-03-30 07:21:40", "link": {"type": "article", "url": "http://www.nytimes.com/movie/review?res=9907EEDC1F31E333A25755C1A9649D946394D6CF", "suggested_link_text": "Read the New York Times Review of The Devil Is Driving"}, "multimedia": null}, {"display_title": "Virgins of Bali", "mpaa_rating": "", "critics_pick": 0, "byline": "A.D.S.", "headline": "Virgins of Bali", "summary_short": "", "publication_date": "1932-12-12", "opening_date": "1932-09-01", "date_updated": "2016-03-30 06:54:50", "link": {"type": "article", "url": "http://www.nytimes.com/movie/review?res=9D00E0DD1E31E633A25751C1A9649D946394D6CF", "suggested_link_text": "Read the New York Times Review of Virgins of Bali"}, "multimedia": null}, {"display_title": "Western Limited", "mpaa_rating": "", "critics_pick": 0, "byline": "A.D.S.", "headline": "Western Limited", "summary_short": "", "publication_date": "1932-12-12", "opening_date": "1932-08-05", "date_updated": "2016-03-30 07:14:58", "link": {"type": "article", "url": "http://www.nytimes.com/movie/review?res=9C00E0DD1E31E633A25751C1A9649D946394D6CF", "suggested_link_text": "Read the New York Times Review of Western Limited"}, "multimedia": null}, {"display_title": "Secrets of the French Police", "mpaa_rating": "", "critics_pick": 0, "byline": "MORDAUNT HALL.", "headline": "Secrets of the French Police", "summary_short": "Murder case involves woman under spell of hypnotist.", "publication_date": "1932-12-12", "opening_date": "1932-12-02", "date_updated": "2016-03-30 07:28:05", "link": {"type": "article", "url": "http://www.nytimes.com/movie/review?res=9501E0DD1E31E633A25751C1A9649D946394D6CF", "suggested_link_text": "Read the New York Times Review of Secrets of the French Police"}, "multimedia": null}, {"display_title": "Me and My Gal", "mpaa_rating": "", "critics_pick": 0, "byline": "M.H.", "headline": "Me and my Gal", "summary_short": "New York cop saves waitress girlfriend's sister from gangster.", "publication_date": "1932-12-12", "opening_date": "1932-12-04", "date_updated": "2016-03-30 07:23:10", "link": {"type": "article", "url": "http://www.nytimes.com/movie/review?res=9406E0DD1E31E633A25751C1A9649D946394D6CF", "suggested_link_text": "Read the New York Times Review of Me and My Gal"}, "multimedia": null}, {"display_title": "La Vecchia Signora", "mpaa_rating": "", "critics_pick": 0, "byline": "H.T.S.", "headline": "Vecchia Signora, La", "summary_short": "", "publication_date": "1932-12-10", "opening_date": null, "date_updated": "2016-03-30 07:05:16", "link": {"type": "article", "url": "http://www.nytimes.com/movie/review?res=9F00E5DE1E31E633A25753C1A9649D946394D6CF", "suggested_link_text": "Read the New York Times Review of La Vecchia Signora"}, "multimedia": null}, {"display_title": "Uptown New York", "mpaa_rating": "", "critics_pick": 0, "byline": "A.D.S.", "headline": "Uptown New York", "summary_short": "Probably looks prehistoric now.", "publication_date": "1932-12-10", "opening_date": "1932-11-27", "date_updated": "2016-03-30 06:51:11", "link": {"type": "article", "url": "http://www.nytimes.com/movie/review?res=9E00E5DE1E31E633A25753C1A9649D946394D6CF", "suggested_link_text": "Read the New York Times Review of Uptown New York"}, "multimedia": null}, {"display_title": "A Farewell to Arms", "mpaa_rating": "Not Rated", "critics_pick": 0, "byline": "MORDAUNT HALL.", "headline": "Farewell to Arms, A", "summary_short": "Hemingway's World War I lovers in Italy. Sentimental but with sufficient irony.", "publication_date": "1932-12-09", "opening_date": "1932-12-08", "date_updated": "2016-03-30 07:20:06", "link": {"type": "article", "url": "http://www.nytimes.com/movie/review?res=9902E0DD1F31E333A2575AC0A9649D946394D6CF", "suggested_link_text": "Read the New York Times Review of A Farewell to Arms"}, "multimedia": null}, {"display_title": "Das Schoene Abenteuer", "mpaa_rating": "", "critics_pick": 0, "byline": "H.T.S.", "headline": "Schoene Abenteuer, Das", "summary_short": "", "publication_date": "1932-12-08", "opening_date": null, "date_updated": "2016-03-30 06:56:15", "link": {"type": "article", "url": "http://www.nytimes.com/movie/review?res=9A02E0DF1E31E633A2575BC0A9649D946394D6CF", "suggested_link_text": "Read the New York Times Review of Das Schoene Abenteuer"}, "multimedia": null}, {"display_title": "The Match King", "mpaa_rating": "", "critics_pick": 0, "byline": "MORDAUNT HALL.", "headline": "Match King, The", "summary_short": "Ruthless tycoon's career. Stylish, cutting.", "publication_date": "1932-12-08", "opening_date": "1932-12-31", "date_updated": "2016-03-30 06:47:58", "link": {"type": "article", "url": "http://www.nytimes.com/movie/review?res=9902E0DF1E31E633A2575BC0A9649D946394D6CF", "suggested_link_text": "Read the New York Times Review of The Match King"}, "multimedia": null}]}