{"status": "OK", "copyright": "Copyright (c) 2017 The New York Times Company. All Rights Reserved.", "has_more": true, "num_results": 20, "results": [{"display_title": "My Weakness", "mpaa_rating": "", "critics_pick": 0, "byline": "Mordaunt Hall", "headline": "My Weakness", "summary_short": "", "publication_date": "1933-09-22", "opening_date": "1933-09-22", "date_updated": "2016-03-30 06:43:21", "link": {"type": "article", "url": "http://www.nytimes.com/movie/review?res=9D01EFDB1631E333A25751C2A96F9C946294D6CF", "suggested_link_text": "Read the New York Times Review of My Weakness"}, "multimedia": null}, {"display_title": "I Loved a Woman", "mpaa_rating": "", "critics_pick": 0, "byline": "M.H.", "headline": "I Loved a Woman", "summary_short": "Man's life ruined by scheming opera singer. Eddie and Kay treading water.", "publication_date": "1933-09-22", "opening_date": "1933-09-23", "date_updated": "2016-03-30 06:48:45", "link": {"type": "article", "url": "http://www.nytimes.com/movie/review?res=9F01EFDB1631E333A25751C2A96F9C946294D6CF", "suggested_link_text": "Read the New York Times Review of I Loved a Woman"}, "multimedia": null}, {"display_title": "Emperor Jones", "mpaa_rating": "", "critics_pick": 0, "byline": "MORDAUNT HALL.", "headline": "Emperor Jones, The", "summary_short": "Eugene O'Neill's Brutus Jones, from Pullman porter to island ruler. A bit too stagy, but the great Robeson still fascinates.", "publication_date": "1933-09-20", "opening_date": "1933-09-29", "date_updated": "2016-03-30 06:55:21", "link": {"type": "article", "url": "http://www.nytimes.com/movie/review?res=9B05E4D61430EF3ABC4851DFBF668388629EDE", "suggested_link_text": "Read the New York Times Review of Emperor Jones"}, "multimedia": null}, {"display_title": "F.P. 1 Antwortet Nicht", "mpaa_rating": "", "critics_pick": 0, "byline": "MORDAUNT HALL", "headline": "F P 1", "summary_short": "Rivals try to sink a floating platform for airships in the mid-Atlantic.", "publication_date": "1933-09-16", "opening_date": null, "date_updated": "2016-03-30 06:46:59", "link": {"type": "article", "url": "http://www.nytimes.com/movie/review?res=9D05E0D71430EF3ABC4E52DFBF668388629EDE", "suggested_link_text": "Read the New York Times Review of F.P. 1 Antwortet Nicht"}, "multimedia": null}, {"display_title": "Beauty for Sale", "mpaa_rating": "", "critics_pick": 0, "byline": "F.S.N.", "headline": "Beauty for Sale", "summary_short": "Three young women working in beauty shop. Intermittent luster.", "publication_date": "1933-09-16", "opening_date": "1933-09-01", "date_updated": "2016-03-30 07:20:57", "link": {"type": "article", "url": "http://www.nytimes.com/movie/review?res=9E05E0D71430EF3ABC4E52DFBF668388629EDE", "suggested_link_text": "Read the New York Times Review of Beauty for Sale"}, "multimedia": null}, {"display_title": "Berkeley Square", "mpaa_rating": "", "critics_pick": 0, "byline": "MORDAUNT HALL", "headline": "Berkeley Square", "summary_short": "", "publication_date": "1933-09-14", "opening_date": "1933-09-12", "date_updated": "2016-03-30 06:53:26", "link": {"type": "article", "url": "http://www.nytimes.com/movie/review?res=9B07E6DC1631E333A25757C1A96F9C946294D6CF", "suggested_link_text": "Read the New York Times Review of Berkeley Square"}, "multimedia": null}, {"display_title": "Secret of the Blue Room", "mpaa_rating": "", "critics_pick": 0, "byline": "MORDAUNT HALL.", "headline": "Secret of the Blue Room, The", "summary_short": "A strange castle.", "publication_date": "1933-09-13", "opening_date": "1933-07-20", "date_updated": "2016-03-30 06:49:31", "link": {"type": "article", "url": "http://www.nytimes.com/movie/review?res=9F0CE1DD1631E333A25750C1A96F9C946294D6CF", "suggested_link_text": "Read the New York Times Review of Secret of the Blue Room"}, "multimedia": null}, {"display_title": "Penthouse", "mpaa_rating": "", "critics_pick": 0, "byline": "M.H.", "headline": "Penthouse", "summary_short": "Underworld lawyer and a terrace murder. Tinny stuff. Even Myrna bats out.", "publication_date": "1933-09-09", "opening_date": "1933-09-08", "date_updated": "2016-03-30 06:51:35", "link": {"type": "article", "url": "http://www.nytimes.com/movie/review?res=990CE1D91539E033A2575AC0A96F9C946294D6CF", "suggested_link_text": "Read the New York Times Review of Penthouse"}, "multimedia": null}, {"display_title": "Bureau of Missing Persons", "mpaa_rating": "", "critics_pick": 0, "byline": "MORDAUNT HALL.", "headline": "Bureau of Missing Persons", "summary_short": "Milling, to put it mildly. Best work: a carrier pigeon.", "publication_date": "1933-09-09", "opening_date": "1933-09-16", "date_updated": "2016-03-30 06:46:57", "link": {"type": "article", "url": "http://www.nytimes.com/movie/review?res=9D0CE1D91539E033A2575AC0A96F9C946294D6CF", "suggested_link_text": "Read the New York Times Review of Bureau of Missing Persons"}, "multimedia": null}, {"display_title": "Les Trois Mousquetaires", "mpaa_rating": "", "critics_pick": 0, "byline": "H.T.S.", "headline": "Milady", "summary_short": "", "publication_date": "1933-09-08", "opening_date": null, "date_updated": "2016-03-30 06:50:34", "link": {"type": "article", "url": "http://www.nytimes.com/movie/review?res=950CE1D91430EF3ABC4053DFBF668388629EDE", "suggested_link_text": "Read the New York Times Review of Les Trois Mousquetaires"}, "multimedia": null}, {"display_title": "Lady for a Day", "mpaa_rating": "", "critics_pick": 0, "byline": "MORDAUNT HALL", "headline": "Lady for a Day", "summary_short": "Runyon tale about aged apple vendor. Early Capra peak.", "publication_date": "1933-09-08", "opening_date": "1933-09-13", "date_updated": "2016-03-30 07:21:12", "link": {"type": "article", "url": "http://www.nytimes.com/movie/review?res=9B0CE1D91430EF3ABC4053DFBF668388629EDE", "suggested_link_text": "Read the New York Times Review of Lady for a Day"}, "multimedia": null}, {"display_title": "After Midnight", "mpaa_rating": "", "critics_pick": 0, "byline": "MORDAUNT HALL.", "headline": "I Have Lived", "summary_short": "", "publication_date": "1933-09-06", "opening_date": "1933-06-15", "date_updated": "2016-03-30 07:13:14", "link": {"type": "article", "url": "http://www.nytimes.com/movie/review?res=9F01E7DA1430EF3ABC4E53DFBF668388629EDE", "suggested_link_text": "Read the New York Times Review of After Midnight"}, "multimedia": null}, {"display_title": "The Masquerader", "mpaa_rating": "", "critics_pick": 0, "byline": "MORDAUNT HALL", "headline": "Masquerader, The", "summary_short": "British writer subs for dissolute M.P. lookalike. Rounded, well produced drama. Charming antique.", "publication_date": "1933-09-04", "opening_date": "1933-09-03", "date_updated": "2016-03-30 06:47:14", "link": {"type": "article", "url": "http://www.nytimes.com/movie/review?res=9F06E5DE1631E333A25757C0A96F9C946294D6CF", "suggested_link_text": "Read the New York Times Review of The Masquerader"}, "multimedia": null}, {"display_title": "One Sunday Afternoon", "mpaa_rating": "", "critics_pick": 0, "byline": "MORDAUNT HALL.", "headline": "One Sunday Afternoon", "summary_short": "Dentist decides he married wrong woman. Sketchy and disappointing transfer from stage.", "publication_date": "1933-09-02", "opening_date": "1933-09-01", "date_updated": "2016-03-30 06:50:48", "link": {"type": "article", "url": "http://www.nytimes.com/movie/review?res=940CE0D8153FE63ABC4A53DFBF668388629EDE", "suggested_link_text": "Read the New York Times Review of One Sunday Afternoon"}, "multimedia": null}, {"display_title": "Her First Mate", "mpaa_rating": "", "critics_pick": 0, "byline": "F.S.N.", "headline": "Her First Mate", "summary_short": "", "publication_date": "1933-09-02", "opening_date": "1933-08-03", "date_updated": "2016-03-30 07:14:21", "link": {"type": "article", "url": "http://www.nytimes.com/movie/review?res=9F05EFD8153FE63ABC4A53DFBF668388629EDE", "suggested_link_text": "Read the New York Times Review of Her First Mate"}, "multimedia": null}, {"display_title": "Broadway to Hollywood", "mpaa_rating": "", "critics_pick": 0, "byline": "M.H.", "headline": "Broadway to Hollywood", "summary_short": "Three show-biz generations. Often tattered, but good cast and colorful numbers.", "publication_date": "1933-09-02", "opening_date": "1933-09-15", "date_updated": "2016-03-30 06:48:07", "link": {"type": "article", "url": "http://www.nytimes.com/movie/review?res=9E05EFD8153FE63ABC4A53DFBF668388629EDE", "suggested_link_text": "Read the New York Times Review of Broadway to Hollywood"}, "multimedia": null}, {"display_title": "One Man's Journey", "mpaa_rating": "", "critics_pick": 0, "byline": "MORDAUNT HALL.", "headline": "One Man's Journey", "summary_short": "Selfless doctor dedicates his life to patients. Barrymore lends amazing sincerity.", "publication_date": "1933-09-01", "opening_date": "1933-09-08", "date_updated": "2016-03-30 06:41:56", "link": {"type": "article", "url": "http://www.nytimes.com/movie/review?res=9504EEDB1231EF3ABC4953DFBF668388629EDE", "suggested_link_text": "Read the New York Times Review of One Man's Journey"}, "multimedia": null}, {"display_title": "Turn Back the Clock", "mpaa_rating": "Not Rated", "critics_pick": 0, "byline": "MORDAUNT HALL", "headline": "Turn Back the Clock", "summary_short": "Cigar store owner wants to trade lives with rich friend.", "publication_date": "1933-08-26", "opening_date": "1933-08-25", "date_updated": "2016-03-30 07:28:14", "link": {"type": "article", "url": "http://www.nytimes.com/movie/review?res=9B03E1D71F3EE333A25755C2A96E9C946294D6CF", "suggested_link_text": "Read the New York Times Review of Turn Back the Clock"}, "multimedia": null}, {"display_title": "Flying Devils", "mpaa_rating": "", "critics_pick": 0, "byline": "F. S. N.", "headline": "Flying Devils", "summary_short": "Aerial-circus people and tensions.", "publication_date": "1933-08-26", "opening_date": "1933-07-14", "date_updated": "2016-03-30 07:24:18", "link": {"type": "article", "url": "http://www.nytimes.com/movie/review?res=9403E1D71F3EE333A25755C2A96E9C946294D6CF", "suggested_link_text": "Read the New York Times Review of Flying Devils"}, "multimedia": null}, {"display_title": "Paddy, the Next Best Thing", "mpaa_rating": "", "critics_pick": 0, "byline": "MORDAUNT HALL", "headline": "Paddy the Next Best Thing", "summary_short": "", "publication_date": "1933-08-25", "opening_date": "1933-09-01", "date_updated": "2016-03-30 06:58:20", "link": {"type": "article", "url": "http://www.nytimes.com/movie/review?res=9407E3DC1231EF3ABC4D51DFBE668388629EDE", "suggested_link_text": "Read the New York Times Review of Paddy, the Next Best Thing"}, "multimedia": null}]}