{"status": "OK", "copyright": "Copyright (c) 2017 The New York Times Company. All Rights Reserved.", "has_more": true, "num_results": 20, "results": [{"display_title": "When My Baby Smiles at Me", "mpaa_rating": "", "critics_pick": 0, "byline": "BOSLEY CROWTHER", "headline": "When my Baby Smiles at Me", "summary_short": "Routine revamp of the antique ``Burlesque.'' Dailey's genuine charm helps.", "publication_date": "1948-11-24", "opening_date": "1948-11-10", "date_updated": "2016-03-30 06:42:06", "link": {"type": "article", "url": "http://www.nytimes.com/movie/review?res=9C0DE6DE133FE23ABC4C51DFB7678383659EDE", "suggested_link_text": "Read the New York Times Review of When My Baby Smiles at Me"}, "multimedia": null}, {"display_title": "Blanche Fury", "mpaa_rating": "", "critics_pick": 0, "byline": "T.M.P.", "headline": "Blanche Fury", "summary_short": "Good, high-style production for hokey gothic melodrama.", "publication_date": "1948-11-24", "opening_date": null, "date_updated": "2016-03-30 07:12:52", "link": {"type": "article", "url": "http://www.nytimes.com/movie/review?res=9D0DE6DE133FE23ABC4C51DFB7678383659EDE", "suggested_link_text": "Read the New York Times Review of Blanche Fury"}, "multimedia": null}, {"display_title": "La Belle Meuniere", "mpaa_rating": "", "critics_pick": 0, "byline": "MICHAEL JAMES", "headline": "Belle Meuniere, La", "summary_short": "", "publication_date": "1948-11-24", "opening_date": null, "date_updated": "2016-03-30 06:49:17", "link": {"type": "article", "url": "http://www.nytimes.com/movie/review?res=9F02E6DE133FE23ABC4C51DFB7678383659EDE", "suggested_link_text": "Read the New York Times Review of La Belle Meuniere"}, "multimedia": null}, {"display_title": "Fighter Squadron", "mpaa_rating": "", "critics_pick": 0, "byline": "BOSLEY CROWTHER", "headline": "Fighter Squadron", "summary_short": "Air Corps combat zone. O.K. oldie.", "publication_date": "1948-11-20", "opening_date": "1948-11-27", "date_updated": "2016-03-30 07:20:47", "link": {"type": "article", "url": "http://www.nytimes.com/movie/review?res=9E06E6DE1031E531A15753C2A9679D946993D6CF", "suggested_link_text": "Read the New York Times Review of Fighter Squadron"}, "multimedia": null}, {"display_title": "The Kissing Bandit", "mpaa_rating": "Not Rated", "critics_pick": 0, "byline": "BOSLEY CROWTHER", "headline": "Kissing Bandit, The", "summary_short": "Frank and the picture need some calories. Not Kathryn.", "publication_date": "1948-11-19", "opening_date": "1949-01-01", "date_updated": "2016-03-30 07:11:07", "link": {"type": "article", "url": "http://www.nytimes.com/movie/review?res=9E01E7DE163AE33BBC4152DFB7678383659EDE", "suggested_link_text": "Read the New York Times Review of The Kissing Bandit"}, "multimedia": null}, {"display_title": "The Mozart Story", "mpaa_rating": "", "critics_pick": 0, "byline": "A.W.", "headline": "Mozart Story, The", "summary_short": "", "publication_date": "1948-11-15", "opening_date": null, "date_updated": "2016-03-30 06:46:49", "link": {"type": "article", "url": "http://www.nytimes.com/movie/review?res=940DE1DE153FE33BBC4D52DFB7678383659EDE", "suggested_link_text": "Read the New York Times Review of The Mozart Story"}, "multimedia": null}, {"display_title": "Long Is the Road", "mpaa_rating": "", "critics_pick": 0, "byline": "A.W.", "headline": "Long Is the Road", "summary_short": "", "publication_date": "1948-11-12", "opening_date": null, "date_updated": "2016-03-30 06:42:47", "link": {"type": "article", "url": "http://www.nytimes.com/movie/review?res=9C02E2D6143DEE3ABC4A52DFB7678383659EDE", "suggested_link_text": "Read the New York Times Review of Long Is the Road"}, "multimedia": null}, {"display_title": "Joan of Arc", "mpaa_rating": "Not Rated", "critics_pick": 0, "byline": "BOSLEY CROWTHER", "headline": "Joan of Arc", "summary_short": "From peasant girl to savior of France. Big, beautiful bore with a curiously miscast Ingrid.", "publication_date": "1948-11-12", "opening_date": null, "date_updated": "2016-03-30 06:46:39", "link": {"type": "article", "url": "http://www.nytimes.com/movie/review?res=9403E2D6143DEE3ABC4A52DFB7678383659EDE", "suggested_link_text": "Read the New York Times Review of Joan of Arc"}, "multimedia": null}, {"display_title": "Blood on the Moon", "mpaa_rating": "", "critics_pick": 0, "byline": "T. /VI. p.", "headline": "Blood on the Moon", "summary_short": "Tight, blistering, modest western.", "publication_date": "1948-11-12", "opening_date": "1948-11-09", "date_updated": "2016-03-30 07:25:11", "link": {"type": "article", "url": "http://www.nytimes.com/movie/review?res=9503E2D6143DEE3ABC4A52DFB7678383659EDE", "suggested_link_text": "Read the New York Times Review of Blood on the Moon"}, "multimedia": null}, {"display_title": "Road House", "mpaa_rating": "", "critics_pick": 0, "byline": "A.W.", "headline": "Road House", "summary_short": "Neat, taut melodrama. Two nifty keyboard bits by Ida.", "publication_date": "1948-11-08", "opening_date": "1948-09-22", "date_updated": "2016-03-30 07:13:56", "link": {"type": "article", "url": "http://www.nytimes.com/movie/review?res=9800EED8133EE03BBC4053DFB7678383659EDE", "suggested_link_text": "Read the New York Times Review of Road House"}, "multimedia": null}, {"display_title": "Dulcimer Street", "mpaa_rating": "", "critics_pick": 0, "byline": "BOSLEY CROWTHER", "headline": "Dulcimer Street", "summary_short": "", "publication_date": "1948-11-08", "opening_date": "1948-11-07", "date_updated": "2016-03-30 06:46:05", "link": {"type": "article", "url": "http://www.nytimes.com/movie/review?res=9F00EED8133EE03BBC4053DFB7678383659EDE", "suggested_link_text": "Read the New York Times Review of Dulcimer Street"}, "multimedia": null}, {"display_title": "Unfaithfully Yours", "mpaa_rating": "", "critics_pick": 0, "byline": "BOSLEY CROWTHER", "headline": "Unfaithfully Yours", "summary_short": "Nifty romantic farce about conductor suspecting infidelity. Funny, often brilliant, the Preston Sturges way.", "publication_date": "1948-11-06", "opening_date": "1948-12-10", "date_updated": "2016-03-30 06:51:03", "link": {"type": "article", "url": "http://www.nytimes.com/movie/review?res=9902E4D8133EE03BBC4E53DFB7678383659EDE", "suggested_link_text": "Read the New York Times Review of Unfaithfully Yours"}, "multimedia": null}, {"display_title": "The Snake Pit", "mpaa_rating": "", "critics_pick": 1, "byline": "BOSLEY CROWTHER", "headline": "Snake Pit, the", "summary_short": "Inside a mental hospital. Fine, full-rigged drama, with excellent de Havilland.", "publication_date": "1948-11-05", "opening_date": "1948-11-13", "date_updated": "2016-03-30 07:28:46", "link": {"type": "article", "url": "http://www.nytimes.com/movie/review?res=9901E5DF143CE733A25756C0A9679D946993D6CF", "suggested_link_text": "Read the New York Times Review of The Snake Pit"}, "multimedia": null}, {"display_title": "You Gotta Stay Happy", "mpaa_rating": "", "critics_pick": 0, "byline": "T. M. P.", "headline": "You Gotta Stay Happy", "summary_short": "Easy and breezy.", "publication_date": "1948-11-05", "opening_date": "1948-10-28", "date_updated": "2016-03-30 07:29:37", "link": {"type": "article", "url": "http://www.nytimes.com/movie/review?res=9A01E5DF143CE733A25756C0A9679D946993D6CF", "suggested_link_text": "Read the New York Times Review of You Gotta Stay Happy"}, "multimedia": null}, {"display_title": "Sealed Verdict", "mpaa_rating": "", "critics_pick": 0, "byline": "BOSLEY CROWTHER", "headline": "Sealed Verdict", "summary_short": "Flabby, glossy drama of war criminals.", "publication_date": "1948-11-03", "opening_date": "1948-11-05", "date_updated": "2016-03-30 06:54:30", "link": {"type": "article", "url": "http://www.nytimes.com/movie/review?res=9E05EED9153DE03ABC4B53DFB7678383659EDE", "suggested_link_text": "Read the New York Times Review of Sealed Verdict"}, "multimedia": null}, {"display_title": "The Spirit and the Flesh", "mpaa_rating": "", "critics_pick": 0, "byline": "BOSLEY CROWTHER", "headline": "Spirit and the Flesh, The", "summary_short": "", "publication_date": "1948-11-01", "opening_date": "1948-10-30", "date_updated": "2016-03-30 06:47:45", "link": {"type": "article", "url": "http://www.nytimes.com/movie/review?res=980DE6DB163FE03ABC4953DFB7678383659EDE", "suggested_link_text": "Read the New York Times Review of The Spirit and the Flesh"}, "multimedia": null}, {"display_title": "Kiss the Blood off My Hands", "mpaa_rating": "", "critics_pick": 0, "byline": "T.M.P.", "headline": "Kiss the Blood off my Hands", "summary_short": "Well done, rather thoughtful but rambling crime-chaser.", "publication_date": "1948-10-30", "opening_date": "1948-10-30", "date_updated": "2016-03-30 07:14:28", "link": {"type": "article", "url": "http://www.nytimes.com/movie/review?res=9504E6DD1E3DE13BBC4850DFB6678383659EDE", "suggested_link_text": "Read the New York Times Review of Kiss the Blood off My Hands"}, "multimedia": null}, {"display_title": "June Bride", "mpaa_rating": "", "critics_pick": 0, "byline": "BOSLEY CROWTHER", "headline": "June Bride", "summary_short": "Magazine worldlings visit Middle America. Wry sophistication, hard to find these days.", "publication_date": "1948-10-30", "opening_date": "1948-10-29", "date_updated": "2016-03-30 06:44:16", "link": {"type": "article", "url": "http://www.nytimes.com/movie/review?res=9404E6DD1E3DE13BBC4850DFB6678383659EDE", "suggested_link_text": "Read the New York Times Review of June Bride"}, "multimedia": null}, {"display_title": "One Touch of Venus", "mpaa_rating": "", "critics_pick": 0, "byline": "BOSLEY CROWTHER", "headline": "One Touch of Venus", "summary_short": "Wooden, juiceless version of charming stage musical.", "publication_date": "1948-10-29", "opening_date": "1948-08-01", "date_updated": "2016-03-30 07:14:44", "link": {"type": "article", "url": "http://www.nytimes.com/movie/review?res=9C02E5DD103AE33BBC4151DFB6678383659EDE", "suggested_link_text": "Read the New York Times Review of One Touch of Venus"}, "multimedia": null}, {"display_title": "The Scar", "mpaa_rating": "Not Rated", "critics_pick": 0, "byline": "T.M.P.", "headline": "Hollow Triumph", "summary_short": "Stark but suspenseful gangster melodrama.", "publication_date": "1948-10-29", "opening_date": null, "date_updated": "2016-03-30 06:50:26", "link": {"type": "article", "url": "http://www.nytimes.com/movie/review?res=9400E2DF103AE33BBC4151DFB6678383659EDE", "suggested_link_text": "Read the New York Times Review of The Scar"}, "multimedia": null}]}