{"status": "OK", "copyright": "Copyright (c) 2017 The New York Times Company. All Rights Reserved.", "has_more": true, "num_results": 20, "results": [{"display_title": "The Enchanted Cottage", "mpaa_rating": "", "critics_pick": 0, "byline": "BOSLEY CROWTHER", "headline": "Enchanted Cottage, The", "summary_short": "Two unattractive people transformed. Touching, surprising love story, from  Pinero fantasy.", "publication_date": "1945-04-28", "opening_date": null, "date_updated": "2016-03-30 07:04:58", "link": {"type": "article", "url": "http://www.nytimes.com/movie/review?res=9E0DE1D7173BEE3BBC4051DFB266838E659EDE", "suggested_link_text": "Read the New York Times Review of The Enchanted Cottage"}, "multimedia": null}, {"display_title": "Brewster's Millions", "mpaa_rating": "", "critics_pick": 0, "byline": "BOSLEY CROWTHER", "headline": "Brewster's Millions", "summary_short": "Pretty funny.", "publication_date": "1945-04-27", "opening_date": "1945-04-07", "date_updated": "2016-03-30 06:41:38", "link": {"type": "article", "url": "http://www.nytimes.com/movie/review?res=9E07EEDF133DE333A05754C2A9629C946493D6CF", "suggested_link_text": "Read the New York Times Review of Brewster's Millions"}, "multimedia": null}, {"display_title": "Salty O'Rourke", "mpaa_rating": "", "critics_pick": 0, "byline": "BOSLEY CROWTHER", "headline": "Salty O'Rourke", "summary_short": "Peppery, tangy racetrack drama, good atmosphere.", "publication_date": "1945-04-26", "opening_date": null, "date_updated": "2016-03-30 07:15:07", "link": {"type": "article", "url": "http://www.nytimes.com/movie/review?res=990DEFD9173BEE3BBC4E51DFB266838E659EDE", "suggested_link_text": "Read the New York Times Review of Salty O'Rourke"}, "multimedia": null}, {"display_title": "Circumstantial Evidence", "mpaa_rating": "", "critics_pick": 0, "byline": "BOSLEY CROWTHER", "headline": "Circumstantial Evidence", "summary_short": "Contrived.", "publication_date": "1945-04-21", "opening_date": "1945-04-22", "date_updated": "2016-03-30 07:10:36", "link": {"type": "article", "url": "http://www.nytimes.com/movie/review?res=9A0DE1DA173BEE3BBC4951DFB266838E659EDE", "suggested_link_text": "Read the New York Times Review of Circumstantial Evidence"}, "multimedia": null}, {"display_title": "Sudan", "mpaa_rating": "", "critics_pick": 0, "byline": "BOSLEY CROWTHER", "headline": "Sudan", "summary_short": "Parched.", "publication_date": "1945-04-19", "opening_date": "1945-04-18", "date_updated": "2016-03-30 07:25:23", "link": {"type": "article", "url": "http://www.nytimes.com/movie/review?res=9E01EFDA113AE333A0575AC1A9629C946493D6CF", "suggested_link_text": "Read the New York Times Review of Sudan"}, "multimedia": null}, {"display_title": "Patrick the Great", "mpaa_rating": "Not Rated", "critics_pick": 0, "byline": "BOSLEY CROWTHER", "headline": "Patrick the Great", "summary_short": "Routine singing and hoofing.", "publication_date": "1945-04-13", "opening_date": null, "date_updated": "2016-03-30 06:52:12", "link": {"type": "article", "url": "http://www.nytimes.com/movie/review?res=9F04E3DB173BEE3BBC4B52DFB266838E659EDE", "suggested_link_text": "Read the New York Times Review of Patrick the Great"}, "multimedia": null}, {"display_title": "A Royal Scandal", "mpaa_rating": "Not Rated", "critics_pick": 0, "byline": "BOSLEY CROWTHER", "headline": "Royal Scandal, A", "summary_short": "Tallu as Catherine the Great. Minor league package but some priceless spurts.", "publication_date": "1945-04-12", "opening_date": null, "date_updated": "2016-03-30 07:16:27", "link": {"type": "article", "url": "http://www.nytimes.com/movie/review?res=9B0CE1DC173BEE3BBC4A52DFB266838E659EDE", "suggested_link_text": "Read the New York Times Review of A Royal Scandal"}, "multimedia": null}, {"display_title": "I'll Be Seeing You", "mpaa_rating": "", "critics_pick": 0, "byline": "BOSLEY CROWTHER", "headline": "I'll Be Seeing You", "summary_short": "Thoughtful drama of prison parolee and soldier on leave.", "publication_date": "1945-04-06", "opening_date": "1945-01-05", "date_updated": "2016-03-30 06:55:49", "link": {"type": "article", "url": "http://www.nytimes.com/movie/review?res=9D02EFDE173BEE3BBC4E53DFB266838E659EDE", "suggested_link_text": "Read the New York Times Review of I'll Be Seeing You"}, "multimedia": null}, {"display_title": "The Corn Is Green", "mpaa_rating": "", "critics_pick": 0, "byline": "BOSLEY CROWTHER", "headline": "Corn is Green, The", "summary_short": "Welsh teacher tutors young coal-miner. Fine Bette, absorbing tale. But if you believe that's not love, you'll believe anything.", "publication_date": "1945-03-30", "opening_date": "1945-07-14", "date_updated": "2016-03-30 07:10:42", "link": {"type": "article", "url": "http://www.nytimes.com/movie/review?res=9B04E2D91438E532A25753C3A9659C946493D6CF", "suggested_link_text": "Read the New York Times Review of The Corn Is Green"}, "multimedia": null}, {"display_title": "The Affairs of Susan", "mpaa_rating": "", "critics_pick": 0, "byline": "BOSLEY CROWTHER", "headline": "Affairs of Susan, The", "summary_short": "So-so comedy.", "publication_date": "1945-03-29", "opening_date": null, "date_updated": "2016-03-30 07:06:02", "link": {"type": "article", "url": "http://www.nytimes.com/movie/review?res=9B03EFD71739E23ABC4151DFB566838E659EDE", "suggested_link_text": "Read the New York Times Review of The Affairs of Susan"}, "multimedia": null}, {"display_title": "God Is My Co-Pilot", "mpaa_rating": "", "critics_pick": 0, "byline": "BOSLEY CROWTHER", "headline": "God Is my Co-Pilot", "summary_short": "WW2 fliers. More fuel would have helped.", "publication_date": "1945-03-24", "opening_date": "1945-04-07", "date_updated": "2016-03-30 07:14:03", "link": {"type": "article", "url": "http://www.nytimes.com/movie/review?res=940CE1D7163BEE3BBC4C51DFB566838E659EDE", "suggested_link_text": "Read the New York Times Review of God Is My Co-Pilot"}, "multimedia": null}, {"display_title": "Without Love", "mpaa_rating": "", "critics_pick": 0, "byline": "BOSLEY CROWTHER", "headline": "Without Love", "summary_short": "Also without plot. Entertaining chatter, expertly rendered.", "publication_date": "1945-03-23", "opening_date": "1945-05-01", "date_updated": "2016-03-30 07:21:18", "link": {"type": "article", "url": "http://www.nytimes.com/movie/review?res=9804E7D7163BEE3BBC4B51DFB566838E659EDE", "suggested_link_text": "Read the New York Times Review of Without Love"}, "multimedia": null}, {"display_title": "Thunderhead, Son of Flicka", "mpaa_rating": "", "critics_pick": 0, "byline": "BOSLEY CROWTHER", "headline": "Thunderhead", "summary_short": "Appealing horse yarn. Rounded family fare.", "publication_date": "1945-03-16", "opening_date": null, "date_updated": "2016-03-30 06:58:10", "link": {"type": "article", "url": "http://www.nytimes.com/movie/review?res=9905E0D7143FE23BBC4E52DFB566838E659EDE", "suggested_link_text": "Read the New York Times Review of Thunderhead, Son of Flicka"}, "multimedia": null}, {"display_title": "Utah", "mpaa_rating": "", "critics_pick": 0, "byline": "BOSLEY CROWTHER", "headline": "Utah", "summary_short": "The old ranch trail.", "publication_date": "1945-03-12", "opening_date": "1945-03-21", "date_updated": "2016-03-30 06:56:20", "link": {"type": "article", "url": "http://www.nytimes.com/movie/review?res=9507E7DB163BEE3BBC4A52DFB566838E659EDE", "suggested_link_text": "Read the New York Times Review of Utah"}, "multimedia": null}, {"display_title": "Murder, My Sweet", "mpaa_rating": "", "critics_pick": 0, "byline": "BOSLEY CROWTHER", "headline": "Murder, my Sweet", "summary_short": "Pungent, hard-boiled whodunit via Chandler. Second and best of three versions.", "publication_date": "1945-03-09", "opening_date": "1944-12-09", "date_updated": "2016-03-30 06:46:00", "link": {"type": "article", "url": "http://www.nytimes.com/movie/review?res=9F04EEDF163BEE3BBC4153DFB566838E659EDE", "suggested_link_text": "Read the New York Times Review of Murder, My Sweet"}, "multimedia": null}, {"display_title": "The Crime Doctor's Courage", "mpaa_rating": "", "critics_pick": 0, "byline": "BOSLEY CROWTHER", "headline": "Crime Doctor's Courage, The", "summary_short": "Nothing courageous here. Fair sleuther.", "publication_date": "1945-03-03", "opening_date": "1945-02-27", "date_updated": "2016-03-30 07:13:31", "link": {"type": "article", "url": "http://www.nytimes.com/movie/review?res=9A07E4D71739E23ABC4B53DFB566838E659EDE", "suggested_link_text": "Read the New York Times Review of The Crime Doctor's Courage"}, "multimedia": null}, {"display_title": "The Picture of Dorian Gray", "mpaa_rating": "Not Rated", "critics_pick": 0, "byline": "BOSLEY CROWTHER", "headline": "Picture of Dorian Gray, The", "summary_short": "Effective, haunting Oscar Wilde.", "publication_date": "1945-03-02", "opening_date": "1945-03-03", "date_updated": "2016-03-30 07:26:09", "link": {"type": "article", "url": "http://www.nytimes.com/movie/review?res=980DE7D91F38EE3BBC4A53DFB566838E659EDE", "suggested_link_text": "Read the New York Times Review of The Picture of Dorian Gray"}, "multimedia": null}, {"display_title": "A Tree Grows in Brooklyn", "mpaa_rating": "PG", "critics_pick": 1, "byline": "BOSLEY CROWTHER", "headline": "Tree Grows in Brooklyn, A", "summary_short": "Tenement childhood. Marvelously real, affecting drama.", "publication_date": "1945-03-01", "opening_date": null, "date_updated": "2016-03-30 07:11:33", "link": {"type": "article", "url": "http://www.nytimes.com/movie/review?res=9D03E2DA1F38EE3BBC4953DFB566838E659EDE", "suggested_link_text": "Read the New York Times Review of A Tree Grows in Brooklyn"}, "multimedia": null}, {"display_title": "Variety Jubilee", "mpaa_rating": "", "critics_pick": 0, "byline": "BOSLEY CROWTHER", "headline": "Jubilee", "summary_short": "", "publication_date": "1945-02-22", "opening_date": null, "date_updated": "2016-03-30 07:26:58", "link": {"type": "article", "url": "http://www.nytimes.com/movie/review?res=9C04E5DC1F39E73ABC4A51DFB466838E659EDE", "suggested_link_text": "Read the New York Times Review of Variety Jubilee"}, "multimedia": null}, {"display_title": "Here Come the Co-Eds", "mpaa_rating": "", "critics_pick": 0, "byline": "BY BOSLEY CROWTHER", "headline": "Here Come the Co-Eds", "summary_short": "And the cliches.", "publication_date": "1945-02-19", "opening_date": "1945-02-02", "date_updated": "2016-03-30 07:09:25", "link": {"type": "article", "url": "http://www.nytimes.com/movie/review?res=950DE7D7143FE23BBC4152DFB466838E659EDE", "suggested_link_text": "Read the New York Times Review of Here Come the Co-Eds"}, "multimedia": null}]}