{"status": "OK", "copyright": "Copyright (c) 2017 The New York Times Company. All Rights Reserved.", "has_more": true, "num_results": 20, "results": [{"display_title": "The Cat's Paw", "mpaa_rating": "Not Rated", "critics_pick": 0, "byline": "M.H.", "headline": "Cat's Paw, The", "summary_short": "Missionary's son runs for mayor.", "publication_date": "1934-08-17", "opening_date": "1934-08-07", "date_updated": "2016-03-30 07:12:42", "link": {"type": "article", "url": "http://www.nytimes.com/movie/review?res=9B0DE5D8133CE23ABC4F52DFBE66838F629EDE", "suggested_link_text": "Read the New York Times Review of The Cat's Paw"}, "multimedia": null}, {"display_title": "The Defense Rests", "mpaa_rating": "Not Rated", "critics_pick": 0, "byline": "F.S.N.", "headline": "Defense Rests, The", "summary_short": "", "publication_date": "1934-08-16", "opening_date": "1934-07-15", "date_updated": "2016-03-30 07:05:53", "link": {"type": "article", "url": "http://www.nytimes.com/movie/review?res=9801E3DA1339E33ABC4E52DFBE66838F629EDE", "suggested_link_text": "Read the New York Times Review of The Defense Rests"}, "multimedia": null}, {"display_title": "Dames", "mpaa_rating": "", "critics_pick": 0, "byline": "F.S.N.", "headline": "Dames", "summary_short": "Rich man campaigns against naughty entertainment. Nice and bouncy, especially pert Joan.", "publication_date": "1934-08-16", "opening_date": "1934-09-01", "date_updated": "2016-03-30 06:46:56", "link": {"type": "article", "url": "http://www.nytimes.com/movie/review?res=9F01E3DA1339E33ABC4E52DFBE66838F629EDE", "suggested_link_text": "Read the New York Times Review of Dames"}, "multimedia": null}, {"display_title": "Bulldog Drummond Strikes Back", "mpaa_rating": "", "critics_pick": 0, "byline": "MORDAUNT HALL.", "headline": "Bulldog Drummond Strikes Back", "summary_short": "", "publication_date": "1934-08-16", "opening_date": "1934-08-15", "date_updated": "2016-03-30 07:16:14", "link": {"type": "article", "url": "http://www.nytimes.com/movie/review?res=9E01E3DA1339E33ABC4E52DFBE66838F629EDE", "suggested_link_text": "Read the New York Times Review of Bulldog Drummond Strikes Back"}, "multimedia": null}, {"display_title": "Side Streets", "mpaa_rating": "", "critics_pick": 0, "byline": "MORDAUNT HALL.", "headline": "Side Streets", "summary_short": "A San Francisco shopkeeper hires a derelict sailor, weds him and deals with a series of crises.", "publication_date": "1934-08-15", "opening_date": "1934-07-14", "date_updated": "2016-03-30 06:58:15", "link": {"type": "article", "url": "http://www.nytimes.com/movie/review?res=9B03EFDB1339E33ABC4D52DFBE66838F629EDE", "suggested_link_text": "Read the New York Times Review of Side Streets"}, "multimedia": null}, {"display_title": "Death Takes a Holiday", "mpaa_rating": "Not Rated", "critics_pick": 0, "byline": "HERBERT L. MATTHEWS", "headline": "Death Takes a Holiday", "summary_short": "Mysterious visitor at Italian villa. Stately, haunting tale, via the stage.", "publication_date": "1934-08-12", "opening_date": "1934-03-30", "date_updated": "2016-03-30 06:44:36", "link": {"type": "article", "url": "http://www.nytimes.com/movie/review?res=9C0CE4DB1339E33ABC4A52DFBE66838F629EDE", "suggested_link_text": "Read the New York Times Review of Death Takes a Holiday"}, "multimedia": null}, {"display_title": "The Lady Is Willing", "mpaa_rating": "", "critics_pick": 0, "byline": "MORDAUNT HALL.", "headline": "Lady is Willing, The", "summary_short": "", "publication_date": "1934-08-11", "opening_date": "1934-08-11", "date_updated": "2016-03-30 06:55:50", "link": {"type": "article", "url": "http://www.nytimes.com/movie/review?res=9B0CE0DF1F3DE33ABC4952DFBE66838F629EDE", "suggested_link_text": "Read the New York Times Review of The Lady Is Willing"}, "multimedia": null}, {"display_title": "One More River", "mpaa_rating": "", "critics_pick": 0, "byline": "MORDAUNT HALL.", "headline": "One More River", "summary_short": "", "publication_date": "1934-08-10", "opening_date": "1934-08-06", "date_updated": "2016-03-30 07:16:52", "link": {"type": "article", "url": "http://www.nytimes.com/movie/review?res=9B0DE1D8153FE53ABC4852DFBE66838F629EDE", "suggested_link_text": "Read the New York Times Review of One More River"}, "multimedia": null}, {"display_title": "Housewife", "mpaa_rating": "Not Rated", "critics_pick": 0, "byline": "F.S.N.", "headline": "Housewife", "summary_short": "Ad agency romantic comedy. Another early bounding-Bette caper.", "publication_date": "1934-08-10", "opening_date": "1934-08-11", "date_updated": "2016-03-30 07:12:19", "link": {"type": "article", "url": "http://www.nytimes.com/movie/review?res=940DE1D8153FE53ABC4852DFBE66838F629EDE", "suggested_link_text": "Read the New York Times Review of Housewife"}, "multimedia": null}, {"display_title": "Adventure Girl", "mpaa_rating": "", "critics_pick": 0, "byline": "F.S.N.", "headline": "Adventure Girl", "summary_short": "Man and daughter sail through storm,  in Guatemala.", "publication_date": "1934-08-09", "opening_date": "1934-08-17", "date_updated": "2016-03-30 06:53:48", "link": {"type": "article", "url": "http://www.nytimes.com/movie/review?res=9C04EED9153FE53ABC4153DFBE66838F629EDE", "suggested_link_text": "Read the New York Times Review of Adventure Girl"}, "multimedia": null}, {"display_title": "Handy Andy", "mpaa_rating": "", "critics_pick": 0, "byline": "MORDAUNT HALL.", "headline": "Handy Andy", "summary_short": "", "publication_date": "1934-08-04", "opening_date": "1934-07-27", "date_updated": "2016-03-30 07:05:27", "link": {"type": "article", "url": "http://www.nytimes.com/movie/review?res=9407E4D71430E23ABC4C53DFBE66838F629EDE", "suggested_link_text": "Read the New York Times Review of Handy Andy"}, "multimedia": null}, {"display_title": "The Personality Kid", "mpaa_rating": "", "critics_pick": 0, "byline": "A.D.S.", "headline": "Personality Kid, The", "summary_short": "", "publication_date": "1934-08-01", "opening_date": "1934-07-07", "date_updated": "2016-03-30 06:44:40", "link": {"type": "article", "url": "http://www.nytimes.com/movie/review?res=9500E0DA133CE23ABC4953DFBE66838F629EDE", "suggested_link_text": "Read the New York Times Review of The Personality Kid"}, "multimedia": null}, {"display_title": "Friends of Mr. Sweeney", "mpaa_rating": "", "critics_pick": 0, "byline": "A.D.S.", "headline": "Friends of Mr Sweeney", "summary_short": "Conservative writer becomes new man.", "publication_date": "1934-07-31", "opening_date": "1934-07-28", "date_updated": "2016-03-30 06:55:59", "link": {"type": "article", "url": "http://www.nytimes.com/movie/review?res=9F02E2DA153FE53ABC4950DFB166838F629EDE", "suggested_link_text": "Read the New York Times Review of Friends of Mr. Sweeney"}, "multimedia": null}, {"display_title": "She Learned About Sailors", "mpaa_rating": "", "critics_pick": 0, "byline": "A. D. S.", "headline": "She Learned About Sailors", "summary_short": "", "publication_date": "1934-07-30", "opening_date": "1934-06-29", "date_updated": "2016-03-30 06:49:20", "link": {"type": "article", "url": "http://www.nytimes.com/movie/review?res=9A03E5DA133CE23ABC4850DFB166838F629EDE", "suggested_link_text": "Read the New York Times Review of She Learned About Sailors"}, "multimedia": null}, {"display_title": "Paris Interlude", "mpaa_rating": "", "critics_pick": 0, "byline": "A.D.S.", "headline": "Paris Interlude", "summary_short": "Film version of the S.J. and Laura Perelman play ``All Good Americans'' focuses on expatriates in Paris, including a madcap beauty in love with a dashing correspondent. Flip but not fizzy.", "publication_date": "1934-07-28", "opening_date": "1934-07-27", "date_updated": "2016-03-30 06:52:49", "link": {"type": "article", "url": "http://www.nytimes.com/movie/review?res=950DEFD81430E23ABC4051DFB166838F629EDE", "suggested_link_text": "Read the New York Times Review of Paris Interlude"}, "multimedia": null}, {"display_title": "Ladies Should Listen", "mpaa_rating": "", "critics_pick": 0, "byline": "F.S.N.", "headline": "Ladies Should Listen", "summary_short": "Fairly perky antique.", "publication_date": "1934-07-28", "opening_date": "1934-08-10", "date_updated": "2016-03-30 06:52:19", "link": {"type": "article", "url": "http://www.nytimes.com/movie/review?res=9C0CEFD81430E23ABC4051DFB166838F629EDE", "suggested_link_text": "Read the New York Times Review of Ladies Should Listen"}, "multimedia": null}, {"display_title": "Hat, Coat and Glove", "mpaa_rating": "", "critics_pick": 0, "byline": "A.D.S.", "headline": "Hat, Coat and Glove", "summary_short": "Lawyer defends ex-wife's lover in murder trial.", "publication_date": "1934-07-27", "opening_date": "1934-08-27", "date_updated": "2016-03-30 07:20:09", "link": {"type": "article", "url": "http://www.nytimes.com/movie/review?res=9900E0D61E3DE33ABC4F51DFB166838F629EDE", "suggested_link_text": "Read the New York Times Review of Hat, Coat and Glove"}, "multimedia": null}, {"display_title": "If I Were Rich", "mpaa_rating": "", "critics_pick": 0, "byline": "A.D.S.", "headline": "For Love or Money", "summary_short": "Bankrupt British businessman lures investors with well-dressed impostor.", "publication_date": "1934-07-26", "opening_date": "1934-07-26", "date_updated": "2016-03-30 06:56:40", "link": {"type": "article", "url": "http://www.nytimes.com/movie/review?res=9E0DE0DB133CE23ABC4E51DFB166838F629EDE", "suggested_link_text": "Read the New York Times Review of If I Were Rich"}, "multimedia": null}, {"display_title": "Cockeyed Cavaliers", "mpaa_rating": "", "critics_pick": 0, "byline": "A. D. S.", "headline": "Cockeyed Cavaliers", "summary_short": "Olde England, really olde, and quite amusing.", "publication_date": "1934-07-25", "opening_date": "1934-06-29", "date_updated": "2016-03-30 07:30:40", "link": {"type": "article", "url": "http://www.nytimes.com/movie/review?res=9D03E3DE1339E33ABC4D51DFB166838F629EDE", "suggested_link_text": "Read the New York Times Review of Cockeyed Cavaliers"}, "multimedia": null}, {"display_title": "Wild Gold", "mpaa_rating": "", "critics_pick": 0, "byline": "A.D.S.", "headline": "Wild Gold", "summary_short": "", "publication_date": "1934-07-24", "opening_date": "1934-06-08", "date_updated": "2016-03-30 07:24:11", "link": {"type": "article", "url": "http://www.nytimes.com/movie/review?res=9C0CE4DB133CE23ABC4C51DFB166838F629EDE", "suggested_link_text": "Read the New York Times Review of Wild Gold"}, "multimedia": null}]}