{"status": "OK", "copyright": "Copyright (c) 2017 The New York Times Company. All Rights Reserved.", "has_more": true, "num_results": 20, "results": [{"display_title": "Missing Girls", "mpaa_rating": "", "critics_pick": 0, "byline": "J.T.M.", "headline": "Missing Girls", "summary_short": "", "publication_date": "1936-10-05", "opening_date": "1936-09-10", "date_updated": "2016-03-30 06:46:13", "link": {"type": "article", "url": "http://www.nytimes.com/movie/review?res=940DE1DB1639EE3BBC4D53DFB667838D629EDE", "suggested_link_text": "Read the New York Times Review of Missing Girls"}, "multimedia": null}, {"display_title": "Liebesleute", "mpaa_rating": "", "critics_pick": 0, "byline": "H.T.S.", "headline": "Liebesleute", "summary_short": "", "publication_date": "1936-10-03", "opening_date": "1936-10-02", "date_updated": "2016-03-30 06:45:08", "link": {"type": "article", "url": "http://www.nytimes.com/movie/review?res=9A01E0D71F3FEE3BBC4B53DFB667838D629EDE", "suggested_link_text": "Read the New York Times Review of Liebesleute"}, "multimedia": null}, {"display_title": "Nine Days a Queen", "mpaa_rating": "", "critics_pick": 0, "byline": "FRANK S. NUGENT", "headline": "Nine Days a Queen", "summary_short": "Jane Grey's sad history, beautifully played.", "publication_date": "1936-10-03", "opening_date": "1936-09-01", "date_updated": "2016-03-30 07:05:10", "link": {"type": "article", "url": "http://www.nytimes.com/movie/review?res=9406E0D71F3FEE3BBC4B53DFB667838D629EDE", "suggested_link_text": "Read the New York Times Review of Nine Days a Queen"}, "multimedia": null}, {"display_title": "Kelly the Second", "mpaa_rating": "", "critics_pick": 0, "byline": "B.R.C.", "headline": "Kelly the Second", "summary_short": "", "publication_date": "1936-10-03", "opening_date": "1936-08-21", "date_updated": "2016-03-30 07:11:36", "link": {"type": "article", "url": "http://www.nytimes.com/movie/review?res=9E01E0D71F3FEE3BBC4B53DFB667838D629EDE", "suggested_link_text": "Read the New York Times Review of Kelly the Second"}, "multimedia": null}, {"display_title": "Craig's Wife", "mpaa_rating": "", "critics_pick": 0, "byline": "FRANK S. NUGENT", "headline": "Craig's Wife", "summary_short": "Moderately dramatic version of famed play of domineering woman.", "publication_date": "1936-10-02", "opening_date": "1936-09-25", "date_updated": "2016-03-30 06:48:05", "link": {"type": "article", "url": "http://www.nytimes.com/movie/review?res=9404E1D81F3FEE3BBC4A53DFB667838D629EDE", "suggested_link_text": "Read the New York Times Review of Craig's Wife"}, "multimedia": null}, {"display_title": "King of the Royal Mounted", "mpaa_rating": "", "critics_pick": 0, "byline": "FRANK S. NUGENT", "headline": "King of the Royal Mounted", "summary_short": "", "publication_date": "1936-09-29", "opening_date": "1936-09-11", "date_updated": "2016-03-30 07:19:08", "link": {"type": "article", "url": "http://www.nytimes.com/movie/review?res=9E01E6DE1639EE3BBC4151DFBF66838D629EDE", "suggested_link_text": "Read the New York Times Review of King of the Royal Mounted"}, "multimedia": null}, {"display_title": "Ein Walzer Fuer Dich", "mpaa_rating": "", "critics_pick": 0, "byline": "H.T.S.", "headline": "Walzer fuer Dich, Ein", "summary_short": "", "publication_date": "1936-09-29", "opening_date": "1936-09-28", "date_updated": "2016-03-30 06:43:55", "link": {"type": "article", "url": "http://www.nytimes.com/movie/review?res=9F01E6DE1639EE3BBC4151DFBF66838D629EDE", "suggested_link_text": "Read the New York Times Review of Ein Walzer Fuer Dich"}, "multimedia": null}, {"display_title": "Stage Struck", "mpaa_rating": "", "critics_pick": 0, "byline": "FRANK S. NUGENT", "headline": "Stage Struck", "summary_short": "So-so backstage milling. Very ordinary score.", "publication_date": "1936-09-28", "opening_date": "1936-09-12", "date_updated": "2016-03-30 06:49:31", "link": {"type": "article", "url": "http://www.nytimes.com/movie/review?res=9405E4D81F3FEE3BBC4051DFBF66838D629EDE", "suggested_link_text": "Read the New York Times Review of Stage Struck"}, "multimedia": null}, {"display_title": "Il Cappello A Tre Punte", "mpaa_rating": "", "critics_pick": 0, "byline": "H.T.S.", "headline": "Cappello a Tre Punte, Il", "summary_short": "", "publication_date": "1936-09-28", "opening_date": "1936-09-27", "date_updated": "2016-03-30 07:28:11", "link": {"type": "article", "url": "http://www.nytimes.com/movie/review?res=9E04E4D81F3FEE3BBC4051DFBF66838D629EDE", "suggested_link_text": "Read the New York Times Review of Il Cappello A Tre Punte"}, "multimedia": null}, {"display_title": "Heisses Blut", "mpaa_rating": "", "critics_pick": 0, "byline": "H.T.S.", "headline": "Heisses Blut", "summary_short": "", "publication_date": "1936-09-26", "opening_date": "1936-09-25", "date_updated": "2016-03-30 07:23:24", "link": {"type": "article", "url": "http://www.nytimes.com/movie/review?res=9A01E6D91F3FEE3BBC4E51DFBF66838D629EDE", "suggested_link_text": "Read the New York Times Review of Heisses Blut"}, "multimedia": null}, {"display_title": "My Song Goes Round the World", "mpaa_rating": "", "critics_pick": 0, "byline": "H.T.S.", "headline": "Lied Geht um die Welt, Ein", "summary_short": "", "publication_date": "1936-09-25", "opening_date": null, "date_updated": "2016-03-30 07:05:39", "link": {"type": "article", "url": "http://www.nytimes.com/movie/review?res=9C00E6D71F30E13BBC4D51DFBF66838D629EDE", "suggested_link_text": "Read the New York Times Review of My Song Goes Round the World"}, "multimedia": null}, {"display_title": "Don't Turn'em Loose", "mpaa_rating": "", "critics_pick": 0, "byline": "FRANK S. NUGENT", "headline": "Don't Turn 'em Loose", "summary_short": "Rather off-beat crime yarn.", "publication_date": "1936-09-25", "opening_date": "1936-09-18", "date_updated": "2016-03-30 07:28:37", "link": {"type": "article", "url": "http://www.nytimes.com/movie/review?res=9801E6D71F30E13BBC4D51DFBF66838D629EDE", "suggested_link_text": "Read the New York Times Review of Don't Turn'em Loose"}, "multimedia": null}, {"display_title": "Dodsworth", "mpaa_rating": "", "critics_pick": 1, "byline": "FRANK S. NUGENT", "headline": "Dodsworth", "summary_short": "Sinclair Lewis's Americans abroad. Stunning, pensive adult drama.", "publication_date": "1936-09-24", "opening_date": "1936-09-23", "date_updated": "2016-03-30 07:27:24", "link": {"type": "article", "url": "http://www.nytimes.com/movie/review?res=9F06EEDF153CE53ABC4C51DFBF66838D629EDE", "suggested_link_text": "Read the New York Times Review of Dodsworth"}, "multimedia": null}, {"display_title": "The Texas Rangers", "mpaa_rating": "", "critics_pick": 0, "byline": "J.T.M.", "headline": "Texas Rangers, The", "summary_short": "Solid of this kind.", "publication_date": "1936-09-24", "opening_date": "1936-08-28", "date_updated": "2016-03-30 07:25:48", "link": {"type": "article", "url": "http://www.nytimes.com/movie/review?res=9806EEDF153CE53ABC4C51DFBF66838D629EDE", "suggested_link_text": "Read the New York Times Review of The Texas Rangers"}, "multimedia": null}, {"display_title": "Le Barbier De Seville", "mpaa_rating": "", "critics_pick": 0, "byline": "H.T.S.", "headline": "Barbier de Seville, Le", "summary_short": "", "publication_date": "1936-09-23", "opening_date": "1936-09-22", "date_updated": "2016-03-30 07:11:56", "link": {"type": "article", "url": "http://www.nytimes.com/movie/review?res=9C05E2DA1F30E13BBC4B51DFBF66838D629EDE", "suggested_link_text": "Read the New York Times Review of Le Barbier De Seville"}, "multimedia": null}, {"display_title": "Trouble Ahead", "mpaa_rating": "", "critics_pick": 0, "byline": "J.T.M.", "headline": "Trouble Ahead", "summary_short": "Hollywood star loves innocent London girl, his manager intervenes.", "publication_date": "1936-09-21", "opening_date": "1936-09-23", "date_updated": "2016-03-30 07:22:37", "link": {"type": "article", "url": "http://www.nytimes.com/movie/review?res=9D05E2DF153CE53ABC4951DFBF66838D629EDE", "suggested_link_text": "Read the New York Times Review of Trouble Ahead"}, "multimedia": null}, {"display_title": "Hollywood Boulevard", "mpaa_rating": "", "critics_pick": 0, "byline": "FRANK S. NUGENT", "headline": "Hollywood Boulevard", "summary_short": "Sorry combination of cynicism and maudlinism.", "publication_date": "1936-09-21", "opening_date": "1936-08-21", "date_updated": "2016-03-30 07:18:02", "link": {"type": "article", "url": "http://www.nytimes.com/movie/review?res=9C05E2DF153CE53ABC4951DFBF66838D629EDE", "suggested_link_text": "Read the New York Times Review of Hollywood Boulevard"}, "multimedia": null}, {"display_title": "My Man Godfrey", "mpaa_rating": "Not Rated", "critics_pick": 1, "byline": "Frank S. Nugent", "headline": "MY MAN GODFREY (MOVIE)", "summary_short": "Butler for all seasons. Forever fabulous.", "publication_date": "1936-09-19", "opening_date": "1936-09-17", "date_updated": "2016-03-30 06:50:17", "link": {"type": "article", "url": "http://www.nytimes.com/movie/review?res=EE05E7DF173CE16EBC4152DFBF66838D629EDE", "suggested_link_text": "Read the New York Times Review of My Man Godfrey"}, "multimedia": null}, {"display_title": "Love Begins at Twenty", "mpaa_rating": "", "critics_pick": 0, "byline": "FRANK S. NUGENT", "headline": "Love Begins at 20", "summary_short": "Nagging wife, nip of gin.", "publication_date": "1936-09-19", "opening_date": "1936-08-22", "date_updated": "2016-03-30 06:56:36", "link": {"type": "article", "url": "http://www.nytimes.com/movie/review?res=9B06EED6143CE53ABC4152DFBF66838D629EDE", "suggested_link_text": "Read the New York Times Review of Love Begins at Twenty"}, "multimedia": null}, {"display_title": "Give Me Your Heart", "mpaa_rating": "", "critics_pick": 0, "byline": "FRANK S. NUGENT", "headline": "Give Me your Heart", "summary_short": "Suds, with some dignity.", "publication_date": "1936-09-17", "opening_date": null, "date_updated": "2016-03-30 07:10:41", "link": {"type": "article", "url": "http://www.nytimes.com/movie/review?res=9C0DE7D6143CE53ABC4F52DFBF66838D629EDE", "suggested_link_text": "Read the New York Times Review of Give Me Your Heart"}, "multimedia": null}]}