{"status": "OK", "copyright": "Copyright (c) 2017 The New York Times Company. All Rights Reserved.", "has_more": true, "num_results": 20, "results": [{"display_title": "Road to Singapore", "mpaa_rating": "", "critics_pick": 0, "byline": "FRANK S. NUGENT", "headline": "Road to Singapore", "summary_short": "Energetic hopping, at road-series start.", "publication_date": "1940-03-14", "opening_date": "1940-03-22", "date_updated": "2016-03-30 07:09:23", "link": {"type": "article", "url": "http://www.nytimes.com/movie/review?res=9F02E5DF1730E43ABC4C52DFB566838B659EDE", "suggested_link_text": "Read the New York Times Review of Road to Singapore"}, "multimedia": null}, {"display_title": "Three Cheers for the Irish", "mpaa_rating": "", "critics_pick": 0, "byline": "FRANK S. NUGENT", "headline": "Three Cheers for the Irish", "summary_short": "Family feuding over Scottish beau. Anyway, bounding.", "publication_date": "1940-03-09", "opening_date": "1940-03-16", "date_updated": "2016-03-30 06:56:20", "link": {"type": "article", "url": "http://www.nytimes.com/movie/review?res=9804E1DE1630E43ABC4153DFB566838B659EDE", "suggested_link_text": "Read the New York Times Review of Three Cheers for the Irish"}, "multimedia": null}, {"display_title": "Northwest Passage", "mpaa_rating": "", "critics_pick": 0, "byline": "FRANK S. NUGENT", "headline": "Northwest Passage", "summary_short": "Going west to fight French-allied Indians. Fragmentary but sturdy, well-handled frontier drama.", "publication_date": "1940-03-08", "opening_date": "1940-03-21", "date_updated": "2016-03-30 06:47:06", "link": {"type": "article", "url": "http://www.nytimes.com/movie/review?res=9B01EFDF1630E43ABC4053DFB566838B659EDE", "suggested_link_text": "Read the New York Times Review of Northwest Passage"}, "multimedia": null}, {"display_title": "The Fight for Life", "mpaa_rating": "", "critics_pick": 0, "byline": "FRANK S. NUGENT", "headline": "Fight for Life, The", "summary_short": "", "publication_date": "1940-03-07", "opening_date": "1940-03-07", "date_updated": "2016-03-30 06:43:05", "link": {"type": "article", "url": "http://www.nytimes.com/movie/review?res=9C05E7DF1630E43ABC4F53DFB566838B659EDE", "suggested_link_text": "Read the New York Times Review of The Fight for Life"}, "multimedia": null}, {"display_title": "The Marines Fly High", "mpaa_rating": "", "critics_pick": 0, "byline": "FRANK S. NUGENT", "headline": "Marines Fly High, The", "summary_short": "Pilots track bandit in Central America.", "publication_date": "1940-03-05", "opening_date": "1940-03-07", "date_updated": "2016-03-30 07:05:21", "link": {"type": "article", "url": "http://www.nytimes.com/movie/review?res=9C05EFDC1F31E43ABC4D53DFB566838B659EDE", "suggested_link_text": "Read the New York Times Review of The Marines Fly High"}, "multimedia": null}, {"display_title": "Seventeen", "mpaa_rating": "", "critics_pick": 0, "byline": "FRANK S. NUGENT", "headline": "Seventeen", "summary_short": "Tarkington's teen-age boy. As delightful as it is dated.", "publication_date": "1940-02-29", "opening_date": "1940-03-01", "date_updated": "2016-03-30 07:21:09", "link": {"type": "article", "url": "http://www.nytimes.com/movie/review?res=9504E1D81438E133A2575AC2A9649C946193D6CF", "suggested_link_text": "Read the New York Times Review of Seventeen"}, "multimedia": null}, {"display_title": "The Baker's Wife", "mpaa_rating": "Not Rated", "critics_pick": 1, "byline": "FRANK S. NUGENT", "headline": "Baker's Wife, The", "summary_short": "Pagnol's glorious comedy-drama of a village cuckold.  Simple, sad, funny, memorable.", "publication_date": "1940-02-27", "opening_date": "1940-02-26", "date_updated": "2016-03-30 06:44:55", "link": {"type": "article", "url": "http://www.nytimes.com/movie/review?res=9B0DE5D91438E133A25754C2A9649C946193D6CF", "suggested_link_text": "Read the New York Times Review of The Baker's Wife"}, "multimedia": null}, {"display_title": "Dr. Ehrlich's Magic Bullet", "mpaa_rating": "", "critics_pick": 0, "byline": "FRANK S. NUGENT", "headline": "Dr Ehrlich's Magic Bullet", "summary_short": "Medical pioneer who found cure for syphilis. Grade A Hollywood.", "publication_date": "1940-02-24", "opening_date": "1940-03-02", "date_updated": "2016-03-30 06:50:18", "link": {"type": "article", "url": "http://www.nytimes.com/movie/review?res=9907E6DF1F31E43ABC4C51DFB466838B659EDE", "suggested_link_text": "Read the New York Times Review of Dr. Ehrlich's Magic Bullet"}, "multimedia": null}, {"display_title": "Abe Lincoln in Illinois", "mpaa_rating": "", "critics_pick": 0, "byline": "FRANK S. NUGENT", "headline": "Abe Lincoln in Illinois", "summary_short": "Faithful, first-rate version of Sherwood's pensive play. Impressive Massey.", "publication_date": "1940-02-23", "opening_date": "1940-04-19", "date_updated": "2016-03-30 06:56:32", "link": {"type": "article", "url": "http://www.nytimes.com/movie/review?res=9E00E2D71E31E43ABC4B51DFB466838B659EDE", "suggested_link_text": "Read the New York Times Review of Abe Lincoln in Illinois"}, "multimedia": null}, {"display_title": "The Man from Dakota", "mpaa_rating": "", "critics_pick": 0, "byline": "FRANK S. NUGENT", "headline": "Man From Dakota, The", "summary_short": "Union spies on Confederate terrain. Not bad.", "publication_date": "1940-02-22", "opening_date": "1940-02-16", "date_updated": "2016-03-30 07:23:17", "link": {"type": "article", "url": "http://www.nytimes.com/movie/review?res=9F03EED81E31E43ABC4A51DFB466838B659EDE", "suggested_link_text": "Read the New York Times Review of The Man from Dakota"}, "multimedia": null}, {"display_title": "A Chump at Oxford", "mpaa_rating": "", "critics_pick": 0, "byline": "FRANK S. NUGENT", "headline": "Chump at Oxford, A", "summary_short": "Stan turns out to be brilliant alumnus; luckily he doesn't stay that way. Lower learning, and a howl.", "publication_date": "1940-02-20", "opening_date": "1940-02-16", "date_updated": "2016-03-30 07:29:50", "link": {"type": "article", "url": "http://www.nytimes.com/movie/review?res=9F0CE3D91F3EE23ABC4851DFB466838B659EDE", "suggested_link_text": "Read the New York Times Review of A Chump at Oxford"}, "multimedia": null}, {"display_title": "Of Mice and Men", "mpaa_rating": "", "critics_pick": 1, "byline": "FRANK S. NUGENT", "headline": "Of Mice and Men", "summary_short": "Steinbeck's itinerants. Powerful and haunting, darker than the recent remake. Fine Copland music.", "publication_date": "1940-02-17", "opening_date": "1940-01-12", "date_updated": "2016-03-30 06:41:48", "link": {"type": "article", "url": "http://www.nytimes.com/movie/review?res=9C07E7DD1E31E43ABC4F52DFB466838B659EDE", "suggested_link_text": "Read the New York Times Review of Of Mice and Men"}, "multimedia": null}, {"display_title": "Honeymoon Deferred", "mpaa_rating": "", "critics_pick": 0, "byline": "FRANK S. NUGENT", "headline": "Honeymoon Deferred", "summary_short": "A whodunit, and judgment deferred. We've not seen.", "publication_date": "1940-02-16", "opening_date": "1940-02-16", "date_updated": "2016-03-30 06:48:12", "link": {"type": "article", "url": "http://www.nytimes.com/movie/review?res=9E04E5D71131E43ABC4E52DFB466838B659EDE", "suggested_link_text": "Read the New York Times Review of Honeymoon Deferred"}, "multimedia": null}, {"display_title": "Sidewalks of London", "mpaa_rating": "", "critics_pick": 0, "byline": "FRANK S. NUGENT", "headline": "Sidewalks of London", "summary_short": "Street performers, one rising. Entertaining, with riveting pre-Scarlett Viv.", "publication_date": "1940-02-15", "opening_date": "1940-02-15", "date_updated": "2016-03-30 07:11:37", "link": {"type": "article", "url": "http://www.nytimes.com/movie/review?res=9D00E5D81131E43ABC4D52DFB466838B659EDE", "suggested_link_text": "Read the New York Times Review of Sidewalks of London"}, "multimedia": null}, {"display_title": "The Saint's Double Trouble", "mpaa_rating": "", "critics_pick": 0, "byline": "FRANK S. NUGENT", "headline": "Saint's Double Trouble, The", "summary_short": "A lookalike diamond smuggler.", "publication_date": "1940-02-13", "opening_date": "1940-01-26", "date_updated": "2016-03-30 07:29:40", "link": {"type": "article", "url": "http://www.nytimes.com/movie/review?res=9A00E4DC1131E43ABC4B52DFB466838B659EDE", "suggested_link_text": "Read the New York Times Review of The Saint's Double Trouble"}, "multimedia": null}, {"display_title": "The Swiss Family Robinson", "mpaa_rating": "", "critics_pick": 0, "byline": "FRANK S. NUGENT", "headline": "Swiss Family Robinson", "summary_short": "", "publication_date": "1940-02-09", "opening_date": "1940-02-08", "date_updated": "2016-03-30 06:58:04", "link": {"type": "article", "url": "http://www.nytimes.com/movie/review?res=9905E6DB1F3EE23ABC4153DFB466838B659EDE", "suggested_link_text": "Read the New York Times Review of The Swiss Family Robinson"}, "multimedia": null}, {"display_title": "Pinocchio", "mpaa_rating": "", "critics_pick": 1, "byline": "FRANK S. NUGENT", "headline": "Pinocchio", "summary_short": "", "publication_date": "1940-02-08", "opening_date": "1940-02-23", "date_updated": "2016-03-30 07:28:59", "link": {"type": "article", "url": "http://www.nytimes.com/movie/review?res=9A03E2D8113EE33ABC4053DFB466838B659EDE", "suggested_link_text": "Read the New York Times Review of Pinocchio"}, "multimedia": null}, {"display_title": "The Lone Wolf Strikes", "mpaa_rating": "", "critics_pick": 0, "byline": "FRANK S. NUGENT", "headline": "Lone Wolf Strikes, The", "summary_short": "Grade B film about a detective's capture of jewel thieves.", "publication_date": "1940-02-05", "opening_date": "1940-01-26", "date_updated": "2016-03-30 06:42:20", "link": {"type": "article", "url": "http://www.nytimes.com/movie/review?res=9E07E4D81031E43ABC4D53DFB466838B659EDE", "suggested_link_text": "Read the New York Times Review of The Lone Wolf Strikes"}, "multimedia": null}, {"display_title": "Little Old New York", "mpaa_rating": "", "critics_pick": 0, "byline": "FRANK S. NUGENT", "headline": "Little Old New York", "summary_short": "Plus Fulton's steamboat. Picaresque and punchy, and the three stars, ideally cast, are excellent.", "publication_date": "1940-02-03", "opening_date": "1940-02-09", "date_updated": "2016-03-30 07:24:38", "link": {"type": "article", "url": "http://www.nytimes.com/movie/review?res=9D0DEEDC1031E43ABC4B53DFB466838B659EDE", "suggested_link_text": "Read the New York Times Review of Little Old New York"}, "multimedia": null}, {"display_title": "Married and in Love", "mpaa_rating": "", "critics_pick": 0, "byline": "FRANK S. NUGENT", "headline": "Married and in Love", "summary_short": "Doctor's wife resents his married ex-girlfriend.", "publication_date": "1940-02-02", "opening_date": "1940-01-19", "date_updated": "2016-03-30 07:27:33", "link": {"type": "article", "url": "http://www.nytimes.com/movie/review?res=9D02E0DD1031E43ABC4A53DFB466838B659EDE", "suggested_link_text": "Read the New York Times Review of Married and in Love"}, "multimedia": null}]}