{"status": "OK", "copyright": "Copyright (c) 2017 The New York Times Company. All Rights Reserved.", "has_more": true, "num_results": 20, "results": [{"display_title": "Back Street", "mpaa_rating": "", "critics_pick": 0, "byline": "MORDAUNT HALL.", "headline": "Back Street", "summary_short": "A loyal, loving mistress, via Fannie Hurst's sudser. Bit poky now but Irene makes it matter.", "publication_date": "1932-08-29", "opening_date": "1932-12-30", "date_updated": "2016-03-30 07:21:23", "link": {"type": "article", "url": "http://www.nytimes.com/movie/review?res=9501E7D91231E633A2575AC2A96E9C946394D6CF", "suggested_link_text": "Read the New York Times Review of Back Street"}, "multimedia": null}, {"display_title": "I Kiss Your Hand, Madame", "mpaa_rating": "", "critics_pick": 0, "byline": "H.T.S.", "headline": "I Kiss Your Hand, Madame", "summary_short": "", "publication_date": "1932-08-29", "opening_date": null, "date_updated": "2016-03-30 06:44:10", "link": {"type": "article", "url": "http://www.nytimes.com/movie/review?res=9C00E7D91231E633A2575AC2A96E9C946394D6CF", "suggested_link_text": "Read the New York Times Review of I Kiss Your Hand, Madame"}, "multimedia": null}, {"display_title": "The Night Club Lady", "mpaa_rating": "", "critics_pick": 0, "byline": "MORDAUNT HALL", "headline": "Night Club Lady, The", "summary_short": "", "publication_date": "1932-08-27", "opening_date": "1932-08-27", "date_updated": "2016-03-30 07:11:06", "link": {"type": "article", "url": "http://www.nytimes.com/movie/review?res=9B06E0DA1231E633A25754C2A96E9C946394D6CF", "suggested_link_text": "Read the New York Times Review of The Night Club Lady"}, "multimedia": null}, {"display_title": "Snayper", "mpaa_rating": "", "critics_pick": 0, "byline": "H. T. S.", "headline": "Sniper", "summary_short": "", "publication_date": "1932-08-26", "opening_date": null, "date_updated": "2016-03-30 07:14:41", "link": {"type": "article", "url": "http://www.nytimes.com/movie/review?res=9504E3DA1231E633A25755C2A96E9C946394D6CF", "suggested_link_text": "Read the New York Times Review of Snayper"}, "multimedia": null}, {"display_title": "Life Begins", "mpaa_rating": "", "critics_pick": 0, "byline": "MORDAUNT HALL.", "headline": "Life Begins", "summary_short": "A maternity ward. Solid, well played drama, fine cast.", "publication_date": "1932-08-26", "opening_date": "1932-09-10", "date_updated": "2016-03-30 07:30:08", "link": {"type": "article", "url": "http://www.nytimes.com/movie/review?res=9B04E3DA1231E633A25755C2A96E9C946394D6CF", "suggested_link_text": "Read the New York Times Review of Life Begins"}, "multimedia": null}, {"display_title": "The Last Mile", "mpaa_rating": "", "critics_pick": 0, "byline": "M. H.", "headline": "Last Mile, The", "summary_short": "Venerable Death Row sizzler, via the stage. Good Foster here.", "publication_date": "1932-08-26", "opening_date": "1932-08-17", "date_updated": "2016-03-30 07:11:24", "link": {"type": "article", "url": "http://www.nytimes.com/movie/review?res=9404E3DA1231E633A25755C2A96E9C946394D6CF", "suggested_link_text": "Read the New York Times Review of The Last Mile"}, "multimedia": null}, {"display_title": "Clown George", "mpaa_rating": "", "critics_pick": 0, "byline": "H.T.S.", "headline": "Clown George", "summary_short": "", "publication_date": "1932-08-24", "opening_date": null, "date_updated": "2016-03-30 07:09:21", "link": {"type": "article", "url": "http://www.nytimes.com/movie/review?res=9F02E0D71F3EE633A25757C2A96E9C946394D6CF", "suggested_link_text": "Read the New York Times Review of Clown George"}, "multimedia": null}, {"display_title": "The First Year", "mpaa_rating": "", "critics_pick": 0, "byline": "MORDAUNT HALL.", "headline": "First Year, The", "summary_short": "", "publication_date": "1932-08-22", "opening_date": "1932-07-31", "date_updated": "2016-03-30 06:45:45", "link": {"type": "article", "url": "http://www.nytimes.com/movie/review?res=9900E6D91F3EE633A25751C2A96E9C946394D6CF", "suggested_link_text": "Read the New York Times Review of The First Year"}, "multimedia": null}, {"display_title": "The Sign of Four", "mpaa_rating": "Not Rated", "critics_pick": 0, "byline": "A.D.S.", "headline": "Sign of the Four, The", "summary_short": "", "publication_date": "1932-08-20", "opening_date": "1932-08-14", "date_updated": "2016-03-30 07:17:00", "link": {"type": "article", "url": "http://www.nytimes.com/movie/review?res=9F06E5DB1231E633A25753C2A96E9C946394D6CF", "suggested_link_text": "Read the New York Times Review of The Sign of Four"}, "multimedia": null}, {"display_title": "Hold 'em Jail", "mpaa_rating": "", "critics_pick": 0, "byline": "M.H.", "headline": "Hold 'Em Jail!", "summary_short": "Penitentiary football teams. Real antique, with these two forgotten clowns.", "publication_date": "1932-08-20", "opening_date": "1932-09-16", "date_updated": "2016-03-30 06:50:59", "link": {"type": "article", "url": "http://www.nytimes.com/movie/review?res=9806E5DB1231E633A25753C2A96E9C946394D6CF", "suggested_link_text": "Read the New York Times Review of Hold 'em Jail"}, "multimedia": null}, {"display_title": "The Devil and the Deep", "mpaa_rating": "", "critics_pick": 0, "byline": "MORDAUNT HALL.", "headline": "Devil and the Deep", "summary_short": "A submarine named Tallulah.", "publication_date": "1932-08-20", "opening_date": "1932-08-12", "date_updated": "2016-03-30 06:57:45", "link": {"type": "article", "url": "http://www.nytimes.com/movie/review?res=9D06E5DB1231E633A25753C2A96E9C946394D6CF", "suggested_link_text": "Read the New York Times Review of The Devil and the Deep"}, "multimedia": null}, {"display_title": "Crooner", "mpaa_rating": "", "critics_pick": 0, "byline": "A.D.S.", "headline": "Crooner", "summary_short": "", "publication_date": "1932-08-20", "opening_date": "1932-08-20", "date_updated": "2016-03-30 07:09:58", "link": {"type": "article", "url": "http://www.nytimes.com/movie/review?res=9E06E5DB1231E633A25753C2A96E9C946394D6CF", "suggested_link_text": "Read the New York Times Review of Crooner"}, "multimedia": null}, {"display_title": "Two Against the World", "mpaa_rating": "Not Rated", "critics_pick": 0, "byline": "A. D. S.", "headline": "Two Against the World", "summary_short": "Woman accused of murder.", "publication_date": "1932-08-19", "opening_date": "1932-09-03", "date_updated": "2016-03-30 06:54:01", "link": {"type": "article", "url": "http://www.nytimes.com/movie/review?res=9E03EEDC1231E633A2575AC1A96E9C946394D6CF", "suggested_link_text": "Read the New York Times Review of Two Against the World"}, "multimedia": null}, {"display_title": "Speak Easily", "mpaa_rating": "", "critics_pick": 0, "byline": "M.H.", "headline": "Speak Easily", "summary_short": "Square prof gets involved with gamey theater troupe. Really funny stuff, or was when last we saw it.", "publication_date": "1932-08-19", "opening_date": "1932-08-13", "date_updated": "2016-03-30 06:43:01", "link": {"type": "article", "url": "http://www.nytimes.com/movie/review?res=9C03EEDC1231E633A2575AC1A96E9C946394D6CF", "suggested_link_text": "Read the New York Times Review of Speak Easily"}, "multimedia": null}, {"display_title": "Love Me Tonight", "mpaa_rating": "", "critics_pick": 0, "byline": "MORDAUNT HALL.", "headline": "Love Me Tonight", "summary_short": "Poor Parisian tailor passed off as aristocrat. Golden old valentine, flavored with charm and nifty Rodgers and Hart.", "publication_date": "1932-08-19", "opening_date": null, "date_updated": "2016-03-30 06:50:40", "link": {"type": "article", "url": "http://www.nytimes.com/movie/review?res=9500EEDC1231E633A2575AC1A96E9C946394D6CF", "suggested_link_text": "Read the New York Times Review of Love Me Tonight"}, "multimedia": null}, {"display_title": "War Correspondent", "mpaa_rating": "", "critics_pick": 0, "byline": "MORDAUNT HALL.", "headline": "War Correspondent", "summary_short": "", "publication_date": "1932-08-13", "opening_date": "1932-07-25", "date_updated": "2016-03-30 07:16:22", "link": {"type": "article", "url": "http://www.nytimes.com/movie/review?res=9C01E2DD1231E633A25750C1A96E9C946394D6CF", "suggested_link_text": "Read the New York Times Review of War Correspondent"}, "multimedia": null}, {"display_title": "Myortvy Dom", "mpaa_rating": "", "critics_pick": 0, "byline": "H.T.S.", "headline": "House of Death", "summary_short": "", "publication_date": "1932-08-13", "opening_date": null, "date_updated": "2016-03-30 07:11:53", "link": {"type": "article", "url": "http://www.nytimes.com/movie/review?res=9A06E2DD1231E633A25750C1A96E9C946394D6CF", "suggested_link_text": "Read the New York Times Review of Myortvy Dom"}, "multimedia": null}, {"display_title": "Hollywood Speaks", "mpaa_rating": "", "critics_pick": 0, "byline": "MORDAUNT HALL.", "headline": "Hollywood Speaks", "summary_short": "", "publication_date": "1932-08-12", "opening_date": "1932-06-25", "date_updated": "2016-03-30 07:16:16", "link": {"type": "article", "url": "http://www.nytimes.com/movie/review?res=9C05E5D71E3EE633A25751C1A96E9C946394D6CF", "suggested_link_text": "Read the New York Times Review of Hollywood Speaks"}, "multimedia": null}, {"display_title": "Horse Feathers", "mpaa_rating": "Not Rated", "critics_pick": 0, "byline": "MORDAUNT HALL.", "headline": "Horse Feathers", "summary_short": "Huxley College, magna cum madhouse. Margaret Dumont's on sabbatical.", "publication_date": "1932-08-11", "opening_date": "1932-08-19", "date_updated": "2016-03-30 06:57:19", "link": {"type": "article", "url": "http://www.nytimes.com/movie/review?res=9506E7D81E3EE633A25752C1A96E9C946394D6CF", "suggested_link_text": "Read the New York Times Review of Horse Feathers"}, "multimedia": null}, {"display_title": "Kyritz - Pyritz", "mpaa_rating": "", "critics_pick": 0, "byline": "MORDAUNT HALL.", "headline": "Kyritz-Pyritz", "summary_short": "", "publication_date": "1932-08-09", "opening_date": "1932-08-08", "date_updated": "2016-03-30 07:22:31", "link": {"type": "article", "url": "http://www.nytimes.com/movie/review?res=940DE7DD1231E633A2575AC0A96E9C946394D6CF", "suggested_link_text": "Read the New York Times Review of Kyritz - Pyritz"}, "multimedia": null}]}