{"status": "OK", "copyright": "Copyright (c) 2017 The New York Times Company. All Rights Reserved.", "has_more": true, "num_results": 20, "results": [{"display_title": "Fighting Father Dunne", "mpaa_rating": "", "critics_pick": 0, "byline": "T.M.P.", "headline": "Fighting Father Dunne", "summary_short": "Home for orphaned boys. Earnest, respectable, not bad.", "publication_date": "1948-06-25", "opening_date": "1948-05-12", "date_updated": "2016-03-30 07:20:41", "link": {"type": "article", "url": "http://www.nytimes.com/movie/review?res=940DE5DA123EE03BBC4D51DFB0668383659EDE", "suggested_link_text": "Read the New York Times Review of Fighting Father Dunne"}, "multimedia": null}, {"display_title": "Give My Regards to Broadway", "mpaa_rating": "", "critics_pick": 0, "byline": "BOSLEY CROWTHER", "headline": "Give my Regards to Broadway", "summary_short": "Feeble musical, somewhat redeemed by Dailey.", "publication_date": "1948-06-23", "opening_date": null, "date_updated": "2016-03-30 06:54:37", "link": {"type": "article", "url": "http://www.nytimes.com/movie/review?res=9F04E4DE133BE33BBC4B51DFB0668383659EDE", "suggested_link_text": "Read the New York Times Review of Give My Regards to Broadway"}, "multimedia": null}, {"display_title": "Lulu Belle", "mpaa_rating": "", "critics_pick": 0, "byline": "A.W.", "headline": "Lulu Belle", "summary_short": "Singer claws way to top. Sequins and hogwash.", "publication_date": "1948-06-21", "opening_date": "1948-08-15", "date_updated": "2016-03-30 07:18:30", "link": {"type": "article", "url": "http://www.nytimes.com/movie/review?res=9A00E1DB123EE03BBC4951DFB0668383659EDE", "suggested_link_text": "Read the New York Times Review of Lulu Belle"}, "multimedia": null}, {"display_title": "The End of the River", "mpaa_rating": "", "critics_pick": 0, "byline": "T.M.P.", "headline": "End of the River, The", "summary_short": "South African boy, white world.", "publication_date": "1948-06-21", "opening_date": "1948-07-07", "date_updated": "2016-03-30 07:22:27", "link": {"type": "article", "url": "http://www.nytimes.com/movie/review?res=9800E1DB123EE03BBC4951DFB0668383659EDE", "suggested_link_text": "Read the New York Times Review of The End of the River"}, "multimedia": null}, {"display_title": "Lysistrata", "mpaa_rating": "", "critics_pick": 0, "byline": "B. C.", "headline": "Lysistrata", "summary_short": "", "publication_date": "1948-06-19", "opening_date": null, "date_updated": "2016-03-30 06:45:03", "link": {"type": "article", "url": "http://www.nytimes.com/movie/review?res=9A05E0DF1438EE3BBC4152DFB0668383659EDE", "suggested_link_text": "Read the New York Times Review of Lysistrata"}, "multimedia": null}, {"display_title": "The Emperor Waltz", "mpaa_rating": "", "critics_pick": 0, "byline": "BOSLEY CROWTHER", "headline": "Emperor Waltz, The", "summary_short": "Victrola salesman Bing beguiles Hapsburg Austria. Smooth, ornate entertainment, stolen by Buttons and Scheherazade.", "publication_date": "1948-06-18", "opening_date": "1948-07-02", "date_updated": "2016-03-30 06:51:55", "link": {"type": "article", "url": "http://www.nytimes.com/movie/review?res=940DE0D6113BE33BBC4052DFB0668383659EDE", "suggested_link_text": "Read the New York Times Review of The Emperor Waltz"}, "multimedia": null}, {"display_title": "Dream Girl", "mpaa_rating": "", "critics_pick": 0, "byline": "BOSLEY CROWTHER", "headline": "Dream Girl", "summary_short": "Chattery, lukewarm version of stage comedy.", "publication_date": "1948-06-17", "opening_date": "1948-07-27", "date_updated": "2016-03-30 07:13:19", "link": {"type": "article", "url": "http://www.nytimes.com/movie/review?res=9900E5D8113BE33BBC4F52DFB0668383659EDE", "suggested_link_text": "Read the New York Times Review of Dream Girl"}, "multimedia": null}, {"display_title": "Nais", "mpaa_rating": "", "critics_pick": 0, "byline": "BOSLEY CROWTHER", "headline": "Nais", "summary_short": "", "publication_date": "1948-06-16", "opening_date": null, "date_updated": "2016-03-30 07:28:18", "link": {"type": "article", "url": "http://www.nytimes.com/movie/review?res=980CEFDC123BE33BBC4E52DFB0668383659EDE", "suggested_link_text": "Read the New York Times Review of Nais"}, "multimedia": null}, {"display_title": "Wallflower", "mpaa_rating": "", "critics_pick": 0, "byline": "T.M.P.", "headline": "Wallflower", "summary_short": "Surprisingly disarming. Or was, way back.", "publication_date": "1948-06-12", "opening_date": "1948-06-13", "date_updated": "2016-03-30 07:12:11", "link": {"type": "article", "url": "http://www.nytimes.com/movie/review?res=9504EEDC1630E03BBC4A52DFB0668383659EDE", "suggested_link_text": "Read the New York Times Review of Wallflower"}, "multimedia": null}, {"display_title": "Summer Holiday", "mpaa_rating": "", "critics_pick": 0, "byline": "BOSLEY CROWTHER", "headline": "Summer Holiday", "summary_short": "Musical version of O'Neill's ``Ah, Wilderness!&quot; Extremely entertaining but lacks the original's grit.", "publication_date": "1948-06-12", "opening_date": "1948-04-16", "date_updated": "2016-03-30 06:46:01", "link": {"type": "article", "url": "http://www.nytimes.com/movie/review?res=9404EEDC1630E03BBC4A52DFB0668383659EDE", "suggested_link_text": "Read the New York Times Review of Summer Holiday"}, "multimedia": null}, {"display_title": "The White Unicorn", "mpaa_rating": "", "critics_pick": 0, "byline": "BOSLEY CROWTHER", "headline": "Bad Sister", "summary_short": "", "publication_date": "1948-06-11", "opening_date": "0000-00-00", "date_updated": "2016-03-30 06:53:03", "link": {"type": "article", "url": "http://www.nytimes.com/movie/review?res=9F00EEDD1338E13ABC4952DFB0668383659EDE", "suggested_link_text": "Read the New York Times Review of The White Unicorn"}, "multimedia": null}, {"display_title": "The Lady From Shanghai", "mpaa_rating": "Not Rated", "critics_pick": 0, "byline": "BOSLEY CROWTHER", "headline": "Lady From Shanghai, The", "summary_short": "Nest-of-vipers suspense, via Welles. Fascinating.", "publication_date": "1948-06-10", "opening_date": "1948-06-09", "date_updated": "2016-03-30 06:57:58", "link": {"type": "article", "url": "http://www.nytimes.com/movie/review?res=9B07EFD8153CE23BBC4852DFB0668383659EDE", "suggested_link_text": "Read the New York Times Review of The Lady From Shanghai"}, "multimedia": null}, {"display_title": "Green Grass of Wyoming", "mpaa_rating": "", "critics_pick": 0, "byline": "T. M. P.", "headline": "Green Grass of Wyoming", "summary_short": "Familiar but pleasant tale of rival horse-breeder families. Nicely atmospheric.", "publication_date": "1948-06-10", "opening_date": "1948-06-03", "date_updated": "2016-03-30 07:27:07", "link": {"type": "article", "url": "http://www.nytimes.com/movie/review?res=9407EFD8153CE23BBC4852DFB0668383659EDE", "suggested_link_text": "Read the New York Times Review of Green Grass of Wyoming"}, "multimedia": null}, {"display_title": "Portrait of Innocence", "mpaa_rating": "", "critics_pick": 0, "byline": "BOSLEY CROWTHER", "headline": "Portrait of Innocence", "summary_short": "", "publication_date": "1948-06-09", "opening_date": null, "date_updated": "2016-03-30 07:11:36", "link": {"type": "article", "url": "http://www.nytimes.com/movie/review?res=9B0DE1DF123BE33BBC4153DFB0668383659EDE", "suggested_link_text": "Read the New York Times Review of Portrait of Innocence"}, "multimedia": null}, {"display_title": "The Bride Goes Wild", "mpaa_rating": "", "critics_pick": 0, "byline": "BOSLEY CROWTHER", "headline": "Bride Goes Wild, The", "summary_short": "Children's book author gets illustrator drunk. Peach of a comedy.", "publication_date": "1948-06-04", "opening_date": "1948-03-03", "date_updated": "2016-03-30 06:57:58", "link": {"type": "article", "url": "http://www.nytimes.com/movie/review?res=9802E5D9123FE23ABC4C53DFB0668383659EDE", "suggested_link_text": "Read the New York Times Review of The Bride Goes Wild"}, "multimedia": null}, {"display_title": "Hazard", "mpaa_rating": "", "critics_pick": 0, "byline": "BOSLEY CROWTHER", "headline": "Hazard", "summary_short": "Scratch it.", "publication_date": "1948-06-03", "opening_date": "1948-05-28", "date_updated": "2016-03-30 07:11:55", "link": {"type": "article", "url": "http://www.nytimes.com/movie/review?res=940DE5D8153CE23BBC4B53DFB0668383659EDE", "suggested_link_text": "Read the New York Times Review of Hazard"}, "multimedia": null}, {"display_title": "First Opera Film Festival", "mpaa_rating": "", "critics_pick": 0, "byline": "A.W.", "headline": "First Opera Film Festival", "summary_short": "", "publication_date": "1948-05-31", "opening_date": "1948-05-29", "date_updated": "2016-03-30 07:14:07", "link": {"type": "article", "url": "http://www.nytimes.com/movie/review?res=9F0CEEDB103BE33BBC4950DFB3668383659EDE", "suggested_link_text": "Read the New York Times Review of First Opera Film Festival"}, "multimedia": null}, {"display_title": "The Noose Hangs High", "mpaa_rating": "", "critics_pick": 0, "byline": "Thomas M. Pryor", "headline": "Noose Hangs High, The", "summary_short": "But not high enough. Under par, even for them.", "publication_date": "1948-05-29", "opening_date": "1948-04-05", "date_updated": "2016-03-30 06:51:24", "link": {"type": "article", "url": "http://www.nytimes.com/movie/review?res=9807E3DC1630E03BBC4151DFB3668383659EDE", "suggested_link_text": "Read the New York Times Review of The Noose Hangs High"}, "multimedia": null}, {"display_title": "Citizen Saint", "mpaa_rating": "", "critics_pick": 0, "byline": "A.W.", "headline": "Citizen Saint", "summary_short": "", "publication_date": "1948-05-28", "opening_date": "1947-05-15", "date_updated": "2016-03-30 06:54:14", "link": {"type": "article", "url": "http://www.nytimes.com/movie/review?res=9405E2DC1230E23ABC4051DFB3668383659EDE", "suggested_link_text": "Read the New York Times Review of Citizen Saint"}, "multimedia": null}, {"display_title": "Melody Time", "mpaa_rating": "", "critics_pick": 0, "byline": "BOSLEY CROWTHER", "headline": "Melody Time", "summary_short": "", "publication_date": "1948-05-28", "opening_date": "1948-05-27", "date_updated": "2016-03-30 07:26:36", "link": {"type": "article", "url": "http://www.nytimes.com/movie/review?res=9B05E2DC1230E23ABC4051DFB3668383659EDE", "suggested_link_text": "Read the New York Times Review of Melody Time"}, "multimedia": null}]}