{"status": "OK", "copyright": "Copyright (c) 2017 The New York Times Company. All Rights Reserved.", "has_more": true, "num_results": 20, "results": [{"display_title": "The Exile", "mpaa_rating": "", "critics_pick": 0, "byline": "A.W.", "headline": "Exile, The", "summary_short": "England's Charles II, loose in Holland. Anyway, it moves.", "publication_date": "1947-12-26", "opening_date": "1947-10-17", "date_updated": "2016-03-30 07:12:16", "link": {"type": "article", "url": "http://www.nytimes.com/movie/review?res=9D05EEDE1E3BEF3ABC4E51DFB467838C659EDE", "suggested_link_text": "Read the New York Times Review of The Exile"}, "multimedia": null}, {"display_title": "Captain from Castile", "mpaa_rating": "Not Rated", "critics_pick": 0, "byline": "B.C.", "headline": "Captain from Castile", "summary_short": "Lavish but lumbering adventure of Spanish explorers in Mexico.", "publication_date": "1947-12-26", "opening_date": "1948-01-01", "date_updated": "2016-03-30 07:30:01", "link": {"type": "article", "url": "http://www.nytimes.com/movie/review?res=940CEFDE1E3BEF3ABC4E51DFB467838C659EDE", "suggested_link_text": "Read the New York Times Review of Captain from Castile"}, "multimedia": null}, {"display_title": "Shakuntala", "mpaa_rating": "", "critics_pick": 0, "byline": "H.T.", "headline": "Shakuntala", "summary_short": "", "publication_date": "1947-12-26", "opening_date": null, "date_updated": "2016-03-30 06:57:37", "link": {"type": "article", "url": "http://www.nytimes.com/movie/review?res=950CEFDE1E3BEF3ABC4E51DFB467838C659EDE", "suggested_link_text": "Read the New York Times Review of Shakuntala"}, "multimedia": null}, {"display_title": "Where There's Life", "mpaa_rating": "", "critics_pick": 0, "byline": "BOSLEY CROWTHER", "headline": "Where There's Life", "summary_short": "Disc jockey in European kingdom. Under-par Hope.", "publication_date": "1947-12-25", "opening_date": "1947-11-21", "date_updated": "2016-03-30 07:10:39", "link": {"type": "article", "url": "http://www.nytimes.com/movie/review?res=9A07E4D8103CE13BBC4D51DFB467838C659EDE", "suggested_link_text": "Read the New York Times Review of Where There's Life"}, "multimedia": null}, {"display_title": "My Wild Irish Rose", "mpaa_rating": "", "critics_pick": 0, "byline": "T.M.P.", "headline": "My Wild Irish Rose", "summary_short": "Andrea King. Thin story peg, ripe Irish earful.", "publication_date": "1947-12-25", "opening_date": "1947-12-27", "date_updated": "2016-03-30 06:52:33", "link": {"type": "article", "url": "http://www.nytimes.com/movie/review?res=9407E4D8103CE13BBC4D51DFB467838C659EDE", "suggested_link_text": "Read the New York Times Review of My Wild Irish Rose"}, "multimedia": null}, {"display_title": "Daisy Kenyon", "mpaa_rating": "", "critics_pick": 0, "byline": "T.M.P.", "headline": "Daisy Kenyon", "summary_short": "Manhattan artist in wartime triangle. Surprisingly trim and sensible.", "publication_date": "1947-12-25", "opening_date": "1947-12-25", "date_updated": "2016-03-30 07:13:45", "link": {"type": "article", "url": "http://www.nytimes.com/movie/review?res=9B07E4D8103CE13BBC4D51DFB467838C659EDE", "suggested_link_text": "Read the New York Times Review of Daisy Kenyon"}, "multimedia": null}, {"display_title": "La Belle et la Bete", "mpaa_rating": "Not Rated", "critics_pick": 1, "byline": "BOSLEY CROWTHER", "headline": "Beauty and the Beast", "summary_short": "Shimmering fairy tale version from Jean Cocteau. One of his best.", "publication_date": "1947-12-24", "opening_date": "1947-12-23", "date_updated": "2016-03-30 06:48:06", "link": {"type": "article", "url": "http://www.nytimes.com/movie/review?res=9B03EFD71E3EEE3BBC4C51DFB467838C659EDE", "suggested_link_text": "Read the New York Times Review of La Belle et la Bete"}, "multimedia": null}, {"display_title": "Glinka", "mpaa_rating": "", "critics_pick": 0, "byline": "A.W.", "headline": "Great Glinka, The", "summary_short": "", "publication_date": "1947-12-22", "opening_date": "1947-12-20", "date_updated": "2016-03-30 06:48:19", "link": {"type": "article", "url": "http://www.nytimes.com/movie/review?res=9903E4D71E3EEE3BBC4A51DFB467838C659EDE", "suggested_link_text": "Read the New York Times Review of Glinka"}, "multimedia": null}, {"display_title": "The Story of Tosca", "mpaa_rating": "", "critics_pick": 0, "byline": "BOSLEY CROWTHER", "headline": "Story of Tosca, The", "summary_short": "", "publication_date": "1947-12-19", "opening_date": "1947-12-18", "date_updated": "2016-03-30 07:30:32", "link": {"type": "article", "url": "http://www.nytimes.com/movie/review?res=9804E3DE1E3BEF3ABC4152DFB467838C659EDE", "suggested_link_text": "Read the New York Times Review of The Story of Tosca"}, "multimedia": null}, {"display_title": "Pirates of Monterey", "mpaa_rating": "", "critics_pick": 0, "byline": "BOSUEY CROWTHER", "headline": "Pirates of Monterey", "summary_short": "Applesauce.", "publication_date": "1947-12-17", "opening_date": "1947-12-01", "date_updated": "2016-03-30 07:27:23", "link": {"type": "article", "url": "http://www.nytimes.com/movie/review?res=9F00EEDE1F3AE233A25754C1A9649D946693D6CF", "suggested_link_text": "Read the New York Times Review of Pirates of Monterey"}, "multimedia": null}, {"display_title": "Always Together", "mpaa_rating": "", "critics_pick": 0, "byline": "BOSLEY CROWTHER", "headline": "Always Together", "summary_short": "Miser benefits girl then regrets it.", "publication_date": "1947-12-11", "opening_date": "1948-01-10", "date_updated": "2016-03-30 06:54:23", "link": {"type": "article", "url": "http://www.nytimes.com/movie/review?res=9A04E1D6113BEF3ABC4952DFB467838C659EDE", "suggested_link_text": "Read the New York Times Review of Always Together"}, "multimedia": null}, {"display_title": "The Bishop's Wife", "mpaa_rating": "Not Rated", "critics_pick": 0, "byline": "BOSLEY CROWTHER", "headline": "Bishop's Wife, The", "summary_short": "Problem-solving angel in business suit.  Full of grace and charm.", "publication_date": "1947-12-10", "opening_date": "1948-02-16", "date_updated": "2016-03-30 07:21:42", "link": {"type": "article", "url": "http://www.nytimes.com/movie/review?res=9A0DE4DB103CE13BBC4852DFB467838C659EDE", "suggested_link_text": "Read the New York Times Review of The Bishop's Wife"}, "multimedia": null}, {"display_title": "It Had to Be You", "mpaa_rating": "", "critics_pick": 0, "byline": "BOSLEY CROWTHER", "headline": "It Had to be You", "summary_short": "Torturous little romp of rich nitwit and her men. Ginger with absolutely no snap.", "publication_date": "1947-12-08", "opening_date": "1947-12-01", "date_updated": "2016-03-30 06:44:54", "link": {"type": "article", "url": "http://www.nytimes.com/movie/review?res=9802E7D6113BEF3ABC4053DFB467838C659EDE", "suggested_link_text": "Read the New York Times Review of It Had to Be You"}, "multimedia": null}, {"display_title": "Captain Boycott", "mpaa_rating": "", "critics_pick": 0, "byline": "BOSLEY CROWTHER", "headline": "Captain Boycott", "summary_short": "Land squabble in Old Ireland. Lusty Granger in a baked potato.", "publication_date": "1947-12-06", "opening_date": null, "date_updated": "2016-03-30 06:53:28", "link": {"type": "article", "url": "http://www.nytimes.com/movie/review?res=9E04E2D71E3AE233A25755C0A9649D946693D6CF", "suggested_link_text": "Read the New York Times Review of Captain Boycott"}, "multimedia": null}, {"display_title": "This Time for Keeps", "mpaa_rating": "", "critics_pick": 0, "byline": "T.M.P.", "headline": "This Time for Keeps", "summary_short": "Singing soldier meets aquacade performer. Mushy swimsuit comedy.", "publication_date": "1947-12-05", "opening_date": "1947-10-17", "date_updated": "2016-03-30 07:19:36", "link": {"type": "article", "url": "http://www.nytimes.com/movie/review?res=950CE0D81E3AE233A25756C0A9649D946693D6CF", "suggested_link_text": "Read the New York Times Review of This Time for Keeps"}, "multimedia": null}, {"display_title": "Good News", "mpaa_rating": "", "critics_pick": 0, "byline": "BOSLEY CROWTHER", "headline": "Good News", "summary_short": "", "publication_date": "1947-12-05", "opening_date": "1947-12-26", "date_updated": "2016-03-30 07:25:35", "link": {"type": "article", "url": "http://www.nytimes.com/movie/review?res=940CE0D81E3AE233A25756C0A9649D946693D6CF", "suggested_link_text": "Read the New York Times Review of Good News"}, "multimedia": null}, {"display_title": "Golden Earrings", "mpaa_rating": "", "critics_pick": 0, "byline": "BOSLEY CROWTHER", "headline": "Golden Earrings", "summary_short": "Gypsies, spies, Nazis, no sense, quite funny.  Good title ballad. Campy, diverting stew.", "publication_date": "1947-12-04", "opening_date": "1947-08-27", "date_updated": "2016-03-30 06:52:29", "link": {"type": "article", "url": "http://www.nytimes.com/movie/review?res=9B02E6D91E3AE233A25757C0A9649D946693D6CF", "suggested_link_text": "Read the New York Times Review of Golden Earrings"}, "multimedia": null}, {"display_title": "Pervaya Perchatka", "mpaa_rating": "", "critics_pick": 0, "byline": "A.W.", "headline": "Winner, The", "summary_short": "", "publication_date": "1947-12-01", "opening_date": "1947-11-29", "date_updated": "2016-03-30 06:53:27", "link": {"type": "article", "url": "http://www.nytimes.com/movie/review?res=9D03E7DC1E3AE233A25752C0A9649D946693D6CF", "suggested_link_text": "Read the New York Times Review of Pervaya Perchatka"}, "multimedia": null}, {"display_title": "Nicholas Nickleby", "mpaa_rating": "", "critics_pick": 0, "byline": "BOSLEY CROWTHER", "headline": "Nicholas Nickleby", "summary_short": "Good, forgotten British version of Dickens.", "publication_date": "1947-12-01", "opening_date": "1947-12-03", "date_updated": "2016-03-30 07:20:55", "link": {"type": "article", "url": "http://www.nytimes.com/movie/review?res=9C03E7DC1E3AE233A25752C0A9649D946693D6CF", "suggested_link_text": "Read the New York Times Review of Nicholas Nickleby"}, "multimedia": null}, {"display_title": "Bob, Son of Battle", "mpaa_rating": "", "critics_pick": 0, "byline": "BOSLEY CROWTHER", "headline": "Thunder in the Valley", "summary_short": "Trim, sturdy yarn of boy and dog. Good of this kind.", "publication_date": "1947-11-28", "opening_date": "1947-11-01", "date_updated": "2016-03-30 06:43:48", "link": {"type": "article", "url": "http://www.nytimes.com/movie/review?res=950CE3D7113BEF3ABC4051DFB767838C659EDE", "suggested_link_text": "Read the New York Times Review of Bob, Son of Battle"}, "multimedia": null}]}