{"status": "OK", "copyright": "Copyright (c) 2017 The New York Times Company. All Rights Reserved.", "has_more": true, "num_results": 20, "results": [{"display_title": "I Am a Fugitive From a Chain Gang", "mpaa_rating": "Not Rated", "critics_pick": 0, "byline": "C. HOOPER TRASK.", "headline": "I Am a Fugitive from a Chain Gang", "summary_short": "Innocent man's travails. The peerless classic, still powerful.", "publication_date": "1933-05-28", "opening_date": "1932-11-19", "date_updated": "2016-03-30 07:14:04", "link": {"type": "article", "url": "http://www.nytimes.com/movie/review?res=9E0CE0D71538E333A2575BC2A9639C946294D6CF", "suggested_link_text": "Read the New York Times Review of I Am a Fugitive From a Chain Gang"}, "multimedia": null}, {"display_title": "The Little Giant", "mpaa_rating": "", "critics_pick": 0, "byline": "MORDAUNT HALL.", "headline": "Little Giant, The", "summary_short": "Bootlegger craves culture. Nice and snappy.", "publication_date": "1933-05-27", "opening_date": "1933-05-20", "date_updated": "2016-03-30 06:53:02", "link": {"type": "article", "url": "http://www.nytimes.com/movie/review?res=9504E2D6163AEF3ABC4F51DFB3668388629EDE", "suggested_link_text": "Read the New York Times Review of The Little Giant"}, "multimedia": null}, {"display_title": "International House", "mpaa_rating": "", "critics_pick": 0, "byline": "A.D.S.S.Z.", "headline": "International House", "summary_short": "Fair old-style romp, thinning on top.", "publication_date": "1933-05-27", "opening_date": "1933-05-27", "date_updated": "2016-03-30 06:57:50", "link": {"type": "article", "url": "http://www.nytimes.com/movie/review?res=9D07E2D6163AEF3ABC4F51DFB3668388629EDE", "suggested_link_text": "Read the New York Times Review of International House"}, "multimedia": null}, {"display_title": "Poil de Carotte", "mpaa_rating": "", "critics_pick": 0, "byline": "MORDAUNT HALL", "headline": "Poil de Carotte", "summary_short": "", "publication_date": "1933-05-26", "opening_date": null, "date_updated": "2016-03-30 06:44:12", "link": {"type": "article", "url": "http://www.nytimes.com/movie/review?res=9E03E2D81538E333A25755C2A9639C946294D6CF", "suggested_link_text": "Read the New York Times Review of Poil de Carotte"}, "multimedia": null}, {"display_title": "When Strangers Marry", "mpaa_rating": "", "critics_pick": 0, "byline": "MORDAUNT HALL.", "headline": "When Strangers Marry", "summary_short": "", "publication_date": "1933-05-25", "opening_date": "1933-05-25", "date_updated": "2016-03-30 07:23:44", "link": {"type": "article", "url": "http://www.nytimes.com/movie/review?res=9802E7DD1730EF3ABC4D51DFB3668388629EDE", "suggested_link_text": "Read the New York Times Review of When Strangers Marry"}, "multimedia": null}, {"display_title": "Over the Seven Seas", "mpaa_rating": "", "critics_pick": 0, "byline": "MORDAUNT HALL.", "headline": "Over the Seven Seas", "summary_short": "", "publication_date": "1933-05-24", "opening_date": null, "date_updated": "2016-03-30 07:26:00", "link": {"type": "article", "url": "http://www.nytimes.com/movie/review?res=9803EFD91538E333A25757C2A9639C946294D6CF", "suggested_link_text": "Read the New York Times Review of Over the Seven Seas"}, "multimedia": null}, {"display_title": "Hold Me Tight", "mpaa_rating": "", "critics_pick": 0, "byline": "MORDAUNT HAUL", "headline": "Hold Me Tight", "summary_short": "", "publication_date": "1933-05-22", "opening_date": "1933-05-20", "date_updated": "2016-03-30 07:19:51", "link": {"type": "article", "url": "http://www.nytimes.com/movie/review?res=9A06E5DF1F3AE333A25751C2A9639C946294D6CF", "suggested_link_text": "Read the New York Times Review of Hold Me Tight"}, "multimedia": null}, {"display_title": "Peg O' My Heart", "mpaa_rating": "", "critics_pick": 0, "byline": "MORDAUNT HALL.", "headline": "Peg o'my Heart", "summary_short": "Spunky Irish girl and British aristocrats. Winning comedy and a delightful Davies at her best.", "publication_date": "1933-05-20", "opening_date": "1933-05-26", "date_updated": "2016-03-30 07:11:23", "link": {"type": "article", "url": "http://www.nytimes.com/movie/review?res=9507E7D6163AEF3ABC4851DFB3668388629EDE", "suggested_link_text": "Read the New York Times Review of Peg O' My Heart"}, "multimedia": null}, {"display_title": "The Girl in 419", "mpaa_rating": "", "critics_pick": 0, "byline": "M.H.", "headline": "Girl in 419", "summary_short": "", "publication_date": "1933-05-20", "opening_date": "1933-05-26", "date_updated": "2016-03-30 06:47:10", "link": {"type": "article", "url": "http://www.nytimes.com/movie/review?res=9F06E7D6163AEF3ABC4851DFB3668388629EDE", "suggested_link_text": "Read the New York Times Review of The Girl in 419"}, "multimedia": null}, {"display_title": "Picture Snatcher", "mpaa_rating": "Not Rated", "critics_pick": 0, "byline": "M.H.", "headline": "Picture Snatcher", "summary_short": "Brash prewar photojournalist. Flavorsome, entertaining caper.", "publication_date": "1933-05-19", "opening_date": "1933-05-06", "date_updated": "2016-03-30 07:20:12", "link": {"type": "article", "url": "http://www.nytimes.com/movie/review?res=9502E4DD153BEF3ABC4152DFB3668388629EDE", "suggested_link_text": "Read the New York Times Review of Picture Snatcher"}, "multimedia": null}, {"display_title": "Adorable", "mpaa_rating": "", "critics_pick": 0, "byline": "MORDAUNT HALL", "headline": "Adorable", "summary_short": "", "publication_date": "1933-05-19", "opening_date": "1933-05-19", "date_updated": "2016-03-30 06:43:40", "link": {"type": "article", "url": "http://www.nytimes.com/movie/review?res=9402E4DD153BEF3ABC4152DFB3668388629EDE", "suggested_link_text": "Read the New York Times Review of Adorable"}, "multimedia": null}, {"display_title": "I Cover the Waterfront", "mpaa_rating": "", "critics_pick": 0, "byline": "MORDAUNT HALL.", "headline": "I Cover the Waterfront", "summary_short": "Creaks now.", "publication_date": "1933-05-18", "opening_date": "1933-05-19", "date_updated": "2016-03-30 06:53:58", "link": {"type": "article", "url": "http://www.nytimes.com/movie/review?res=9A06E5DA123DEF32A2575BC1A9639C946294D6CF", "suggested_link_text": "Read the New York Times Review of I Cover the Waterfront"}, "multimedia": null}, {"display_title": "Drei Tage Mittelarrest", "mpaa_rating": "", "critics_pick": 0, "byline": "H.T.S.", "headline": "Drei Tage Mittelarrest", "summary_short": "", "publication_date": "1933-05-18", "opening_date": null, "date_updated": "2016-03-30 07:24:41", "link": {"type": "article", "url": "http://www.nytimes.com/movie/review?res=9507E5DA123DEF32A2575BC1A9639C946294D6CF", "suggested_link_text": "Read the New York Times Review of Drei Tage Mittelarrest"}, "multimedia": null}, {"display_title": "Soldiers of the Storm", "mpaa_rating": "", "critics_pick": 0, "byline": "MORDAUNT HALL.", "headline": "Soldiers of the Storm", "summary_short": "", "publication_date": "1933-05-17", "opening_date": "1933-04-04", "date_updated": "2016-03-30 06:46:59", "link": {"type": "article", "url": "http://www.nytimes.com/movie/review?res=990DE3DE1F39EF32A25754C1A9639C946294D6CF", "suggested_link_text": "Read the New York Times Review of Soldiers of the Storm"}, "multimedia": null}, {"display_title": "Morgenrot", "mpaa_rating": "", "critics_pick": 0, "byline": "MORDAUNT HALL.", "headline": "Morgenrot", "summary_short": "", "publication_date": "1933-05-16", "opening_date": null, "date_updated": "2016-03-30 06:56:24", "link": {"type": "article", "url": "http://www.nytimes.com/movie/review?res=9506E4DA1F3EE333A25755C1A9639C946294D6CF", "suggested_link_text": "Read the New York Times Review of Morgenrot"}, "multimedia": null}, {"display_title": "Forgotten Men", "mpaa_rating": "", "critics_pick": 0, "byline": "A.D.S.", "headline": "Forgotten Men", "summary_short": "", "publication_date": "1933-05-15", "opening_date": "1933-05-14", "date_updated": "2016-03-30 06:56:34", "link": {"type": "article", "url": "http://www.nytimes.com/movie/review?res=9802E4D91538E333A25756C1A9639C946294D6CF", "suggested_link_text": "Read the New York Times Review of Forgotten Men"}, "multimedia": null}, {"display_title": "The Kiss Before the Mirror", "mpaa_rating": "", "critics_pick": 0, "byline": "MORDAUNT HALL", "headline": "Kiss Before the Mirror, The", "summary_short": "Silent. Vienna murder trial, via James Whale. Agreeable surprise.", "publication_date": "1933-05-15", "opening_date": "1933-05-04", "date_updated": "2016-03-30 06:45:48", "link": {"type": "article", "url": "http://www.nytimes.com/movie/review?res=9E03E4D91538E333A25756C1A9639C946294D6CF", "suggested_link_text": "Read the New York Times Review of The Kiss Before the Mirror"}, "multimedia": null}, {"display_title": "Ex-Lady", "mpaa_rating": "Not Rated", "critics_pick": 0, "byline": "A.D.S.", "headline": "Ex-Lady", "summary_short": "Early Bette and skittish doings.", "publication_date": "1933-05-15", "opening_date": "1933-05-15", "date_updated": "2016-03-30 07:24:13", "link": {"type": "article", "url": "http://www.nytimes.com/movie/review?res=9C02E4D91538E333A25756C1A9639C946294D6CF", "suggested_link_text": "Read the New York Times Review of Ex-Lady"}, "multimedia": null}, {"display_title": "Jungle Bride", "mpaa_rating": "", "critics_pick": 0, "byline": "A.D.S.", "headline": "Jungle Bride", "summary_short": "", "publication_date": "1933-05-13", "opening_date": "1933-01-10", "date_updated": "2016-03-30 07:19:32", "link": {"type": "article", "url": "http://www.nytimes.com/movie/review?res=9D06E6D7163AEF3ABC4B52DFB3668388629EDE", "suggested_link_text": "Read the New York Times Review of Jungle Bride"}, "multimedia": null}, {"display_title": "The Eagle and the Hawk", "mpaa_rating": "", "critics_pick": 0, "byline": "MORDAUNT HALL.", "headline": "Eagle and the Hawk, The", "summary_short": "Two pilots, seasoned and new, in World War I.", "publication_date": "1933-05-13", "opening_date": "1933-05-06", "date_updated": "2016-03-30 07:26:43", "link": {"type": "article", "url": "http://www.nytimes.com/movie/review?res=9B07E6D7163AEF3ABC4B52DFB3668388629EDE", "suggested_link_text": "Read the New York Times Review of The Eagle and the Hawk"}, "multimedia": null}]}