{"status": "OK", "copyright": "Copyright (c) 2017 The New York Times Company. All Rights Reserved.", "has_more": true, "num_results": 20, "results": [{"display_title": "The World Accuses", "mpaa_rating": "", "critics_pick": 0, "byline": "F. S. N.", "headline": "World Accuses, The", "summary_short": "", "publication_date": "1935-03-21", "opening_date": "1934-11-12", "date_updated": "2016-03-30 07:19:15", "link": {"type": "article", "url": "http://www.nytimes.com/movie/review?res=9504EEDF1E3FE53ABC4951DFB566838E629EDE", "suggested_link_text": "Read the New York Times Review of The World Accuses"}, "multimedia": null}, {"display_title": "Mystery of Edwin Drood", "mpaa_rating": "", "critics_pick": 0, "byline": "ANDRE SENNWALD.", "headline": "Mystery of Edwin Drood, The", "summary_short": "A mysterious village choirmaster. Firm, atmospheric version of Dickens' last, unfinished novel.", "publication_date": "1935-03-21", "opening_date": "1935-02-04", "date_updated": "2016-03-30 07:17:01", "link": {"type": "article", "url": "http://www.nytimes.com/movie/review?res=9B04EEDF1E3FE53ABC4951DFB566838E629EDE", "suggested_link_text": "Read the New York Times Review of Mystery of Edwin Drood"}, "multimedia": null}, {"display_title": "Let's Live Tonight", "mpaa_rating": "", "critics_pick": 0, "byline": "ANDRE SENNWALD.", "headline": "Let's Live Tonight", "summary_short": "", "publication_date": "1935-03-18", "opening_date": "1935-03-16", "date_updated": "2016-03-30 06:54:47", "link": {"type": "article", "url": "http://www.nytimes.com/movie/review?res=9401E6DF1E3FE53ABC4052DFB566838E629EDE", "suggested_link_text": "Read the New York Times Review of Let's Live Tonight"}, "multimedia": null}, {"display_title": "Liliom", "mpaa_rating": "Not Rated", "critics_pick": 0, "byline": "H.T.S.", "headline": "Liliom", "summary_short": "", "publication_date": "1935-03-18", "opening_date": null, "date_updated": "2016-03-30 07:23:06", "link": {"type": "article", "url": "http://www.nytimes.com/movie/review?res=9501E6DF1E3FE53ABC4052DFB566838E629EDE", "suggested_link_text": "Read the New York Times Review of Liliom"}, "multimedia": null}, {"display_title": "The Wedding Night", "mpaa_rating": "", "critics_pick": 0, "byline": "ANDRE SENNWALD.", "headline": "Wedding Night, The", "summary_short": "Love and a Connecticut farm. Beautifully handled, and Anna's best. Who said she couldn't act?", "publication_date": "1935-03-16", "opening_date": "1935-03-08", "date_updated": "2016-03-30 06:48:37", "link": {"type": "article", "url": "http://www.nytimes.com/movie/review?res=9E0CE4D7113FE53ABC4E52DFB566838E629EDE", "suggested_link_text": "Read the New York Times Review of The Wedding Night"}, "multimedia": null}, {"display_title": "High School Girl", "mpaa_rating": "", "critics_pick": 0, "byline": "F.S.N.", "headline": "High School Girl", "summary_short": "", "publication_date": "1935-03-16", "opening_date": null, "date_updated": "2016-03-30 07:14:08", "link": {"type": "article", "url": "http://www.nytimes.com/movie/review?res=9F0CE4D7113FE53ABC4E52DFB566838E629EDE", "suggested_link_text": "Read the New York Times Review of High School Girl"}, "multimedia": null}, {"display_title": "Times Square Lady", "mpaa_rating": "", "critics_pick": 0, "byline": "F.S.N.", "headline": "Times Square Lady", "summary_short": "Club operator and new, heiress boss. Some pleasant songs.", "publication_date": "1935-03-15", "opening_date": "1935-03-08", "date_updated": "2016-03-30 06:54:30", "link": {"type": "article", "url": "http://www.nytimes.com/movie/review?res=9A07EFDE103DE53ABC4D52DFB566838E629EDE", "suggested_link_text": "Read the New York Times Review of Times Square Lady"}, "multimedia": null}, {"display_title": "Gold Diggers of 1935", "mpaa_rating": "G", "critics_pick": 0, "byline": "ANDRE SENNWALD.", "headline": "Gold Diggers of 1935", "summary_short": "Rich girl, dull fiance, handsome hotel clerk. Worth it for ``Lullaby of Broadway'' alone.", "publication_date": "1935-03-15", "opening_date": "1935-03-15", "date_updated": "2016-03-30 07:15:12", "link": {"type": "article", "url": "http://www.nytimes.com/movie/review?res=9907EFDE103DE53ABC4D52DFB566838E629EDE", "suggested_link_text": "Read the New York Times Review of Gold Diggers of 1935"}, "multimedia": null}, {"display_title": "The Perfect Clue", "mpaa_rating": "", "critics_pick": 0, "byline": "F.S.N.", "headline": "Perfect Clue, The", "summary_short": "", "publication_date": "1935-03-14", "opening_date": "1935-03-13", "date_updated": "2016-03-30 06:56:03", "link": {"type": "article", "url": "http://www.nytimes.com/movie/review?res=940DE6DE103DE53ABC4C52DFB566838E629EDE", "suggested_link_text": "Read the New York Times Review of The Perfect Clue"}, "multimedia": null}, {"display_title": "La Crise Est Finie", "mpaa_rating": "", "critics_pick": 0, "byline": "ANDRE SENNWALD.", "headline": "Crise est Finie, La", "summary_short": "", "publication_date": "1935-03-14", "opening_date": "1935-03-01", "date_updated": "2016-03-30 06:42:53", "link": {"type": "article", "url": "http://www.nytimes.com/movie/review?res=9B0DE6DE103DE53ABC4C52DFB566838E629EDE", "suggested_link_text": "Read the New York Times Review of La Crise Est Finie"}, "multimedia": null}, {"display_title": "McFadden's Flats", "mpaa_rating": "", "critics_pick": 0, "byline": "ANDRE SENNWALD.", "headline": "McFadden's Flats", "summary_short": "Worthless relic.", "publication_date": "1935-03-13", "opening_date": "1935-03-12", "date_updated": "2016-03-30 06:47:13", "link": {"type": "article", "url": "http://www.nytimes.com/movie/review?res=9800E4DF103DE53ABC4B52DFB566838E629EDE", "suggested_link_text": "Read the New York Times Review of McFadden's Flats"}, "multimedia": null}, {"display_title": "In a Monastery Garden", "mpaa_rating": "", "critics_pick": 0, "byline": "F.S.N.", "headline": "In a Monastery Garden", "summary_short": "", "publication_date": "1935-03-13", "opening_date": "1935-03-16", "date_updated": "2016-03-30 06:51:38", "link": {"type": "article", "url": "http://www.nytimes.com/movie/review?res=9900E4DF103DE53ABC4B52DFB566838E629EDE", "suggested_link_text": "Read the New York Times Review of In a Monastery Garden"}, "multimedia": null}, {"display_title": "Transient Lady", "mpaa_rating": "", "critics_pick": 0, "byline": "ANDRE SENNWALD.", "headline": "Transient Lady", "summary_short": "", "publication_date": "1935-03-11", "opening_date": "1935-03-04", "date_updated": "2016-03-30 06:54:40", "link": {"type": "article", "url": "http://www.nytimes.com/movie/review?res=9A06E0D9113FE53ABC4952DFB566838E629EDE", "suggested_link_text": "Read the New York Times Review of Transient Lady"}, "multimedia": null}, {"display_title": "Shadow of Doubt", "mpaa_rating": "", "critics_pick": 0, "byline": "F.S.N.", "headline": "Shadow of Doubt", "summary_short": "Hollywood producer's murder.", "publication_date": "1935-03-11", "opening_date": "1935-02-15", "date_updated": "2016-03-30 06:44:21", "link": {"type": "article", "url": "http://www.nytimes.com/movie/review?res=9B06E0D9113FE53ABC4952DFB566838E629EDE", "suggested_link_text": "Read the New York Times Review of Shadow of Doubt"}, "multimedia": null}, {"display_title": "Enchanted April", "mpaa_rating": "", "critics_pick": 0, "byline": "F.S.N.", "headline": "Enchanted April", "summary_short": "Novelist's wife rents Italian castle.", "publication_date": "1935-03-09", "opening_date": "1935-02-01", "date_updated": "2016-03-30 07:11:35", "link": {"type": "article", "url": "http://www.nytimes.com/movie/review?res=9F06E0D7133DE53ABC4153DFB566838E629EDE", "suggested_link_text": "Read the New York Times Review of Enchanted April"}, "multimedia": null}, {"display_title": "After Office Hours", "mpaa_rating": "", "critics_pick": 0, "byline": "ANDRE SENNWALD.", "headline": "After Office Hours", "summary_short": "Tough editor and socialite reporter. Snappy days, snazzy cast.", "publication_date": "1935-03-09", "opening_date": "1935-02-22", "date_updated": "2016-03-30 06:54:47", "link": {"type": "article", "url": "http://www.nytimes.com/movie/review?res=9D06E0D7133DE53ABC4153DFB566838E629EDE", "suggested_link_text": "Read the New York Times Review of After Office Hours"}, "multimedia": null}, {"display_title": "All the King's Horses", "mpaa_rating": "", "critics_pick": 0, "byline": "A.S.", "headline": "All the King's Horses", "summary_short": "Pleasant tone but slow-moving.", "publication_date": "1935-03-09", "opening_date": "1935-02-22", "date_updated": "2016-03-30 07:21:37", "link": {"type": "article", "url": "http://www.nytimes.com/movie/review?res=9E06E0D7133DE53ABC4153DFB566838E629EDE", "suggested_link_text": "Read the New York Times Review of All the King's Horses"}, "multimedia": null}, {"display_title": "Roberta", "mpaa_rating": "Not Rated", "critics_pick": 0, "byline": "ANDRE SENNWALD.", "headline": "Roberta", "summary_short": "American musicians and friends in Paris. Luminous Kern music and the dances make it soar.", "publication_date": "1935-03-08", "opening_date": "1935-03-08", "date_updated": "2016-03-30 07:12:22", "link": {"type": "article", "url": "http://www.nytimes.com/movie/review?res=9F07E7D7123FEE32A2575BC0A9659C946494D6CF", "suggested_link_text": "Read the New York Times Review of Roberta"}, "multimedia": null}, {"display_title": "Living on Velvet", "mpaa_rating": "", "critics_pick": 0, "byline": "F.S.N.", "headline": "Living on Velvet", "summary_short": "Plane crash survivor falls for pal's girlfriend.", "publication_date": "1935-03-08", "opening_date": "1935-03-02", "date_updated": "2016-03-30 06:51:39", "link": {"type": "article", "url": "http://www.nytimes.com/movie/review?res=9E07E7D7123FEE32A2575BC0A9659C946494D6CF", "suggested_link_text": "Read the New York Times Review of Living on Velvet"}, "multimedia": null}, {"display_title": "Ruggles of Red Gap", "mpaa_rating": "Not Rated", "critics_pick": 1, "byline": "ANDRE SENNWALD.", "headline": "Ruggles of Red Gap", "summary_short": "Disarming comedy of British butler in American West. Highlight: Laughton's Gettysburg Address.", "publication_date": "1935-03-07", "opening_date": "1935-03-08", "date_updated": "2016-03-30 07:26:08", "link": {"type": "article", "url": "http://www.nytimes.com/movie/review?res=9B01EFD8133DE53ABC4F53DFB566838E629EDE", "suggested_link_text": "Read the New York Times Review of Ruggles of Red Gap"}, "multimedia": null}]}