{"status": "OK", "copyright": "Copyright (c) 2017 The New York Times Company. All Rights Reserved.", "has_more": true, "num_results": 20, "results": [{"display_title": "Nightmare Alley", "mpaa_rating": "Not Rated", "critics_pick": 0, "byline": "T.M.P.", "headline": "Nightmare Alley", "summary_short": "Ugly, powerful drama of a charlatan's rise and ruin, and Power's finest performance. Beautiful cameo by Joan.", "publication_date": "1947-10-10", "opening_date": "1947-10-28", "date_updated": "2016-03-30 06:52:42", "link": {"type": "article", "url": "http://www.nytimes.com/movie/review?res=9F02EFDF1431E13BBC4852DFB667838C659EDE", "suggested_link_text": "Read the New York Times Review of Nightmare Alley"}, "multimedia": null}, {"display_title": "Ride the Pink Horse", "mpaa_rating": "", "critics_pick": 0, "byline": "BOSLEY CROWTHER", "headline": "Ride the Pink Horse", "summary_short": "Mysterious man at Mexican fiesta. Steady, low-keyed, atmospheric suspense.", "publication_date": "1947-10-09", "opening_date": "1947-10-08", "date_updated": "2016-03-30 07:14:48", "link": {"type": "article", "url": "http://www.nytimes.com/movie/review?res=980CE3DB123AE233A2575AC0A9669D946693D6CF", "suggested_link_text": "Read the New York Times Review of Ride the Pink Horse"}, "multimedia": null}, {"display_title": "Monsieur la Souris", "mpaa_rating": "", "critics_pick": 0, "byline": "-- T.M.P.", "headline": "Midnight in Paris", "summary_short": "", "publication_date": "1947-10-09", "opening_date": "1947-10-08", "date_updated": "2016-03-30 06:56:11", "link": {"type": "article", "url": "http://www.nytimes.com/movie/review?res=990CE3DB123AE233A2575AC0A9669D946693D6CF", "suggested_link_text": "Read the New York Times Review of Monsieur la Souris"}, "multimedia": null}, {"display_title": "Magic Town", "mpaa_rating": "", "critics_pick": 0, "byline": "BOSLEY CROWTHER", "headline": "Magic Town", "summary_short": "Uneven but intriguing satire about ideal town gone awry.", "publication_date": "1947-10-08", "opening_date": "1947-10-07", "date_updated": "2016-03-30 07:18:28", "link": {"type": "article", "url": "http://www.nytimes.com/movie/review?res=9D03EEDC123AE233A2575BC0A9669D946693D6CF", "suggested_link_text": "Read the New York Times Review of Magic Town"}, "multimedia": null}, {"display_title": "The Unsuspected", "mpaa_rating": "", "critics_pick": 0, "byline": "BOSLEY CROWTHER", "headline": "Unsuspected, The", "summary_short": "Radio star plots murder. Entertaining but obvious.", "publication_date": "1947-10-04", "opening_date": "1947-10-03", "date_updated": "2016-03-30 06:52:07", "link": {"type": "article", "url": "http://www.nytimes.com/movie/review?res=9504EEDA133CE13BBC4C53DFB667838C659EDE", "suggested_link_text": "Read the New York Times Review of The Unsuspected"}, "multimedia": null}, {"display_title": "Blonde Savage", "mpaa_rating": "", "critics_pick": 0, "byline": "T.M.P.", "headline": "Blonde Savage", "summary_short": "", "publication_date": "1947-10-04", "opening_date": "1947-11-22", "date_updated": "2016-03-30 06:47:08", "link": {"type": "article", "url": "http://www.nytimes.com/movie/review?res=9C07EEDA133CE13BBC4C53DFB667838C659EDE", "suggested_link_text": "Read the New York Times Review of Blonde Savage"}, "multimedia": null}, {"display_title": "The Spirit of West Point", "mpaa_rating": "", "critics_pick": 0, "byline": "B.C.", "headline": "Spirit of West Point", "summary_short": "Nice football story for teen-agers.", "publication_date": "1947-10-03", "opening_date": "1947-10-04", "date_updated": "2016-03-30 07:06:11", "link": {"type": "article", "url": "http://www.nytimes.com/movie/review?res=9400E4DF1431E13BBC4B53DFB667838C659EDE", "suggested_link_text": "Read the New York Times Review of The Spirit of West Point"}, "multimedia": null}, {"display_title": "Fun and Fancy Free", "mpaa_rating": "", "critics_pick": 0, "byline": "BOSLEY CROWTHER", "headline": "Fun and Fancy Free", "summary_short": "", "publication_date": "1947-09-29", "opening_date": "1947-09-27", "date_updated": "2016-03-30 07:11:10", "link": {"type": "article", "url": "http://www.nytimes.com/movie/review?res=9A05E5D61731E13BBC4151DFBF66838C659EDE", "suggested_link_text": "Read the New York Times Review of Fun and Fancy Free"}, "multimedia": null}, {"display_title": "My Father's House", "mpaa_rating": "", "critics_pick": 0, "byline": "BOSLEY CROWTHER", "headline": "My Father's House", "summary_short": "", "publication_date": "1947-09-26", "opening_date": "1947-09-25", "date_updated": "2016-03-30 07:25:20", "link": {"type": "article", "url": "http://www.nytimes.com/movie/review?res=9804EFD71731E13BBC4E51DFBF66838C659EDE", "suggested_link_text": "Read the New York Times Review of My Father's House"}, "multimedia": null}, {"display_title": "Desire Me", "mpaa_rating": "", "critics_pick": 0, "byline": "T.M.P.", "headline": "Desire Me", "summary_short": "Glum and dumb. A mist-shrouded turkey.", "publication_date": "1947-09-26", "opening_date": "1947-10-31", "date_updated": "2016-03-30 07:25:54", "link": {"type": "article", "url": "http://www.nytimes.com/movie/review?res=9A04EFD71731E13BBC4E51DFBF66838C659EDE", "suggested_link_text": "Read the New York Times Review of Desire Me"}, "multimedia": null}, {"display_title": "The Foxes of Harrow", "mpaa_rating": "", "critics_pick": 0, "byline": "BOSLEY CROWTHER", "headline": "Foxes of Harrow, The", "summary_short": "Crinolines and claptrap in Old New Orleans.", "publication_date": "1947-09-25", "opening_date": "1947-09-24", "date_updated": "2016-03-30 07:29:29", "link": {"type": "article", "url": "http://www.nytimes.com/movie/review?res=9B01E4DF123AE233A25756C2A96F9C946693D6CF", "suggested_link_text": "Read the New York Times Review of The Foxes of Harrow"}, "multimedia": null}, {"display_title": "Desert Fury", "mpaa_rating": "", "critics_pick": 0, "byline": "T.M.P.", "headline": "Desert Fury", "summary_short": "Middling melodrama. Some stylish bite from Astor.", "publication_date": "1947-09-25", "opening_date": "1947-08-15", "date_updated": "2016-03-30 07:21:22", "link": {"type": "article", "url": "http://www.nytimes.com/movie/review?res=9401E4DF123AE233A25756C2A96F9C946693D6CF", "suggested_link_text": "Read the New York Times Review of Desert Fury"}, "multimedia": null}, {"display_title": "Second Chance", "mpaa_rating": "", "critics_pick": 0, "byline": "B. C.E. J. B.", "headline": "Second Chance", "summary_short": "", "publication_date": "1947-09-20", "opening_date": "1947-07-18", "date_updated": "2016-03-30 07:29:39", "link": {"type": "article", "url": "http://www.nytimes.com/movie/review?res=9B05E0D81731E13BBC4851DFBF66838C659EDE", "suggested_link_text": "Read the New York Times Review of Second Chance"}, "multimedia": null}, {"display_title": "Cynthia", "mpaa_rating": "", "critics_pick": 0, "byline": "BOSLEY CROWTHER", "headline": "Cynthia", "summary_short": "Frail, overprotected, dazzlingly gorgeous girl trying to grow up. Sweet and mild.", "publication_date": "1947-09-19", "opening_date": "1947-08-29", "date_updated": "2016-03-30 07:26:22", "link": {"type": "article", "url": "http://www.nytimes.com/movie/review?res=980DEFD7153AE233A2575AC1A96F9C946693D6CF", "suggested_link_text": "Read the New York Times Review of Cynthia"}, "multimedia": null}, {"display_title": "Singapore", "mpaa_rating": "", "critics_pick": 0, "byline": "BOSLEY CROWTHER", "headline": "Singapore", "summary_short": "Trite and silly.", "publication_date": "1947-09-17", "opening_date": "1947-08-13", "date_updated": "2016-03-30 07:12:20", "link": {"type": "article", "url": "http://www.nytimes.com/movie/review?res=9D0DE0D91731E13BBC4F52DFBF66838C659EDE", "suggested_link_text": "Read the New York Times Review of Singapore"}, "multimedia": null}, {"display_title": "The Arnelo Affair", "mpaa_rating": "", "critics_pick": 0, "byline": "B.C.", "headline": "Arnelo Affair, The", "summary_short": "Lawyer's wife suspected of murder committed by her lover. So-so.", "publication_date": "1947-09-13", "opening_date": "1947-02-13", "date_updated": "2016-03-30 06:58:08", "link": {"type": "article", "url": "http://www.nytimes.com/movie/review?res=9B00E6D91731E13BBC4B52DFBF66838C659EDE", "suggested_link_text": "Read the New York Times Review of The Arnelo Affair"}, "multimedia": null}, {"display_title": "The Romance of Rosy Ridge", "mpaa_rating": "", "critics_pick": 0, "byline": "T.M.P.", "headline": "Romance of Rosy Ridge, The", "summary_short": "Charming, appealing drama of post-Civil War Missouri.", "publication_date": "1947-09-12", "opening_date": "1947-08-04", "date_updated": "2016-03-30 06:57:32", "link": {"type": "article", "url": "http://www.nytimes.com/movie/review?res=950DE5D8153AE233A25751C1A96F9C946693D6CF", "suggested_link_text": "Read the New York Times Review of The Romance of Rosy Ridge"}, "multimedia": null}, {"display_title": "Down to Earth", "mpaa_rating": "", "critics_pick": 0, "byline": "BOSLEY CROWTHER", "headline": "Down to Earth", "summary_short": "Silly, tiresome ``Here Comes Mr. Jordan'' story but fine dancing and one brilliant ballet.", "publication_date": "1947-09-12", "opening_date": "1947-08-21", "date_updated": "2016-03-30 06:58:40", "link": {"type": "article", "url": "http://www.nytimes.com/movie/review?res=940DE5D8153AE233A25751C1A96F9C946693D6CF", "suggested_link_text": "Read the New York Times Review of Down to Earth"}, "multimedia": null}, {"display_title": "Solistka Baleta", "mpaa_rating": "", "critics_pick": 0, "byline": "BOSLEY CROWTHER", "headline": "Russian Ballerina", "summary_short": "", "publication_date": "1947-09-11", "opening_date": "1947-09-17", "date_updated": "2016-03-30 06:51:06", "link": {"type": "article", "url": "http://www.nytimes.com/movie/review?res=9507E0D9153AE233A25752C1A96F9C946693D6CF", "suggested_link_text": "Read the New York Times Review of Solistka Baleta"}, "multimedia": null}, {"display_title": "Tawny Pipit", "mpaa_rating": "", "critics_pick": 0, "byline": "E.J.B.", "headline": "Tawny Pipit", "summary_short": "", "publication_date": "1947-09-08", "opening_date": "1947-10-05", "date_updated": "2016-03-30 07:16:40", "link": {"type": "article", "url": "http://www.nytimes.com/movie/review?res=9F01EFDA1731E13BBC4053DFBF66838C659EDE", "suggested_link_text": "Read the New York Times Review of Tawny Pipit"}, "multimedia": null}]}