{"status": "OK", "copyright": "Copyright (c) 2017 The New York Times Company. All Rights Reserved.", "has_more": true, "num_results": 20, "results": [{"display_title": "Road Show", "mpaa_rating": "", "critics_pick": 0, "byline": "BOSLEY CROWTHER", "headline": "Road Show", "summary_short": "A traveling carnival. Flimsy, harmless.", "publication_date": "1941-02-19", "opening_date": null, "date_updated": "2016-03-30 07:30:09", "link": {"type": "article", "url": "http://www.nytimes.com/movie/review?res=9E04E6DD153BE33BBC4152DFB466838A659EDE", "suggested_link_text": "Read the New York Times Review of Road Show"}, "multimedia": null}, {"display_title": "The Devil Commands", "mpaa_rating": "", "critics_pick": 0, "byline": "T.M.P.", "headline": "Devil Commands, The", "summary_short": "A dead duck.", "publication_date": "1941-02-14", "opening_date": "1941-02-03", "date_updated": "2016-03-30 06:50:25", "link": {"type": "article", "url": "http://www.nytimes.com/movie/review?res=950DE3D7123DE33BBC4C52DFB466838A659EDE", "suggested_link_text": "Read the New York Times Review of The Devil Commands"}, "multimedia": null}, {"display_title": "Buck Privates", "mpaa_rating": "", "critics_pick": 0, "byline": "T.S.", "headline": "Buck Privates", "summary_short": "The girls help. Some.", "publication_date": "1941-02-14", "opening_date": "1941-01-31", "date_updated": "2016-03-30 06:55:38", "link": {"type": "article", "url": "http://www.nytimes.com/movie/review?res=940DE3D7123DE33BBC4C52DFB466838A659EDE", "suggested_link_text": "Read the New York Times Review of Buck Privates"}, "multimedia": null}, {"display_title": "This Thing Called Love", "mpaa_rating": "", "critics_pick": 0, "byline": "BOSLEY CROWTHER", "headline": "This Thing Called Love", "summary_short": "", "publication_date": "1941-02-14", "opening_date": "1941-01-02", "date_updated": "2016-03-30 06:43:56", "link": {"type": "article", "url": "http://www.nytimes.com/movie/review?res=9B0DE3D7123DE33BBC4C52DFB466838A659EDE", "suggested_link_text": "Read the New York Times Review of This Thing Called Love"}, "multimedia": null}, {"display_title": "Maisie Was a Lady", "mpaa_rating": "", "critics_pick": 0, "byline": "BOSLEY CROWTHER", "headline": "Maisie Was a Lady", "summary_short": "Showgirl influences rich family for the better.", "publication_date": "1941-02-13", "opening_date": "1941-01-10", "date_updated": "2016-03-30 06:53:08", "link": {"type": "article", "url": "http://www.nytimes.com/movie/review?res=9403EFDB173BE33BBC4B52DFB466838A659EDE", "suggested_link_text": "Read the New York Times Review of Maisie Was a Lady"}, "multimedia": null}, {"display_title": "Father's Son", "mpaa_rating": "", "critics_pick": 0, "byline": "T.S.", "headline": "Father's Son", "summary_short": "Pompous dad estranges wife and offspring.", "publication_date": "1941-02-13", "opening_date": null, "date_updated": "2016-03-30 06:52:13", "link": {"type": "article", "url": "http://www.nytimes.com/movie/review?res=9503EFDB173BE33BBC4B52DFB466838A659EDE", "suggested_link_text": "Read the New York Times Review of Father's Son"}, "multimedia": null}, {"display_title": "Il Sogno Di Butterfly", "mpaa_rating": "", "critics_pick": 0, "byline": "T.M.P.", "headline": "Dream of Butterfly, The", "summary_short": "", "publication_date": "1941-02-13", "opening_date": "1941-02-12", "date_updated": "2016-03-30 06:54:01", "link": {"type": "article", "url": "http://www.nytimes.com/movie/review?res=9B03EFDB173BE33BBC4B52DFB466838A659EDE", "suggested_link_text": "Read the New York Times Review of Il Sogno Di Butterfly"}, "multimedia": null}, {"display_title": "The Phantom Submarine", "mpaa_rating": "", "critics_pick": 0, "byline": "T.S.", "headline": "Phantom Submarine, The", "summary_short": "", "publication_date": "1941-02-12", "opening_date": "1940-12-20", "date_updated": "2016-03-30 07:15:12", "link": {"type": "article", "url": "http://www.nytimes.com/movie/review?res=950CE2DD173BE33BBC4A52DFB466838A659EDE", "suggested_link_text": "Read the New York Times Review of The Phantom Submarine"}, "multimedia": null}, {"display_title": "Back Street", "mpaa_rating": "", "critics_pick": 0, "byline": "BOSLEY CROWTHER", "headline": "Back Street", "summary_short": "Hurst's durable adultery sudser. Best of the three versions.", "publication_date": "1941-02-12", "opening_date": "1941-02-07", "date_updated": "2016-03-30 07:26:57", "link": {"type": "article", "url": "http://www.nytimes.com/movie/review?res=940CE2DD173BE33BBC4A52DFB466838A659EDE", "suggested_link_text": "Read the New York Times Review of Back Street"}, "multimedia": null}, {"display_title": "Honeymoon for Three", "mpaa_rating": "", "critics_pick": 0, "byline": "BOSLEY CROWTHER", "headline": "Honeymoon for Three", "summary_short": "Engaged novelist has fling with married woman. Mediocre comedy.", "publication_date": "1941-02-08", "opening_date": "1941-01-18", "date_updated": "2016-03-30 07:15:13", "link": {"type": "article", "url": "http://www.nytimes.com/movie/review?res=9505E3DC123AE33BBC4053DFB466838A659EDE", "suggested_link_text": "Read the New York Times Review of Honeymoon for Three"}, "multimedia": null}, {"display_title": "Western Union", "mpaa_rating": "", "critics_pick": 0, "byline": "BOSLEY CROWTHER", "headline": "Western Union", "summary_short": "The frontier founding. Colorful western, with Fritz Lang's style and bite.", "publication_date": "1941-02-07", "opening_date": "1941-02-21", "date_updated": "2016-03-30 06:44:41", "link": {"type": "article", "url": "http://www.nytimes.com/movie/review?res=990CE3DF123AE33BBC4F53DFB466838A659EDE", "suggested_link_text": "Read the New York Times Review of Western Union"}, "multimedia": null}, {"display_title": "The Face Behind the Mask", "mpaa_rating": "", "critics_pick": 0, "byline": "T.M.P.", "headline": "Face Behind the Mask, The", "summary_short": "From hunger.", "publication_date": "1941-02-07", "opening_date": "1941-01-16", "date_updated": "2016-03-30 06:51:41", "link": {"type": "article", "url": "http://www.nytimes.com/movie/review?res=9A0CE3DF123AE33BBC4F53DFB466838A659EDE", "suggested_link_text": "Read the New York Times Review of The Face Behind the Mask"}, "multimedia": null}, {"display_title": "Arizona", "mpaa_rating": "", "critics_pick": 0, "byline": "T.S.", "headline": "Arizona", "summary_short": "Independent woman's hard row in frontier Tucson. Gritty but rambling and drawn out.", "publication_date": "1941-02-07", "opening_date": "1940-12-25", "date_updated": "2016-03-30 07:17:09", "link": {"type": "article", "url": "http://www.nytimes.com/movie/review?res=9B0CE3DF123AE33BBC4F53DFB466838A659EDE", "suggested_link_text": "Read the New York Times Review of Arizona"}, "multimedia": null}, {"display_title": "Life with Henry", "mpaa_rating": "", "critics_pick": 0, "byline": "BOSLEY CROWTHER", "headline": "Life With Henry", "summary_short": "Friendly and appealing.", "publication_date": "1941-02-06", "opening_date": "1941-01-24", "date_updated": "2016-03-30 06:43:12", "link": {"type": "article", "url": "http://www.nytimes.com/movie/review?res=9B06E2DD153AE33BBC4E53DFB466838A659EDE", "suggested_link_text": "Read the New York Times Review of Life with Henry"}, "multimedia": null}, {"display_title": "The Saint in Palm Springs", "mpaa_rating": "", "critics_pick": 0, "byline": "BOSLEY CROWTHER", "headline": "Saint in Palm Springs, The", "summary_short": "Placid and thin.", "publication_date": "1941-01-31", "opening_date": "1941-01-24", "date_updated": "2016-03-30 07:05:08", "link": {"type": "article", "url": "http://www.nytimes.com/movie/review?res=9C04EED9123DE33BBC4950DFB766838A659EDE", "suggested_link_text": "Read the New York Times Review of The Saint in Palm Springs"}, "multimedia": null}, {"display_title": "Land of Liberty", "mpaa_rating": "", "critics_pick": 0, "byline": "BOSLEY CROWTHER", "headline": "Land of Liberty", "summary_short": "", "publication_date": "1941-01-30", "opening_date": null, "date_updated": "2016-03-30 06:55:59", "link": {"type": "article", "url": "http://www.nytimes.com/movie/review?res=9B02E4D8173AE33BBC4850DFB766838A659EDE", "suggested_link_text": "Read the New York Times Review of Land of Liberty"}, "multimedia": null}, {"display_title": "Play Girl", "mpaa_rating": "", "critics_pick": 0, "byline": "T.S.", "headline": "Play Girl", "summary_short": "A female con artist.", "publication_date": "1941-01-30", "opening_date": "1941-03-07", "date_updated": "2016-03-30 06:49:17", "link": {"type": "article", "url": "http://www.nytimes.com/movie/review?res=9F04EFD8173AE33BBC4850DFB766838A659EDE", "suggested_link_text": "Read the New York Times Review of Play Girl"}, "multimedia": null}, {"display_title": "Virginia", "mpaa_rating": "", "critics_pick": 0, "byline": "BOSLEY CROWTHER", "headline": "Virginia", "summary_short": "Plantation hooey. Madeleine looks luscious.", "publication_date": "1941-01-29", "opening_date": null, "date_updated": "2016-03-30 06:58:22", "link": {"type": "article", "url": "http://www.nytimes.com/movie/review?res=9E04E5DC173AE33BBC4151DFB766838A659EDE", "suggested_link_text": "Read the New York Times Review of Virginia"}, "multimedia": null}, {"display_title": "High Sierra", "mpaa_rating": "", "critics_pick": 1, "byline": "BOSLEY CROWTHER", "headline": "High Sierra", "summary_short": "Softhearted convict on the run. Good, sturdy crime hunt.", "publication_date": "1941-01-25", "opening_date": "1941-01-25", "date_updated": "2016-03-30 07:16:43", "link": {"type": "article", "url": "http://www.nytimes.com/movie/review?res=990DE7DC163AE33BBC4D51DFB766838A659EDE", "suggested_link_text": "Read the New York Times Review of High Sierra"}, "multimedia": null}, {"display_title": "Tall, Dark and Handsome", "mpaa_rating": "", "critics_pick": 0, "byline": "BOSLEY CROWTHER", "headline": "Tall, Dark and Handsome", "summary_short": "A nice-guy gangster falls for governess in 20's Chicago. Pleasantly entertaining.", "publication_date": "1941-01-24", "opening_date": "1941-01-24", "date_updated": "2016-03-30 06:52:53", "link": {"type": "article", "url": "http://www.nytimes.com/movie/review?res=9B07E1D61F3BE33BBC4C51DFB766838A659EDE", "suggested_link_text": "Read the New York Times Review of Tall, Dark and Handsome"}, "multimedia": null}]}