{"status": "OK", "copyright": "Copyright (c) 2017 The New York Times Company. All Rights Reserved.", "has_more": true, "num_results": 20, "results": [{"display_title": "The Morals of Marcus", "mpaa_rating": "", "critics_pick": 0, "byline": "T.M.P.", "headline": "Morals of Marcus, The", "summary_short": "", "publication_date": "1936-01-13", "opening_date": null, "date_updated": "2016-03-30 07:30:15", "link": {"type": "article", "url": "http://www.nytimes.com/movie/review?res=9C03E1D81F31E13BBC4B52DFB766838D629EDE", "suggested_link_text": "Read the New York Times Review of The Morals of Marcus"}, "multimedia": null}, {"display_title": "The Invisible Ray", "mpaa_rating": "", "critics_pick": 0, "byline": "F.S.N.", "headline": "Invisible Ray, The", "summary_short": "The Sunshine Kids. Poisoned with Radium X, scientist kills everything he touches.", "publication_date": "1936-01-11", "opening_date": "1936-01-20", "date_updated": "2016-03-30 06:54:14", "link": {"type": "article", "url": "http://www.nytimes.com/movie/review?res=9F03E7DC1F31E13BBC4952DFB766838D629EDE", "suggested_link_text": "Read the New York Times Review of The Invisible Ray"}, "multimedia": null}, {"display_title": "The Ghost Goes West", "mpaa_rating": "", "critics_pick": 0, "byline": "ANDRE SENNWALD.", "headline": "Ghost Goes West, The", "summary_short": "Rene Clair's delightful caper about American-bought Scottish castle with dashing haunter.", "publication_date": "1936-01-11", "opening_date": "1936-02-07", "date_updated": "2016-03-30 07:07:27", "link": {"type": "article", "url": "http://www.nytimes.com/movie/review?res=9E03E7DC1F31E13BBC4952DFB766838D629EDE", "suggested_link_text": "Read the New York Times Review of The Ghost Goes West"}, "multimedia": null}, {"display_title": "Sylvia Scarlett", "mpaa_rating": "", "critics_pick": 0, "byline": "ANDRE SENNWALD.", "headline": "Sylvia Scarlett", "summary_short": "Traveling entertainers, including girl dressed as boy. Different, to say the least.", "publication_date": "1936-01-10", "opening_date": "1935-12-29", "date_updated": "2016-03-30 07:13:29", "link": {"type": "article", "url": "http://www.nytimes.com/movie/review?res=9A07E3DB143FEE3BBC4852DFB766838D629EDE", "suggested_link_text": "Read the New York Times Review of Sylvia Scarlett"}, "multimedia": null}, {"display_title": "Mimi", "mpaa_rating": "", "critics_pick": 0, "byline": "T.M.P.", "headline": "Mimi", "summary_short": "", "publication_date": "1936-01-10", "opening_date": null, "date_updated": "2016-03-30 07:27:14", "link": {"type": "article", "url": "http://www.nytimes.com/movie/review?res=9B06E3DB143FEE3BBC4852DFB766838D629EDE", "suggested_link_text": "Read the New York Times Review of Mimi"}, "multimedia": null}, {"display_title": "Rose of the Rancho", "mpaa_rating": "", "critics_pick": 0, "byline": "ANDRE SENNWALD.", "headline": "Rose of the Rancho", "summary_short": "", "publication_date": "1936-01-09", "opening_date": "1936-01-10", "date_updated": "2016-03-30 07:11:32", "link": {"type": "article", "url": "http://www.nytimes.com/movie/review?res=9C03E2DC143FEE3BBC4153DFB766838D629EDE", "suggested_link_text": "Read the New York Times Review of Rose of the Rancho"}, "multimedia": null}, {"display_title": "Liselotte von der Pfalz", "mpaa_rating": "", "critics_pick": 0, "byline": "H.T.S.", "headline": "Private Life of Louis XIV, The", "summary_short": "", "publication_date": "1936-01-09", "opening_date": "1936-01-08", "date_updated": "2016-03-30 06:57:24", "link": {"type": "article", "url": "http://www.nytimes.com/movie/review?res=9903E2DC143FEE3BBC4153DFB766838D629EDE", "suggested_link_text": "Read the New York Times Review of Liselotte von der Pfalz"}, "multimedia": null}, {"display_title": "Last of the Pagans", "mpaa_rating": "", "critics_pick": 0, "byline": "F.S.N.", "headline": "Last of the Pagans", "summary_short": "South Seas tale of victimized islander.", "publication_date": "1936-01-09", "opening_date": "1935-12-20", "date_updated": "2016-03-30 07:23:48", "link": {"type": "article", "url": "http://www.nytimes.com/movie/review?res=9F03E2DC143FEE3BBC4153DFB766838D629EDE", "suggested_link_text": "Read the New York Times Review of Last of the Pagans"}, "multimedia": null}, {"display_title": "First a Girl", "mpaa_rating": "", "critics_pick": 0, "byline": "ANDRE SENNWALD.", "headline": "First a Girl", "summary_short": "A delivery girl finds stardom pretending to be a man performing as a woman. From the same source as  \u201cVictor/Victoria.\u201d ", "publication_date": "1936-01-04", "opening_date": "1935-12-31", "date_updated": "2016-03-30 06:47:24", "link": {"type": "article", "url": "http://www.nytimes.com/movie/review?res=9503E1D9173CE53ABC4C53DFB766838D629EDE", "suggested_link_text": "Read the New York Times Review of First a Girl"}, "multimedia": null}, {"display_title": "Dance Band", "mpaa_rating": "", "critics_pick": 0, "byline": "T.M.P.", "headline": "Dance Band", "summary_short": "", "publication_date": "1936-01-04", "opening_date": "1936-01-02", "date_updated": "2016-03-30 06:41:45", "link": {"type": "article", "url": "http://www.nytimes.com/movie/review?res=9E02E1D9173CE53ABC4C53DFB766838D629EDE", "suggested_link_text": "Read the New York Times Review of Dance Band"}, "multimedia": null}, {"display_title": "Reifende Jugend", "mpaa_rating": "", "critics_pick": 0, "byline": "H.T.S.", "headline": "Reifende Jugend", "summary_short": "", "publication_date": "1936-01-04", "opening_date": "1936-01-03", "date_updated": "2016-03-30 06:43:57", "link": {"type": "article", "url": "http://www.nytimes.com/movie/review?res=9C02E1D9173CE53ABC4C53DFB766838D629EDE", "suggested_link_text": "Read the New York Times Review of Reifende Jugend"}, "multimedia": null}, {"display_title": "Budai Cukraszda", "mpaa_rating": "", "critics_pick": 0, "byline": "H.T.S.", "headline": "Budai Cukraszda", "summary_short": "", "publication_date": "1936-01-02", "opening_date": "1936-05-15", "date_updated": "2016-03-30 06:56:46", "link": {"type": "article", "url": "http://www.nytimes.com/movie/review?res=9A03E7DD143FEE3BBC4A53DFB766838D629EDE", "suggested_link_text": "Read the New York Times Review of Budai Cukraszda"}, "multimedia": null}, {"display_title": "Magnificent Obsession", "mpaa_rating": "", "critics_pick": 0, "byline": "ANDRE SENNWALD.", "headline": "Magnificent Obsession", "summary_short": "Inspiration drama, and a sentimental old beauty, via popular Douglas novel. Appealing anomaly now.", "publication_date": "1935-12-31", "opening_date": "1935-12-30", "date_updated": "2016-03-30 06:51:17", "link": {"type": "article", "url": "http://www.nytimes.com/movie/review?res=9402E5DE123FE23ABC4950DFB467838E629EDE", "suggested_link_text": "Read the New York Times Review of Magnificent Obsession"}, "multimedia": null}, {"display_title": "Winternachtstraum", "mpaa_rating": "", "critics_pick": 0, "byline": "H.T.S.", "headline": "Winternachtstraum", "summary_short": "", "publication_date": "1935-12-28", "opening_date": "1935-12-27", "date_updated": "2016-03-30 07:30:23", "link": {"type": "article", "url": "http://www.nytimes.com/movie/review?res=9506EEDC173CE53ABC4051DFB467838E629EDE", "suggested_link_text": "Read the New York Times Review of Winternachtstraum"}, "multimedia": null}, {"display_title": "Fang and Claw", "mpaa_rating": "", "critics_pick": 0, "byline": "ANDRE SENN WALD.", "headline": "Fang and Claw", "summary_short": "", "publication_date": "1935-12-28", "opening_date": "1935-12-20", "date_updated": "2016-03-30 07:29:23", "link": {"type": "article", "url": "http://www.nytimes.com/movie/review?res=9B06EEDC173CE53ABC4051DFB467838E629EDE", "suggested_link_text": "Read the New York Times Review of Fang and Claw"}, "multimedia": null}, {"display_title": "Aerograd", "mpaa_rating": "", "critics_pick": 0, "byline": "A.S.", "headline": "Frontier", "summary_short": "", "publication_date": "1935-12-28", "opening_date": "1935-12-27", "date_updated": "2016-03-30 06:56:52", "link": {"type": "article", "url": "http://www.nytimes.com/movie/review?res=9406EEDC173CE53ABC4051DFB467838E629EDE", "suggested_link_text": "Read the New York Times Review of Aerograd"}, "multimedia": null}, {"display_title": "Dangerous", "mpaa_rating": "", "critics_pick": 0, "byline": "].]3.", "headline": "Dangerous", "summary_short": "Actress in need of rehab. Weak then, weaker now, for all the Davis heaving. Her compensation Oscar for ``Of Human Bondage,'' as she said.", "publication_date": "1935-12-27", "opening_date": "1935-12-25", "date_updated": "2016-03-30 07:27:59", "link": {"type": "article", "url": "http://www.nytimes.com/movie/review?res=9503E6DD173AE13ABC4F51DFB467838E629EDE", "suggested_link_text": "Read the New York Times Review of Dangerous"}, "multimedia": null}, {"display_title": "Captain Blood", "mpaa_rating": "Not Rated", "critics_pick": 0, "byline": "ANDRE SENNWALD.", "headline": "Captain Blood", "summary_short": "Grand pirate saga, rich production and Korngold score. Flynn's electric star debut.", "publication_date": "1935-12-27", "opening_date": "1935-12-28", "date_updated": "2016-03-30 06:57:32", "link": {"type": "article", "url": "http://www.nytimes.com/movie/review?res=9403E6DD173AE13ABC4F51DFB467838E629EDE", "suggested_link_text": "Read the New York Times Review of Captain Blood"}, "multimedia": null}, {"display_title": "A Tale of Two Cities", "mpaa_rating": "Not Rated", "critics_pick": 0, "byline": "ANDRE SENNWALD.", "headline": "Tale of Two Cities, A", "summary_short": "Dickens's French Revolution. Superb filming of a classic. Grade-A Hollywood.", "publication_date": "1935-12-26", "opening_date": "1935-12-25", "date_updated": "2016-03-30 07:05:09", "link": {"type": "article", "url": "http://www.nytimes.com/movie/review?res=9B06E0D6173EE53ABC4E51DFB467838E629EDE", "suggested_link_text": "Read the New York Times Review of A Tale of Two Cities"}, "multimedia": null}, {"display_title": "If You Could Only Cook", "mpaa_rating": "", "critics_pick": 0, "byline": "M.B.", "headline": "If You Could Only Cook", "summary_short": "", "publication_date": "1935-12-26", "opening_date": "1935-12-30", "date_updated": "2016-03-30 06:48:50", "link": {"type": "article", "url": "http://www.nytimes.com/movie/review?res=9506E0D6173EE53ABC4E51DFB467838E629EDE", "suggested_link_text": "Read the New York Times Review of If You Could Only Cook"}, "multimedia": null}]}