{"status": "OK", "copyright": "Copyright (c) 2017 The New York Times Company. All Rights Reserved.", "has_more": true, "num_results": 20, "results": [{"display_title": "The Deluge", "mpaa_rating": "", "critics_pick": 0, "byline": "MORDAUNT HALL.", "headline": "Deluge", "summary_short": "Flood trouble.", "publication_date": "1933-10-09", "opening_date": "1933-08-18", "date_updated": "2016-03-30 07:14:35", "link": {"type": "article", "url": "http://www.nytimes.com/movie/review?res=9E03E3D6153FE63ABC4153DFB6678388629EDE", "suggested_link_text": "Read the New York Times Review of The Deluge"}, "multimedia": null}, {"display_title": "Torch Singer", "mpaa_rating": "", "critics_pick": 0, "byline": "A.D.S.", "headline": "Torch Singer", "summary_short": "Unwed mother becomes famous as adviser to young moms. Someone should torch this, despite fine Colbert.", "publication_date": "1933-10-07", "opening_date": "1933-09-08", "date_updated": "2016-03-30 06:49:17", "link": {"type": "article", "url": "http://www.nytimes.com/movie/review?res=9C02EFDA1530EF3ABC4F53DFB6678388629EDE", "suggested_link_text": "Read the New York Times Review of Torch Singer"}, "multimedia": null}, {"display_title": "Night Flight", "mpaa_rating": "", "critics_pick": 0, "byline": "MORDAUNT HALL", "headline": "Night Flight", "summary_short": "", "publication_date": "1933-10-07", "opening_date": "1933-10-06", "date_updated": "2016-03-30 06:43:14", "link": {"type": "article", "url": "http://www.nytimes.com/movie/review?res=9A02EFDA1530EF3ABC4F53DFB6678388629EDE", "suggested_link_text": "Read the New York Times Review of Night Flight"}, "multimedia": null}, {"display_title": "Charlie Chan's Greatest Case", "mpaa_rating": "", "critics_pick": 0, "byline": "MORDAUNT HALL", "headline": "Charlie Chan's Greatest Case", "summary_short": "", "publication_date": "1933-10-07", "opening_date": "1933-09-15", "date_updated": "2016-03-30 06:53:25", "link": {"type": "article", "url": "http://www.nytimes.com/movie/review?res=9403EFDA1530EF3ABC4F53DFB6678388629EDE", "suggested_link_text": "Read the New York Times Review of Charlie Chan's Greatest Case"}, "multimedia": null}, {"display_title": "Footlight Parade", "mpaa_rating": "G", "critics_pick": 1, "byline": "A.D.S.", "headline": "Footlight Parade", "summary_short": "Fast, snappy backstage frame and two knockout Berkeley eyefuls: ``By a Waterfall'' and ``Shanghai Lil.''", "publication_date": "1933-10-06", "opening_date": "1933-10-21", "date_updated": "2016-03-30 06:51:44", "link": {"type": "article", "url": "http://www.nytimes.com/movie/review?res=9C04E3DA1530EF3ABC4E53DFB6678388629EDE", "suggested_link_text": "Read the New York Times Review of Footlight Parade"}, "multimedia": null}, {"display_title": "Doctor Bull", "mpaa_rating": "", "critics_pick": 0, "byline": "MORDAUNT HALL", "headline": "Doctor Bull", "summary_short": "New England doctor courts a widow. Directed by John Ford.", "publication_date": "1933-10-06", "opening_date": "1933-09-22", "date_updated": "2016-03-30 06:43:57", "link": {"type": "article", "url": "http://www.nytimes.com/movie/review?res=9505E3DA1530EF3ABC4E53DFB6678388629EDE", "suggested_link_text": "Read the New York Times Review of Doctor Bull"}, "multimedia": null}, {"display_title": "The Bowery", "mpaa_rating": "", "critics_pick": 0, "byline": "MORDAUNT HALL.", "headline": "Bowery, The", "summary_short": "", "publication_date": "1933-10-05", "opening_date": "1933-10-07", "date_updated": "2016-03-30 07:11:47", "link": {"type": "article", "url": "http://www.nytimes.com/movie/review?res=9402E4DB1530EF3ABC4D53DFB6678388629EDE", "suggested_link_text": "Read the New York Times Review of The Bowery"}, "multimedia": null}, {"display_title": "The Avenger", "mpaa_rating": "", "critics_pick": 0, "byline": "MORDAUNT HALL.", "headline": "Avenger, The", "summary_short": "", "publication_date": "1933-10-03", "opening_date": "1933-08-10", "date_updated": "2016-03-30 06:58:27", "link": {"type": "article", "url": "http://www.nytimes.com/movie/review?res=9C05EEDC1530EF3ABC4B53DFB6678388629EDE", "suggested_link_text": "Read the New York Times Review of The Avenger"}, "multimedia": null}, {"display_title": "Stage Mother", "mpaa_rating": "", "critics_pick": 0, "byline": "MORDAUNT HALL.", "headline": "Stage Mother", "summary_short": "Dominant show-biz mom, vulnerable daughter.", "publication_date": "1933-09-30", "opening_date": "1933-09-29", "date_updated": "2016-03-30 06:46:21", "link": {"type": "article", "url": "http://www.nytimes.com/movie/review?res=9E02E3D91631E333A25753C3A96F9C946294D6CF", "suggested_link_text": "Read the New York Times Review of Stage Mother"}, "multimedia": null}, {"display_title": "Brief Moment", "mpaa_rating": "", "critics_pick": 0, "byline": "F.S.N.", "headline": "Brief Moment", "summary_short": "", "publication_date": "1933-09-30", "opening_date": "1933-09-29", "date_updated": "2016-03-30 07:17:12", "link": {"type": "article", "url": "http://www.nytimes.com/movie/review?res=9A02E3D91631E333A25753C3A96F9C946294D6CF", "suggested_link_text": "Read the New York Times Review of Brief Moment"}, "multimedia": null}, {"display_title": "Waltz Time", "mpaa_rating": "", "critics_pick": 0, "byline": "F.S.N.", "headline": "Waltz Time", "summary_short": "", "publication_date": "1933-09-29", "opening_date": null, "date_updated": "2016-03-30 07:25:34", "link": {"type": "article", "url": "http://www.nytimes.com/movie/review?res=940DE4DC1530EF3ABC4151DFBF668388629EDE", "suggested_link_text": "Read the New York Times Review of Waltz Time"}, "multimedia": null}, {"display_title": "Ann Vickers", "mpaa_rating": "", "critics_pick": 0, "byline": "Mordaunt Hall", "headline": "Ann Vickers", "summary_short": "Sinclair Lewis's intrepid feminist social-worker. Cutting drama, quite bold for its day.", "publication_date": "1933-09-29", "opening_date": "1933-10-06", "date_updated": "2016-03-30 06:55:32", "link": {"type": "article", "url": "http://www.nytimes.com/movie/review?res=990CE4DC1530EF3ABC4151DFBF668388629EDE", "suggested_link_text": "Read the New York Times Review of Ann Vickers"}, "multimedia": null}, {"display_title": "S.O.S. Eisberg", "mpaa_rating": "", "critics_pick": 0, "byline": "MORDAUNT HALL.", "headline": "SOS Iceberg", "summary_short": "", "publication_date": "1933-09-25", "opening_date": null, "date_updated": "2016-03-30 06:50:47", "link": {"type": "article", "url": "http://www.nytimes.com/movie/review?res=9B01EFDE1530EF3ABC4D51DFBF668388629EDE", "suggested_link_text": "Read the New York Times Review of S.O.S. Eisberg"}, "multimedia": null}, {"display_title": "Okraina", "mpaa_rating": "", "critics_pick": 0, "byline": "H.T.S.", "headline": "Patrioty", "summary_short": "", "publication_date": "1933-09-25", "opening_date": "1933-09-24", "date_updated": "2016-03-30 07:11:35", "link": {"type": "article", "url": "http://www.nytimes.com/movie/review?res=9901EFDE1530EF3ABC4D51DFBF668388629EDE", "suggested_link_text": "Read the New York Times Review of Okraina"}, "multimedia": null}, {"display_title": "Que Viva Mexico", "mpaa_rating": "", "critics_pick": 0, "byline": "M.H.", "headline": "Thunder Over Mexico", "summary_short": "Director Sergei Eisenstein's troubled, unfinished documentary about Mexico, shown as released in 1979 by assistant Alexandrov.", "publication_date": "1933-09-25", "opening_date": null, "date_updated": "2016-03-30 06:41:43", "link": {"type": "article", "url": "http://www.nytimes.com/movie/review?res=9501EFDE1530EF3ABC4D51DFBF668388629EDE", "suggested_link_text": "Read the New York Times Review of Que Viva Mexico"}, "multimedia": null}, {"display_title": "Too Much Harmony", "mpaa_rating": "", "critics_pick": 0, "byline": "M.H.", "headline": "Too Much Harmony", "summary_short": "Enjoyable Crosby antique with fine score.", "publication_date": "1933-09-23", "opening_date": "1933-09-23", "date_updated": "2016-03-30 07:20:58", "link": {"type": "article", "url": "http://www.nytimes.com/movie/review?res=9D0DE3D7153FE63ABC4B51DFBF668388629EDE", "suggested_link_text": "Read the New York Times Review of Too Much Harmony"}, "multimedia": null}, {"display_title": "The Solitaire Man", "mpaa_rating": "", "critics_pick": 0, "byline": "MORDAUNT HALL.", "headline": "Solitaire Man, The", "summary_short": "A dashing crook braves risks aboard a European airplane.", "publication_date": "1933-09-23", "opening_date": "1933-09-22", "date_updated": "2016-03-30 07:15:13", "link": {"type": "article", "url": "http://www.nytimes.com/movie/review?res=9B02E3D7153FE63ABC4B51DFBF668388629EDE", "suggested_link_text": "Read the New York Times Review of The Solitaire Man"}, "multimedia": null}, {"display_title": "Shanghai Madness", "mpaa_rating": "", "critics_pick": 0, "byline": "F.S.N.", "headline": "Shanghai Madness", "summary_short": "", "publication_date": "1933-09-23", "opening_date": "1933-08-04", "date_updated": "2016-03-30 06:55:40", "link": {"type": "article", "url": "http://www.nytimes.com/movie/review?res=9402E3D7153FE63ABC4B51DFBF668388629EDE", "suggested_link_text": "Read the New York Times Review of Shanghai Madness"}, "multimedia": null}, {"display_title": "Devil's Mate", "mpaa_rating": "", "critics_pick": 0, "byline": "F.S.N.", "headline": "Devil's Mate", "summary_short": "", "publication_date": "1933-09-23", "opening_date": "1933-08-20", "date_updated": "2016-03-30 06:44:06", "link": {"type": "article", "url": "http://www.nytimes.com/movie/review?res=9C0DE3D7153FE63ABC4B51DFBF668388629EDE", "suggested_link_text": "Read the New York Times Review of Devil's Mate"}, "multimedia": null}, {"display_title": "Wild Boys of the Road", "mpaa_rating": "", "critics_pick": 0, "byline": "F.S.N.", "headline": "Wild Boys of the Road", "summary_short": "Young Depression-era rail-rider derelicts. Rugged eyeful, still.", "publication_date": "1933-09-22", "opening_date": "1933-10-07", "date_updated": "2016-03-30 06:49:01", "link": {"type": "article", "url": "http://www.nytimes.com/movie/review?res=9801EFDB1631E333A25751C2A96F9C946294D6CF", "suggested_link_text": "Read the New York Times Review of Wild Boys of the Road"}, "multimedia": null}]}