{"status": "OK", "copyright": "Copyright (c) 2017 The New York Times Company. All Rights Reserved.", "has_more": true, "num_results": 20, "results": [{"display_title": "Made on Broadway", "mpaa_rating": "", "critics_pick": 0, "byline": "A.D.S.", "headline": "Made on Broadway", "summary_short": "Press agent transforms suicidal girl into celebrity.", "publication_date": "1933-07-08", "opening_date": "1933-05-19", "date_updated": "2016-03-30 07:20:31", "link": {"type": "article", "url": "http://www.nytimes.com/movie/review?res=9B03EEDE143EEF3ABC4053DFB1668388629EDE", "suggested_link_text": "Read the New York Times Review of Made on Broadway"}, "multimedia": null}, {"display_title": "It's Great to Be Alive", "mpaa_rating": "", "critics_pick": 0, "byline": "F.S.N.", "headline": "It's Great to be Alive", "summary_short": "", "publication_date": "1933-07-08", "opening_date": "1933-07-08", "date_updated": "2016-03-30 07:16:48", "link": {"type": "article", "url": "http://www.nytimes.com/movie/review?res=9403EEDE143EEF3ABC4053DFB1668388629EDE", "suggested_link_text": "Read the New York Times Review of It's Great to Be Alive"}, "multimedia": null}, {"display_title": "Man Killer", "mpaa_rating": "", "critics_pick": 0, "byline": "A.D.S.", "headline": "Private Detective 62", "summary_short": "Down-and-out sleuth falls for woman he was hired to frame.", "publication_date": "1933-07-07", "opening_date": "1933-06-10", "date_updated": "2016-03-30 07:21:03", "link": {"type": "article", "url": "http://www.nytimes.com/movie/review?res=9402E7DD1F39EF32A25754C0A9619C946294D6CF", "suggested_link_text": "Read the New York Times Review of Man Killer"}, "multimedia": null}, {"display_title": "The Sphinx", "mpaa_rating": "Not Rated", "critics_pick": 0, "byline": "A.D.S.", "headline": "Sphinx, The", "summary_short": "Chummy reporters see deadly duplicity in mute philanthropist.", "publication_date": "1933-07-06", "opening_date": "1933-06-01", "date_updated": "2016-03-30 06:46:01", "link": {"type": "article", "url": "http://www.nytimes.com/movie/review?res=9D01E4DD1338E333A25755C0A9619C946294D6CF", "suggested_link_text": "Read the New York Times Review of The Sphinx"}, "multimedia": null}, {"display_title": "Tomorrow at Seven", "mpaa_rating": "", "critics_pick": 0, "byline": "A.D.S.", "headline": "Tomorrow at Seven", "summary_short": "", "publication_date": "1933-07-03", "opening_date": "1933-06-02", "date_updated": "2016-03-30 06:41:21", "link": {"type": "article", "url": "http://www.nytimes.com/movie/review?res=9A03E1DE173AEF3ABC4B53DFB1668388629EDE", "suggested_link_text": "Read the New York Times Review of Tomorrow at Seven"}, "multimedia": null}, {"display_title": "Esperame", "mpaa_rating": "", "critics_pick": 0, "byline": "H.T.S.", "headline": "Esperame", "summary_short": "", "publication_date": "1933-07-03", "opening_date": "1933-07-02", "date_updated": "2016-03-30 07:11:29", "link": {"type": "article", "url": "http://www.nytimes.com/movie/review?res=9403E1DE173AEF3ABC4B53DFB1668388629EDE", "suggested_link_text": "Read the New York Times Review of Esperame"}, "multimedia": null}, {"display_title": "The Mayor of Hell", "mpaa_rating": "", "critics_pick": 0, "byline": "A.D.S.", "headline": "Mayor of Hell, The", "summary_short": "Well played but an idiotic plot.", "publication_date": "1933-07-01", "opening_date": "1933-06-24", "date_updated": "2016-03-30 06:49:19", "link": {"type": "article", "url": "http://www.nytimes.com/movie/review?res=9801E5DF1338E333A25752C0A9619C946294D6CF", "suggested_link_text": "Read the New York Times Review of The Mayor of Hell"}, "multimedia": null}, {"display_title": "Hold Your Man", "mpaa_rating": "", "critics_pick": 0, "byline": "F.S.N.", "headline": "Hold Your Man", "summary_short": "Con man's girlfriend sent to prison. Raffish pulp but good star chemistry.", "publication_date": "1933-07-01", "opening_date": "1933-07-07", "date_updated": "2016-03-30 06:45:57", "link": {"type": "article", "url": "http://www.nytimes.com/movie/review?res=9901E5DF1338E333A25752C0A9619C946294D6CF", "suggested_link_text": "Read the New York Times Review of Hold Your Man"}, "multimedia": null}, {"display_title": "Bed of Roses", "mpaa_rating": "", "critics_pick": 0, "byline": "MORDAUNT HALL.", "headline": "Bed of Roses", "summary_short": "Picaresque yarn of pretty hustler and Mississippi skipper.", "publication_date": "1933-06-30", "opening_date": "1933-07-14", "date_updated": "2016-03-30 07:29:53", "link": {"type": "article", "url": "http://www.nytimes.com/movie/review?res=9E07E1D91F3AE333A25753C3A9609C946294D6CF", "suggested_link_text": "Read the New York Times Review of Bed of Roses"}, "multimedia": null}, {"display_title": "Samarang", "mpaa_rating": "", "critics_pick": 0, "byline": "MORDAUNT HALL.", "headline": "Samarang", "summary_short": "", "publication_date": "1933-06-29", "opening_date": "1933-06-28", "date_updated": "2016-03-30 06:48:48", "link": {"type": "article", "url": "http://www.nytimes.com/movie/review?res=9906E0D61238E333A2575AC2A9609C946294D6CF", "suggested_link_text": "Read the New York Times Review of Samarang"}, "multimedia": null}, {"display_title": "The Woman I Stole", "mpaa_rating": "", "critics_pick": 0, "byline": "A.D.S.", "headline": "Woman I Stole, The", "summary_short": "", "publication_date": "1933-06-28", "opening_date": "1933-06-30", "date_updated": "2016-03-30 06:43:14", "link": {"type": "article", "url": "http://www.nytimes.com/movie/review?res=9C0DEFDF143EEF3ABC4051DFB0668388629EDE", "suggested_link_text": "Read the New York Times Review of The Woman I Stole"}, "multimedia": null}, {"display_title": "The Silk Express", "mpaa_rating": "", "critics_pick": 0, "byline": "MORDAUNT HALL.", "headline": "Silk Express, The", "summary_short": "Murder and merchants on train bringing silk to New York. Swishy thriller.", "publication_date": "1933-06-28", "opening_date": "1933-06-10", "date_updated": "2016-03-30 07:18:26", "link": {"type": "article", "url": "http://www.nytimes.com/movie/review?res=9502EFDF143EEF3ABC4051DFB0668388629EDE", "suggested_link_text": "Read the New York Times Review of The Silk Express"}, "multimedia": null}, {"display_title": "What Price Innocence?", "mpaa_rating": "", "critics_pick": 0, "byline": "A.D.S.", "headline": "What Price Innocence?", "summary_short": "", "publication_date": "1933-06-26", "opening_date": "1933-06-24", "date_updated": "2016-03-30 06:45:57", "link": {"type": "article", "url": "http://www.nytimes.com/movie/review?res=9E04E1D71238E333A25755C2A9609C946294D6CF", "suggested_link_text": "Read the New York Times Review of What Price Innocence?"}, "multimedia": null}, {"display_title": "When Ladies Meet", "mpaa_rating": "", "critics_pick": 0, "byline": "MORDAUNT HALL.", "headline": "When Ladies Meet", "summary_short": "Novelist learns of lover's double life, from Broadway.", "publication_date": "1933-06-24", "opening_date": "1933-06-23", "date_updated": "2016-03-30 07:23:06", "link": {"type": "article", "url": "http://www.nytimes.com/movie/review?res=9904E5D71238E333A25757C2A9609C946294D6CF", "suggested_link_text": "Read the New York Times Review of When Ladies Meet"}, "multimedia": null}, {"display_title": "Emergency Call", "mpaa_rating": "", "critics_pick": 0, "byline": "A.D.S.", "headline": "Emergency Call", "summary_short": "Doc and ambulance driver vs. racketeers.", "publication_date": "1933-06-24", "opening_date": "1933-05-26", "date_updated": "2016-03-30 07:29:41", "link": {"type": "article", "url": "http://www.nytimes.com/movie/review?res=9A04E5D71238E333A25757C2A9609C946294D6CF", "suggested_link_text": "Read the New York Times Review of Emergency Call"}, "multimedia": null}, {"display_title": "Baby Face", "mpaa_rating": "", "critics_pick": 0, "byline": "M.H.", "headline": "Baby Face", "summary_short": "Amoral woman's office climb. Well-done drama with not-so-credible ending.", "publication_date": "1933-06-24", "opening_date": null, "date_updated": "2016-03-30 07:16:13", "link": {"type": "article", "url": "http://www.nytimes.com/movie/review?res=9B04E5D71238E333A25757C2A9609C946294D6CF", "suggested_link_text": "Read the New York Times Review of Baby Face"}, "multimedia": null}, {"display_title": "Melody Cruise", "mpaa_rating": "", "critics_pick": 0, "byline": "MORDAUNT HALL.", "headline": "Melody Cruise", "summary_short": "No more, no less. From the old days.", "publication_date": "1933-06-23", "opening_date": "1933-06-23", "date_updated": "2016-03-30 07:29:07", "link": {"type": "article", "url": "http://www.nytimes.com/movie/review?res=9A03E2D81238E333A25750C2A9609C946294D6CF", "suggested_link_text": "Read the New York Times Review of Melody Cruise"}, "multimedia": null}, {"display_title": "College Humor", "mpaa_rating": "", "critics_pick": 0, "byline": "A.D.S.", "headline": "College Humor", "summary_short": "Good, standard, early-Crosby musical. Nice batch of tunes.", "publication_date": "1933-06-23", "opening_date": "1933-07-05", "date_updated": "2016-03-30 06:55:09", "link": {"type": "article", "url": "http://www.nytimes.com/movie/review?res=9B03E2D81238E333A25750C2A9609C946294D6CF", "suggested_link_text": "Read the New York Times Review of College Humor"}, "multimedia": null}, {"display_title": "Corruption", "mpaa_rating": "", "critics_pick": 0, "byline": "MORDAUNI HALL.", "headline": "Corruption", "summary_short": "", "publication_date": "1933-06-20", "opening_date": "1933-06-19", "date_updated": "2016-03-30 06:46:18", "link": {"type": "article", "url": "http://www.nytimes.com/movie/review?res=9D0DE4DB1F3AE333A25753C2A9609C946294D6CF", "suggested_link_text": "Read the New York Times Review of Corruption"}, "multimedia": null}, {"display_title": "Victims of Persecution", "mpaa_rating": "", "critics_pick": 0, "byline": "A.D.S.", "headline": "Victims of Persecution", "summary_short": "", "publication_date": "1933-06-17", "opening_date": null, "date_updated": "2016-03-30 07:26:53", "link": {"type": "article", "url": "http://www.nytimes.com/movie/review?res=9E0DE3DA1238E333A25754C1A9609C946294D6CF", "suggested_link_text": "Read the New York Times Review of Victims of Persecution"}, "multimedia": null}]}