{"status": "OK", "copyright": "Copyright (c) 2017 The New York Times Company. All Rights Reserved.", "has_more": true, "num_results": 20, "results": [{"display_title": "Forty Thousand Horsemen", "mpaa_rating": "", "critics_pick": 0, "byline": "T.S.", "headline": "Forty Thousand Horsemen", "summary_short": "", "publication_date": "1941-08-15", "opening_date": null, "date_updated": "2016-03-30 06:50:35", "link": {"type": "article", "url": "http://www.nytimes.com/movie/review?res=9C05E5D8133FE13BBC4D52DFBE66838A659EDE", "suggested_link_text": "Read the New York Times Review of Forty Thousand Horsemen"}, "multimedia": null}, {"display_title": "Kiss the Boys Goodbye", "mpaa_rating": "", "critics_pick": 0, "byline": "T. S.", "headline": "Kiss the Boys Goodbye", "summary_short": "Sassy and breezy with nifty tunes. Best: title song and &quot;&quot;Sand in My Shoes.''", "publication_date": "1941-08-14", "opening_date": "1941-08-01", "date_updated": "2016-03-30 06:50:57", "link": {"type": "article", "url": "http://www.nytimes.com/movie/review?res=9E03E5D9133FE13BBC4C52DFBE66838A659EDE", "suggested_link_text": "Read the New York Times Review of Kiss the Boys Goodbye"}, "multimedia": null}, {"display_title": "Dr. Jekyll and Mr. Hyde", "mpaa_rating": "", "critics_pick": 0, "byline": "T.S.", "headline": "Dr Jekyll and Mr Hyde", "summary_short": "Solid, and wonderfully vivified by Bergman's mounting terror. Her pet role, she always said.", "publication_date": "1941-08-13", "opening_date": "1941-09-01", "date_updated": "2016-03-30 07:28:43", "link": {"type": "article", "url": "http://www.nytimes.com/movie/review?res=9900EEDB133FE13BBC4B52DFBE66838A659EDE", "suggested_link_text": "Read the New York Times Review of Dr. Jekyll and Mr. Hyde"}, "multimedia": null}, {"display_title": "Here Comes Mr. Jordan", "mpaa_rating": "", "critics_pick": 1, "byline": "T.S.", "headline": "Here Comes Mr Jordan", "summary_short": "Prematurely dead boxer reincarnated as millionaire. Engrossing comedy-fantasy, just a little pretentious.", "publication_date": "1941-08-08", "opening_date": "1941-08-21", "date_updated": "2016-03-30 07:12:29", "link": {"type": "article", "url": "http://www.nytimes.com/movie/review?res=9F02EED71530EF3ABC4053DFBE66838A659EDE", "suggested_link_text": "Read the New York Times Review of Here Comes Mr. Jordan"}, "multimedia": null}, {"display_title": "Hold That Ghost", "mpaa_rating": "", "critics_pick": 0, "byline": "T.M.P.", "headline": "Hold That Ghost", "summary_short": "Often quite funny.", "publication_date": "1941-08-08", "opening_date": "1941-08-08", "date_updated": "2016-03-30 07:15:17", "link": {"type": "article", "url": "http://www.nytimes.com/movie/review?res=9A02EED71530EF3ABC4053DFBE66838A659EDE", "suggested_link_text": "Read the New York Times Review of Hold That Ghost"}, "multimedia": null}, {"display_title": "Highway West", "mpaa_rating": "", "critics_pick": 0, "byline": "A.W.", "headline": "Highway West", "summary_short": "Killer-bank robber flees with unknowing wife.", "publication_date": "1941-08-08", "opening_date": "1941-08-23", "date_updated": "2016-03-30 06:55:51", "link": {"type": "article", "url": "http://www.nytimes.com/movie/review?res=9B02EED71530EF3ABC4053DFBE66838A659EDE", "suggested_link_text": "Read the New York Times Review of Highway West"}, "multimedia": null}, {"display_title": "Gangs Incorporated", "mpaa_rating": "", "critics_pick": 0, "byline": "T.M.P.", "headline": "Gangs Incorporated", "summary_short": "", "publication_date": "1941-08-04", "opening_date": "1941-06-13", "date_updated": "2016-03-30 07:16:47", "link": {"type": "article", "url": "http://www.nytimes.com/movie/review?res=990CE2DE133FE13BBC4C53DFBE66838A659EDE", "suggested_link_text": "Read the New York Times Review of Gangs Incorporated"}, "multimedia": null}, {"display_title": "Lady Scarface", "mpaa_rating": "", "critics_pick": 0, "byline": "T.S.", "headline": "Lady Scarface", "summary_short": "A hard mama, masterminding gang.", "publication_date": "1941-08-04", "opening_date": "1941-09-26", "date_updated": "2016-03-30 07:22:48", "link": {"type": "article", "url": "http://www.nytimes.com/movie/review?res=9D0CE2DE133FE13BBC4C53DFBE66838A659EDE", "suggested_link_text": "Read the New York Times Review of Lady Scarface"}, "multimedia": null}, {"display_title": "Charley's Aunt", "mpaa_rating": "", "critics_pick": 0, "byline": "T.S.", "headline": "Charley's Aunt", "summary_short": "The third version, even back then. May not gleam but it doesn't creak.", "publication_date": "1941-08-02", "opening_date": "1941-08-01", "date_updated": "2016-03-30 06:53:47", "link": {"type": "article", "url": "http://www.nytimes.com/movie/review?res=9E04E4D61F3BE233A25751C0A96E9C946093D6CF", "suggested_link_text": "Read the New York Times Review of Charley's Aunt"}, "multimedia": null}, {"display_title": "Ringside Maisie", "mpaa_rating": "", "critics_pick": 0, "byline": "T.S.", "headline": "Ringside Maisie", "summary_short": "Maisie falls in love with the manager of a young fighter.", "publication_date": "1941-08-01", "opening_date": "1941-08-01", "date_updated": "2016-03-30 07:16:22", "link": {"type": "article", "url": "http://www.nytimes.com/movie/review?res=9401EFD6123FE13BBC4953DFBE66838A659EDE", "suggested_link_text": "Read the New York Times Review of Ringside Maisie"}, "multimedia": null}, {"display_title": "Adventure in Washington", "mpaa_rating": "", "critics_pick": 0, "byline": "T.M.P.", "headline": "Adventure in Washington", "summary_short": "Tough orphan becomes Senate page boy.", "publication_date": "1941-08-01", "opening_date": "1941-05-29", "date_updated": "2016-03-30 06:46:23", "link": {"type": "article", "url": "http://www.nytimes.com/movie/review?res=9C00EFD6123FE13BBC4953DFBE66838A659EDE", "suggested_link_text": "Read the New York Times Review of Adventure in Washington"}, "multimedia": null}, {"display_title": "The Shepherd of the Hills", "mpaa_rating": "", "critics_pick": 0, "byline": "T.S.", "headline": "Shepherd of the Hills, The", "summary_short": "Ozarks moonshiner obsessed over absent dad. Simple, appealing drama.", "publication_date": "1941-07-31", "opening_date": "1941-07-18", "date_updated": "2016-03-30 07:14:58", "link": {"type": "article", "url": "http://www.nytimes.com/movie/review?res=9E03E5DF123BEF3ABC4950DFB166838A659EDE", "suggested_link_text": "Read the New York Times Review of The Shepherd of the Hills"}, "multimedia": null}, {"display_title": "I Was a Prisoner on Devil's Island", "mpaa_rating": "", "critics_pick": 0, "byline": "T.M.P.", "headline": "I Was a Prisoner on Devil's Island", "summary_short": "", "publication_date": "1941-07-28", "opening_date": "1941-08-04", "date_updated": "2016-03-30 06:55:40", "link": {"type": "article", "url": "http://www.nytimes.com/movie/review?res=9B01E0D9123DEF32A2575BC2A9619C946093D6CF", "suggested_link_text": "Read the New York Times Review of I Was a Prisoner on Devil's Island"}, "multimedia": null}, {"display_title": "Bullets For O'Hara", "mpaa_rating": "", "critics_pick": 0, "byline": "T.S.", "headline": "Bullets for O'Hara", "summary_short": "Sleuth courts gangster's ex-wife to trap him.", "publication_date": "1941-07-28", "opening_date": "1941-07-19", "date_updated": "2016-03-30 06:43:39", "link": {"type": "article", "url": "http://www.nytimes.com/movie/review?res=9C00E0D9123DEF32A2575BC2A9619C946093D6CF", "suggested_link_text": "Read the New York Times Review of Bullets For O'Hara"}, "multimedia": null}, {"display_title": "The Parson of Panamint", "mpaa_rating": "", "critics_pick": 0, "byline": "T.M.P.", "headline": "Parson of Panamint, The", "summary_short": "A different Western, nice all the way.", "publication_date": "1941-07-26", "opening_date": "1941-07-25", "date_updated": "2016-03-30 07:28:06", "link": {"type": "article", "url": "http://www.nytimes.com/movie/review?res=9D03E3D7123FE13BBC4E51DFB166838A659EDE", "suggested_link_text": "Read the New York Times Review of The Parson of Panamint"}, "multimedia": null}, {"display_title": "The Bride Came C.O.D.", "mpaa_rating": "", "critics_pick": 0, "byline": "T.S.", "headline": "Bride Came C O D, The", "summary_short": "Oil heiress tries to elope. Broad, racy and funny enough.", "publication_date": "1941-07-26", "opening_date": "1941-07-12", "date_updated": "2016-03-30 06:57:41", "link": {"type": "article", "url": "http://www.nytimes.com/movie/review?res=9500E3D7123FE13BBC4E51DFB166838A659EDE", "suggested_link_text": "Read the New York Times Review of The Bride Came C.O.D."}, "multimedia": null}, {"display_title": "The Reluctant Dragon", "mpaa_rating": "", "critics_pick": 0, "byline": "T.S.", "headline": "Reluctant Dragon, The", "summary_short": "Humorous tour of Disney Studio, including animation excerpts. Informal, enlightening, often winning.", "publication_date": "1941-07-25", "opening_date": "1941-06-20", "date_updated": "2016-03-30 06:54:34", "link": {"type": "article", "url": "http://www.nytimes.com/movie/review?res=9D0CE2D8123FE13BBC4D51DFB166838A659EDE", "suggested_link_text": "Read the New York Times Review of The Reluctant Dragon"}, "multimedia": null}, {"display_title": "Barnacle Bill", "mpaa_rating": "", "critics_pick": 0, "byline": "T.M.P.", "headline": "Barnacle Bill", "summary_short": "They're not kidding. All over.", "publication_date": "1941-07-25", "opening_date": "1941-04-07", "date_updated": "2016-03-30 06:45:31", "link": {"type": "article", "url": "http://www.nytimes.com/movie/review?res=9A0CE2D8123FE13BBC4D51DFB166838A659EDE", "suggested_link_text": "Read the New York Times Review of Barnacle Bill"}, "multimedia": null}, {"display_title": "The Stars Look Down", "mpaa_rating": "", "critics_pick": 1, "byline": "T.S.", "headline": "Stars Look Down, The", "summary_short": "Sterling British drama of Welsh miners, from Cronin novel.", "publication_date": "1941-07-24", "opening_date": null, "date_updated": "2016-03-30 07:09:18", "link": {"type": "article", "url": "http://www.nytimes.com/movie/review?res=9C06EFD9123FE13BBC4C51DFB166838A659EDE", "suggested_link_text": "Read the New York Times Review of The Stars Look Down"}, "multimedia": null}, {"display_title": "Dance Hall", "mpaa_rating": "", "critics_pick": 0, "byline": "BOSLEY CROWTHER", "headline": "Dance Hall", "summary_short": "Just what it says.", "publication_date": "1941-07-19", "opening_date": null, "date_updated": "2016-03-30 06:45:34", "link": {"type": "article", "url": "http://www.nytimes.com/movie/review?res=9B05E5DA123FE13BBC4152DFB166838A659EDE", "suggested_link_text": "Read the New York Times Review of Dance Hall"}, "multimedia": null}]}