{"status": "OK", "copyright": "Copyright (c) 2017 The New York Times Company. All Rights Reserved.", "has_more": true, "num_results": 20, "results": [{"display_title": "I Like It That Way", "mpaa_rating": "", "critics_pick": 0, "byline": "MORDAUNT HALL.", "headline": "I Like It That Way", "summary_short": "", "publication_date": "1934-04-18", "opening_date": "1934-04-01", "date_updated": "2016-03-30 06:55:40", "link": {"type": "article", "url": "http://www.nytimes.com/movie/review?res=9F04EFDD1238E13ABC4052DFB266838F629EDE", "suggested_link_text": "Read the New York Times Review of I Like It That Way"}, "multimedia": null}, {"display_title": "The Trumpet Blows", "mpaa_rating": "", "critics_pick": 0, "byline": "MORDAUNT HALL", "headline": "Trumpet Blows, The", "summary_short": "", "publication_date": "1934-04-14", "opening_date": "1934-04-14", "date_updated": "2016-03-30 07:16:57", "link": {"type": "article", "url": "http://www.nytimes.com/movie/review?res=9E06E6DD1E3DE33ABC4C52DFB266838F629EDE", "suggested_link_text": "Read the New York Times Review of The Trumpet Blows"}, "multimedia": null}, {"display_title": "Heideschulmeister Uwe Karsten", "mpaa_rating": "", "critics_pick": 0, "byline": "H.T.S.", "headline": "Heideschulmeister uwe Karsten", "summary_short": "", "publication_date": "1934-04-14", "opening_date": "1934-04-13", "date_updated": "2016-03-30 07:25:57", "link": {"type": "article", "url": "http://www.nytimes.com/movie/review?res=9906E6DD1E3DE33ABC4C52DFB266838F629EDE", "suggested_link_text": "Read the New York Times Review of Heideschulmeister Uwe Karsten"}, "multimedia": null}, {"display_title": "This Man Is Mine", "mpaa_rating": "", "critics_pick": 0, "byline": "MORDAUNT HALL.", "headline": "This Man is Mine", "summary_short": "Triangle, with scarlet red nails.", "publication_date": "1934-04-13", "opening_date": "1934-04-13", "date_updated": "2016-03-30 06:48:01", "link": {"type": "article", "url": "http://www.nytimes.com/movie/review?res=9F0DE0DD1239E33ABC4B52DFB266838F629EDE", "suggested_link_text": "Read the New York Times Review of This Man Is Mine"}, "multimedia": null}, {"display_title": "Looking for Trouble", "mpaa_rating": "", "critics_pick": 0, "byline": "MORDAUNT HALL.", "headline": "Looking for Trouble", "summary_short": "", "publication_date": "1934-04-12", "opening_date": "1934-03-29", "date_updated": "2016-03-30 07:13:50", "link": {"type": "article", "url": "http://www.nytimes.com/movie/review?res=9806E5DD1239E33ABC4A52DFB266838F629EDE", "suggested_link_text": "Read the New York Times Review of Looking for Trouble"}, "multimedia": null}, {"display_title": "As the Earth Turns", "mpaa_rating": "Not Rated", "critics_pick": 0, "byline": "M.H.", "headline": "As the Earth Turns", "summary_short": "Love happens between the son of Polish immigrants in Maine and the daughter of a farm family.", "publication_date": "1934-04-12", "opening_date": "1934-02-14", "date_updated": "2016-03-30 07:20:16", "link": {"type": "article", "url": "http://www.nytimes.com/movie/review?res=9906E5DD1239E33ABC4A52DFB266838F629EDE", "suggested_link_text": "Read the New York Times Review of As the Earth Turns"}, "multimedia": null}, {"display_title": "Viva Villa!", "mpaa_rating": "", "critics_pick": 0, "byline": "MORDAUNT HALL.", "headline": "Viva Villa!", "summary_short": "The Mexican Revolution. Big, thundering and fine, with peak Beery.", "publication_date": "1934-04-11", "opening_date": "1934-04-27", "date_updated": "2016-03-30 07:16:20", "link": {"type": "article", "url": "http://www.nytimes.com/movie/review?res=9907E2DE1E3DE33ABC4952DFB266838F629EDE", "suggested_link_text": "Read the New York Times Review of Viva Villa!"}, "multimedia": null}, {"display_title": "You're Telling Me", "mpaa_rating": "", "critics_pick": 0, "byline": "MORDAUNT HALL.", "headline": "You're Telling Me", "summary_short": "Bill as a family-man inventor.", "publication_date": "1934-04-07", "opening_date": null, "date_updated": "2016-03-30 06:54:12", "link": {"type": "article", "url": "http://www.nytimes.com/movie/review?res=9D07E7D7133EE53ABC4F53DFB266838F629EDE", "suggested_link_text": "Read the New York Times Review of You're Telling Me"}, "multimedia": null}, {"display_title": "The Constant Nymph", "mpaa_rating": "", "critics_pick": 0, "byline": "A.D.S.", "headline": "Constant Nymph, The", "summary_short": "", "publication_date": "1934-04-07", "opening_date": "1934-04-07", "date_updated": "2016-03-30 07:19:53", "link": {"type": "article", "url": "http://www.nytimes.com/movie/review?res=9E07E7D7133EE53ABC4F53DFB266838F629EDE", "suggested_link_text": "Read the New York Times Review of The Constant Nymph"}, "multimedia": null}, {"display_title": "Trenck", "mpaa_rating": "", "critics_pick": 0, "byline": "H.T.S.", "headline": "Trenck", "summary_short": "", "publication_date": "1934-04-07", "opening_date": "1934-04-06", "date_updated": "2016-03-30 06:44:43", "link": {"type": "article", "url": "http://www.nytimes.com/movie/review?res=9F07E7D7133EE53ABC4F53DFB266838F629EDE", "suggested_link_text": "Read the New York Times Review of Trenck"}, "multimedia": null}, {"display_title": "Gambling Lady", "mpaa_rating": "", "critics_pick": 0, "byline": "MORDAUNT HALL.", "headline": "Gambling Lady", "summary_short": "Marries rich youth, makes good wife, surprisingly. Harmless antique, nice cast.", "publication_date": "1934-04-05", "opening_date": "1934-03-31", "date_updated": "2016-03-30 06:50:14", "link": {"type": "article", "url": "http://www.nytimes.com/movie/review?res=9902E2DF1239E33ABC4D53DFB266838F629EDE", "suggested_link_text": "Read the New York Times Review of Gambling Lady"}, "multimedia": null}, {"display_title": "Lazy River", "mpaa_rating": "", "critics_pick": 0, "byline": "MORDAUNT HALL.", "headline": "Lazy River", "summary_short": "Girl helps three ex- convicts straighten out.", "publication_date": "1934-04-04", "opening_date": "1934-03-16", "date_updated": "2016-03-30 06:48:22", "link": {"type": "article", "url": "http://www.nytimes.com/movie/review?res=9D04E7DF1239E33ABC4C53DFB266838F629EDE", "suggested_link_text": "Read the New York Times Review of Lazy River"}, "multimedia": null}, {"display_title": "The Lost Patrol", "mpaa_rating": "", "critics_pick": 0, "byline": "MORDAUNT HALL.", "headline": "Lost Patrol, The", "summary_short": "British soldiers picked off by unseen enemy. Hardy old drama.", "publication_date": "1934-04-02", "opening_date": "1934-02-16", "date_updated": "2016-03-30 06:42:56", "link": {"type": "article", "url": "http://www.nytimes.com/movie/review?res=9D02E5D61539E33ABC4A53DFB266838F629EDE", "suggested_link_text": "Read the New York Times Review of The Lost Patrol"}, "multimedia": null}, {"display_title": "The Countess of Monte Cristo", "mpaa_rating": "", "critics_pick": 0, "byline": "A.D.S.", "headline": "Countess of Monte Cristo, The", "summary_short": "", "publication_date": "1934-04-02", "opening_date": "1934-03-19", "date_updated": "2016-03-30 06:44:45", "link": {"type": "article", "url": "http://www.nytimes.com/movie/review?res=9E02E5D61539E33ABC4A53DFB266838F629EDE", "suggested_link_text": "Read the New York Times Review of The Countess of Monte Cristo"}, "multimedia": null}, {"display_title": "Rvanye Bashmaki", "mpaa_rating": "", "critics_pick": 0, "byline": "H.T.S.", "headline": "Broken Shoes", "summary_short": "", "publication_date": "1934-03-31", "opening_date": "1934-03-30", "date_updated": "2016-03-30 06:58:07", "link": {"type": "article", "url": "http://www.nytimes.com/movie/review?res=9D01E0D91430E23ABC4950DFB566838F629EDE", "suggested_link_text": "Read the New York Times Review of Rvanye Bashmaki"}, "multimedia": null}, {"display_title": "Melody in Spring", "mpaa_rating": "", "critics_pick": 0, "byline": "A.D.S.", "headline": "Melody in Spring", "summary_short": "Feeble little musical with Ann Sothern and Lanny Ross. Strictly for the birds.", "publication_date": "1934-03-31", "opening_date": "1934-04-08", "date_updated": "2016-03-30 07:28:19", "link": {"type": "article", "url": "http://www.nytimes.com/movie/review?res=9C01E0D91430E23ABC4950DFB566838F629EDE", "suggested_link_text": "Read the New York Times Review of Melody in Spring"}, "multimedia": null}, {"display_title": "Wild Cargo", "mpaa_rating": "", "critics_pick": 0, "byline": "MORDAUNT HALL.", "headline": "Wild Cargo", "summary_short": "Early safari adventure.", "publication_date": "1934-03-30", "opening_date": "1934-04-06", "date_updated": "2016-03-30 06:51:39", "link": {"type": "article", "url": "http://www.nytimes.com/movie/review?res=9C04EED71539E33ABC4850DFB566838F629EDE", "suggested_link_text": "Read the New York Times Review of Wild Cargo"}, "multimedia": null}, {"display_title": "Crown of Thorns", "mpaa_rating": "", "critics_pick": 0, "byline": "MORDAUNT HALL.", "headline": "Crown of Thorns", "summary_short": "", "publication_date": "1934-03-28", "opening_date": "1934-03-27", "date_updated": "2016-03-30 06:45:18", "link": {"type": "article", "url": "http://www.nytimes.com/movie/review?res=9A05EFD9163CE23ABC4051DFB566838F629EDE", "suggested_link_text": "Read the New York Times Review of Crown of Thorns"}, "multimedia": null}, {"display_title": "Once to Every Woman", "mpaa_rating": "", "critics_pick": 0, "byline": "A.D.S.", "headline": "Once to Every Woman", "summary_short": "", "publication_date": "1934-03-26", "opening_date": "1934-03-24", "date_updated": "2016-03-30 06:58:00", "link": {"type": "article", "url": "http://www.nytimes.com/movie/review?res=9906EFDE173CE733A25755C2A9659C946594D6CF", "suggested_link_text": "Read the New York Times Review of Once to Every Woman"}, "multimedia": null}, {"display_title": "Jimmy the Gent", "mpaa_rating": "", "critics_pick": 0, "byline": "MORDAUNT HALL.", "headline": "Jimmy the Gent", "summary_short": "Missing-heirs scam schemers. Obvious but bouncy comedy, with star-chemistry punch from young Jim and Bette. Feisty fun.", "publication_date": "1934-03-26", "opening_date": "1934-03-17", "date_updated": "2016-03-30 06:43:54", "link": {"type": "article", "url": "http://www.nytimes.com/movie/review?res=9806EFDE173CE733A25755C2A9659C946594D6CF", "suggested_link_text": "Read the New York Times Review of Jimmy the Gent"}, "multimedia": null}]}