{"status": "OK", "copyright": "Copyright (c) 2017 The New York Times Company. All Rights Reserved.", "has_more": true, "num_results": 20, "results": [{"display_title": "Breaking the Ice", "mpaa_rating": "", "critics_pick": 0, "byline": "FRANK S. NUGENT", "headline": "Breaking the Ice", "summary_short": "", "publication_date": "1938-09-23", "opening_date": "1938-09-22", "date_updated": "2016-03-30 07:25:42", "link": {"type": "article", "url": "http://www.nytimes.com/movie/review?res=9C07E6D61531E03ABC4B51DFBF668383629EDE", "suggested_link_text": "Read the New York Times Review of Breaking the Ice"}, "multimedia": null}, {"display_title": "Room Service", "mpaa_rating": "", "critics_pick": 0, "byline": "FRANK S. NUGENT", "headline": "Room Service", "summary_short": "Too wall-to-wall, but the boys try. Funny spurts suffice.", "publication_date": "1938-09-22", "opening_date": "1938-09-30", "date_updated": "2016-03-30 06:48:50", "link": {"type": "article", "url": "http://www.nytimes.com/movie/review?res=9B05E1DC1F38EE3ABC4A51DFBF668383629EDE", "suggested_link_text": "Read the New York Times Review of Room Service"}, "multimedia": null}, {"display_title": "Fugitives for a Night", "mpaa_rating": "", "critics_pick": 0, "byline": "FRANK S. NUGENT", "headline": "Fugitives for a Night", "summary_short": "Two Hollywood innocents flee from murder.", "publication_date": "1938-09-21", "opening_date": "1938-09-23", "date_updated": "2016-03-30 07:28:22", "link": {"type": "article", "url": "http://www.nytimes.com/movie/review?res=9405E2D71531E03ABC4951DFBF668383629EDE", "suggested_link_text": "Read the New York Times Review of Fugitives for a Night"}, "multimedia": null}, {"display_title": "A Donto Pillanat", "mpaa_rating": "", "critics_pick": 0, "byline": "H. T. S.", "headline": "Doentoe Pillanat, A", "summary_short": "", "publication_date": "1938-09-17", "opening_date": "1938-09-16", "date_updated": "2016-03-30 06:47:20", "link": {"type": "article", "url": "http://www.nytimes.com/movie/review?res=9F0CEEDE1F38EE3ABC4F52DFBF668383629EDE", "suggested_link_text": "Read the New York Times Review of A Donto Pillanat"}, "multimedia": null}, {"display_title": "Come On, Leathernecks!", "mpaa_rating": "", "critics_pick": 0, "byline": "FRANK S. NUGENT", "headline": "Come on Leathernecks", "summary_short": "", "publication_date": "1938-09-15", "opening_date": "1938-08-08", "date_updated": "2016-03-30 07:21:35", "link": {"type": "article", "url": "http://www.nytimes.com/movie/review?res=9405EED81531E03ABC4D52DFBF668383629EDE", "suggested_link_text": "Read the New York Times Review of Come On, Leathernecks!"}, "multimedia": null}, {"display_title": "The Painted Desert", "mpaa_rating": "", "critics_pick": 0, "byline": "FRANK S. NUGENT", "headline": "Painted Desert", "summary_short": "Cowboy vs. outlaws.", "publication_date": "1938-09-14", "opening_date": "1938-08-12", "date_updated": "2016-03-30 06:58:32", "link": {"type": "article", "url": "http://www.nytimes.com/movie/review?res=9E01EFDF1F38EE3ABC4C52DFBF668383629EDE", "suggested_link_text": "Read the New York Times Review of The Painted Desert"}, "multimedia": null}, {"display_title": "Grand Illusion", "mpaa_rating": "Not Rated", "critics_pick": 1, "byline": "Frank S. Nugent", "headline": "GRAND ILLUSION (MOVIE)", "summary_short": "WWI German prison camp, via Renoir. One of the screen's great human dramas.", "publication_date": "1938-09-13", "opening_date": "1938-09-12", "date_updated": "2016-03-30 06:42:57", "link": {"type": "article", "url": "http://www.nytimes.com/movie/review?res=EE05E7DF173BE564BC4B52DFBF668383629EDE", "suggested_link_text": "Read the New York Times Review of Grand Illusion"}, "multimedia": null}, {"display_title": "The Missing Guest", "mpaa_rating": "", "critics_pick": 0, "byline": "FRANK S. NUGENT", "headline": "Missing Guest, The", "summary_short": "Haunted house murders.", "publication_date": "1938-09-07", "opening_date": "1938-08-12", "date_updated": "2016-03-30 06:43:19", "link": {"type": "article", "url": "http://www.nytimes.com/movie/review?res=9803E7D71E38EE3ABC4F53DFBF668383629EDE", "suggested_link_text": "Read the New York Times Review of The Missing Guest"}, "multimedia": null}, {"display_title": "Safety in Numbers", "mpaa_rating": "", "critics_pick": 0, "byline": "FRANK S. NUGENT", "headline": "Safety in Numbers", "summary_short": "", "publication_date": "1938-09-06", "opening_date": "1938-05-30", "date_updated": "2016-03-30 07:22:25", "link": {"type": "article", "url": "http://www.nytimes.com/movie/review?res=9C0DE3D81E38EE3ABC4E53DFBF668383629EDE", "suggested_link_text": "Read the New York Times Review of Safety in Numbers"}, "multimedia": null}, {"display_title": "Meet the Girls", "mpaa_rating": "", "critics_pick": 0, "byline": "FRANK S. NUGENT", "headline": "Meet the Girls", "summary_short": "", "publication_date": "1938-09-03", "opening_date": "1938-10-07", "date_updated": "2016-03-30 06:44:48", "link": {"type": "article", "url": "http://www.nytimes.com/movie/review?res=9D05EFD91531E03ABC4B53DFBF668383629EDE", "suggested_link_text": "Read the New York Times Review of Meet the Girls"}, "multimedia": null}, {"display_title": "Four Daughters", "mpaa_rating": "", "critics_pick": 1, "byline": "B. R. Crisler", "headline": "FOUR DAUGHTERS (MOVIE)", "summary_short": "Rounded, appealing romantic drama introducing young John, memorably.", "publication_date": "1938-08-19", "opening_date": "1938-08-09", "date_updated": "2016-03-30 07:27:11", "link": {"type": "article", "url": "http://www.nytimes.com/movie/review?res=EE05E7DF173BE565BC4152DFBE668383629EDE", "suggested_link_text": "Read the New York Times Review of Four Daughters"}, "multimedia": null}, {"display_title": "Highway Patrol", "mpaa_rating": "", "critics_pick": 0, "byline": "FRANK S. NUGENT", "headline": "Highway Patrol", "summary_short": "", "publication_date": "1938-08-04", "opening_date": "1938-06-27", "date_updated": "2016-03-30 06:48:14", "link": {"type": "article", "url": "http://www.nytimes.com/movie/review?res=9C05EEDC1138EE3ABC4C53DFBE668383629EDE", "suggested_link_text": "Read the New York Times Review of Highway Patrol"}, "multimedia": null}, {"display_title": "Booloo", "mpaa_rating": "", "critics_pick": 0, "byline": "FRANK S. NUGENT", "headline": "Booloo", "summary_short": "", "publication_date": "1938-07-30", "opening_date": "1938-07-29", "date_updated": "2016-03-30 06:52:49", "link": {"type": "article", "url": "http://www.nytimes.com/movie/review?res=9D05E1DE1138EE3ABC4850DFB1668383629EDE", "suggested_link_text": "Read the New York Times Review of Booloo"}, "multimedia": null}, {"display_title": "Crime Over London", "mpaa_rating": "", "critics_pick": 0, "byline": "FRANK S. NUGENT", "headline": "Crime Over London", "summary_short": "", "publication_date": "1938-07-28", "opening_date": "1938-07-27", "date_updated": "2016-03-30 06:55:55", "link": {"type": "article", "url": "http://www.nytimes.com/movie/review?res=9E05E0DF1138EE3ABC4051DFB1668383629EDE", "suggested_link_text": "Read the New York Times Review of Crime Over London"}, "multimedia": null}, {"display_title": "Little Miss Broadway", "mpaa_rating": "", "critics_pick": 0, "byline": "FRANK S. NUGENT", "headline": "Little Miss Broadway", "summary_short": "Theatrical boarding house. Flavorsome Temple vehicle, sporting cast.", "publication_date": "1938-07-23", "opening_date": "1938-07-29", "date_updated": "2016-03-30 06:52:55", "link": {"type": "article", "url": "http://www.nytimes.com/movie/review?res=950DE2D71038EE3ABC4B51DFB1668383629EDE", "suggested_link_text": "Read the New York Times Review of Little Miss Broadway"}, "multimedia": null}, {"display_title": "Letzte Liebe", "mpaa_rating": "", "critics_pick": 0, "byline": "H. T. S.", "headline": "Letzte Liebe", "summary_short": "", "publication_date": "1938-07-19", "opening_date": "1938-07-18", "date_updated": "2016-03-30 07:25:38", "link": {"type": "article", "url": "http://www.nytimes.com/movie/review?res=9400E2D91038EE3ABC4152DFB1668383629EDE", "suggested_link_text": "Read the New York Times Review of Letzte Liebe"}, "multimedia": null}, {"display_title": "Prison Break", "mpaa_rating": "", "critics_pick": 0, "byline": "FRANK S. NUGENT", "headline": "Prison Break", "summary_short": "Innocent California fisherman jailed for murder. Pair of fine old troupers.", "publication_date": "1938-07-13", "opening_date": "1938-07-12", "date_updated": "2016-03-30 07:29:03", "link": {"type": "article", "url": "http://www.nytimes.com/movie/review?res=9B00EEDC1038EE3ABC4B52DFB1668383629EDE", "suggested_link_text": "Read the New York Times Review of Prison Break"}, "multimedia": null}, {"display_title": "Rose of the Rio Grande", "mpaa_rating": "", "critics_pick": 0, "byline": "FRANK S. NUGENT", "headline": "Rose of the Rio Grande", "summary_short": "", "publication_date": "1938-07-09", "opening_date": "1938-03-16", "date_updated": "2016-03-30 07:17:11", "link": {"type": "article", "url": "http://www.nytimes.com/movie/review?res=9D01E5DD1038EE3ABC4153DFB1668383629EDE", "suggested_link_text": "Read the New York Times Review of Rose of the Rio Grande"}, "multimedia": null}, {"display_title": "Mystery House", "mpaa_rating": "", "critics_pick": 0, "byline": "BY FRANK S. NUGENT", "headline": "Mystery House", "summary_short": "Sleuth trails murders to hunting lodge full of suspicious bankers.", "publication_date": "1938-06-29", "opening_date": "1938-05-21", "date_updated": "2016-03-30 06:56:48", "link": {"type": "article", "url": "http://www.nytimes.com/movie/review?res=9B03E7D71338EE3ABC4151DFB0668383629EDE", "suggested_link_text": "Read the New York Times Review of Mystery House"}, "multimedia": null}, {"display_title": "Under Western Stars", "mpaa_rating": "", "critics_pick": 0, "byline": "FRANK S. NUGENT", "headline": "Under Western Stars", "summary_short": "Howdy, Trigger.", "publication_date": "1938-06-25", "opening_date": "1938-06-24", "date_updated": "2016-03-30 06:56:01", "link": {"type": "article", "url": "http://www.nytimes.com/movie/review?res=9F06E2D91338EE3ABC4D51DFB0668383629EDE", "suggested_link_text": "Read the New York Times Review of Under Western Stars"}, "multimedia": null}]}