{"status": "OK", "copyright": "Copyright (c) 2017 The New York Times Company. All Rights Reserved.", "has_more": true, "num_results": 20, "results": [{"display_title": "This Side of Heaven", "mpaa_rating": "", "critics_pick": 0, "byline": "MORDAUNT HALL.", "headline": "This Side of Heaven", "summary_short": "Personal and professional problems drive family man to attempt suicide. One of Barrymore's best.", "publication_date": "1934-02-10", "opening_date": "1934-02-02", "date_updated": "2016-03-30 07:19:55", "link": {"type": "article", "url": "http://www.nytimes.com/movie/review?res=9F0DE3DC113DE33ABC4852DFB466838F629EDE", "suggested_link_text": "Read the New York Times Review of This Side of Heaven"}, "multimedia": null}, {"display_title": "Search for Beauty", "mpaa_rating": "", "critics_pick": 0, "byline": "A.D.S.", "headline": "Search for Beauty", "summary_short": "", "publication_date": "1934-02-10", "opening_date": "1934-02-02", "date_updated": "2016-03-30 06:53:47", "link": {"type": "article", "url": "http://www.nytimes.com/movie/review?res=940DE3DC113DE33ABC4852DFB466838F629EDE", "suggested_link_text": "Read the New York Times Review of Search for Beauty"}, "multimedia": null}, {"display_title": "Madame Spy", "mpaa_rating": "", "critics_pick": 0, "byline": "M.H.", "headline": "Madame Spy", "summary_short": "", "publication_date": "1934-02-10", "opening_date": "1934-02-10", "date_updated": "2016-03-30 07:14:04", "link": {"type": "article", "url": "http://www.nytimes.com/movie/review?res=990DE3DC113DE33ABC4852DFB466838F629EDE", "suggested_link_text": "Read the New York Times Review of Madame Spy"}, "multimedia": null}, {"display_title": "Devil Tiger", "mpaa_rating": "", "critics_pick": 0, "byline": "MORDAUNT HALL.", "headline": "Devil Tiger", "summary_short": "", "publication_date": "1934-02-09", "opening_date": "1934-02-08", "date_updated": "2016-03-30 07:15:21", "link": {"type": "article", "url": "http://www.nytimes.com/movie/review?res=9901EFDE1F3DE23ABC4153DFB466838F629EDE", "suggested_link_text": "Read the New York Times Review of Devil Tiger"}, "multimedia": null}, {"display_title": "Moulin Rouge", "mpaa_rating": "", "critics_pick": 0, "byline": "MORDAUNT HALL.", "headline": "Moulin Rouge", "summary_short": "", "publication_date": "1934-02-08", "opening_date": "1934-01-19", "date_updated": "2016-03-30 06:47:08", "link": {"type": "article", "url": "http://www.nytimes.com/movie/review?res=9804E5DE173CE733A2575BC0A9649C946594D6CF", "suggested_link_text": "Read the New York Times Review of Moulin Rouge"}, "multimedia": null}, {"display_title": "La Cruz Y la Espada", "mpaa_rating": "", "critics_pick": 0, "byline": "H.T.S.", "headline": "Cruz y la Espada, La", "summary_short": "", "publication_date": "1934-02-05", "opening_date": "1934-02-04", "date_updated": "2016-03-30 06:51:02", "link": {"type": "article", "url": "http://www.nytimes.com/movie/review?res=9E0DE7DF1F3DE23ABC4D53DFB466838F629EDE", "suggested_link_text": "Read the New York Times Review of La Cruz Y la Espada"}, "multimedia": null}, {"display_title": "All of Me", "mpaa_rating": "", "critics_pick": 0, "byline": "MORDAUNT HALL.", "headline": "All of Me", "summary_short": "", "publication_date": "1934-02-05", "opening_date": "1934-02-01", "date_updated": "2016-03-30 06:58:47", "link": {"type": "article", "url": "http://www.nytimes.com/movie/review?res=9502E7DF1F3DE23ABC4D53DFB466838F629EDE", "suggested_link_text": "Read the New York Times Review of All of Me"}, "multimedia": null}, {"display_title": "Dreaming Lips", "mpaa_rating": "", "critics_pick": 0, "byline": "H.T.S.", "headline": "Traeumende Mund, Der", "summary_short": "", "publication_date": "1934-02-05", "opening_date": "1934-02-04", "date_updated": "2016-03-30 07:27:57", "link": {"type": "article", "url": "http://www.nytimes.com/movie/review?res=9C0DE7DF1F3DE23ABC4D53DFB466838F629EDE", "suggested_link_text": "Read the New York Times Review of Dreaming Lips"}, "multimedia": null}, {"display_title": "You Can't Buy Everything", "mpaa_rating": "", "critics_pick": 0, "byline": "MORDAUNT HALL.", "headline": "You Can't Buy Everything", "summary_short": "Miserly rich woman's son falls for her ex-fiance's daughter. Able Robson, heavy-handed script.", "publication_date": "1934-02-03", "opening_date": "1934-01-26", "date_updated": "2016-03-30 07:14:43", "link": {"type": "article", "url": "http://www.nytimes.com/movie/review?res=9F05E5DD113DE33ABC4B53DFB466838F629EDE", "suggested_link_text": "Read the New York Times Review of You Can't Buy Everything"}, "multimedia": null}, {"display_title": "I've Got Your Number", "mpaa_rating": "Not Rated", "critics_pick": 0, "byline": "A.D.S.", "headline": "I've Got Your Number", "summary_short": "Crooks dupe a switchboard operator.", "publication_date": "1934-02-03", "opening_date": "1934-02-24", "date_updated": "2016-03-30 06:42:55", "link": {"type": "article", "url": "http://www.nytimes.com/movie/review?res=9805E5DD113DE33ABC4B53DFB466838F629EDE", "suggested_link_text": "Read the New York Times Review of I've Got Your Number"}, "multimedia": null}, {"display_title": "Nana", "mpaa_rating": "", "critics_pick": 0, "byline": "MORDAUNT HALL.", "headline": "Nana", "summary_short": "Phillips Holmes, Mae Clarke. Flopped then, interesting now though not real Zola. Lovely tune: Rodgers and Hart's &quot;&quot;That's Love.'' Listen.", "publication_date": "1934-02-02", "opening_date": null, "date_updated": "2016-03-30 07:15:03", "link": {"type": "article", "url": "http://www.nytimes.com/movie/review?res=9F04EED81E3DE23ABC4A53DFB466838F629EDE", "suggested_link_text": "Read the New York Times Review of Nana"}, "multimedia": null}, {"display_title": "Hi, Nellie!", "mpaa_rating": "", "critics_pick": 0, "byline": "MORDAUNT HALL.", "headline": "Hi, Nellie!", "summary_short": "Reporter demoted to lonely-hearts column furtively probes political corruption. Lively old newspaper caper, game cast.", "publication_date": "1934-02-01", "opening_date": "1934-01-20", "date_updated": "2016-03-30 07:25:36", "link": {"type": "article", "url": "http://www.nytimes.com/movie/review?res=9802E0DE1539E33ABC4953DFB466838F629EDE", "suggested_link_text": "Read the New York Times Review of Hi, Nellie!"}, "multimedia": null}, {"display_title": "Frontier Marshal", "mpaa_rating": "", "critics_pick": 0, "byline": "MORDAUNT HALL.", "headline": "Frontier Marshal", "summary_short": "", "publication_date": "1934-01-31", "opening_date": "1934-01-19", "date_updated": "2016-03-30 07:26:07", "link": {"type": "article", "url": "http://www.nytimes.com/movie/review?res=9C05E5D81E3DE23ABC4950DFB766838F629EDE", "suggested_link_text": "Read the New York Times Review of Frontier Marshal"}, "multimedia": null}, {"display_title": "Und Es Leuchtet Die Pussta", "mpaa_rating": "", "critics_pick": 0, "byline": "H.T.S.", "headline": "Und Es Leuchtet die Puszta", "summary_short": "", "publication_date": "1934-01-30", "opening_date": "1934-01-29", "date_updated": "2016-03-30 06:53:23", "link": {"type": "article", "url": "http://www.nytimes.com/movie/review?res=9A01E5DE1539E33ABC4850DFB766838F629EDE", "suggested_link_text": "Read the New York Times Review of Und Es Leuchtet Die Pussta"}, "multimedia": null}, {"display_title": "Stadt Steht Kopf, Eine", "mpaa_rating": "", "critics_pick": 0, "byline": "H.T.S.", "headline": "Stadt Steht Kopf, Eine", "summary_short": "", "publication_date": "1934-01-29", "opening_date": "1934-01-28", "date_updated": "2016-03-30 07:12:33", "link": {"type": "article", "url": "http://www.nytimes.com/movie/review?res=9506E0DE113DE33ABC4151DFB766838F629EDE", "suggested_link_text": "Read the New York Times Review of Stadt Steht Kopf, Eine"}, "multimedia": null}, {"display_title": "The Women in His Life", "mpaa_rating": "", "critics_pick": 0, "byline": "M.H.", "headline": "Women in his Life, The", "summary_short": "Crafty lawyer whose wife left him for another man. Hopelessly unimaginative.", "publication_date": "1934-01-27", "opening_date": "1933-12-08", "date_updated": "2016-03-30 07:19:16", "link": {"type": "article", "url": "http://www.nytimes.com/movie/review?res=9A00E2D91E3DE23ABC4F51DFB766838F629EDE", "suggested_link_text": "Read the New York Times Review of The Women in His Life"}, "multimedia": null}, {"display_title": "Four Frightened People", "mpaa_rating": "Not Rated", "critics_pick": 0, "byline": "MORDAUNT HALL.", "headline": "Four Frightened People", "summary_short": "Jungle castaways. Curious, interesting movie directed by De Mille, of all people.", "publication_date": "1934-01-27", "opening_date": "1934-01-26", "date_updated": "2016-03-30 06:51:04", "link": {"type": "article", "url": "http://www.nytimes.com/movie/review?res=9800E2D91E3DE23ABC4F51DFB766838F629EDE", "suggested_link_text": "Read the New York Times Review of Four Frightened People"}, "multimedia": null}, {"display_title": "Beloved", "mpaa_rating": "", "critics_pick": 0, "byline": "A.D.S.", "headline": "Beloved", "summary_short": "", "publication_date": "1934-01-27", "opening_date": "1934-01-22", "date_updated": "2016-03-30 06:55:04", "link": {"type": "article", "url": "http://www.nytimes.com/movie/review?res=9B00E2D91E3DE23ABC4F51DFB766838F629EDE", "suggested_link_text": "Read the New York Times Review of Beloved"}, "multimedia": null}, {"display_title": "The Ghoul", "mpaa_rating": "", "critics_pick": 0, "byline": "A.D.S.", "headline": "Ghoul, The", "summary_short": "Egyptologist comes back from the grave.", "publication_date": "1934-01-27", "opening_date": "1933-11-25", "date_updated": "2016-03-30 07:14:38", "link": {"type": "article", "url": "http://www.nytimes.com/movie/review?res=9900E2D91E3DE23ABC4F51DFB766838F629EDE", "suggested_link_text": "Read the New York Times Review of The Ghoul"}, "multimedia": null}, {"display_title": "As Husbands Go", "mpaa_rating": "", "critics_pick": 0, "byline": "MORDAUNT HALL.", "headline": "As Husbands Go", "summary_short": "", "publication_date": "1934-01-26", "opening_date": "1934-01-27", "date_updated": "2016-03-30 06:43:06", "link": {"type": "article", "url": "http://www.nytimes.com/movie/review?res=9505E5D91E3DE23ABC4E51DFB766838F629EDE", "suggested_link_text": "Read the New York Times Review of As Husbands Go"}, "multimedia": null}]}