{"status": "OK", "copyright": "Copyright (c) 2017 The New York Times Company. All Rights Reserved.", "has_more": true, "num_results": 20, "results": [{"display_title": "Sunny", "mpaa_rating": "", "critics_pick": 0, "byline": "BOSLEY CROWTHER", "headline": "Sunny", "summary_short": "", "publication_date": "1941-06-13", "opening_date": "1941-05-30", "date_updated": "2016-03-30 07:20:00", "link": {"type": "article", "url": "http://www.nytimes.com/movie/review?res=9F00E0DC143FE13BBC4B52DFB066838A659EDE", "suggested_link_text": "Read the New York Times Review of Sunny"}, "multimedia": null}, {"display_title": "The Saint's Vacation", "mpaa_rating": "", "critics_pick": 0, "byline": "T.S.", "headline": "Saint's Vacation, The", "summary_short": "Enemy-agent trouble.", "publication_date": "1941-06-13", "opening_date": "1941-05-09", "date_updated": "2016-03-30 07:13:34", "link": {"type": "article", "url": "http://www.nytimes.com/movie/review?res=9900E0DC143FE13BBC4B52DFB066838A659EDE", "suggested_link_text": "Read the New York Times Review of The Saint's Vacation"}, "multimedia": null}, {"display_title": "In the Navy", "mpaa_rating": "", "critics_pick": 0, "byline": "BOSLEY CROWTHER", "headline": "In the Navy", "summary_short": "The girls help. Some.", "publication_date": "1941-06-12", "opening_date": "1941-05-30", "date_updated": "2016-03-30 06:57:27", "link": {"type": "article", "url": "http://www.nytimes.com/movie/review?res=980DEFDD143FE13BBC4A52DFB066838A659EDE", "suggested_link_text": "Read the New York Times Review of In the Navy"}, "multimedia": null}, {"display_title": "Million Dollar Baby", "mpaa_rating": "", "critics_pick": 0, "byline": "BOSLEY CROWTHER", "headline": "Million Dollar Baby", "summary_short": "Hollywood nonsense. On the sentimental side.", "publication_date": "1941-06-07", "opening_date": "1941-05-31", "date_updated": "2016-03-30 07:18:46", "link": {"type": "article", "url": "http://www.nytimes.com/movie/review?res=9F02E6DF143FE13BBC4F53DFB066838A659EDE", "suggested_link_text": "Read the New York Times Review of Million Dollar Baby"}, "multimedia": null}, {"display_title": "Love Crazy", "mpaa_rating": "", "critics_pick": 0, "byline": "BOSLEY CROWTHER,", "headline": "Love Crazy", "summary_short": "Husband feigns lunacy to postpone divorce. Entertaining.", "publication_date": "1941-06-06", "opening_date": "1941-05-23", "date_updated": "2016-03-30 06:54:29", "link": {"type": "article", "url": "http://www.nytimes.com/movie/review?res=9A0DE5D6173FE13BBC4E53DFB066838A659EDE", "suggested_link_text": "Read the New York Times Review of Love Crazy"}, "multimedia": null}, {"display_title": "There's Magic in Music", "mpaa_rating": "", "critics_pick": 0, "byline": "BOSLEY CROWTHER", "headline": "There's Magic in Music", "summary_short": "Good music, period.", "publication_date": "1941-06-05", "opening_date": "1941-06-08", "date_updated": "2016-03-30 07:28:01", "link": {"type": "article", "url": "http://www.nytimes.com/movie/review?res=9507E3D7173FE13BBC4D53DFB066838A659EDE", "suggested_link_text": "Read the New York Times Review of There's Magic in Music"}, "multimedia": null}, {"display_title": "Naval Academy", "mpaa_rating": "", "critics_pick": 0, "byline": "T.S.", "headline": "Naval Academy", "summary_short": "", "publication_date": "1941-06-05", "opening_date": "1941-06-05", "date_updated": "2016-03-30 07:05:24", "link": {"type": "article", "url": "http://www.nytimes.com/movie/review?res=9D06E3D7173FE13BBC4D53DFB066838A659EDE", "suggested_link_text": "Read the New York Times Review of Naval Academy"}, "multimedia": null}, {"display_title": "I'll Wait for You", "mpaa_rating": "", "critics_pick": 0, "byline": "T.S.", "headline": "I'll Wait for You", "summary_short": "Gangster in rural retreat. Earnest, mild romance.", "publication_date": "1941-06-02", "opening_date": "1941-05-16", "date_updated": "2016-03-30 07:10:32", "link": {"type": "article", "url": "http://www.nytimes.com/movie/review?res=9E07EFDA173FE13BBC4A53DFB066838A659EDE", "suggested_link_text": "Read the New York Times Review of I'll Wait for You"}, "multimedia": null}, {"display_title": "Shining Victory", "mpaa_rating": "", "critics_pick": 0, "byline": "BOSLEY CROWTHER", "headline": "Shining Victory", "summary_short": "Scottish sanitarium. A quiet, beautifully played drama minus one note of glamour or bushwah.", "publication_date": "1941-05-31", "opening_date": "1941-06-07", "date_updated": "2016-03-30 07:14:35", "link": {"type": "article", "url": "http://www.nytimes.com/movie/review?res=9A06E4DC163CE33BBC4950DFB366838A659EDE", "suggested_link_text": "Read the New York Times Review of Shining Victory"}, "multimedia": null}, {"display_title": "Power Dive", "mpaa_rating": "", "critics_pick": 0, "byline": "BOSLEY CROWTHER", "headline": "Power Dive", "summary_short": "", "publication_date": "1941-05-29", "opening_date": "1941-06-04", "date_updated": "2016-03-30 06:55:02", "link": {"type": "article", "url": "http://www.nytimes.com/movie/review?res=9C0CE5DE1638EE3BBC4151DFB366838A659EDE", "suggested_link_text": "Read the New York Times Review of Power Dive"}, "multimedia": null}, {"display_title": "Washington Melodrama", "mpaa_rating": "", "critics_pick": 0, "byline": "T.S.", "headline": "Washington Melodrama", "summary_short": "Rich man vs. tabloid editor, his future son-in-law.", "publication_date": "1941-05-26", "opening_date": "1941-04-18", "date_updated": "2016-03-30 07:06:06", "link": {"type": "article", "url": "http://www.nytimes.com/movie/review?res=9B0DE1DF163CE33BBC4E51DFB366838A659EDE", "suggested_link_text": "Read the New York Times Review of Washington Melodrama"}, "multimedia": null}, {"display_title": "The Bride Wore Crutches", "mpaa_rating": "", "critics_pick": 0, "byline": "T.M.P.", "headline": "Bride Wore Crutches, The", "summary_short": "", "publication_date": "1941-05-26", "opening_date": null, "date_updated": "2016-03-30 07:28:20", "link": {"type": "article", "url": "http://www.nytimes.com/movie/review?res=940DE1DF163CE33BBC4E51DFB366838A659EDE", "suggested_link_text": "Read the New York Times Review of The Bride Wore Crutches"}, "multimedia": null}, {"display_title": "Penny Serenade", "mpaa_rating": "Not Rated", "critics_pick": 0, "byline": "BOSLEY CROWTHER", "headline": "Penny Serenade", "summary_short": "Marriage over the years, via George Stevens. Tasteful, well played.", "publication_date": "1941-05-23", "opening_date": "1941-04-24", "date_updated": "2016-03-30 07:27:27", "link": {"type": "article", "url": "http://www.nytimes.com/movie/review?res=9A07E2D81F3DE33BBC4B51DFB366838A659EDE", "suggested_link_text": "Read the New York Times Review of Penny Serenade"}, "multimedia": null}, {"display_title": "A Voice in the Night", "mpaa_rating": "", "critics_pick": 0, "byline": "T.M.P.", "headline": "Voice in the Night, The", "summary_short": "", "publication_date": "1941-05-23", "opening_date": "1941-02-04", "date_updated": "2016-03-30 06:58:42", "link": {"type": "article", "url": "http://www.nytimes.com/movie/review?res=9C07EED81F3DE33BBC4B51DFB366838A659EDE", "suggested_link_text": "Read the New York Times Review of A Voice in the Night"}, "multimedia": null}, {"display_title": "Blood and Sand", "mpaa_rating": "", "critics_pick": 0, "byline": "T. S.", "headline": "Blood and Sand", "summary_short": "Matador. Persuasive drama, stunning bullring pageantry.", "publication_date": "1941-05-23", "opening_date": "1941-05-30", "date_updated": "2016-03-30 06:51:45", "link": {"type": "article", "url": "http://www.nytimes.com/movie/review?res=9504EED81F3DE33BBC4B51DFB366838A659EDE", "suggested_link_text": "Read the New York Times Review of Blood and Sand"}, "multimedia": null}, {"display_title": "Rookies on Parade", "mpaa_rating": "", "critics_pick": 0, "byline": "BOSLEY CROWTHER", "headline": "Rookies on Parade", "summary_short": "", "publication_date": "1941-05-22", "opening_date": "1941-04-17", "date_updated": "2016-03-30 06:46:29", "link": {"type": "article", "url": "http://www.nytimes.com/movie/review?res=9E04E5D81F3DE33BBC4A51DFB366838A659EDE", "suggested_link_text": "Read the New York Times Review of Rookies on Parade"}, "multimedia": null}, {"display_title": "The Proud Valley", "mpaa_rating": "Not Rated", "critics_pick": 0, "byline": "BOSLEY CROWTHER", "headline": "Proud Valley", "summary_short": "Tame tale of Welsh coal miners but the Robeson charisma is special.", "publication_date": "1941-05-17", "opening_date": null, "date_updated": "2016-03-30 06:44:13", "link": {"type": "article", "url": "http://www.nytimes.com/movie/review?res=9E0DE6DF1638EE3BBC4F52DFB366838A659EDE", "suggested_link_text": "Read the New York Times Review of The Proud Valley"}, "multimedia": null}, {"display_title": "A Woman's Face", "mpaa_rating": "", "critics_pick": 0, "byline": "T.S.", "headline": "Woman's Face, A", "summary_short": "Disfigured criminal reforms. Good idea, fine vignettes but gloss cushioning. Best part: opening walk.", "publication_date": "1941-05-16", "opening_date": "1941-05-23", "date_updated": "2016-03-30 06:45:29", "link": {"type": "article", "url": "http://www.nytimes.com/movie/review?res=9406E1DD1F3DE33BBC4E52DFB366838A659EDE", "suggested_link_text": "Read the New York Times Review of A Woman's Face"}, "multimedia": null}, {"display_title": "They Dare Not Love", "mpaa_rating": "", "critics_pick": 0, "byline": "T.M.P.", "headline": "They Dare not Love", "summary_short": "", "publication_date": "1941-05-16", "opening_date": "1941-05-16", "date_updated": "2016-03-30 07:27:12", "link": {"type": "article", "url": "http://www.nytimes.com/movie/review?res=9506E1DD1F3DE33BBC4E52DFB366838A659EDE", "suggested_link_text": "Read the New York Times Review of They Dare Not Love"}, "multimedia": null}, {"display_title": "The Devil and Miss Jones", "mpaa_rating": "", "critics_pick": 0, "byline": "BOSLEY CROWTHER", "headline": "Devil and Miss Jones, The", "summary_short": "Department store mogul goes undercover. Cute, sprightly comedy.", "publication_date": "1941-05-16", "opening_date": "1941-04-11", "date_updated": "2016-03-30 06:53:02", "link": {"type": "article", "url": "http://www.nytimes.com/movie/review?res=9B06E1DD1F3DE33BBC4E52DFB366838A659EDE", "suggested_link_text": "Read the New York Times Review of The Devil and Miss Jones"}, "multimedia": null}]}