{"status": "OK", "copyright": "Copyright (c) 2017 The New York Times Company. All Rights Reserved.", "has_more": true, "num_results": 20, "results": [{"display_title": "A Woman's Vengeance", "mpaa_rating": "", "critics_pick": 0, "byline": "BOSLEY CROWTHER", "headline": "Woman's Vengeance, A", "summary_short": "Hell hath no fury, quietly. Intelligent drama. Brilliant pivotal scene: cat-and-mouse Cedric and Jessica.", "publication_date": "1948-01-30", "opening_date": "1948-01-29", "date_updated": "2016-03-30 06:43:23", "link": {"type": "article", "url": "http://www.nytimes.com/movie/review?res=9A06E5D7143DEE3ABC4850DFB7668383659EDE", "suggested_link_text": "Read the New York Times Review of A Woman's Vengeance"}, "multimedia": null}, {"display_title": "You Were Meant for Me", "mpaa_rating": "", "critics_pick": 0, "byline": "T.M.P.", "headline": "You Were Meant for Me", "summary_short": "Soppy domestic drama with pleasant songs.", "publication_date": "1948-01-29", "opening_date": "1948-02-01", "date_updated": "2016-03-30 06:53:36", "link": {"type": "article", "url": "http://www.nytimes.com/movie/review?res=9900E4DB173DE03ABC4151DFB7668383659EDE", "suggested_link_text": "Read the New York Times Review of You Were Meant for Me"}, "multimedia": null}, {"display_title": "Night Song", "mpaa_rating": "", "critics_pick": 0, "byline": "BOSLEY CROWTHER", "headline": "Night Song", "summary_short": "Blind pianist regains sight. Rather creamy drama. Interesting concert sequence with Artur Rubinstein.", "publication_date": "1948-01-29", "opening_date": null, "date_updated": "2016-03-30 06:47:26", "link": {"type": "article", "url": "http://www.nytimes.com/movie/review?res=9800E4DB173DE03ABC4151DFB7668383659EDE", "suggested_link_text": "Read the New York Times Review of Night Song"}, "multimedia": null}, {"display_title": "Un Revenant", "mpaa_rating": "", "critics_pick": 0, "byline": "BOSLEY CROWTHER", "headline": "Revenant, Le", "summary_short": "", "publication_date": "1948-01-26", "opening_date": null, "date_updated": "2016-03-30 07:11:44", "link": {"type": "article", "url": "http://www.nytimes.com/movie/review?res=9F01E5DC1F31E03BBC4E51DFB7668383659EDE", "suggested_link_text": "Read the New York Times Review of Un Revenant"}, "multimedia": null}, {"display_title": "The Treasure of the Sierra Madre", "mpaa_rating": "", "critics_pick": 1, "byline": "BOSLEY CROWTHER", "headline": "Treasure of Sierra Madre", "summary_short": "Greedy gold diggers in Mexico, via John Huston. Memorable human drama.", "publication_date": "1948-01-24", "opening_date": "1948-01-24", "date_updated": "2016-03-30 07:28:50", "link": {"type": "article", "url": "http://www.nytimes.com/movie/review?res=9904E6DF1E3DE13BBC4C51DFB7668383659EDE", "suggested_link_text": "Read the New York Times Review of The Treasure of the Sierra Madre"}, "multimedia": null}, {"display_title": "Holiday Camp", "mpaa_rating": "", "critics_pick": 0, "byline": "T.M.P.", "headline": "Holiday Camp", "summary_short": "", "publication_date": "1948-01-24", "opening_date": null, "date_updated": "2016-03-30 07:28:57", "link": {"type": "article", "url": "http://www.nytimes.com/movie/review?res=9A04E6DF1E3DE13BBC4C51DFB7668383659EDE", "suggested_link_text": "Read the New York Times Review of Holiday Camp"}, "multimedia": null}, {"display_title": "T-Men", "mpaa_rating": "", "critics_pick": 0, "byline": "BOSLEY CROWTHER", "headline": "T-Men", "summary_short": "Counterfeiting sleuths. Good of this kind.", "publication_date": "1948-01-23", "opening_date": "1947-12-15", "date_updated": "2016-03-30 07:20:53", "link": {"type": "article", "url": "http://www.nytimes.com/movie/review?res=9400EFDA1E3CE03ABC4B51DFB7668383659EDE", "suggested_link_text": "Read the New York Times Review of T-Men"}, "multimedia": null}, {"display_title": "If Winter Comes", "mpaa_rating": "", "critics_pick": 0, "byline": "T.M.P.", "headline": "If Winter Comes", "summary_short": "Romantic triangle in winds-of-war England. Tears, suds and frost.", "publication_date": "1948-01-23", "opening_date": "1947-12-31", "date_updated": "2016-03-30 07:17:13", "link": {"type": "article", "url": "http://www.nytimes.com/movie/review?res=9500EFDA1E3CE03ABC4B51DFB7668383659EDE", "suggested_link_text": "Read the New York Times Review of If Winter Comes"}, "multimedia": null}, {"display_title": "I Walk Alone", "mpaa_rating": "", "critics_pick": 0, "byline": "BOSLEY CROWTHER", "headline": "I Walk Alone", "summary_short": "Standard crime yarn.", "publication_date": "1948-01-22", "opening_date": "1948-01-16", "date_updated": "2016-03-30 06:45:25", "link": {"type": "article", "url": "http://www.nytimes.com/movie/review?res=9E03E3DD123FE23ABC4A51DFB7668383659EDE", "suggested_link_text": "Read the New York Times Review of I Walk Alone"}, "multimedia": null}, {"display_title": "Furia", "mpaa_rating": "", "critics_pick": 0, "byline": "BOSLEY CROWTHER", "headline": "Furia", "summary_short": "", "publication_date": "1948-01-21", "opening_date": null, "date_updated": "2016-03-30 06:47:19", "link": {"type": "article", "url": "http://www.nytimes.com/movie/review?res=9402E5D9163BE33BBC4951DFB7668383659EDE", "suggested_link_text": "Read the New York Times Review of Furia"}, "multimedia": null}, {"display_title": "Secret Beyond the Door", "mpaa_rating": "", "critics_pick": 0, "byline": "BOSLEY CROWTHER", "headline": "Secret Beyond the Door", "summary_short": "The old one luridly rewound about the gentle bride, crazy groom.", "publication_date": "1948-01-16", "opening_date": "1948-01-01", "date_updated": "2016-03-30 07:05:58", "link": {"type": "article", "url": "http://www.nytimes.com/movie/review?res=9402E4D61F38E33BBC4E52DFB7668383659EDE", "suggested_link_text": "Read the New York Times Review of Secret Beyond the Door"}, "multimedia": null}, {"display_title": "An Ideal Husband", "mpaa_rating": "", "critics_pick": 0, "byline": "BOSLEY CROWTHER", "headline": "Ideal Husband, An", "summary_short": "Oscar Wilde dressed to kill and teddibly tame.", "publication_date": "1948-01-15", "opening_date": "1948-02-01", "date_updated": "2016-03-30 07:19:44", "link": {"type": "article", "url": "http://www.nytimes.com/movie/review?res=9E0DE1DC1F38E33BBC4D52DFB7668383659EDE", "suggested_link_text": "Read the New York Times Review of An Ideal Husband"}, "multimedia": null}, {"display_title": "The Paradine Case", "mpaa_rating": "", "critics_pick": 0, "byline": "BOSLEY CROWTHER", "headline": "Paradine Case, The", "summary_short": "Lawyer in love with beautiful client accused of murder. Sleek, classy Hitchcock dud.", "publication_date": "1948-01-09", "opening_date": null, "date_updated": "2016-03-30 06:49:57", "link": {"type": "article", "url": "http://www.nytimes.com/movie/review?res=9906E2D81E39E33ABC4153DFB7668383659EDE", "suggested_link_text": "Read the New York Times Review of The Paradine Case"}, "multimedia": null}, {"display_title": "L'Eternel Retour", "mpaa_rating": "", "critics_pick": 0, "byline": "BOSLEY CROWTHER", "headline": "Eternel Retour, L'", "summary_short": "", "publication_date": "1948-01-05", "opening_date": "1948-01-03", "date_updated": "2016-03-30 06:46:51", "link": {"type": "article", "url": "http://www.nytimes.com/movie/review?res=9903E6DC173DE03ABC4D53DFB7668383659EDE", "suggested_link_text": "Read the New York Times Review of L'Eternel Retour"}, "multimedia": null}, {"display_title": "The Senator Was Indiscreet", "mpaa_rating": "", "critics_pick": 0, "byline": "BOSLEY CROWTHER", "headline": "Senator Was Indiscreet, The", "summary_short": "Ella Raines. Sharp, hilarious satire and you'll never guess who directed.", "publication_date": "1947-12-27", "opening_date": null, "date_updated": "2016-03-30 06:46:30", "link": {"type": "article", "url": "http://www.nytimes.com/movie/review?res=9900E5D71F3AE233A25754C2A9649D946693D6CF", "suggested_link_text": "Read the New York Times Review of The Senator Was Indiscreet"}, "multimedia": null}, {"display_title": "The Voice of the Turtle", "mpaa_rating": "", "critics_pick": 1, "byline": "T.M.P.", "headline": "Voice of the Turtle, The", "summary_short": "Delightful wartime romance.", "publication_date": "1947-12-26", "opening_date": "1948-02-28", "date_updated": "2016-03-30 06:44:11", "link": {"type": "article", "url": "http://www.nytimes.com/movie/review?res=9C05EEDE1E3BEF3ABC4E51DFB467838C659EDE", "suggested_link_text": "Read the New York Times Review of The Voice of the Turtle"}, "multimedia": null}, {"display_title": "The Fugitive", "mpaa_rating": "", "critics_pick": 1, "byline": "Bosley Crowther", "headline": "THE FUGITIVE (MOVIE)", "summary_short": "John Ford drama of Mexican rebel priest, via Graham Greene. Powerful.", "publication_date": "1947-12-26", "opening_date": "1947-11-03", "date_updated": "2016-03-30 06:51:24", "link": {"type": "article", "url": "http://www.nytimes.com/movie/review?res=EE05E7DF173AE265BC4E51DFB467838C659EDE", "suggested_link_text": "Read the New York Times Review of The Fugitive"}, "multimedia": null}, {"display_title": "Tycoon", "mpaa_rating": "", "critics_pick": 0, "byline": "A.W.", "headline": "Tycoon", "summary_short": "Engineer falls in love with boss's daughter. Middling drama, nice cast.", "publication_date": "1947-12-26", "opening_date": "1947-12-27", "date_updated": "2016-03-30 07:30:08", "link": {"type": "article", "url": "http://www.nytimes.com/movie/review?res=9F05EEDE1E3BEF3ABC4E51DFB467838C659EDE", "suggested_link_text": "Read the New York Times Review of Tycoon"}, "multimedia": null}, {"display_title": "The High Wall", "mpaa_rating": "", "critics_pick": 0, "byline": "B.C.", "headline": "High Wall", "summary_short": "Doctor tries to prove mental patient innocent of murder. Well-played whodunit, though it's easy to guess who did.", "publication_date": "1947-12-26", "opening_date": "1947-12-17", "date_updated": "2016-03-30 06:51:05", "link": {"type": "article", "url": "http://www.nytimes.com/movie/review?res=9B0CEFDE1E3BEF3ABC4E51DFB467838C659EDE", "suggested_link_text": "Read the New York Times Review of The High Wall"}, "multimedia": null}, {"display_title": "The Fabulous Texan", "mpaa_rating": "", "critics_pick": 0, "byline": "T.M.P.", "headline": "Fabulous Texan, The", "summary_short": "", "publication_date": "1947-12-26", "opening_date": "1947-11-09", "date_updated": "2016-03-30 06:50:31", "link": {"type": "article", "url": "http://www.nytimes.com/movie/review?res=9E05EEDE1E3BEF3ABC4E51DFB467838C659EDE", "suggested_link_text": "Read the New York Times Review of The Fabulous Texan"}, "multimedia": null}]}