{"status": "OK", "copyright": "Copyright (c) 2017 The New York Times Company. All Rights Reserved.", "has_more": true, "num_results": 20, "results": [{"display_title": "Guilty As Hell", "mpaa_rating": "", "critics_pick": 0, "byline": "MORDAUNT HALL.", "headline": "Guilty as Hell", "summary_short": "", "publication_date": "1932-08-06", "opening_date": "1932-08-05", "date_updated": "2016-03-30 06:46:15", "link": {"type": "article", "url": "http://www.nytimes.com/movie/review?res=9E06E5DE1231E633A25755C0A96E9C946394D6CF", "suggested_link_text": "Read the New York Times Review of Guilty As Hell"}, "multimedia": null}, {"display_title": "American Madness", "mpaa_rating": "", "critics_pick": 0, "byline": "M.H.", "headline": "American Madness", "summary_short": "Vivid drama about Depression-era bank president. Grab this one, from Frank Capra.", "publication_date": "1932-08-06", "opening_date": "1932-08-15", "date_updated": "2016-03-30 06:45:27", "link": {"type": "article", "url": "http://www.nytimes.com/movie/review?res=9F06E5DE1231E633A25755C0A96E9C946394D6CF", "suggested_link_text": "Read the New York Times Review of American Madness"}, "multimedia": null}, {"display_title": "Skyscraper Souls", "mpaa_rating": "", "critics_pick": 0, "byline": "MORDAUNT HALL.", "headline": "Skyscraper Souls", "summary_short": "Ruthless tycoon and victims. Ripely entertaining.", "publication_date": "1932-08-05", "opening_date": "1932-07-16", "date_updated": "2016-03-30 07:28:07", "link": {"type": "article", "url": "http://www.nytimes.com/movie/review?res=9907E2DC1E3EE633A25756C0A96E9C946394D6CF", "suggested_link_text": "Read the New York Times Review of Skyscraper Souls"}, "multimedia": null}, {"display_title": "Doctor X", "mpaa_rating": "Not Rated", "critics_pick": 0, "byline": "MORDAUNT HALL.", "headline": "Doctor X", "summary_short": "Full-moon killer. Gruesome then, synthetic now.", "publication_date": "1932-08-04", "opening_date": "1932-08-27", "date_updated": "2016-03-30 06:42:06", "link": {"type": "article", "url": "http://www.nytimes.com/movie/review?res=9B05E6D71530E333A25757C0A96E9C946394D6CF", "suggested_link_text": "Read the New York Times Review of Doctor X"}, "multimedia": null}, {"display_title": "Tom Brown of Culver", "mpaa_rating": "", "critics_pick": 0, "byline": "A.D.S.", "headline": "Tom Brown of Culver", "summary_short": "", "publication_date": "1932-07-30", "opening_date": "1932-07-01", "date_updated": "2016-03-30 06:48:15", "link": {"type": "article", "url": "http://www.nytimes.com/movie/review?res=9B06EFD61531E633A25753C3A9619C946394D6CF", "suggested_link_text": "Read the New York Times Review of Tom Brown of Culver"}, "multimedia": null}, {"display_title": "Rebecca of Sunnybrook Farm", "mpaa_rating": "", "critics_pick": 0, "byline": "L.N.", "headline": "Rebecca of Sunnybrook Farm", "summary_short": "", "publication_date": "1932-07-30", "opening_date": "1932-07-03", "date_updated": "2016-03-30 06:55:13", "link": {"type": "article", "url": "http://www.nytimes.com/movie/review?res=9C01EFD61531E633A25753C3A9619C946394D6CF", "suggested_link_text": "Read the New York Times Review of Rebecca of Sunnybrook Farm"}, "multimedia": null}, {"display_title": "The Man Called Back", "mpaa_rating": "", "critics_pick": 0, "byline": "L.N.", "headline": "Man Called Back, The", "summary_short": "", "publication_date": "1932-07-30", "opening_date": "1932-07-17", "date_updated": "2016-03-30 06:54:44", "link": {"type": "article", "url": "http://www.nytimes.com/movie/review?res=9406EFD61531E633A25753C3A9619C946394D6CF", "suggested_link_text": "Read the New York Times Review of The Man Called Back"}, "multimedia": null}, {"display_title": "White Zombie", "mpaa_rating": "", "critics_pick": 0, "byline": "L.N.", "headline": "White Zombie", "summary_short": "Witchcraft in sugar-mill Haiti. Interesting story, artistic touches.", "publication_date": "1932-07-29", "opening_date": "1932-08-04", "date_updated": "2016-03-30 07:16:28", "link": {"type": "article", "url": "http://www.nytimes.com/movie/review?res=9D00E4D61531E633A2575AC2A9619C946394D6CF", "suggested_link_text": "Read the New York Times Review of White Zombie"}, "multimedia": null}, {"display_title": "Madame Racketeer", "mpaa_rating": "", "critics_pick": 0, "byline": "L.N.", "headline": "Madame Racketeer", "summary_short": "", "publication_date": "1932-07-23", "opening_date": "1932-07-23", "date_updated": "2016-03-30 07:19:29", "link": {"type": "article", "url": "http://www.nytimes.com/movie/review?res=9900E4D81531E633A25750C2A9619C946394D6CF", "suggested_link_text": "Read the New York Times Review of Madame Racketeer"}, "multimedia": null}, {"display_title": "Jewel Robbery", "mpaa_rating": "", "critics_pick": 0, "byline": "A.D.S.", "headline": "Jewel Robbery", "summary_short": "Bored baroness, debonair burglar. Two charmers, back when. Pleasant viewing.", "publication_date": "1932-07-23", "opening_date": "1932-08-13", "date_updated": "2016-03-30 06:45:11", "link": {"type": "article", "url": "http://www.nytimes.com/movie/review?res=9A00E4D81531E633A25750C2A9619C946394D6CF", "suggested_link_text": "Read the New York Times Review of Jewel Robbery"}, "multimedia": null}, {"display_title": "Congorilla", "mpaa_rating": "", "critics_pick": 0, "byline": "L. N.", "headline": "Congorilla", "summary_short": "", "publication_date": "1932-07-22", "opening_date": "1932-08-07", "date_updated": "2016-03-30 07:05:21", "link": {"type": "article", "url": "http://www.nytimes.com/movie/review?res=9804E7D6113EE633A25751C2A9619C946394D6CF", "suggested_link_text": "Read the New York Times Review of Congorilla"}, "multimedia": null}, {"display_title": "Washington Masquerade", "mpaa_rating": "", "critics_pick": 0, "byline": "L. N.", "headline": "Washington Masquerade, The", "summary_short": "Perfumed lobbyist corrupts senator from Kansas.", "publication_date": "1932-07-22", "opening_date": "1932-07-09", "date_updated": "2016-03-30 06:48:54", "link": {"type": "article", "url": "http://www.nytimes.com/movie/review?res=9904E7D6113EE633A25751C2A9619C946394D6CF", "suggested_link_text": "Read the New York Times Review of Washington Masquerade"}, "multimedia": null}, {"display_title": "Der Stolz Der 3. Kompagnie", "mpaa_rating": "", "critics_pick": 0, "byline": "H.T.S.", "headline": "Stolz der 3 Kompagnie, Der", "summary_short": "", "publication_date": "1932-07-21", "opening_date": "1932-07-20", "date_updated": "2016-03-30 06:48:01", "link": {"type": "article", "url": "http://www.nytimes.com/movie/review?res=9B0DE1D8113EE633A25752C2A9619C946394D6CF", "suggested_link_text": "Read the New York Times Review of Der Stolz Der 3. Kompagnie"}, "multimedia": null}, {"display_title": "Igloo", "mpaa_rating": "", "critics_pick": 0, "byline": "L.N.", "headline": "Igloo", "summary_short": "", "publication_date": "1932-07-21", "opening_date": "1932-07-01", "date_updated": "2016-03-30 06:43:51", "link": {"type": "article", "url": "http://www.nytimes.com/movie/review?res=9A0DE1D8113EE633A25752C2A9619C946394D6CF", "suggested_link_text": "Read the New York Times Review of Igloo"}, "multimedia": null}, {"display_title": "What Price Hollywood?", "mpaa_rating": "", "critics_pick": 0, "byline": "L.N.", "headline": "What Price Hollywood", "summary_short": "Interesting forerunner to ``A Star Is Born.'' Calling all film buffs.", "publication_date": "1932-07-16", "opening_date": "1932-06-24", "date_updated": "2016-03-30 07:16:05", "link": {"type": "article", "url": "http://www.nytimes.com/movie/review?res=9F04E4DA1531E633A25755C1A9619C946394D6CF", "suggested_link_text": "Read the New York Times Review of What Price Hollywood?"}, "multimedia": null}, {"display_title": "The Stoker", "mpaa_rating": "", "critics_pick": 0, "byline": "A.D.S.", "headline": "Stoker, The", "summary_short": "", "publication_date": "1932-07-16", "opening_date": "1932-06-15", "date_updated": "2016-03-30 07:30:15", "link": {"type": "article", "url": "http://www.nytimes.com/movie/review?res=950CE5DA1531E633A25755C1A9619C946394D6CF", "suggested_link_text": "Read the New York Times Review of The Stoker"}, "multimedia": null}, {"display_title": "The Purchase Price", "mpaa_rating": "", "critics_pick": 0, "byline": "A.D.S.", "headline": "Purchase Price, The", "summary_short": "City singer becomes farmer's mail-order bride.", "publication_date": "1932-07-16", "opening_date": "1932-07-23", "date_updated": "2016-03-30 06:47:27", "link": {"type": "article", "url": "http://www.nytimes.com/movie/review?res=9804E4DA1531E633A25755C1A9619C946394D6CF", "suggested_link_text": "Read the New York Times Review of The Purchase Price"}, "multimedia": null}, {"display_title": "Lady and Gent", "mpaa_rating": "", "critics_pick": 0, "byline": "L.N.", "headline": "Lady and Gent", "summary_short": "", "publication_date": "1932-07-16", "opening_date": "1932-07-15", "date_updated": "2016-03-30 06:53:01", "link": {"type": "article", "url": "http://www.nytimes.com/movie/review?res=9E04E4DA1531E633A25755C1A9619C946394D6CF", "suggested_link_text": "Read the New York Times Review of Lady and Gent"}, "multimedia": null}, {"display_title": "Unashamed", "mpaa_rating": "", "critics_pick": 0, "byline": "L.N.", "headline": "Unashamed", "summary_short": "Debutante's brother stands trial for killing her no-good lover.", "publication_date": "1932-07-15", "opening_date": "1932-07-02", "date_updated": "2016-03-30 06:56:30", "link": {"type": "article", "url": "http://www.nytimes.com/movie/review?res=9904EEDB1531E633A25756C1A9619C946394D6CF", "suggested_link_text": "Read the New York Times Review of Unashamed"}, "multimedia": null}, {"display_title": "Radio Patrol", "mpaa_rating": "", "critics_pick": 0, "byline": "L.N.", "headline": "Radio Patrol", "summary_short": "", "publication_date": "1932-07-14", "opening_date": "1932-06-02", "date_updated": "2016-03-30 06:58:12", "link": {"type": "article", "url": "http://www.nytimes.com/movie/review?res=9A01E1D9113EE633A25757C1A9619C946394D6CF", "suggested_link_text": "Read the New York Times Review of Radio Patrol"}, "multimedia": null}]}