{"status": "OK", "copyright": "Copyright (c) 2017 The New York Times Company. All Rights Reserved.", "has_more": true, "num_results": 20, "results": [{"display_title": "Young America", "mpaa_rating": "", "critics_pick": 0, "byline": "M.H.", "headline": "Young America", "summary_short": "", "publication_date": "1932-05-07", "opening_date": "1932-04-17", "date_updated": "2016-03-30 07:29:18", "link": {"type": "article", "url": "http://www.nytimes.com/movie/review?res=9A03E3D91431E633A25754C0A9639C946394D6CF", "suggested_link_text": "Read the New York Times Review of Young America"}, "multimedia": null}, {"display_title": "The World, the Flesh, and the Devil", "mpaa_rating": "", "critics_pick": 0, "byline": "MORDAUNT HALL.", "headline": "World and the Flesh, The", "summary_short": "", "publication_date": "1932-05-07", "opening_date": null, "date_updated": "2016-03-30 06:41:58", "link": {"type": "article", "url": "http://www.nytimes.com/movie/review?res=9903E3D91431E633A25754C0A9639C946394D6CF", "suggested_link_text": "Read the New York Times Review of The World, the Flesh, and the Devil"}, "multimedia": null}, {"display_title": "The Strange Case of Clara Deane", "mpaa_rating": "", "critics_pick": 0, "byline": "M.H.", "headline": "Strange Case of Clara Deane, The", "summary_short": "", "publication_date": "1932-05-06", "opening_date": "1932-05-06", "date_updated": "2016-03-30 07:25:31", "link": {"type": "article", "url": "http://www.nytimes.com/movie/review?res=9803E1DE153EE633A25755C0A9639C946394D6CF", "suggested_link_text": "Read the New York Times Review of The Strange Case of Clara Deane"}, "multimedia": null}, {"display_title": "State's Attorney", "mpaa_rating": "", "critics_pick": 0, "byline": "MORDAUNT HALL.", "headline": "State's Attorney", "summary_short": "Criminal lawyer turns assistant D.A. and targets former client.", "publication_date": "1932-05-06", "opening_date": "1932-05-20", "date_updated": "2016-03-30 07:18:34", "link": {"type": "article", "url": "http://www.nytimes.com/movie/review?res=9F03E1DE153EE633A25755C0A9639C946394D6CF", "suggested_link_text": "Read the New York Times Review of State's Attorney"}, "multimedia": null}, {"display_title": "Trapeze", "mpaa_rating": "", "critics_pick": 0, "byline": "MORDAUNT HALL.", "headline": "Trapeze", "summary_short": "", "publication_date": "1932-05-03", "opening_date": "1932-05-02", "date_updated": "2016-03-30 07:07:30", "link": {"type": "article", "url": "http://www.nytimes.com/movie/review?res=9405EED6143EE633A25750C0A9639C946394D6CF", "suggested_link_text": "Read the New York Times Review of Trapeze"}, "multimedia": null}, {"display_title": "Der Storch Streikt", "mpaa_rating": "", "critics_pick": 0, "byline": "H.T.S.", "headline": "Storch Streikt, Der", "summary_short": "", "publication_date": "1932-05-02", "opening_date": "1932-05-01", "date_updated": "2016-03-30 07:14:07", "link": {"type": "article", "url": "http://www.nytimes.com/movie/review?res=9C07EED7143EE633A25751C0A9639C946394D6CF", "suggested_link_text": "Read the New York Times Review of Der Storch Streikt"}, "multimedia": null}, {"display_title": "Behind the Mask", "mpaa_rating": "", "critics_pick": 0, "byline": "MORDAUNT HALL.", "headline": "Behind the Mask", "summary_short": "A dope ring. Creaks.", "publication_date": "1932-05-02", "opening_date": "1932-02-25", "date_updated": "2016-03-30 06:58:03", "link": {"type": "article", "url": "http://www.nytimes.com/movie/review?res=9404EED7143EE633A25751C0A9639C946394D6CF", "suggested_link_text": "Read the New York Times Review of Behind the Mask"}, "multimedia": null}, {"display_title": "The Innocents of Chicago", "mpaa_rating": "", "critics_pick": 0, "byline": "ERNEST MARSHALL.", "headline": "Innocents of Chicago, The", "summary_short": "", "publication_date": "1932-05-01", "opening_date": "1932-03-20", "date_updated": "2016-03-30 07:30:28", "link": {"type": "article", "url": "http://www.nytimes.com/movie/review?res=990CE4D8143EE633A25752C0A9639C946394D6CF", "suggested_link_text": "Read the New York Times Review of The Innocents of Chicago"}, "multimedia": null}, {"display_title": "Au Nom de la Loi", "mpaa_rating": "", "critics_pick": 0, "byline": "HERBERT L. MATTHEWS.", "headline": "In the Name of the Law", "summary_short": "", "publication_date": "1932-05-01", "opening_date": null, "date_updated": "2016-03-30 06:51:59", "link": {"type": "article", "url": "http://www.nytimes.com/movie/review?res=950DE4D8143EE633A25752C0A9639C946394D6CF", "suggested_link_text": "Read the New York Times Review of Au Nom de la Loi"}, "multimedia": null}, {"display_title": "The Trial of Vivienne Ware", "mpaa_rating": "", "critics_pick": 0, "byline": "M.H.", "headline": "Trial of Vivienne Ware, The", "summary_short": "", "publication_date": "1932-04-30", "opening_date": "1932-05-01", "date_updated": "2016-03-30 07:23:37", "link": {"type": "article", "url": "http://www.nytimes.com/movie/review?res=9907E1D9143EE633A25753C3A9629C946394D6CF", "suggested_link_text": "Read the New York Times Review of The Trial of Vivienne Ware"}, "multimedia": null}, {"display_title": "So Big", "mpaa_rating": "Not Rated", "critics_pick": 0, "byline": "A.D.S.", "headline": "So Big", "summary_short": "A woman's sacrifices for her son are wasted when he becomes a bond salesman instead of an architect.", "publication_date": "1932-04-30", "opening_date": "1932-04-30", "date_updated": "2016-03-30 06:56:33", "link": {"type": "article", "url": "http://www.nytimes.com/movie/review?res=9A07E1D9143EE633A25753C3A9629C946394D6CF", "suggested_link_text": "Read the New York Times Review of So Big"}, "multimedia": null}, {"display_title": "Letty Lynton", "mpaa_rating": "", "critics_pick": 0, "byline": "MORDAUNT HALL.", "headline": "Letty Lynton", "summary_short": "", "publication_date": "1932-04-30", "opening_date": "1932-05-14", "date_updated": "2016-03-30 06:49:37", "link": {"type": "article", "url": "http://www.nytimes.com/movie/review?res=9807E1D9143EE633A25753C3A9629C946394D6CF", "suggested_link_text": "Read the New York Times Review of Letty Lynton"}, "multimedia": null}, {"display_title": "The Roadhouse Murder", "mpaa_rating": "", "critics_pick": 0, "byline": "MORDAUNT HALL.", "headline": "Roadhouse Murder", "summary_short": "Brash reporter accused of murder.", "publication_date": "1932-04-29", "opening_date": "1932-05-06", "date_updated": "2016-03-30 06:55:01", "link": {"type": "article", "url": "http://www.nytimes.com/movie/review?res=9B0CEFDA143EE633A2575AC2A9629C946394D6CF", "suggested_link_text": "Read the New York Times Review of The Roadhouse Murder"}, "multimedia": null}, {"display_title": "Ein Prinz Verliebt Sich", "mpaa_rating": "", "critics_pick": 0, "byline": "H.T.S.", "headline": "Prinz Verliebt Sich, Ein", "summary_short": "", "publication_date": "1932-04-29", "opening_date": "1932-04-28", "date_updated": "2016-03-30 07:05:27", "link": {"type": "article", "url": "http://www.nytimes.com/movie/review?res=940CEFDA143EE633A2575AC2A9629C946394D6CF", "suggested_link_text": "Read the New York Times Review of Ein Prinz Verliebt Sich"}, "multimedia": null}, {"display_title": "Liebeskommando", "mpaa_rating": "", "critics_pick": 0, "byline": "MOROAUNT HALL.", "headline": "Liebeskommando", "summary_short": "", "publication_date": "1932-04-27", "opening_date": "1932-04-26", "date_updated": "2016-03-30 07:15:22", "link": {"type": "article", "url": "http://www.nytimes.com/movie/review?res=9405E5DB143EE633A25754C2A9629C946394D6CF", "suggested_link_text": "Read the New York Times Review of Liebeskommando"}, "multimedia": null}, {"display_title": "The Famous Ferguson Case", "mpaa_rating": "", "critics_pick": 0, "byline": "MORDAUNT HALL.", "headline": "Famous Ferguson Case, The", "summary_short": "Tabloid reporters on murder story, with tragic results.", "publication_date": "1932-04-25", "opening_date": "1932-05-14", "date_updated": "2016-03-30 06:51:47", "link": {"type": "article", "url": "http://www.nytimes.com/movie/review?res=9A0CE0DD143EE633A25756C2A9629C946394D6CF", "suggested_link_text": "Read the New York Times Review of The Famous Ferguson Case"}, "multimedia": null}, {"display_title": "Sky Bride", "mpaa_rating": "", "critics_pick": 0, "byline": "M.H.", "headline": "Sky Bride", "summary_short": "", "publication_date": "1932-04-23", "opening_date": "1932-04-20", "date_updated": "2016-03-30 06:45:37", "link": {"type": "article", "url": "http://www.nytimes.com/movie/review?res=9B0CE7DD143EE633A25750C2A9629C946394D6CF", "suggested_link_text": "Read the New York Times Review of Sky Bride"}, "multimedia": null}, {"display_title": "Amateur Daddy", "mpaa_rating": "", "critics_pick": 0, "byline": "MORDAUNT HALL.", "headline": "Amateur Daddy", "summary_short": "", "publication_date": "1932-04-23", "opening_date": "1932-04-10", "date_updated": "2016-03-30 07:18:32", "link": {"type": "article", "url": "http://www.nytimes.com/movie/review?res=9A0CE7DD143EE633A25750C2A9629C946394D6CF", "suggested_link_text": "Read the New York Times Review of Amateur Daddy"}, "multimedia": null}, {"display_title": "The Wet Parade", "mpaa_rating": "", "critics_pick": 0, "byline": "MORDAUNT HALL.", "headline": "Wet Parade, The", "summary_short": "Prohibition, for and against. Colorful, splintery old tract.", "publication_date": "1932-04-22", "opening_date": "1932-03-26", "date_updated": "2016-03-30 06:48:17", "link": {"type": "article", "url": "http://www.nytimes.com/movie/review?res=9504E1DA1431E633A25751C2A9629C946394D6CF", "suggested_link_text": "Read the New York Times Review of The Wet Parade"}, "multimedia": null}, {"display_title": "The Cohens and Kellys in Hollywood", "mpaa_rating": "", "critics_pick": 0, "byline": "A.D.S.", "headline": "Cohens and Kellys in Hollywood, The", "summary_short": "", "publication_date": "1932-04-22", "opening_date": "1932-03-28", "date_updated": "2016-03-30 06:52:43", "link": {"type": "article", "url": "http://www.nytimes.com/movie/review?res=9C07E1DA1431E633A25751C2A9629C946394D6CF", "suggested_link_text": "Read the New York Times Review of The Cohens and Kellys in Hollywood"}, "multimedia": null}]}