{"status": "OK", "copyright": "Copyright (c) 2017 The New York Times Company. All Rights Reserved.", "has_more": true, "num_results": 20, "results": [{"display_title": "Charlie Chan in Egypt", "mpaa_rating": "", "critics_pick": 0, "byline": "ANDRE SENNWALD.", "headline": "Charlie Chan in Egypt", "summary_short": "Good, sandy going, neat plot. Cansino is young Hayworth.", "publication_date": "1935-06-24", "opening_date": "1935-06-21", "date_updated": "2016-03-30 06:59:26", "link": {"type": "article", "url": "http://www.nytimes.com/movie/review?res=940CE7DC143FE23ABC4C51DFB066838E629EDE", "suggested_link_text": "Read the New York Times Review of Charlie Chan in Egypt"}, "multimedia": null}, {"display_title": "No More Ladies", "mpaa_rating": "", "critics_pick": 0, "byline": "ANDRE SENNWALD.", "headline": "No More Ladies", "summary_short": "Silly, dated fluff about society belle and slippery playboy spouse.", "publication_date": "1935-06-22", "opening_date": "1935-06-14", "date_updated": "2016-03-30 07:12:08", "link": {"type": "article", "url": "http://www.nytimes.com/movie/review?res=9503E0DD143FE23ABC4A51DFB066838E629EDE", "suggested_link_text": "Read the New York Times Review of No More Ladies"}, "multimedia": null}, {"display_title": "Princess Charming", "mpaa_rating": "", "critics_pick": 0, "byline": "F.S.N.", "headline": "Princess Charming", "summary_short": "", "publication_date": "1935-06-22", "opening_date": null, "date_updated": "2016-03-30 06:58:25", "link": {"type": "article", "url": "http://www.nytimes.com/movie/review?res=9C02E0DD143FE23ABC4A51DFB066838E629EDE", "suggested_link_text": "Read the New York Times Review of Princess Charming"}, "multimedia": null}, {"display_title": "Stranded", "mpaa_rating": "", "critics_pick": 0, "byline": "F.S.N.", "headline": "Stranded", "summary_short": "Work strains couple's relationship.", "publication_date": "1935-06-20", "opening_date": "1935-06-29", "date_updated": "2016-03-30 06:46:11", "link": {"type": "article", "url": "http://www.nytimes.com/movie/review?res=9B06E2DE143FE23ABC4851DFB066838E629EDE", "suggested_link_text": "Read the New York Times Review of Stranded"}, "multimedia": null}, {"display_title": "Nell Gwyn", "mpaa_rating": "", "critics_pick": 0, "byline": "ANDRE SENNWALD.", "headline": "Nell Gwyn", "summary_short": "", "publication_date": "1935-06-20", "opening_date": null, "date_updated": "2016-03-30 07:20:08", "link": {"type": "article", "url": "http://www.nytimes.com/movie/review?res=9A06E2DE143FE23ABC4851DFB066838E629EDE", "suggested_link_text": "Read the New York Times Review of Nell Gwyn"}, "multimedia": null}, {"display_title": "Struggle For Life", "mpaa_rating": "", "critics_pick": 0, "byline": "ANDRE SENNWALD.", "headline": "Struggle for Life", "summary_short": "", "publication_date": "1935-06-19", "opening_date": "1935-06-19", "date_updated": "2016-03-30 07:23:57", "link": {"type": "article", "url": "http://www.nytimes.com/movie/review?res=9501E0DE1E39E33ABC4152DFB066838E629EDE", "suggested_link_text": "Read the New York Times Review of Struggle For Life"}, "multimedia": null}, {"display_title": "People Will Talk", "mpaa_rating": "", "critics_pick": 0, "byline": "ANDRE SENNWALD.", "headline": "People Will Talk", "summary_short": "", "publication_date": "1935-06-17", "opening_date": "1935-05-24", "date_updated": "2016-03-30 06:49:59", "link": {"type": "article", "url": "http://www.nytimes.com/movie/review?res=9B07E5DE1E39E33ABC4F52DFB066838E629EDE", "suggested_link_text": "Read the New York Times Review of People Will Talk"}, "multimedia": null}, {"display_title": "The Glass Key", "mpaa_rating": "", "critics_pick": 0, "byline": "ANDRE SENNWALD.", "headline": "Glass Key, The", "summary_short": "Lean, hard-boiled political whodunit, via Hammett. So's the later Alan Ladd version.", "publication_date": "1935-06-15", "opening_date": "1935-06-15", "date_updated": "2016-03-30 06:51:04", "link": {"type": "article", "url": "http://www.nytimes.com/movie/review?res=9F07E3D8163CE33ABC4D52DFB066838E629EDE", "suggested_link_text": "Read the New York Times Review of The Glass Key"}, "multimedia": null}, {"display_title": "Vagabond Lady", "mpaa_rating": "", "critics_pick": 0, "byline": "F.S.N.", "headline": "Vagabond Lady", "summary_short": "Janitor's daughter courted by both her boss's sons.", "publication_date": "1935-06-15", "opening_date": "1935-05-03", "date_updated": "2016-03-30 07:25:23", "link": {"type": "article", "url": "http://www.nytimes.com/movie/review?res=9807E3D8163CE33ABC4D52DFB066838E629EDE", "suggested_link_text": "Read the New York Times Review of Vagabond Lady"}, "multimedia": null}, {"display_title": "Becky Sharp", "mpaa_rating": "Not Rated", "critics_pick": 0, "byline": "ANDRE SENNWALD.", "headline": "Becky Sharp", "summary_short": "Thackeray sparked by Hopkins witchery and Mamoulian style. Interesting early Technicolor.", "publication_date": "1935-06-14", "opening_date": "1935-06-28", "date_updated": "2016-03-30 06:49:06", "link": {"type": "article", "url": "http://www.nytimes.com/movie/review?res=9C00E1D61139E33ABC4C52DFB066838E629EDE", "suggested_link_text": "Read the New York Times Review of Becky Sharp"}, "multimedia": null}, {"display_title": "Lyotchiki", "mpaa_rating": "", "critics_pick": 0, "byline": "ANDRE SENNWALD.", "headline": "Men on Wings", "summary_short": "", "publication_date": "1935-06-11", "opening_date": "1935-06-10", "date_updated": "2016-03-30 07:24:22", "link": {"type": "article", "url": "http://www.nytimes.com/movie/review?res=9C00E2D71139E33ABC4952DFB066838E629EDE", "suggested_link_text": "Read the New York Times Review of Lyotchiki"}, "multimedia": null}, {"display_title": "Public Hero No. 1", "mpaa_rating": "", "critics_pick": 0, "byline": "ANDRE SENNWALD.", "headline": "Public Hero No 1", "summary_short": "Criminal's sister hampers investigation.", "publication_date": "1935-06-08", "opening_date": "1935-05-31", "date_updated": "2016-03-30 06:54:11", "link": {"type": "article", "url": "http://www.nytimes.com/movie/review?res=9E02EFD6173FE23ABC4053DFB066838E629EDE", "suggested_link_text": "Read the New York Times Review of Public Hero No. 1"}, "multimedia": null}, {"display_title": "The Clairvoyant", "mpaa_rating": "", "critics_pick": 0, "byline": "F.S.N.", "headline": "Clairvoyant, The", "summary_short": "A clairvoyant man. Before our time, but these two rate a look.", "publication_date": "1935-06-08", "opening_date": "1935-07-15", "date_updated": "2016-03-30 06:48:59", "link": {"type": "article", "url": "http://www.nytimes.com/movie/review?res=9F02EFD6173FE23ABC4053DFB066838E629EDE", "suggested_link_text": "Read the New York Times Review of The Clairvoyant"}, "multimedia": null}, {"display_title": "Our Little Girl", "mpaa_rating": "", "critics_pick": 0, "byline": "ANDRE SENNWALD.", "headline": "Our Little Girl", "summary_short": "Very slender, even for Shirley.", "publication_date": "1935-06-07", "opening_date": "1935-05-17", "date_updated": "2016-03-30 06:49:12", "link": {"type": "article", "url": "http://www.nytimes.com/movie/review?res=9503E3D6173FE23ABC4F53DFB066838E629EDE", "suggested_link_text": "Read the New York Times Review of Our Little Girl"}, "multimedia": null}, {"display_title": "Oil for the Lamps of China", "mpaa_rating": "", "critics_pick": 0, "byline": "ANDRE SENNWALD.", "headline": "Oil for the Lamps of China", "summary_short": "Man devotes life to big oil company. Seriously dated.", "publication_date": "1935-06-06", "opening_date": "1935-06-08", "date_updated": "2016-03-30 06:44:14", "link": {"type": "article", "url": "http://www.nytimes.com/movie/review?res=9406E0D7173FE23ABC4E53DFB066838E629EDE", "suggested_link_text": "Read the New York Times Review of Oil for the Lamps of China"}, "multimedia": null}, {"display_title": "Air Hawks", "mpaa_rating": "", "critics_pick": 0, "byline": "ANDRE SENNWALD.", "headline": "Air Hawks", "summary_short": "", "publication_date": "1935-06-04", "opening_date": "1935-05-07", "date_updated": "2016-03-30 07:28:15", "link": {"type": "article", "url": "http://www.nytimes.com/movie/review?res=9C05E0D8173FE23ABC4C53DFB066838E629EDE", "suggested_link_text": "Read the New York Times Review of Air Hawks"}, "multimedia": null}, {"display_title": "Sans Famille", "mpaa_rating": "", "critics_pick": 0, "byline": "H.T.S.", "headline": "Sans Famille", "summary_short": "", "publication_date": "1935-06-04", "opening_date": "1935-06-03", "date_updated": "2016-03-30 07:25:32", "link": {"type": "article", "url": "http://www.nytimes.com/movie/review?res=9D05E0D8173FE23ABC4C53DFB066838E629EDE", "suggested_link_text": "Read the New York Times Review of Sans Famille"}, "multimedia": null}, {"display_title": "Murder in the Fleet", "mpaa_rating": "", "critics_pick": 0, "byline": "ANDRE SENNWALD.", "headline": "Murder in the Fleet", "summary_short": "Intrigue at sea.", "publication_date": "1935-06-03", "opening_date": "1935-05-24", "date_updated": "2016-03-30 06:54:35", "link": {"type": "article", "url": "http://www.nytimes.com/movie/review?res=9402E7D8173FE23ABC4B53DFB066838E629EDE", "suggested_link_text": "Read the New York Times Review of Murder in the Fleet"}, "multimedia": null}, {"display_title": "Loves of a Dictator", "mpaa_rating": "", "critics_pick": 0, "byline": "ANDRE SENNWALD.", "headline": "Loves of a Dictator", "summary_short": "", "publication_date": "1935-06-01", "opening_date": null, "date_updated": "2016-03-30 07:11:28", "link": {"type": "article", "url": "http://www.nytimes.com/movie/review?res=9B0CEEDB163CE33ABC4953DFB066838E629EDE", "suggested_link_text": "Read the New York Times Review of Loves of a Dictator"}, "multimedia": null}, {"display_title": "The Flame Within", "mpaa_rating": "", "critics_pick": 0, "byline": "F.S.N.", "headline": "Flame Within, The", "summary_short": "Woman analyst falls for patient. Unconvincing, but nice cast.", "publication_date": "1935-06-01", "opening_date": "1935-05-17", "date_updated": "2016-03-30 07:30:27", "link": {"type": "article", "url": "http://www.nytimes.com/movie/review?res=950CEEDB163CE33ABC4953DFB066838E629EDE", "suggested_link_text": "Read the New York Times Review of The Flame Within"}, "multimedia": null}]}