{"status": "OK", "copyright": "Copyright (c) 2017 The New York Times Company. All Rights Reserved.", "has_more": true, "num_results": 20, "results": [{"display_title": "The Mummy's Ghost", "mpaa_rating": "Not Rated", "critics_pick": 0, "byline": "T.M.P.", "headline": "Mummy's Ghost, The", "summary_short": "At a New England university, yet.", "publication_date": "1944-07-01", "opening_date": "1944-07-07", "date_updated": "2016-03-30 07:05:49", "link": {"type": "article", "url": "http://www.nytimes.com/movie/review?res=990DE1DC1E30E53BBC4953DFB166838F659EDE", "suggested_link_text": "Read the New York Times Review of The Mummy's Ghost"}, "multimedia": null}, {"display_title": "Marine Raiders", "mpaa_rating": "", "critics_pick": 0, "byline": "P.P.K.", "headline": "Marine Raiders", "summary_short": "Standard camaraderie and scrapping.", "publication_date": "1944-07-01", "opening_date": "1944-07-11", "date_updated": "2016-03-30 06:50:06", "link": {"type": "article", "url": "http://www.nytimes.com/movie/review?res=980DE1DC1E30E53BBC4953DFB166838F659EDE", "suggested_link_text": "Read the New York Times Review of Marine Raiders"}, "multimedia": null}, {"display_title": "Once Upon a Time", "mpaa_rating": "", "critics_pick": 0, "byline": "BOSLEY CROWTHER", "headline": "Once Upon a Time", "summary_short": "A dancing caterpillar. Mildly pleasant, on the fey side.", "publication_date": "1944-06-30", "opening_date": "1944-06-29", "date_updated": "2016-03-30 06:45:39", "link": {"type": "article", "url": "http://www.nytimes.com/movie/review?res=9D02E2D71031E03BBC4850DFB066838F659EDE", "suggested_link_text": "Read the New York Times Review of Once Upon a Time"}, "multimedia": null}, {"display_title": "Christmas Holiday", "mpaa_rating": "", "critics_pick": 0, "byline": "BOSLEY CROWTHER", "headline": "Christmas Holiday", "summary_short": "Awful hokum then, worse now. Maugham novel through the meat grinder.", "publication_date": "1944-06-29", "opening_date": "1944-06-30", "date_updated": "2016-03-30 07:27:44", "link": {"type": "article", "url": "http://www.nytimes.com/movie/review?res=9804E2D81031E03BBC4151DFB066838F659EDE", "suggested_link_text": "Read the New York Times Review of Christmas Holiday"}, "multimedia": null}, {"display_title": "Bathing Beauty", "mpaa_rating": "", "critics_pick": 0, "byline": "BOSLEY CROWTHER", "headline": "Bathing Beauty", "summary_short": "Male songwriter enrolls in women's college. Old-fashioned funny.", "publication_date": "1944-06-28", "opening_date": "1944-07-01", "date_updated": "2016-03-30 07:21:18", "link": {"type": "article", "url": "http://www.nytimes.com/movie/review?res=9F04E7D91031E03BBC4051DFB066838F659EDE", "suggested_link_text": "Read the New York Times Review of Bathing Beauty"}, "multimedia": null}, {"display_title": "Went the Day Well?", "mpaa_rating": "", "critics_pick": 0, "byline": "P.P.K.", "headline": "48 Hours", "summary_short": "", "publication_date": "1944-06-26", "opening_date": "1944-06-28", "date_updated": "2016-03-30 07:11:24", "link": {"type": "article", "url": "http://www.nytimes.com/movie/review?res=9A05EFDB1031E03BBC4E51DFB066838F659EDE", "suggested_link_text": "Read the New York Times Review of Went the Day Well?"}, "multimedia": null}, {"display_title": "The Mask of Dimitrios", "mpaa_rating": "", "critics_pick": 0, "byline": "BOSLEY CROWTHER", "headline": "Mask of Dimitrios, The", "summary_short": "Espionage. Colorful though splintery, via Ambler novel. Best part: Belgrade.", "publication_date": "1944-06-24", "opening_date": "1944-07-01", "date_updated": "2016-03-30 06:43:15", "link": {"type": "article", "url": "http://www.nytimes.com/movie/review?res=9D0DE6DC1E30E53BBC4C51DFB066838F659EDE", "suggested_link_text": "Read the New York Times Review of The Mask of Dimitrios"}, "multimedia": null}, {"display_title": "Home in Indiana", "mpaa_rating": "", "critics_pick": 0, "byline": "BOSLEY CROWTHER", "headline": "Home in Indiana", "summary_short": "Horse-racing terrain. Pleasant family fare.", "publication_date": "1944-06-22", "opening_date": "1944-07-01", "date_updated": "2016-03-30 07:10:46", "link": {"type": "article", "url": "http://www.nytimes.com/movie/review?res=9F05E5DA133DE13BBC4A51DFB066838F659EDE", "suggested_link_text": "Read the New York Times Review of Home in Indiana"}, "multimedia": null}, {"display_title": "Attack! The Battle for New Britain", "mpaa_rating": "", "critics_pick": 0, "byline": "BOSLEY CROWTHER", "headline": "Attack! The Battle of New Britain", "summary_short": "", "publication_date": "1944-06-21", "opening_date": "1944-06-20", "date_updated": "2016-03-30 06:43:03", "link": {"type": "article", "url": "http://www.nytimes.com/movie/review?res=980DE1DD163FEE3BBC4951DFB066838F659EDE", "suggested_link_text": "Read the New York Times Review of Attack! The Battle for New Britain"}, "multimedia": null}, {"display_title": "Days of Glory", "mpaa_rating": "Not Rated", "critics_pick": 0, "byline": "BOSLEY CROWTHER", "headline": "Days of Glory", "summary_short": "Anti-Nazi fighters, and rather tame. Young Greg's debut.", "publication_date": "1944-06-17", "opening_date": "1944-06-16", "date_updated": "2016-03-30 07:11:12", "link": {"type": "article", "url": "http://www.nytimes.com/movie/review?res=9A0DE4DD1E30E53BBC4F52DFB066838F659EDE", "suggested_link_text": "Read the New York Times Review of Days of Glory"}, "multimedia": null}, {"display_title": "The Man from Frisco", "mpaa_rating": "", "critics_pick": 0, "byline": "BOSLEY CROWTHER", "headline": "Man From Frisco", "summary_short": "New to us.", "publication_date": "1944-06-16", "opening_date": "1944-06-15", "date_updated": "2016-03-30 07:13:29", "link": {"type": "article", "url": "http://www.nytimes.com/movie/review?res=9E04EFDE1031E03BBC4E52DFB066838F659EDE", "suggested_link_text": "Read the New York Times Review of The Man from Frisco"}, "multimedia": null}, {"display_title": "Two Girls and a Sailor", "mpaa_rating": "", "critics_pick": 0, "byline": "BOSLEY CROWTHER", "headline": "Two Girls and a Sailor", "summary_short": "Amiable, harmless.", "publication_date": "1944-06-15", "opening_date": "1944-06-01", "date_updated": "2016-03-30 06:50:45", "link": {"type": "article", "url": "http://www.nytimes.com/movie/review?res=9F01E4DE1031E03BBC4D52DFB066838F659EDE", "suggested_link_text": "Read the New York Times Review of Two Girls and a Sailor"}, "multimedia": null}, {"display_title": "Narodnye Mstiteli", "mpaa_rating": "", "critics_pick": 0, "byline": "P.P.K.", "headline": "People's Avengers", "summary_short": "", "publication_date": "1944-06-15", "opening_date": "1930-03-20", "date_updated": "2016-03-30 07:16:30", "link": {"type": "article", "url": "http://www.nytimes.com/movie/review?res=9801E4DE1031E03BBC4D52DFB066838F659EDE", "suggested_link_text": "Read the New York Times Review of Narodnye Mstiteli"}, "multimedia": null}, {"display_title": "Secret Command", "mpaa_rating": "", "critics_pick": 0, "byline": "BOSLEY CROWTHER", "headline": "Secret Command", "summary_short": "", "publication_date": "1944-06-14", "opening_date": "1944-07-30", "date_updated": "2016-03-30 07:10:30", "link": {"type": "article", "url": "http://www.nytimes.com/movie/review?res=9507E1D9143EE03BBC4C52DFB066838F659EDE", "suggested_link_text": "Read the New York Times Review of Secret Command"}, "multimedia": null}, {"display_title": "The Invisible Man's Revenge", "mpaa_rating": "Not Rated", "critics_pick": 0, "byline": "B.C.", "headline": "Invisible Man's Revenge, The", "summary_short": "Anyway, hooray for Gale.", "publication_date": "1944-06-10", "opening_date": "1944-06-09", "date_updated": "2016-03-30 07:07:36", "link": {"type": "article", "url": "http://www.nytimes.com/movie/review?res=9A07E4DF1E30E53BBC4852DFB066838F659EDE", "suggested_link_text": "Read the New York Times Review of The Invisible Man's Revenge"}, "multimedia": null}, {"display_title": "The Story of Dr. Wassell", "mpaa_rating": "", "critics_pick": 0, "byline": "BOSLEY CROWTHER", "headline": "Story of Dr Wassell, The", "summary_short": "Generally glum, plodding drama of wartime heroism.", "publication_date": "1944-06-07", "opening_date": "1944-07-04", "date_updated": "2016-03-30 07:21:16", "link": {"type": "article", "url": "http://www.nytimes.com/movie/review?res=9B01E4D61331E03BBC4F53DFB066838F659EDE", "suggested_link_text": "Read the New York Times Review of The Story of Dr. Wassell"}, "multimedia": null}, {"display_title": "Song of the Open Road", "mpaa_rating": "", "critics_pick": 0, "byline": "P.P.K.", "headline": "Song of the Open Road", "summary_short": "Child star joins traveling group.", "publication_date": "1944-06-07", "opening_date": "1944-06-21", "date_updated": "2016-03-30 06:55:36", "link": {"type": "article", "url": "http://www.nytimes.com/movie/review?res=9501E4D61331E03BBC4F53DFB066838F659EDE", "suggested_link_text": "Read the New York Times Review of Song of the Open Road"}, "multimedia": null}, {"display_title": "Roger Touhy, Gangster", "mpaa_rating": "", "critics_pick": 0, "byline": "P.P.K.", "headline": "Roger Touhy, Gangster", "summary_short": "", "publication_date": "1944-06-05", "opening_date": "1944-07-01", "date_updated": "2016-03-30 07:15:51", "link": {"type": "article", "url": "http://www.nytimes.com/movie/review?res=9F07E0DA143EE03BBC4D53DFB066838F659EDE", "suggested_link_text": "Read the New York Times Review of Roger Touhy, Gangster"}, "multimedia": null}, {"display_title": "A Night of Adventure", "mpaa_rating": "", "critics_pick": 0, "byline": "B.C.", "headline": "Night of Adventure, A", "summary_short": "A lawyer tries discreetly to defend his wife's artist boyfriend for murder.", "publication_date": "1944-06-03", "opening_date": "1943-08-19", "date_updated": "2016-03-30 06:41:24", "link": {"type": "article", "url": "http://www.nytimes.com/movie/review?res=9B06E6D81338E33BBC4B53DFB066838F659EDE", "suggested_link_text": "Read the New York Times Review of A Night of Adventure"}, "multimedia": null}, {"display_title": "Tampico", "mpaa_rating": "", "critics_pick": 0, "byline": "P.P.K.", "headline": "Tampico", "summary_short": "High seas espionage, World War II. Middling, with some welcome Robinson color.", "publication_date": "1944-06-02", "opening_date": "1944-04-10", "date_updated": "2016-03-30 07:28:16", "link": {"type": "article", "url": "http://www.nytimes.com/movie/review?res=9F03E5DC133DE13BBC4A53DFB066838F659EDE", "suggested_link_text": "Read the New York Times Review of Tampico"}, "multimedia": null}]}