{"status": "OK", "copyright": "Copyright (c) 2017 The New York Times Company. All Rights Reserved.", "has_more": true, "num_results": 20, "results": [{"display_title": "San Diego, I Love You", "mpaa_rating": "", "critics_pick": 0, "byline": "BOSLEY CROWTHER", "headline": "San Diego, I Love You", "summary_short": "", "publication_date": "1944-11-10", "opening_date": "1944-09-29", "date_updated": "2016-03-30 07:14:52", "link": {"type": "article", "url": "http://www.nytimes.com/movie/review?res=9E0CE3DA113DE13BBC4852DFB767838F659EDE", "suggested_link_text": "Read the New York Times Review of San Diego, I Love You"}, "multimedia": null}, {"display_title": "Lost in a Harem", "mpaa_rating": "", "critics_pick": 0, "byline": "BOSLEY CROWTHER", "headline": "Lost in a Harem", "summary_short": "And how.", "publication_date": "1944-11-09", "opening_date": "1944-12-01", "date_updated": "2016-03-30 07:26:02", "link": {"type": "article", "url": "http://www.nytimes.com/movie/review?res=9C0CE0DF1E3CE03ABC4153DFB767838F659EDE", "suggested_link_text": "Read the New York Times Review of Lost in a Harem"}, "multimedia": null}, {"display_title": "Irish Eyes Are Smiling", "mpaa_rating": "", "critics_pick": 0, "byline": "BOSLEY CROWTHER", "headline": "Irish Eyes Are Smiling", "summary_short": "Pleasing Irish earful here, acceptable composer bio.", "publication_date": "1944-11-08", "opening_date": null, "date_updated": "2016-03-30 07:05:22", "link": {"type": "article", "url": "http://www.nytimes.com/movie/review?res=9F02E2DB1E31E03BBC4053DFB767838F659EDE", "suggested_link_text": "Read the New York Times Review of Irish Eyes Are Smiling"}, "multimedia": null}, {"display_title": "The Master Race", "mpaa_rating": "", "critics_pick": 0, "byline": "BOSLEY CROWTHER", "headline": "Master Race, The", "summary_short": "Nazis plotting World War III. Ghastly.", "publication_date": "1944-11-02", "opening_date": "1944-09-22", "date_updated": "2016-03-30 06:57:35", "link": {"type": "article", "url": "http://www.nytimes.com/movie/review?res=9A0CE3D6113CE03ABC4A53DFB767838F659EDE", "suggested_link_text": "Read the New York Times Review of The Master Race"}, "multimedia": null}, {"display_title": "I Love a Soldier", "mpaa_rating": "", "critics_pick": 0, "byline": "T.M.P.", "headline": "I Love a Soldier", "summary_short": "Skip it.", "publication_date": "1944-11-02", "opening_date": null, "date_updated": "2016-03-30 07:06:02", "link": {"type": "article", "url": "http://www.nytimes.com/movie/review?res=9B0CE3D6113CE03ABC4A53DFB767838F659EDE", "suggested_link_text": "Read the New York Times Review of I Love a Soldier"}, "multimedia": null}, {"display_title": "Three Hours", "mpaa_rating": "", "critics_pick": 0, "byline": "A.W.", "headline": "Three Hours", "summary_short": "", "publication_date": "1944-10-30", "opening_date": "1944-10-30", "date_updated": "2016-03-30 07:25:27", "link": {"type": "article", "url": "http://www.nytimes.com/movie/review?res=9F01EEDB113DE13BBC4850DFB667838F659EDE", "suggested_link_text": "Read the New York Times Review of Three Hours"}, "multimedia": null}, {"display_title": "Marriage Is a Private Affair", "mpaa_rating": "", "critics_pick": 0, "byline": "BOSLEY CROWTHER", "headline": "Marriage Is a Private Affair", "summary_short": "Not here it isn't. Restless wife stirs trouble.", "publication_date": "1944-10-27", "opening_date": "1944-08-23", "date_updated": "2016-03-30 07:22:48", "link": {"type": "article", "url": "http://www.nytimes.com/movie/review?res=980DE5DC153EE03BBC4F51DFB667838F659EDE", "suggested_link_text": "Read the New York Times Review of Marriage Is a Private Affair"}, "multimedia": null}, {"display_title": "Rainbow Island", "mpaa_rating": "", "critics_pick": 0, "byline": "BOSLEY CROWTHER", "headline": "Rainbow Island", "summary_short": "Amiably pinheaded sarong musical.", "publication_date": "1944-10-26", "opening_date": "1944-09-05", "date_updated": "2016-03-30 07:28:55", "link": {"type": "article", "url": "http://www.nytimes.com/movie/review?res=9D04EFD6163FEE3BBC4E51DFB667838F659EDE", "suggested_link_text": "Read the New York Times Review of Rainbow Island"}, "multimedia": null}, {"display_title": "Abroad With Two Yanks", "mpaa_rating": "", "critics_pick": 0, "byline": "T.M.P.", "headline": "Abroad With two Yanks", "summary_short": "Yeah, yeah.", "publication_date": "1944-10-26", "opening_date": "1944-08-04", "date_updated": "2016-03-30 07:14:04", "link": {"type": "article", "url": "http://www.nytimes.com/movie/review?res=9E04EFD6163FEE3BBC4E51DFB667838F659EDE", "suggested_link_text": "Read the New York Times Review of Abroad With Two Yanks"}, "multimedia": null}, {"display_title": "Los Miserables", "mpaa_rating": "", "critics_pick": 0, "byline": "A.W.", "headline": "Miserables, Los", "summary_short": "", "publication_date": "1944-10-24", "opening_date": "1944-10-23", "date_updated": "2016-03-30 06:48:32", "link": {"type": "article", "url": "http://www.nytimes.com/movie/review?res=9402E5DD153EE03BBC4C51DFB667838F659EDE", "suggested_link_text": "Read the New York Times Review of Los Miserables"}, "multimedia": null}, {"display_title": "Summer Storm", "mpaa_rating": "", "critics_pick": 0, "byline": "A.W.", "headline": "Summer Storm", "summary_short": "", "publication_date": "1944-10-23", "opening_date": "1944-07-14", "date_updated": "2016-03-30 06:47:05", "link": {"type": "article", "url": "http://www.nytimes.com/movie/review?res=9A0CE7DA1F3BE433A25750C2A9669D946593D6CF", "suggested_link_text": "Read the New York Times Review of Summer Storm"}, "multimedia": null}, {"display_title": "Raduga", "mpaa_rating": "", "critics_pick": 0, "byline": "BOSLEY CROWTHER", "headline": "Rainbow, The", "summary_short": "", "publication_date": "1944-10-23", "opening_date": "1944-10-21", "date_updated": "2016-03-30 07:16:30", "link": {"type": "article", "url": "http://www.nytimes.com/movie/review?res=990CE7DA1F3BE433A25750C2A9669D946593D6CF", "suggested_link_text": "Read the New York Times Review of Raduga"}, "multimedia": null}, {"display_title": "One Mysterious Night", "mpaa_rating": "", "critics_pick": 0, "byline": "A.W.", "headline": "One Mysterious Night", "summary_short": "Slow, unsatisfying melodrama.", "publication_date": "1944-10-21", "opening_date": "1944-10-21", "date_updated": "2016-03-30 06:47:50", "link": {"type": "article", "url": "http://www.nytimes.com/movie/review?res=9B05E0DC1E31E03BBC4951DFB667838F659EDE", "suggested_link_text": "Read the New York Times Review of One Mysterious Night"}, "multimedia": null}, {"display_title": "Heavenly Days", "mpaa_rating": "", "critics_pick": 0, "byline": "T.M.P.", "headline": "Heavenly Days", "summary_short": "Wartime corn about radio favorites visiting Washington.", "publication_date": "1944-10-21", "opening_date": null, "date_updated": "2016-03-30 06:42:48", "link": {"type": "article", "url": "http://www.nytimes.com/movie/review?res=9A05E0DC1E31E03BBC4951DFB667838F659EDE", "suggested_link_text": "Read the New York Times Review of Heavenly Days"}, "multimedia": null}, {"display_title": "The Conspirators", "mpaa_rating": "", "critics_pick": 0, "byline": "BOSLEY CROWTHER", "headline": "Conspirators, The", "summary_short": "Lisbon spies, with Warner stock company and luscious Hedy.", "publication_date": "1944-10-21", "opening_date": "1944-10-24", "date_updated": "2016-03-30 06:45:10", "link": {"type": "article", "url": "http://www.nytimes.com/movie/review?res=9905E0DC1E31E03BBC4951DFB667838F659EDE", "suggested_link_text": "Read the New York Times Review of The Conspirators"}, "multimedia": null}, {"display_title": "Sweet and Lowdown", "mpaa_rating": "", "critics_pick": 0, "byline": "BOSLEY CROWTHER", "headline": "Sweet and Low Down", "summary_short": "Weak and weary.", "publication_date": "1944-10-19", "opening_date": null, "date_updated": "2016-03-30 06:48:45", "link": {"type": "article", "url": "http://www.nytimes.com/movie/review?res=9A04EEDC113DE13BBC4152DFB667838F659EDE", "suggested_link_text": "Read the New York Times Review of Sweet and Lowdown"}, "multimedia": null}, {"display_title": "Mrs. Parkington", "mpaa_rating": "Not Rated", "critics_pick": 0, "byline": "BOSLEY CROWTHER", "headline": "Mrs Parkington", "summary_short": "Pushy wife. Raffishly entertaining.", "publication_date": "1944-10-13", "opening_date": "1944-11-01", "date_updated": "2016-03-30 06:43:04", "link": {"type": "article", "url": "http://www.nytimes.com/movie/review?res=9503E4DD1E31E03BBC4B52DFB667838F659EDE", "suggested_link_text": "Read the New York Times Review of Mrs. Parkington"}, "multimedia": null}, {"display_title": "The Merry Monahans", "mpaa_rating": "", "critics_pick": 0, "byline": "-- T.M.P.", "headline": "Merry Monahans, The", "summary_short": "Vaudevillians. Unpretentious and winning. Nice job.", "publication_date": "1944-10-13", "opening_date": "1944-09-15", "date_updated": "2016-03-30 06:49:30", "link": {"type": "article", "url": "http://www.nytimes.com/movie/review?res=9C02E4DD1E31E03BBC4B52DFB667838F659EDE", "suggested_link_text": "Read the New York Times Review of The Merry Monahans"}, "multimedia": null}, {"display_title": "To Have and Have Not", "mpaa_rating": "Not Rated", "critics_pick": 1, "byline": "BOSLEY CROWTHER", "headline": "To Have and Have Not", "summary_short": "Very effective Hemingway, especially part one. The rest is fairly studied Hollywood, introducing a looker named Bacall.", "publication_date": "1944-10-12", "opening_date": "1945-01-20", "date_updated": "2016-03-30 06:59:00", "link": {"type": "article", "url": "http://www.nytimes.com/movie/review?res=9E05EEDE1E31E03BBC4A52DFB667838F659EDE", "suggested_link_text": "Read the New York Times Review of To Have and Have Not"}, "multimedia": null}, {"display_title": "Laura", "mpaa_rating": "", "critics_pick": 1, "byline": "T.M.P.", "headline": "Laura", "summary_short": "Smart-set whodunit. Intriguing, with gorgeous music and golden fade-in.", "publication_date": "1944-10-12", "opening_date": "1944-11-01", "date_updated": "2016-03-30 06:58:09", "link": {"type": "article", "url": "http://www.nytimes.com/movie/review?res=9F05EEDE1E31E03BBC4A52DFB667838F659EDE", "suggested_link_text": "Read the New York Times Review of Laura"}, "multimedia": null}]}