{"status": "OK", "copyright": "Copyright (c) 2017 The New York Times Company. All Rights Reserved.", "has_more": true, "num_results": 20, "results": [{"display_title": "Juke Girl", "mpaa_rating": "", "critics_pick": 0, "byline": "BOSLEY CROWTHER", "headline": "Juke Girl", "summary_short": "Florida fruit-pickers. Surprisingly well turned, flavorsome melodrama, neat trouping by Sheridan and Reagan.", "publication_date": "1942-06-20", "opening_date": "1942-05-30", "date_updated": "2016-03-30 07:28:06", "link": {"type": "article", "url": "http://www.nytimes.com/movie/review?res=9405E7DE173EE13BBC4851DFB0668389659EDE", "suggested_link_text": "Read the New York Times Review of Juke Girl"}, "multimedia": null}, {"display_title": "The Wife Takes a Flyer", "mpaa_rating": "", "critics_pick": 0, "byline": "BOSLEY CROWTHER", "headline": "Wife Takes a Flyer, The", "summary_short": "", "publication_date": "1942-06-19", "opening_date": "1942-04-28", "date_updated": "2016-03-30 07:27:03", "link": {"type": "article", "url": "http://www.nytimes.com/movie/review?res=9806E1DE153AEF3ABC4152DFB0668389659EDE", "suggested_link_text": "Read the New York Times Review of The Wife Takes a Flyer"}, "multimedia": null}, {"display_title": "In Old California", "mpaa_rating": "", "critics_pick": 0, "byline": "BOSLEY CROWTHER", "headline": "In old California", "summary_short": "Dreary old.", "publication_date": "1942-06-18", "opening_date": "1942-05-31", "date_updated": "2016-03-30 06:53:17", "link": {"type": "article", "url": "http://www.nytimes.com/movie/review?res=9903E1DF173EE13BBC4052DFB0668389659EDE", "suggested_link_text": "Read the New York Times Review of In Old California"}, "multimedia": null}, {"display_title": "True to the Army", "mpaa_rating": "", "critics_pick": 0, "byline": "T.S.", "headline": "True to the Army", "summary_short": "Ann Miller dances in a field of foolishness.", "publication_date": "1942-06-15", "opening_date": "1942-03-21", "date_updated": "2016-03-30 06:41:38", "link": {"type": "article", "url": "http://www.nytimes.com/movie/review?res=9A0DE1D8163EE13BBC4D52DFB0668389659EDE", "suggested_link_text": "Read the New York Times Review of True to the Army"}, "multimedia": null}, {"display_title": "Nazi Agent", "mpaa_rating": "", "critics_pick": 0, "byline": "BOSLEY CROWTHER", "headline": "Nazi Agent", "summary_short": "Fair espionage suspense about German twin brothers.", "publication_date": "1942-06-13", "opening_date": "1942-03-01", "date_updated": "2016-03-30 07:28:34", "link": {"type": "article", "url": "http://www.nytimes.com/movie/review?res=9C01E1D9163EE13BBC4B52DFB0668389659EDE", "suggested_link_text": "Read the New York Times Review of Nazi Agent"}, "multimedia": null}, {"display_title": "I Was Framed", "mpaa_rating": "", "critics_pick": 0, "byline": "BOSLEY CROWTHER", "headline": "I Was Framed", "summary_short": "Reporter runs from charges by corrupt politician.", "publication_date": "1942-06-12", "opening_date": "1942-04-04", "date_updated": "2016-03-30 06:55:05", "link": {"type": "article", "url": "http://www.nytimes.com/movie/review?res=9404EFDA163EE13BBC4A52DFB0668389659EDE", "suggested_link_text": "Read the New York Times Review of I Was Framed"}, "multimedia": null}, {"display_title": "Powder Town", "mpaa_rating": "", "critics_pick": 0, "byline": "T.M.P.", "headline": "Powder Town", "summary_short": "Munitions-plant scientist menaced by saboteurs.", "publication_date": "1942-06-08", "opening_date": "1942-06-19", "date_updated": "2016-03-30 07:23:39", "link": {"type": "article", "url": "http://www.nytimes.com/movie/review?res=9D00E6DC163EE13BBC4053DFB0668389659EDE", "suggested_link_text": "Read the New York Times Review of Powder Town"}, "multimedia": null}, {"display_title": "Miss Annie Rooney", "mpaa_rating": "", "critics_pick": 0, "byline": "T.S.", "headline": "Miss Annie Rooney", "summary_short": "Poor girl, rich boy. Back up, Shirley.", "publication_date": "1942-06-08", "opening_date": "1942-05-29", "date_updated": "2016-03-30 07:14:14", "link": {"type": "article", "url": "http://www.nytimes.com/movie/review?res=9C00E6DC163EE13BBC4053DFB0668389659EDE", "suggested_link_text": "Read the New York Times Review of Miss Annie Rooney"}, "multimedia": null}, {"display_title": "Red Tanks", "mpaa_rating": "", "critics_pick": 0, "byline": "BOSLEY CROWTHER", "headline": "Red Tanks", "summary_short": "", "publication_date": "1942-06-06", "opening_date": "1942-06-05", "date_updated": "2016-03-30 07:05:02", "link": {"type": "article", "url": "http://www.nytimes.com/movie/review?res=9803E2DD163EE13BBC4E53DFB0668389659EDE", "suggested_link_text": "Read the New York Times Review of Red Tanks"}, "multimedia": null}, {"display_title": "Mrs. Miniver", "mpaa_rating": "", "critics_pick": 1, "byline": "Bosley Crowther", "headline": "MRS. MINIVER (MOVIE)", "summary_short": "Upper-middle-class British family in WWII. Memorable.", "publication_date": "1942-06-05", "opening_date": null, "date_updated": "2016-03-30 06:56:42", "link": {"type": "article", "url": "http://www.nytimes.com/movie/review?res=EE05E7DF173AE36EBC4D53DFB0668389659EDE", "suggested_link_text": "Read the New York Times Review of Mrs. Miniver"}, "multimedia": null}, {"display_title": "Ten Gentlemen From West Point", "mpaa_rating": "", "critics_pick": 0, "byline": "T.M.P.", "headline": "Ten Gentlemen From West Point", "summary_short": "Sturdy, old-fashioned adventure.", "publication_date": "1942-06-05", "opening_date": "1942-06-26", "date_updated": "2016-03-30 07:13:19", "link": {"type": "article", "url": "http://www.nytimes.com/movie/review?res=9D0DE6D8103BEF3ABC4D53DFB0668389659EDE", "suggested_link_text": "Read the New York Times Review of Ten Gentlemen From West Point"}, "multimedia": null}, {"display_title": "Remember Pearl Harbor", "mpaa_rating": "", "critics_pick": 0, "byline": "BOSLEY CROWTHER", "headline": "Remember Pearl Harbor", "summary_short": "", "publication_date": "1942-06-04", "opening_date": "1942-05-18", "date_updated": "2016-03-30 06:43:55", "link": {"type": "article", "url": "http://www.nytimes.com/movie/review?res=9805E5DA173AE233A25757C0A9609C946393D6CF", "suggested_link_text": "Read the New York Times Review of Remember Pearl Harbor"}, "multimedia": null}, {"display_title": "Yankee Doodle Dandy", "mpaa_rating": "", "critics_pick": 1, "byline": "BOSLEY CROWTHER", "headline": "Yankee Doodle Dandy", "summary_short": "Grand, nostalgic musical bio of George M. Cohan, and Jim's Oscar.", "publication_date": "1942-05-30", "opening_date": "1942-06-06", "date_updated": "2016-03-30 07:11:49", "link": {"type": "article", "url": "http://www.nytimes.com/movie/review?res=9406E2D7133CE33BBC4850DFB3668389659EDE", "suggested_link_text": "Read the New York Times Review of Yankee Doodle Dandy"}, "multimedia": null}, {"display_title": "The Falcon Takes Over", "mpaa_rating": "", "critics_pick": 0, "byline": "T.S.", "headline": "Falcon takes Over, The", "summary_short": "Routine sleuther.", "publication_date": "1942-05-30", "opening_date": "1942-05-29", "date_updated": "2016-03-30 06:45:55", "link": {"type": "article", "url": "http://www.nytimes.com/movie/review?res=9503E0D7133CE33BBC4850DFB3668389659EDE", "suggested_link_text": "Read the New York Times Review of The Falcon Takes Over"}, "multimedia": null}, {"display_title": "Syncopation", "mpaa_rating": "", "critics_pick": 0, "byline": "BOSLEY CROWTHER", "headline": "Syncopation", "summary_short": "Unconvincing musicians, good jazz.", "publication_date": "1942-05-29", "opening_date": "1942-05-22", "date_updated": "2016-03-30 06:51:48", "link": {"type": "article", "url": "http://www.nytimes.com/movie/review?res=9903E7D7133CE33BBC4151DFB3668389659EDE", "suggested_link_text": "Read the New York Times Review of Syncopation"}, "multimedia": null}, {"display_title": "My Favorite Spy", "mpaa_rating": "", "critics_pick": 0, "byline": "T.S.", "headline": "My Favorite Spy", "summary_short": "Anemic little musical, squeaked by in wartime.", "publication_date": "1942-05-29", "opening_date": "1942-06-12", "date_updated": "2016-03-30 06:52:55", "link": {"type": "article", "url": "http://www.nytimes.com/movie/review?res=9F03E5D7133CE33BBC4151DFB3668389659EDE", "suggested_link_text": "Read the New York Times Review of My Favorite Spy"}, "multimedia": null}, {"display_title": "The Vanishing Virginian", "mpaa_rating": "", "critics_pick": 0, "byline": "T.S.", "headline": "Vanishing Virginian, The", "summary_short": "Mild comedy about Virginian opposing women's rights in the South.", "publication_date": "1942-05-28", "opening_date": "1942-02-01", "date_updated": "2016-03-30 07:14:27", "link": {"type": "article", "url": "http://www.nytimes.com/movie/review?res=9C06E0D8133CE33BBC4051DFB3668389659EDE", "suggested_link_text": "Read the New York Times Review of The Vanishing Virginian"}, "multimedia": null}, {"display_title": "Take a Letter, Darling", "mpaa_rating": "", "critics_pick": 0, "byline": "BOSLEY CROWTHER", "headline": "Take a Letter Darling", "summary_short": "A male secretary. Light, bright and consistently amusing.", "publication_date": "1942-05-28", "opening_date": "1942-05-06", "date_updated": "2016-03-30 06:42:30", "link": {"type": "article", "url": "http://www.nytimes.com/movie/review?res=9507E0D8133CE33BBC4051DFB3668389659EDE", "suggested_link_text": "Read the New York Times Review of Take a Letter, Darling"}, "multimedia": null}, {"display_title": "Ships with Wings", "mpaa_rating": "", "critics_pick": 0, "byline": "BOSLEY CROWTHER", "headline": "Ships With Wings", "summary_short": "British pilot warns aircraft-carrier admiral about Nazi mines in Mediterranean. Well-played English restraint, compelling premise.", "publication_date": "1942-05-25", "opening_date": null, "date_updated": "2016-03-30 06:50:06", "link": {"type": "article", "url": "http://www.nytimes.com/movie/review?res=9903E1D9133CE33BBC4D51DFB3668389659EDE", "suggested_link_text": "Read the New York Times Review of Ships with Wings"}, "multimedia": null}, {"display_title": "Grand Central Murder", "mpaa_rating": "", "critics_pick": 0, "byline": "BOSLEY CROWTHER", "headline": "Grand Central Murder", "summary_short": "Actress slain on train. Trim, low- keyed whodunit, game cast.", "publication_date": "1942-05-23", "opening_date": "1942-05-01", "date_updated": "2016-03-30 06:58:57", "link": {"type": "article", "url": "http://www.nytimes.com/movie/review?res=9D01E6DA133CE33BBC4B51DFB3668389659EDE", "suggested_link_text": "Read the New York Times Review of Grand Central Murder"}, "multimedia": null}]}