{"status": "OK", "copyright": "Copyright (c) 2017 The New York Times Company. All Rights Reserved.", "has_more": true, "num_results": 20, "results": [{"display_title": "The Merry Wives", "mpaa_rating": "", "critics_pick": 0, "byline": "BOSLEY CROWTHER", "headline": "Merry Wives, The", "summary_short": "", "publication_date": "1940-11-12", "opening_date": "1940-11-11", "date_updated": "2016-03-30 07:25:44", "link": {"type": "article", "url": "http://www.nytimes.com/movie/review?res=9C02E2DD1739E23ABC4A52DFB767838B659EDE", "suggested_link_text": "Read the New York Times Review of The Merry Wives"}, "multimedia": null}, {"display_title": "Tugboat Annie Sails Again", "mpaa_rating": "", "critics_pick": 0, "byline": "BOSLEY CROWTHER", "headline": "Tugboat Annie Sails Again", "summary_short": "Stays afloat, at least.", "publication_date": "1940-11-09", "opening_date": "1940-10-26", "date_updated": "2016-03-30 06:42:03", "link": {"type": "article", "url": "http://www.nytimes.com/movie/review?res=9E0CE0DC1738E532A2575AC0A9679D946193D6CF", "suggested_link_text": "Read the New York Times Review of Tugboat Annie Sails Again"}, "multimedia": null}, {"display_title": "A Little Bit of Heaven", "mpaa_rating": "", "critics_pick": 0, "byline": "BOSLEY CROWTHER", "headline": "Little Bit of Heaven, A", "summary_short": "Anything but, with music.", "publication_date": "1940-11-08", "opening_date": "1940-10-11", "date_updated": "2016-03-30 06:58:22", "link": {"type": "article", "url": "http://www.nytimes.com/movie/review?res=9F0CE7DC1738E532A2575BC0A9679D946193D6CF", "suggested_link_text": "Read the New York Times Review of A Little Bit of Heaven"}, "multimedia": null}, {"display_title": "The Golden Fleecing", "mpaa_rating": "", "critics_pick": 0, "byline": "BOSLEY CROWTHER", "headline": "Golden Fleecing, The", "summary_short": "Insurance man chases racketeer.", "publication_date": "1940-11-07", "opening_date": "1940-08-16", "date_updated": "2016-03-30 06:50:44", "link": {"type": "article", "url": "http://www.nytimes.com/movie/review?res=940CEFDA113EE432A25754C0A9679D946193D6CF", "suggested_link_text": "Read the New York Times Review of The Golden Fleecing"}, "multimedia": null}, {"display_title": "Christmas in July", "mpaa_rating": "", "critics_pick": 0, "byline": "BOSLEY CROWTHER", "headline": "Christmas in July", "summary_short": "Warm, witty and original. Early pip from Preston Sturges.", "publication_date": "1940-11-06", "opening_date": "1940-10-18", "date_updated": "2016-03-30 06:47:38", "link": {"type": "article", "url": "http://www.nytimes.com/movie/review?res=9D07E2DD1738E532A25755C0A9679D946193D6CF", "suggested_link_text": "Read the New York Times Review of Christmas in July"}, "multimedia": null}, {"display_title": "Glamour for Sale", "mpaa_rating": "", "critics_pick": 0, "byline": "BOSLEY CROWTHER", "headline": "Glamour for Sale", "summary_short": "Undercover man recruits escort-service rookie to unearth scams.", "publication_date": "1940-11-05", "opening_date": "1940-09-27", "date_updated": "2016-03-30 06:57:55", "link": {"type": "article", "url": "http://www.nytimes.com/movie/review?res=9E05E7DA113EE432A25756C0A9679D946193D6CF", "suggested_link_text": "Read the New York Times Review of Glamour for Sale"}, "multimedia": null}, {"display_title": "The Mark of Zorro", "mpaa_rating": "", "critics_pick": 0, "byline": "BOSLEY CROWTHER", "headline": "Mark of Zorro, The", "summary_short": "Not the zingiest, even under Mamoulian.", "publication_date": "1940-11-04", "opening_date": "1940-11-08", "date_updated": "2016-03-30 07:29:28", "link": {"type": "article", "url": "http://www.nytimes.com/movie/review?res=9800E0DE1738E532A25757C0A9679D946193D6CF", "suggested_link_text": "Read the New York Times Review of The Mark of Zorro"}, "multimedia": null}, {"display_title": "Two Women", "mpaa_rating": "", "critics_pick": 0, "byline": "BOSLEY CROWTHER", "headline": "Two Women", "summary_short": "", "publication_date": "1940-11-02", "opening_date": null, "date_updated": "2016-03-30 06:50:00", "link": {"type": "article", "url": "http://www.nytimes.com/movie/review?res=9E0CE4DB113EE432A25751C0A9679D946193D6CF", "suggested_link_text": "Read the New York Times Review of Two Women"}, "multimedia": null}, {"display_title": "Escape", "mpaa_rating": "", "critics_pick": 0, "byline": "BOSLEY CROWTHER", "headline": "Escape", "summary_short": "Gripping drama of Nazi Germany. Three sterling performances.", "publication_date": "1940-11-01", "opening_date": "1940-11-01", "date_updated": "2016-03-30 06:48:18", "link": {"type": "article", "url": "http://www.nytimes.com/movie/review?res=9404E6DE1738E532A25752C0A9679D946193D6CF", "suggested_link_text": "Read the New York Times Review of Escape"}, "multimedia": null}, {"display_title": "Haunted Honeymoon", "mpaa_rating": "", "critics_pick": 0, "byline": "BOSLEY CROWTHER", "headline": "Haunted Honeymoon", "summary_short": "Dorothy Sayers sleuth Wimsey on his wedding trip, and murder. Very smooth.", "publication_date": "1940-10-31", "opening_date": "1940-09-20", "date_updated": "2016-03-30 06:54:13", "link": {"type": "article", "url": "http://www.nytimes.com/movie/review?res=9406E0DC113EE432A25752C3A9669D946193D6CF", "suggested_link_text": "Read the New York Times Review of Haunted Honeymoon"}, "multimedia": null}, {"display_title": "The Dreyfus Case", "mpaa_rating": "", "critics_pick": 0, "byline": "BOSLEY CROWTHER", "headline": "Dreyfus Case, The", "summary_short": "", "publication_date": "1940-10-30", "opening_date": "1940-10-29", "date_updated": "2016-03-30 07:19:44", "link": {"type": "article", "url": "http://www.nytimes.com/movie/review?res=9C04EEDD113EE432A25753C3A9669D946193D6CF", "suggested_link_text": "Read the New York Times Review of The Dreyfus Case"}, "multimedia": null}, {"display_title": "The Westerner", "mpaa_rating": "", "critics_pick": 0, "byline": "BOSLEY CROWTHER", "headline": "Westerner, The", "summary_short": "Wyler's superb direction and Brennan's supporting-Oscar work make this one.", "publication_date": "1940-10-25", "opening_date": "1940-09-20", "date_updated": "2016-03-30 06:55:44", "link": {"type": "article", "url": "http://www.nytimes.com/movie/review?res=9806E7D81639E23ABC4D51DFB667838B659EDE", "suggested_link_text": "Read the New York Times Review of The Westerner"}, "multimedia": null}, {"display_title": "Il Conte Di Brechard", "mpaa_rating": "", "critics_pick": 0, "byline": "BOSLEY CROWTHER", "headline": "Count of Brechard, The", "summary_short": "", "publication_date": "1940-10-24", "opening_date": "1940-10-23", "date_updated": "2016-03-30 07:05:00", "link": {"type": "article", "url": "http://www.nytimes.com/movie/review?res=9E05E6DE113EE432A25757C2A9669D946193D6CF", "suggested_link_text": "Read the New York Times Review of Il Conte Di Brechard"}, "multimedia": null}, {"display_title": "Meet the Wildcat", "mpaa_rating": "", "critics_pick": 0, "byline": "BOSLEY CROWTHER", "headline": "Meet the Wildcat", "summary_short": "", "publication_date": "1940-10-23", "opening_date": "1940-11-22", "date_updated": "2016-03-30 06:44:12", "link": {"type": "article", "url": "http://www.nytimes.com/movie/review?res=9D0DEFD61638E532A25750C2A9669D946193D6CF", "suggested_link_text": "Read the New York Times Review of Meet the Wildcat"}, "multimedia": null}, {"display_title": "Down Argentine Way", "mpaa_rating": "", "critics_pick": 0, "byline": "BOSLEY CROWTHER", "headline": "Down Argentine Way", "summary_short": "Pretty, genial, tuneful. And introducing Miss Carmen Miranda.", "publication_date": "1940-10-18", "opening_date": "1940-10-11", "date_updated": "2016-03-30 06:57:46", "link": {"type": "article", "url": "http://www.nytimes.com/movie/review?res=9D04EED6103EE432A2575BC1A9669D946193D6CF", "suggested_link_text": "Read the New York Times Review of Down Argentine Way"}, "multimedia": null}, {"display_title": "The Quarterback", "mpaa_rating": "", "critics_pick": 0, "byline": "Special to THE NEW YORK TIMES.", "headline": "Quarterback, The", "summary_short": "Campus twins. No, not Jekyll and Hyde. Worse.", "publication_date": "1940-10-17", "opening_date": null, "date_updated": "2016-03-30 06:43:52", "link": {"type": "article", "url": "http://www.nytimes.com/movie/review?res=9E0CE6D61638E532A25754C1A9669D946193D6CF", "suggested_link_text": "Read the New York Times Review of The Quarterback"}, "multimedia": null}, {"display_title": "Arise, My Love", "mpaa_rating": "", "critics_pick": 0, "byline": "BOSLEY CROWTHER", "headline": "Arise my Love", "summary_short": "Lovers, and war clouds over Europe. Strange, exasperating movie, but hailed in its day.", "publication_date": "1940-10-17", "opening_date": "1940-11-08", "date_updated": "2016-03-30 07:20:11", "link": {"type": "article", "url": "http://www.nytimes.com/movie/review?res=9401E6D61638E532A25754C1A9669D946193D6CF", "suggested_link_text": "Read the New York Times Review of Arise, My Love"}, "multimedia": null}, {"display_title": "The Great Dictator", "mpaa_rating": "", "critics_pick": 1, "byline": "BOSLEY CROWTHER", "headline": "Great Dictator, The", "summary_short": "Jewish barber and Hitler look-alike. Chaplin's comic gem.", "publication_date": "1940-10-16", "opening_date": "1941-03-07", "date_updated": "2016-03-30 07:21:04", "link": {"type": "article", "url": "http://www.nytimes.com/movie/review?res=9D0CE5DA103BE433A25755C1A9669D946193D6CF", "suggested_link_text": "Read the New York Times Review of The Great Dictator"}, "multimedia": null}, {"display_title": "Dance, Girl, Dance", "mpaa_rating": "", "critics_pick": 0, "byline": "BOSLEY CROWTHER", "headline": "Dance, Girl, Dance", "summary_short": "Acceptable drama but Lucy's superb as a tough stripper.", "publication_date": "1940-10-11", "opening_date": "1940-08-30", "date_updated": "2016-03-30 06:47:18", "link": {"type": "article", "url": "http://www.nytimes.com/movie/review?res=9E07E1D7103EE432A25752C1A9669D946193D6CF", "suggested_link_text": "Read the New York Times Review of Dance, Girl, Dance"}, "multimedia": null}, {"display_title": "The Long Voyage Home", "mpaa_rating": "", "critics_pick": 1, "byline": "BOSLEY CROWTHER", "headline": "Long Voyage Home, The", "summary_short": "O'Neill's career sailors, via John Ford. Memorable.", "publication_date": "1940-10-09", "opening_date": "1940-11-11", "date_updated": "2016-03-30 06:54:59", "link": {"type": "article", "url": "http://www.nytimes.com/movie/review?res=9F05EED9103EE432A2575AC0A9669D946193D6CF", "suggested_link_text": "Read the New York Times Review of The Long Voyage Home"}, "multimedia": null}]}