{"status": "OK", "copyright": "Copyright (c) 2017 The New York Times Company. All Rights Reserved.", "has_more": true, "num_results": 20, "results": [{"display_title": "Hold That Girl", "mpaa_rating": "", "critics_pick": 0, "byline": "A.D.S.", "headline": "Hold That Girl", "summary_short": "", "publication_date": "1934-03-24", "opening_date": "1934-03-24", "date_updated": "2016-03-30 06:41:23", "link": {"type": "article", "url": "http://www.nytimes.com/movie/review?res=9806EFDF1E3DE33ABC4C51DFB566838F629EDE", "suggested_link_text": "Read the New York Times Review of Hold That Girl"}, "multimedia": null}, {"display_title": "Come On, Marines", "mpaa_rating": "", "critics_pick": 0, "byline": "MORDAUNT HALL.", "headline": "Come on Marines", "summary_short": "Typical service antics.", "publication_date": "1934-03-24", "opening_date": "1934-03-23", "date_updated": "2016-03-30 07:20:05", "link": {"type": "article", "url": "http://www.nytimes.com/movie/review?res=9F06EFDF1E3DE33ABC4C51DFB566838F629EDE", "suggested_link_text": "Read the New York Times Review of Come On, Marines"}, "multimedia": null}, {"display_title": "Bottoms Up", "mpaa_rating": "", "critics_pick": 0, "byline": "MORDAUNT HALL.", "headline": "Bottoms Up", "summary_short": "", "publication_date": "1934-03-23", "opening_date": "1934-04-13", "date_updated": "2016-03-30 06:58:07", "link": {"type": "article", "url": "http://www.nytimes.com/movie/review?res=9D0DEFD9133EE53ABC4B51DFB566838F629EDE", "suggested_link_text": "Read the New York Times Review of Bottoms Up"}, "multimedia": null}, {"display_title": "Wine, Women, and Song", "mpaa_rating": "", "critics_pick": 0, "byline": "MORDAUNT HALL.", "headline": "Wine Women and Song", "summary_short": "", "publication_date": "1934-03-21", "opening_date": "1933-03-27", "date_updated": "2016-03-30 06:58:44", "link": {"type": "article", "url": "http://www.nytimes.com/movie/review?res=9B0CE5D9133EE53ABC4951DFB566838F629EDE", "suggested_link_text": "Read the New York Times Review of Wine, Women, and Song"}, "multimedia": null}, {"display_title": "The Show-Off", "mpaa_rating": "", "critics_pick": 0, "byline": "MORDAUNT HALL.", "headline": "Show-Off, The", "summary_short": "Braggart tries to win back his job and girlfriend.", "publication_date": "1934-03-17", "opening_date": "1934-03-09", "date_updated": "2016-03-30 07:06:09", "link": {"type": "article", "url": "http://www.nytimes.com/movie/review?res=9903E2D6113DE33ABC4F52DFB566838F629EDE", "suggested_link_text": "Read the New York Times Review of The Show-Off"}, "multimedia": null}, {"display_title": "Good Dame", "mpaa_rating": "", "critics_pick": 0, "byline": "A.D.S.", "headline": "Good Dame", "summary_short": "Good grief! Alice in Carnivaland.", "publication_date": "1934-03-17", "opening_date": "1934-03-17", "date_updated": "2016-03-30 07:27:57", "link": {"type": "article", "url": "http://www.nytimes.com/movie/review?res=9B03E2D6113DE33ABC4F52DFB566838F629EDE", "suggested_link_text": "Read the New York Times Review of Good Dame"}, "multimedia": null}, {"display_title": "Coming Out Party", "mpaa_rating": "", "critics_pick": 0, "byline": "M.H.", "headline": "Coming-Out Party", "summary_short": "", "publication_date": "1934-03-17", "opening_date": "1934-03-09", "date_updated": "2016-03-30 07:15:59", "link": {"type": "article", "url": "http://www.nytimes.com/movie/review?res=9A03E2D6113DE33ABC4F52DFB566838F629EDE", "suggested_link_text": "Read the New York Times Review of Coming Out Party"}, "multimedia": null}, {"display_title": "George White's Scandals", "mpaa_rating": "", "critics_pick": 0, "byline": "MORDAUNT HALL.", "headline": "George White's Scandals", "summary_short": "", "publication_date": "1934-03-16", "opening_date": "1934-03-16", "date_updated": "2016-03-30 06:51:07", "link": {"type": "article", "url": "http://www.nytimes.com/movie/review?res=9807E0D81539E33ABC4E52DFB566838F629EDE", "suggested_link_text": "Read the New York Times Review of George White's Scandals"}, "multimedia": null}, {"display_title": "No More Women", "mpaa_rating": "", "critics_pick": 0, "byline": "A.D.S.", "headline": "No More Women", "summary_short": "", "publication_date": "1934-03-15", "opening_date": "1934-03-03", "date_updated": "2016-03-30 07:15:14", "link": {"type": "article", "url": "http://www.nytimes.com/movie/review?res=9A07E7DC163CE23ABC4D52DFB566838F629EDE", "suggested_link_text": "Read the New York Times Review of No More Women"}, "multimedia": null}, {"display_title": "The House of Rothschild", "mpaa_rating": "", "critics_pick": 0, "byline": "MORDAUNT HALL.", "headline": "House of Rothschild, The", "summary_short": "Perfectly splendid and a man for all seasons. Viva Arliss!", "publication_date": "1934-03-15", "opening_date": "1934-04-07", "date_updated": "2016-03-30 06:42:03", "link": {"type": "article", "url": "http://www.nytimes.com/movie/review?res=9907E7DC163CE23ABC4D52DFB566838F629EDE", "suggested_link_text": "Read the New York Times Review of The House of Rothschild"}, "multimedia": null}, {"display_title": "Mater Dolorosa", "mpaa_rating": "", "critics_pick": 0, "byline": "MORDAUNT HALL.", "headline": "Serment, Le", "summary_short": "", "publication_date": "1934-03-14", "opening_date": null, "date_updated": "2016-03-30 06:46:09", "link": {"type": "article", "url": "http://www.nytimes.com/movie/review?res=9E07E5D81539E33ABC4C52DFB566838F629EDE", "suggested_link_text": "Read the New York Times Review of Mater Dolorosa"}, "multimedia": null}, {"display_title": "Six of a Kind", "mpaa_rating": "", "critics_pick": 0, "byline": "MORDAUNT HALL.", "headline": "Six of a Kind", "summary_short": "Very funny, indeed. Six reasons: W.C. Fields, Burns and Allen, Mary Boland, Charles Ruggles, Alison Skipworth.", "publication_date": "1934-03-10", "opening_date": "1934-02-09", "date_updated": "2016-03-30 06:56:20", "link": {"type": "article", "url": "http://www.nytimes.com/movie/review?res=9A01E0DB1430E23ABC4852DFB566838F629EDE", "suggested_link_text": "Read the New York Times Review of Six of a Kind"}, "multimedia": null}, {"display_title": "Midnight", "mpaa_rating": "", "critics_pick": 0, "byline": "A.D.S.", "headline": "Midnight", "summary_short": "A jury foreman sends a woman to the electric chair; then his own daughter faces the same fate.", "publication_date": "1934-03-10", "opening_date": "1934-03-07", "date_updated": "2016-03-30 07:11:51", "link": {"type": "article", "url": "http://www.nytimes.com/movie/review?res=9B01E0DB1430E23ABC4852DFB566838F629EDE", "suggested_link_text": "Read the New York Times Review of Midnight"}, "multimedia": null}, {"display_title": "Spitfire", "mpaa_rating": "", "critics_pick": 0, "byline": "MORDAUNT HALL.", "headline": "Spitfire", "summary_short": "Eccentric young hill woman. Interesting antique with magnetic Kate.", "publication_date": "1934-03-09", "opening_date": "1934-03-30", "date_updated": "2016-03-30 07:20:47", "link": {"type": "article", "url": "http://www.nytimes.com/movie/review?res=9E01E5D61F3DE23ABC4153DFB566838F629EDE", "suggested_link_text": "Read the New York Times Review of Spitfire"}, "multimedia": null}, {"display_title": "No Funny Business", "mpaa_rating": "", "critics_pick": 0, "byline": "A.D.S.", "headline": "No Funny Business", "summary_short": "", "publication_date": "1934-03-09", "opening_date": null, "date_updated": "2016-03-30 07:30:27", "link": {"type": "article", "url": "http://www.nytimes.com/movie/review?res=9801E5D61F3DE23ABC4153DFB566838F629EDE", "suggested_link_text": "Read the New York Times Review of No Funny Business"}, "multimedia": null}, {"display_title": "Ariane, Russian Maid", "mpaa_rating": "", "critics_pick": 0, "byline": "MORDAUNT HALL.", "headline": "Ariane", "summary_short": "", "publication_date": "1934-03-07", "opening_date": null, "date_updated": "2016-03-30 06:47:27", "link": {"type": "article", "url": "http://www.nytimes.com/movie/review?res=9405EFDC133EE53ABC4F53DFB566838F629EDE", "suggested_link_text": "Read the New York Times Review of Ariane, Russian Maid"}, "multimedia": null}, {"display_title": "Bedside", "mpaa_rating": "", "critics_pick": 0, "byline": "A.D.S.", "headline": "Bedside", "summary_short": "Med student standing in for doctor has to perform intricate operation.", "publication_date": "1934-03-07", "opening_date": "1934-01-27", "date_updated": "2016-03-30 06:48:38", "link": {"type": "article", "url": "http://www.nytimes.com/movie/review?res=9C04EFDC133EE53ABC4F53DFB566838F629EDE", "suggested_link_text": "Read the New York Times Review of Bedside"}, "multimedia": null}, {"display_title": "The Ninth Guest", "mpaa_rating": "", "critics_pick": 0, "byline": "MORDAUNT HALL.", "headline": "Ninth Guest, The", "summary_short": "", "publication_date": "1934-03-03", "opening_date": "1934-01-31", "date_updated": "2016-03-30 06:50:56", "link": {"type": "article", "url": "http://www.nytimes.com/movie/review?res=9501E7D7113DE33ABC4B53DFB566838F629EDE", "suggested_link_text": "Read the New York Times Review of The Ninth Guest"}, "multimedia": null}, {"display_title": "Strich Durch Die Rechnung", "mpaa_rating": "", "critics_pick": 0, "byline": "H.T.S.", "headline": "Strich Durch die Rechnung", "summary_short": "", "publication_date": "1934-03-03", "opening_date": "1934-03-02", "date_updated": "2016-03-30 06:53:00", "link": {"type": "article", "url": "http://www.nytimes.com/movie/review?res=9D00E7D7113DE33ABC4B53DFB566838F629EDE", "suggested_link_text": "Read the New York Times Review of Strich Durch Die Rechnung"}, "multimedia": null}, {"display_title": "David Harum", "mpaa_rating": "Not Rated", "critics_pick": 0, "byline": "MORDAUNT HALL.", "headline": "David Harum", "summary_short": "Nice comedy of bygone Kentucky and trotter-racing.", "publication_date": "1934-03-02", "opening_date": "1934-03-02", "date_updated": "2016-03-30 06:47:16", "link": {"type": "article", "url": "http://www.nytimes.com/movie/review?res=9B05EED9113DE33ABC4A53DFB566838F629EDE", "suggested_link_text": "Read the New York Times Review of David Harum"}, "multimedia": null}]}