{"status": "OK", "copyright": "Copyright (c) 2017 The New York Times Company. All Rights Reserved.", "has_more": true, "num_results": 20, "results": [{"display_title": "Sentimental Journey", "mpaa_rating": "", "critics_pick": 0, "byline": "BOSLEY CROWTHER", "headline": "Sentimental Journey", "summary_short": "Sweet swill, way up to here.", "publication_date": "1946-03-07", "opening_date": "1946-03-01", "date_updated": "2016-03-30 06:54:49", "link": {"type": "article", "url": "http://www.nytimes.com/movie/review?res=950DE3DF123AEE3BBC4F53DFB566838D659EDE", "suggested_link_text": "Read the New York Times Review of Sentimental Journey"}, "multimedia": null}, {"display_title": "Abilene Town", "mpaa_rating": "", "critics_pick": 0, "byline": "BOSLEY CROWTHER", "headline": "Abilene Town", "summary_short": "Fast, anyway.", "publication_date": "1946-03-04", "opening_date": "1946-01-11", "date_updated": "2016-03-30 07:27:08", "link": {"type": "article", "url": "http://www.nytimes.com/movie/review?res=9B0CE3D9153AEE3BBC4C53DFB566838D659EDE", "suggested_link_text": "Read the New York Times Review of Abilene Town"}, "multimedia": null}, {"display_title": "The Sailor Takes a Wife", "mpaa_rating": "", "critics_pick": 0, "byline": "BOSLEY CROWTHER", "headline": "Sailor Takes a Wife, The", "summary_short": "Close to feeble comedy.", "publication_date": "1946-03-01", "opening_date": "1945-12-28", "date_updated": "2016-03-30 06:52:37", "link": {"type": "article", "url": "http://www.nytimes.com/movie/review?res=9C00E7DB153AEE3BBC4953DFB566838D659EDE", "suggested_link_text": "Read the New York Times Review of The Sailor Takes a Wife"}, "multimedia": null}, {"display_title": "The Road to Utopia", "mpaa_rating": "", "critics_pick": 0, "byline": "BOSLEY CROWTHER", "headline": "Road to Utopia", "summary_short": "The boys seek their fortune in Alaska. Solid gold.", "publication_date": "1946-02-28", "opening_date": "1946-03-22", "date_updated": "2016-03-30 07:05:37", "link": {"type": "article", "url": "http://www.nytimes.com/movie/review?res=9B02E0DE1239E23ABC4051DFB466838D659EDE", "suggested_link_text": "Read the New York Times Review of The Road to Utopia"}, "multimedia": null}, {"display_title": "Open City", "mpaa_rating": "", "critics_pick": 1, "byline": "BOSLEY CROWTHER", "headline": "Open City", "summary_short": "Rome under Nazis. Powerful, shattering drama.", "publication_date": "1946-02-26", "opening_date": null, "date_updated": "2016-03-30 07:14:23", "link": {"type": "article", "url": "http://www.nytimes.com/movie/review?res=940CE7DE1239E23ABC4E51DFB466838D659EDE", "suggested_link_text": "Read the New York Times Review of Open City"}, "multimedia": null}, {"display_title": "House of Horrors", "mpaa_rating": "", "critics_pick": 0, "byline": "BOSLEY CROWTHER", "headline": "House of Horrors", "summary_short": "Crummy.", "publication_date": "1946-02-23", "opening_date": "1946-03-29", "date_updated": "2016-03-30 07:19:49", "link": {"type": "article", "url": "http://www.nytimes.com/movie/review?res=950CE5D81339E53ABC4B51DFB466838D659EDE", "suggested_link_text": "Read the New York Times Review of House of Horrors"}, "multimedia": null}, {"display_title": "Tomorrow Is Forever", "mpaa_rating": "Not Rated", "critics_pick": 0, "byline": "BOSLEY CROWTHER", "headline": "Tomorrow Is Forever", "summary_short": "War widow remarries, then husband turns up alive. Only feels like forever.", "publication_date": "1946-02-22", "opening_date": null, "date_updated": "2016-03-30 07:12:11", "link": {"type": "article", "url": "http://www.nytimes.com/movie/review?res=990CE1DF173FE73ABC4A51DFB466838D659EDE", "suggested_link_text": "Read the New York Times Review of Tomorrow Is Forever"}, "multimedia": null}, {"display_title": "Scarlet Street", "mpaa_rating": "", "critics_pick": 0, "byline": "BOSLEY CROWTHER", "headline": "Scarlet Street", "summary_short": "Fritz Lang's ugly, fascinating portrait of an artist.", "publication_date": "1946-02-15", "opening_date": "1945-12-28", "date_updated": "2016-03-30 06:56:38", "link": {"type": "article", "url": "http://www.nytimes.com/movie/review?res=9900E1DD1339E53ABC4D52DFB466838D659EDE", "suggested_link_text": "Read the New York Times Review of Scarlet Street"}, "multimedia": null}, {"display_title": "Adventure", "mpaa_rating": "Not Rated", "critics_pick": 0, "byline": "BOSLEY CROWTHER", "headline": "Adventure", "summary_short": "Sailor falls for librarian, Disaster, but don't blame Joan.", "publication_date": "1946-02-08", "opening_date": "1945-12-28", "date_updated": "2016-03-30 06:52:58", "link": {"type": "article", "url": "http://www.nytimes.com/movie/review?res=9802E4DE1239E53ABC4053DFB466838D659EDE", "suggested_link_text": "Read the New York Times Review of Adventure"}, "multimedia": null}, {"display_title": "The Spiral Staircase", "mpaa_rating": "", "critics_pick": 1, "byline": "BOSLEY CROWTHER", "headline": "Spiral Staircase, The", "summary_short": "Mute servant girl stalked by killer. Excellent old tingler. Great bit: the closet eye.", "publication_date": "1946-02-07", "opening_date": "1945-12-01", "date_updated": "2016-03-30 07:16:21", "link": {"type": "article", "url": "http://www.nytimes.com/movie/review?res=9503EEDD163FEE3ABC4F53DFB466838D659EDE", "suggested_link_text": "Read the New York Times Review of The Spiral Staircase"}, "multimedia": null}, {"display_title": "She Went to the Races", "mpaa_rating": "", "critics_pick": 0, "byline": "BOSLEY CROWTHER", "headline": "She Went to the Races", "summary_short": "In vain. Horsefeathers.", "publication_date": "1946-02-01", "opening_date": "1945-11-04", "date_updated": "2016-03-30 06:51:52", "link": {"type": "article", "url": "http://www.nytimes.com/movie/review?res=9C04E1D71439E53ABC4953DFB466838D659EDE", "suggested_link_text": "Read the New York Times Review of She Went to the Races"}, "multimedia": null}, {"display_title": "People Are Funny", "mpaa_rating": "", "critics_pick": 0, "byline": "BOSLEY CROWTHER", "headline": "People Are Funny", "summary_short": "", "publication_date": "1946-01-28", "opening_date": "1946-01-11", "date_updated": "2016-03-30 07:10:30", "link": {"type": "article", "url": "http://www.nytimes.com/movie/review?res=9A0CE5D8163FE73ABC4051DFB766838D659EDE", "suggested_link_text": "Read the New York Times Review of People Are Funny"}, "multimedia": null}, {"display_title": "Pillow of Death", "mpaa_rating": "", "critics_pick": 0, "byline": "BOSLEY CROWTHER", "headline": "Pillow of Death", "summary_short": "A strange old house. We can't vouch for the pillows.", "publication_date": "1946-01-26", "opening_date": "1945-12-14", "date_updated": "2016-03-30 06:51:55", "link": {"type": "article", "url": "http://www.nytimes.com/movie/review?res=9403E4D71739E53ABC4E51DFB766838D659EDE", "suggested_link_text": "Read the New York Times Review of Pillow of Death"}, "multimedia": null}, {"display_title": "The Harvey Girls", "mpaa_rating": "Not Rated", "critics_pick": 0, "byline": "BOSLEY CROWTHER", "headline": "Harvey Girls, The", "summary_short": "Frontier train-stop restaurants. Flavorsome musical, nifty score.", "publication_date": "1946-01-25", "opening_date": "1946-01-18", "date_updated": "2016-03-30 06:55:27", "link": {"type": "article", "url": "http://www.nytimes.com/movie/review?res=9C01E3D81739E53ABC4D51DFB766838D659EDE", "suggested_link_text": "Read the New York Times Review of The Harvey Girls"}, "multimedia": null}, {"display_title": "A Walk in the Sun", "mpaa_rating": "", "critics_pick": 1, "byline": "BOSLEY CROWTHER", "headline": "Walk in the Sun, A", "summary_short": "G.I.'s advance on Nazis in Italy. Atmospheric and solidly evocative.", "publication_date": "1946-01-12", "opening_date": "1945-12-25", "date_updated": "2016-03-30 06:41:28", "link": {"type": "article", "url": "http://www.nytimes.com/movie/review?res=9D02E3DE153AEE3BBC4A52DFB766838D659EDE", "suggested_link_text": "Read the New York Times Review of A Walk in the Sun"}, "multimedia": null}, {"display_title": "San Antonio", "mpaa_rating": "", "critics_pick": 0, "byline": "BOSLEY CROWTHER", "headline": "San Antonio", "summary_short": "Dance-hall girl falls for good-guy cowboy. Lavish, routine western.", "publication_date": "1945-12-29", "opening_date": "1945-12-29", "date_updated": "2016-03-30 07:13:36", "link": {"type": "article", "url": "http://www.nytimes.com/movie/review?res=980DE6D6163FE533A2575AC2A9649D946493D6CF", "suggested_link_text": "Read the New York Times Review of San Antonio"}, "multimedia": null}, {"display_title": "Cornered", "mpaa_rating": "", "critics_pick": 0, "byline": "BOSLEY CROWTHER", "headline": "Cornered", "summary_short": "Man tracking wife's killer in Argentina.  Cutting, hard-boiled whodunit. Powell is aces.", "publication_date": "1945-12-26", "opening_date": "1945-12-25", "date_updated": "2016-03-30 07:16:45", "link": {"type": "article", "url": "http://www.nytimes.com/movie/review?res=9A00E6D8143AEE3BBC4E51DFB467838E659EDE", "suggested_link_text": "Read the New York Times Review of Cornered"}, "multimedia": null}, {"display_title": "House of Dracula", "mpaa_rating": "", "critics_pick": 0, "byline": "BOSLEY CROWTHER", "headline": "House of Dracula", "summary_short": "Home sweet horrible.", "publication_date": "1945-12-22", "opening_date": "1945-12-07", "date_updated": "2016-03-30 07:14:51", "link": {"type": "article", "url": "http://www.nytimes.com/movie/review?res=9E05E7DA173BE333A05751C2A9649D946493D6CF", "suggested_link_text": "Read the New York Times Review of House of Dracula"}, "multimedia": null}, {"display_title": "They Were Expendable", "mpaa_rating": "", "critics_pick": 1, "byline": "BOSLEY CROWTHER", "headline": "They Were Expendable", "summary_short": "PT boats vs. Japanese in the Philippines. Excellent WWII drama, the John Ford way.", "publication_date": "1945-12-21", "opening_date": "1945-12-20", "date_updated": "2016-03-30 06:56:30", "link": {"type": "article", "url": "http://www.nytimes.com/movie/review?res=9E01E5D71F38E333A05752C2A9649D946493D6CF", "suggested_link_text": "Read the New York Times Review of They Were Expendable"}, "multimedia": null}, {"display_title": "The Stork Club", "mpaa_rating": "", "critics_pick": 0, "byline": "BOSLEY CROWTHER", "headline": "Stork Club, The", "summary_short": "Manhattan hat-check girl. Entertaining fluff.", "publication_date": "1945-12-20", "opening_date": "1945-12-28", "date_updated": "2016-03-30 07:24:07", "link": {"type": "article", "url": "http://www.nytimes.com/movie/review?res=9800EFDB143AEE3BBC4851DFB467838E659EDE", "suggested_link_text": "Read the New York Times Review of The Stork Club"}, "multimedia": null}]}