{"status": "OK", "copyright": "Copyright (c) 2017 The New York Times Company. All Rights Reserved.", "has_more": true, "num_results": 20, "results": [{"display_title": "Tom, Dick and Harry", "mpaa_rating": "", "critics_pick": 0, "byline": "BOSLEY CROWTHER", "headline": "Tom, Dick and Harry", "summary_short": "Amiable fluff about giddy girl and swains. More than a few genuine gleams.", "publication_date": "1941-07-18", "opening_date": "1941-06-13", "date_updated": "2016-03-30 07:20:59", "link": {"type": "article", "url": "http://www.nytimes.com/movie/review?res=9802E3DB123FE13BBC4052DFB166838A659EDE", "suggested_link_text": "Read the New York Times Review of Tom, Dick and Harry"}, "multimedia": null}, {"display_title": "The Get-Away", "mpaa_rating": "", "critics_pick": 0, "byline": "BOSLEY CKOWTHER", "headline": "Get-Away, The", "summary_short": "Treasury agent after thieves.", "publication_date": "1941-07-17", "opening_date": "1941-06-13", "date_updated": "2016-03-30 06:46:50", "link": {"type": "article", "url": "http://www.nytimes.com/movie/review?res=9A04E1DC123FE13BBC4F52DFB166838A659EDE", "suggested_link_text": "Read the New York Times Review of The Get-Away"}, "multimedia": null}, {"display_title": "Time Out For Rhythm", "mpaa_rating": "", "critics_pick": 0, "byline": "BOSLEY CROWTHER", "headline": "Time Out for Rhythm", "summary_short": "More needed.", "publication_date": "1941-07-10", "opening_date": "1941-06-05", "date_updated": "2016-03-30 06:47:51", "link": {"type": "article", "url": "http://www.nytimes.com/movie/review?res=9D05EFDF123FE13BBC4852DFB166838A659EDE", "suggested_link_text": "Read the New York Times Review of Time Out For Rhythm"}, "multimedia": null}, {"display_title": "Manpower", "mpaa_rating": "", "critics_pick": 0, "byline": "BOSLEY CROWTHER", "headline": "Manpower", "summary_short": "Robinson. Tingling Raft-Dietrich chemistry, otherwise sloppy corned beef.", "publication_date": "1941-07-05", "opening_date": "1941-08-09", "date_updated": "2016-03-30 06:42:15", "link": {"type": "article", "url": "http://www.nytimes.com/movie/review?res=990CE2D7153FE13BBC4D53DFB166838A659EDE", "suggested_link_text": "Read the New York Times Review of Manpower"}, "multimedia": null}, {"display_title": "Moon over Miami", "mpaa_rating": "", "critics_pick": 0, "byline": "T.S.", "headline": "Moon Over Miami", "summary_short": "More the other way around, with music, but fairly painless. Charlotte Greenwood helps.", "publication_date": "1941-07-05", "opening_date": "1941-07-04", "date_updated": "2016-03-30 06:48:13", "link": {"type": "article", "url": "http://www.nytimes.com/movie/review?res=9A0CE2D7153FE13BBC4D53DFB166838A659EDE", "suggested_link_text": "Read the New York Times Review of Moon over Miami"}, "multimedia": null}, {"display_title": "They Met in Bombay", "mpaa_rating": "", "critics_pick": 0, "byline": "BOSLEY CROWTHER", "headline": "They Met in Bombay", "summary_short": "Jewel thieves in love. Bright start then springs a pious leak.", "publication_date": "1941-07-04", "opening_date": "1941-06-27", "date_updated": "2016-03-30 06:57:36", "link": {"type": "article", "url": "http://www.nytimes.com/movie/review?res=9402EED8153FE13BBC4C53DFB166838A659EDE", "suggested_link_text": "Read the New York Times Review of They Met in Bombay"}, "multimedia": null}, {"display_title": "Sergeant York", "mpaa_rating": "", "critics_pick": 1, "byline": "BOSLEY CROWTHER", "headline": "Sergeant York", "summary_short": "Splendid, rounded drama of the backwoods pacifist turned World War I hero. Best scene: man, dog, Bible.", "publication_date": "1941-07-03", "opening_date": "1941-09-27", "date_updated": "2016-03-30 06:53:27", "link": {"type": "article", "url": "http://www.nytimes.com/movie/review?res=9A07E3DA1F3BE233A25750C0A9619C946093D6CF", "suggested_link_text": "Read the New York Times Review of Sergeant York"}, "multimedia": null}, {"display_title": "Hit the Road", "mpaa_rating": "", "critics_pick": 0, "byline": "T.S.", "headline": "Hit the Road", "summary_short": "", "publication_date": "1941-07-03", "opening_date": "1941-06-27", "date_updated": "2016-03-30 07:29:40", "link": {"type": "article", "url": "http://www.nytimes.com/movie/review?res=9B07E3DA1F3BE233A25750C0A9619C946093D6CF", "suggested_link_text": "Read the New York Times Review of Hit the Road"}, "multimedia": null}, {"display_title": "Soviet Frontiers on the Danube", "mpaa_rating": "", "critics_pick": 0, "byline": "T.S.", "headline": "Soviet Frontiers on the Danube", "summary_short": "", "publication_date": "1941-06-30", "opening_date": null, "date_updated": "2016-03-30 07:13:56", "link": {"type": "article", "url": "http://www.nytimes.com/movie/review?res=9901E5DB1F3BE233A25753C3A9609C946093D6CF", "suggested_link_text": "Read the New York Times Review of Soviet Frontiers on the Danube"}, "multimedia": null}, {"display_title": "Blossoms in the Dust", "mpaa_rating": "", "critics_pick": 0, "byline": "BOSLEY CROWTHER", "headline": "Blossoms in the Dust", "summary_short": "Spunky woman founds home for unwed mothers. Earnest and extremely moist.", "publication_date": "1941-06-27", "opening_date": "1941-07-25", "date_updated": "2016-03-30 06:47:51", "link": {"type": "article", "url": "http://www.nytimes.com/movie/review?res=9B05E1DA153FE13BBC4F51DFB066838A659EDE", "suggested_link_text": "Read the New York Times Review of Blossoms in the Dust"}, "multimedia": null}, {"display_title": "The Big Store", "mpaa_rating": "Not Rated", "critics_pick": 0, "byline": "T.S.", "headline": "Big Store, The", "summary_short": "A Marx comedown, even with Wolf J. Flywheel. That's Groucho as the store sleuth.", "publication_date": "1941-06-27", "opening_date": "1941-06-20", "date_updated": "2016-03-30 07:25:59", "link": {"type": "article", "url": "http://www.nytimes.com/movie/review?res=9405E1DA153FE13BBC4F51DFB066838A659EDE", "suggested_link_text": "Read the New York Times Review of The Big Store"}, "multimedia": null}, {"display_title": "Caught in the Draft", "mpaa_rating": "", "critics_pick": 0, "byline": "BOSLEY CROWTHER", "headline": "Caught in the Draft", "summary_short": "Good, typical Hope. Dated but funny.", "publication_date": "1941-06-26", "opening_date": "1941-07-04", "date_updated": "2016-03-30 06:55:15", "link": {"type": "article", "url": "http://www.nytimes.com/movie/review?res=9902EEDB153FE13BBC4E51DFB066838A659EDE", "suggested_link_text": "Read the New York Times Review of Caught in the Draft"}, "multimedia": null}, {"display_title": "Kukan", "mpaa_rating": "", "critics_pick": 0, "byline": "BOSLEY CROWTHER", "headline": "Kukan", "summary_short": "", "publication_date": "1941-06-24", "opening_date": "1941-06-23", "date_updated": "2016-03-30 07:12:11", "link": {"type": "article", "url": "http://www.nytimes.com/movie/review?res=9907E6DC153FE13BBC4C51DFB066838A659EDE", "suggested_link_text": "Read the New York Times Review of Kukan"}, "multimedia": null}, {"display_title": "Underground", "mpaa_rating": "", "critics_pick": 0, "byline": "T.S.", "headline": "Underground", "summary_short": "Anti-Nazis. Good start, able cast but cliches and budget thin it.", "publication_date": "1941-06-23", "opening_date": "1941-06-28", "date_updated": "2016-03-30 07:11:43", "link": {"type": "article", "url": "http://www.nytimes.com/movie/review?res=9A03E5DD153FE13BBC4B51DFB066838A659EDE", "suggested_link_text": "Read the New York Times Review of Underground"}, "multimedia": null}, {"display_title": "Out of the Fog", "mpaa_rating": "", "critics_pick": 0, "byline": "BOSLEY CROWTHER", "headline": "Out of the Fog", "summary_short": "Gangster moves in on Brooklyn family. Static and talk, talk, talk.", "publication_date": "1941-06-21", "opening_date": "1941-06-14", "date_updated": "2016-03-30 07:14:16", "link": {"type": "article", "url": "http://www.nytimes.com/movie/review?res=9C03E6DF153FE13BBC4951DFB066838A659EDE", "suggested_link_text": "Read the New York Times Review of Out of the Fog"}, "multimedia": null}, {"display_title": "Billy the Kid", "mpaa_rating": "Not Rated", "critics_pick": 0, "byline": "BOSLEY CROWTHER", "headline": "Billy the Kid", "summary_short": "Burly but unstartling.", "publication_date": "1941-06-20", "opening_date": "1941-05-30", "date_updated": "2016-03-30 06:48:27", "link": {"type": "article", "url": "http://www.nytimes.com/movie/review?res=9C01E5D6143FE13BBC4851DFB066838A659EDE", "suggested_link_text": "Read the New York Times Review of Billy the Kid"}, "multimedia": null}, {"display_title": "Tight Shoes", "mpaa_rating": "", "critics_pick": 0, "byline": "BOSLEY CROWTHER", "headline": "Tight Shoes", "summary_short": "", "publication_date": "1941-06-19", "opening_date": "1941-06-13", "date_updated": "2016-03-30 07:23:25", "link": {"type": "article", "url": "http://www.nytimes.com/movie/review?res=950CE6D7143FE13BBC4152DFB066838A659EDE", "suggested_link_text": "Read the New York Times Review of Tight Shoes"}, "multimedia": null}, {"display_title": "Broadway Limited", "mpaa_rating": "", "critics_pick": 0, "byline": "T.S.", "headline": "Broadway Limited", "summary_short": "And how. Backfiring publicity stunt.", "publication_date": "1941-06-16", "opening_date": "1941-06-13", "date_updated": "2016-03-30 07:11:55", "link": {"type": "article", "url": "http://www.nytimes.com/movie/review?res=9F0CE4D9143FE13BBC4E52DFB066838A659EDE", "suggested_link_text": "Read the New York Times Review of Broadway Limited"}, "multimedia": null}, {"display_title": "Ni Sangre Ni Arena", "mpaa_rating": "", "critics_pick": 0, "byline": "BETTY KIRK", "headline": "Ni Sangre, Ni Arena", "summary_short": "", "publication_date": "1941-06-15", "opening_date": null, "date_updated": "2016-03-30 06:55:56", "link": {"type": "article", "url": "http://www.nytimes.com/movie/review?res=9C05E3DA143FE13BBC4D52DFB066838A659EDE", "suggested_link_text": "Read the New York Times Review of Ni Sangre Ni Arena"}, "multimedia": null}, {"display_title": "Man Hunt", "mpaa_rating": "Not Rated", "critics_pick": 1, "byline": "BOSLEY CROWTHER", "headline": "Man Hunt", "summary_short": "English sportsman vs. Nazis and London spies. Grand thriller. Most tantalizing opening ever.", "publication_date": "1941-06-14", "opening_date": null, "date_updated": "2016-03-30 06:44:06", "link": {"type": "article", "url": "http://www.nytimes.com/movie/review?res=9F01EEDC1F3BE233A25757C1A9609C946093D6CF", "suggested_link_text": "Read the New York Times Review of Man Hunt"}, "multimedia": null}]}