{"status": "OK", "copyright": "Copyright (c) 2017 The New York Times Company. All Rights Reserved.", "has_more": true, "num_results": 20, "results": [{"display_title": "Off the Record", "mpaa_rating": "", "critics_pick": 0, "byline": "FRANK S. NUGENT", "headline": "Off the Record", "summary_short": "Investigative reporters marry and adopt delinquent boy. Depressingly unoriginal.", "publication_date": "1939-02-18", "opening_date": "1939-02-17", "date_updated": "2016-03-30 06:44:43", "link": {"type": "article", "url": "http://www.nytimes.com/movie/review?res=9C05E5DF1E3FE23ABC4052DFB4668382629EDE", "suggested_link_text": "Read the New York Times Review of Off the Record"}, "multimedia": null}, {"display_title": "Made for Each Other", "mpaa_rating": "", "critics_pick": 1, "byline": "FRANK S. NUGENT", "headline": "Made for Each Other", "summary_short": "Young marrieds back when. Beautifully handled.", "publication_date": "1939-02-17", "opening_date": "1939-02-10", "date_updated": "2016-03-30 06:51:07", "link": {"type": "article", "url": "http://www.nytimes.com/movie/review?res=9405E1D6113FE23ABC4F52DFB4668382629EDE", "suggested_link_text": "Read the New York Times Review of Made for Each Other"}, "multimedia": null}, {"display_title": "The Mutiny on the Elsinore", "mpaa_rating": "", "critics_pick": 0, "byline": "FRANK S. NUGENT", "headline": "Mutiny of the Elsinore, The", "summary_short": "", "publication_date": "1939-02-16", "opening_date": "1939-02-15", "date_updated": "2016-03-30 06:43:58", "link": {"type": "article", "url": "http://www.nytimes.com/movie/review?res=9D0DEED7113FE23ABC4E52DFB4668382629EDE", "suggested_link_text": "Read the New York Times Review of The Mutiny on the Elsinore"}, "multimedia": null}, {"display_title": "One Third of a Nation", "mpaa_rating": "", "critics_pick": 0, "byline": "FRANK S. NUGENT", "headline": "One Third of a Nation", "summary_short": "An old-money heir falls in love with a tenant. Interesting cinema technique.", "publication_date": "1939-02-11", "opening_date": "1939-02-10", "date_updated": "2016-03-30 06:45:08", "link": {"type": "article", "url": "http://www.nytimes.com/movie/review?res=9D05EFD8113FE23ABC4952DFB4668382629EDE", "suggested_link_text": "Read the New York Times Review of One Third of a Nation"}, "multimedia": null}, {"display_title": "Beauty for the Asking", "mpaa_rating": "", "critics_pick": 0, "byline": "FRANK S. NUGENT", "headline": "Beauty for the Asking", "summary_short": "Young Lucy in the Manhattan cosmetics orbit. Passable fluff.", "publication_date": "1939-02-10", "opening_date": "1939-02-24", "date_updated": "2016-03-30 07:26:10", "link": {"type": "article", "url": "http://www.nytimes.com/movie/review?res=9F02E6D8113FE23ABC4852DFB4668382629EDE", "suggested_link_text": "Read the New York Times Review of Beauty for the Asking"}, "multimedia": null}, {"display_title": "Ambush", "mpaa_rating": "", "critics_pick": 0, "byline": "FRANK S. NUGENT", "headline": "Ambush", "summary_short": "", "publication_date": "1939-02-09", "opening_date": "1939-01-20", "date_updated": "2016-03-30 06:55:09", "link": {"type": "article", "url": "http://www.nytimes.com/movie/review?res=9A05E2D9113FE23ABC4153DFB4668382629EDE", "suggested_link_text": "Read the New York Times Review of Ambush"}, "multimedia": null}, {"display_title": "School for Husbands", "mpaa_rating": "", "critics_pick": 0, "byline": "FRANK S. NUGENT", "headline": "School for Husbands", "summary_short": "", "publication_date": "1939-02-07", "opening_date": "1939-02-06", "date_updated": "2016-03-30 07:18:04", "link": {"type": "article", "url": "http://www.nytimes.com/movie/review?res=980CE6DA113FE23ABC4F53DFB4668382629EDE", "suggested_link_text": "Read the New York Times Review of School for Husbands"}, "multimedia": null}, {"display_title": "Gunga Din", "mpaa_rating": "", "critics_pick": 1, "byline": "B. R. Crisler", "headline": "GUNGA DIN (MOVIE)", "summary_short": "Plenty of both. Good old rouser.", "publication_date": "1939-01-27", "opening_date": "1939-02-17", "date_updated": "2016-03-30 06:56:43", "link": {"type": "article", "url": "http://www.nytimes.com/movie/review?res=EE05E7DF173FE264BC4F51DFB7668382629EDE", "suggested_link_text": "Read the New York Times Review of Gunga Din"}, "multimedia": null}, {"display_title": "Arrest Bulldog Drummond", "mpaa_rating": "", "critics_pick": 0, "byline": "FRANK S. NUGENT", "headline": "Arrest Bulldog Drummond", "summary_short": "", "publication_date": "1939-01-12", "opening_date": "1939-01-11", "date_updated": "2016-03-30 07:16:27", "link": {"type": "article", "url": "http://www.nytimes.com/movie/review?res=9F04EEDA103FE23ABC4A52DFB7668382629EDE", "suggested_link_text": "Read the New York Times Review of Arrest Bulldog Drummond"}, "multimedia": null}, {"display_title": "Peck's Bad Boy with the Circus", "mpaa_rating": "", "critics_pick": 0, "byline": "FRANK S. NUGENT", "headline": "Peck's bad Boy With the Circus", "summary_short": "Lad has romantic dalliance with adolescent circus performer before heading to summer camp.", "publication_date": "1939-01-11", "opening_date": "1938-12-02", "date_updated": "2016-03-30 07:05:39", "link": {"type": "article", "url": "http://www.nytimes.com/movie/review?res=9D0DE2DB103FE23ABC4952DFB7668382629EDE", "suggested_link_text": "Read the New York Times Review of Peck's Bad Boy with the Circus"}, "multimedia": null}, {"display_title": "Going Places", "mpaa_rating": "", "critics_pick": 0, "byline": "FRANK S. NUGENT", "headline": "Going Places", "summary_short": "Milling little musical. Best song defines it: ``Jeepers Creepers.''", "publication_date": "1939-01-07", "opening_date": "1939-01-06", "date_updated": "2016-03-30 07:29:45", "link": {"type": "article", "url": "http://www.nytimes.com/movie/review?res=9B02E2D6133FE23ABC4F53DFB7668382629EDE", "suggested_link_text": "Read the New York Times Review of Going Places"}, "multimedia": null}, {"display_title": "There's That Woman Again", "mpaa_rating": "", "critics_pick": 0, "byline": "FRANK S. NUGENT", "headline": "There's That Woman Again", "summary_short": "", "publication_date": "1939-01-06", "opening_date": "1939-01-06", "date_updated": "2016-03-30 06:44:32", "link": {"type": "article", "url": "http://www.nytimes.com/movie/review?res=9A0CE7D6133FE23ABC4E53DFB7668382629EDE", "suggested_link_text": "Read the New York Times Review of There's That Woman Again"}, "multimedia": null}, {"display_title": "I Stand Accused", "mpaa_rating": "", "critics_pick": 0, "byline": "FRANK S. NUGENT", "headline": "I Stand Accused", "summary_short": "Law-school buddies become ex-partners, then clash over a slot-machine racket.", "publication_date": "1939-01-05", "opening_date": "1938-10-29", "date_updated": "2016-03-30 07:27:12", "link": {"type": "article", "url": "http://www.nytimes.com/movie/review?res=9805E3D7133FE23ABC4D53DFB7668382629EDE", "suggested_link_text": "Read the New York Times Review of I Stand Accused"}, "multimedia": null}, {"display_title": "Charlie Chan in Honolulu", "mpaa_rating": "", "critics_pick": 0, "byline": "FRANK S. NUGENT", "headline": "Charlie Chan in Honolulu", "summary_short": "Palmy salami. Not Charlie's best.", "publication_date": "1938-12-31", "opening_date": "1938-12-30", "date_updated": "2016-03-30 07:14:02", "link": {"type": "article", "url": "http://www.nytimes.com/movie/review?res=9F01EEDA143BEE3ABC4950DFB4678383629EDE", "suggested_link_text": "Read the New York Times Review of Charlie Chan in Honolulu"}, "multimedia": null}, {"display_title": "The Lady Vanishes", "mpaa_rating": "", "critics_pick": 1, "byline": "Frank S. Nugent", "headline": "THE LADY VANISHES (MOVIE)", "summary_short": "Hitchcock's train classic, loaded with spies.", "publication_date": "1938-12-26", "opening_date": "1938-11-01", "date_updated": "2016-03-30 06:45:43", "link": {"type": "article", "url": "http://www.nytimes.com/movie/review?res=EE05E7DF173DBA2CA54A4CC2B77994886896", "suggested_link_text": "Read the New York Times Review of The Lady Vanishes"}, "multimedia": null}, {"display_title": "Heart of the North", "mpaa_rating": "", "critics_pick": 0, "byline": "FRANK S. NUGENT", "headline": "Heart of the North", "summary_short": "Dull adventure about Canadian Mounties.", "publication_date": "1938-12-21", "opening_date": "1938-12-10", "date_updated": "2016-03-30 07:22:19", "link": {"type": "article", "url": "http://www.nytimes.com/movie/review?res=9F04E0DF143BEE3ABC4951DFB4678383629EDE", "suggested_link_text": "Read the New York Times Review of Heart of the North"}, "multimedia": null}, {"display_title": "Comet over Broadway", "mpaa_rating": "", "critics_pick": 0, "byline": "FRANK S. NUGENT", "headline": "Comet over Broadway", "summary_short": "Actress-mother strives to get her husband out of prison.", "publication_date": "1938-12-16", "opening_date": "1938-12-03", "date_updated": "2016-03-30 06:54:47", "link": {"type": "article", "url": "http://www.nytimes.com/movie/review?res=9801E6DB1131EE3ABC4E52DFB4678383629EDE", "suggested_link_text": "Read the New York Times Review of Comet over Broadway"}, "multimedia": null}, {"display_title": "Flirting with Fate", "mpaa_rating": "", "critics_pick": 0, "byline": "FRANK S. NUGENT", "headline": "Flirting With Fate", "summary_short": "Old-style comedy vehicle for Joe E.", "publication_date": "1938-12-15", "opening_date": "1938-12-02", "date_updated": "2016-03-30 06:50:24", "link": {"type": "article", "url": "http://www.nytimes.com/movie/review?res=9D0DE4D91331E03ABC4D52DFB4678383629EDE", "suggested_link_text": "Read the New York Times Review of Flirting with Fate"}, "multimedia": null}, {"display_title": "Cipher Bureau", "mpaa_rating": "", "critics_pick": 0, "byline": "FRANK S. NUGENT", "headline": "Cipher Bureau", "summary_short": "", "publication_date": "1938-12-14", "opening_date": "1938-10-26", "date_updated": "2016-03-30 07:13:55", "link": {"type": "article", "url": "http://www.nytimes.com/movie/review?res=9F06E2DC1131EE3ABC4C52DFB4678383629EDE", "suggested_link_text": "Read the New York Times Review of Cipher Bureau"}, "multimedia": null}, {"display_title": "Pygmalion", "mpaa_rating": "Not Rated", "critics_pick": 1, "byline": "Frank S. Nugent", "headline": "PYGMALION (MOVIE)", "summary_short": "Shaw's fair lady, long before the music. Peerless.", "publication_date": "1938-12-08", "opening_date": "1939-03-03", "date_updated": "2016-03-30 06:41:43", "link": {"type": "article", "url": "http://www.nytimes.com/movie/review?res=EE05E7DF1731E273BC4053DFB4678383629EDE", "suggested_link_text": "Read the New York Times Review of Pygmalion"}, "multimedia": null}]}