{"status": "OK", "copyright": "Copyright (c) 2017 The New York Times Company. All Rights Reserved.", "has_more": true, "num_results": 20, "results": [{"display_title": "Sucker Money", "mpaa_rating": "", "critics_pick": 0, "byline": "A.D.S.", "headline": "Sucker Money", "summary_short": "", "publication_date": "1933-04-07", "opening_date": "1933-03-01", "date_updated": "2016-03-30 07:05:49", "link": {"type": "article", "url": "http://www.nytimes.com/movie/review?res=9D03E6DC163AEF3ABC4F53DFB2668388629EDE", "suggested_link_text": "Read the New York Times Review of Sucker Money"}, "multimedia": null}, {"display_title": "The Mind Reader", "mpaa_rating": "", "critics_pick": 0, "byline": "MORDAUNT HALL.", "headline": "Mind Reader, The", "summary_short": "A phony clairvoyant tries reality.", "publication_date": "1933-04-07", "opening_date": "1933-04-01", "date_updated": "2016-03-30 07:23:03", "link": {"type": "article", "url": "http://www.nytimes.com/movie/review?res=9C03E6DC163AEF3ABC4F53DFB2668388629EDE", "suggested_link_text": "Read the New York Times Review of The Mind Reader"}, "multimedia": null}, {"display_title": "Rivals", "mpaa_rating": "", "critics_pick": 0, "byline": "H.T.S.", "headline": "Rivals", "summary_short": "", "publication_date": "1933-04-05", "opening_date": "1933-04-04", "date_updated": "2016-03-30 07:13:39", "link": {"type": "article", "url": "http://www.nytimes.com/movie/review?res=9D03E4D6173BEF3ABC4D53DFB2668388629EDE", "suggested_link_text": "Read the New York Times Review of Rivals"}, "multimedia": null}, {"display_title": "M", "mpaa_rating": "Not Rated", "critics_pick": 1, "byline": "M.H.", "headline": "M", "summary_short": "German child murderer. Fritz Lang's murky masterpiece. Powerful and shattering.", "publication_date": "1933-04-03", "opening_date": null, "date_updated": "2016-03-30 07:26:23", "link": {"type": "article", "url": "http://www.nytimes.com/movie/review?res=9B03E1D7173BEF3ABC4B53DFB2668388629EDE", "suggested_link_text": "Read the New York Times Review of M"}, "multimedia": null}, {"display_title": "Pleasure Cruise", "mpaa_rating": "", "critics_pick": 0, "byline": "MOBDAUNT HALI.", "headline": "Pleasure Cruise", "summary_short": "", "publication_date": "1933-04-03", "opening_date": "1933-04-01", "date_updated": "2016-03-30 07:20:24", "link": {"type": "article", "url": "http://www.nytimes.com/movie/review?res=9A03E1D7173BEF3ABC4B53DFB2668388629EDE", "suggested_link_text": "Read the New York Times Review of Pleasure Cruise"}, "multimedia": null}, {"display_title": "Murders in the Zoo", "mpaa_rating": "", "critics_pick": 0, "byline": "A.D.S.", "headline": "Murders in the Zoo", "summary_short": "Zoologist fangs wife's admirers, alligators get her, python gets him. Don't miss it.", "publication_date": "1933-04-03", "opening_date": "1933-03-31", "date_updated": "2016-03-30 06:50:19", "link": {"type": "article", "url": "http://www.nytimes.com/movie/review?res=9403E1D7173BEF3ABC4B53DFB2668388629EDE", "suggested_link_text": "Read the New York Times Review of Murders in the Zoo"}, "multimedia": null}, {"display_title": "Fires of Fate", "mpaa_rating": "", "critics_pick": 0, "byline": "A.D.S.", "headline": "Fires of Fate", "summary_short": "", "publication_date": "1933-04-03", "opening_date": null, "date_updated": "2016-03-30 06:56:38", "link": {"type": "article", "url": "http://www.nytimes.com/movie/review?res=9503E1D7173BEF3ABC4B53DFB2668388629EDE", "suggested_link_text": "Read the New York Times Review of Fires of Fate"}, "multimedia": null}, {"display_title": "West of Singapore", "mpaa_rating": "", "critics_pick": 0, "byline": "A.D.S.", "headline": "West of Singapore", "summary_short": "", "publication_date": "1933-04-01", "opening_date": "1933-01-31", "date_updated": "2016-03-30 06:56:19", "link": {"type": "article", "url": "http://www.nytimes.com/movie/review?res=9501E3DD1438E333A25752C0A9629C946294D6CF", "suggested_link_text": "Read the New York Times Review of West of Singapore"}, "multimedia": null}, {"display_title": "Girl Missing", "mpaa_rating": "", "critics_pick": 0, "byline": "A.D.S.", "headline": "Girl Missing", "summary_short": "Chorus girls target millionaire in shakedown scheme.", "publication_date": "1933-04-01", "opening_date": "1933-03-04", "date_updated": "2016-03-30 06:58:53", "link": {"type": "article", "url": "http://www.nytimes.com/movie/review?res=9B01E3DD1438E333A25752C0A9629C946294D6CF", "suggested_link_text": "Read the New York Times Review of Girl Missing"}, "multimedia": null}, {"display_title": "Gabriel Over the White House", "mpaa_rating": "", "critics_pick": 0, "byline": "MORDAUNT HALL.", "headline": "Gabriel Over the White House", "summary_short": "Compelling fantasy about a surprising president.", "publication_date": "1933-04-01", "opening_date": "1933-03-31", "date_updated": "2016-03-30 06:47:29", "link": {"type": "article", "url": "http://www.nytimes.com/movie/review?res=9401E3DD1438E333A25752C0A9629C946294D6CF", "suggested_link_text": "Read the New York Times Review of Gabriel Over the White House"}, "multimedia": null}, {"display_title": "State Trooper", "mpaa_rating": "", "critics_pick": 0, "byline": "MORDAUNT HALL.", "headline": "State Trooper", "summary_short": "", "publication_date": "1933-03-27", "opening_date": "1933-02-10", "date_updated": "2016-03-30 07:06:03", "link": {"type": "article", "url": "http://www.nytimes.com/movie/review?res=9C01E4DE163AEF3ABC4F51DFB5668388629EDE", "suggested_link_text": "Read the New York Times Review of State Trooper"}, "multimedia": null}, {"display_title": "Private Jones", "mpaa_rating": "", "critics_pick": 0, "byline": "M.H.", "headline": "Private Jones", "summary_short": "", "publication_date": "1933-03-25", "opening_date": "1933-03-25", "date_updated": "2016-03-30 06:47:49", "link": {"type": "article", "url": "http://www.nytimes.com/movie/review?res=9D0CE4D9173BEF3ABC4D51DFB5668388629EDE", "suggested_link_text": "Read the New York Times Review of Private Jones"}, "multimedia": null}, {"display_title": "A Lady's Profession", "mpaa_rating": "", "critics_pick": 0, "byline": "MORDAUNT HALL.", "headline": "Lady's Profession, A", "summary_short": "", "publication_date": "1933-03-25", "opening_date": "1933-03-03", "date_updated": "2016-03-30 06:51:20", "link": {"type": "article", "url": "http://www.nytimes.com/movie/review?res=940DE4D9173BEF3ABC4D51DFB5668388629EDE", "suggested_link_text": "Read the New York Times Review of A Lady's Profession"}, "multimedia": null}, {"display_title": "Daring Daughters", "mpaa_rating": "", "critics_pick": 0, "byline": "A.D.S.", "headline": "Daring Daughters", "summary_short": "", "publication_date": "1933-03-25", "opening_date": "1933-03-25", "date_updated": "2016-03-30 06:56:39", "link": {"type": "article", "url": "http://www.nytimes.com/movie/review?res=9C0CE4D9173BEF3ABC4D51DFB5668388629EDE", "suggested_link_text": "Read the New York Times Review of Daring Daughters"}, "multimedia": null}, {"display_title": "Sweepings", "mpaa_rating": "", "critics_pick": 0, "byline": "MORDAUNT HALL.", "headline": "Sweepings", "summary_short": "Chicago tycoon's offspring show little interest in taking over the business.", "publication_date": "1933-03-24", "opening_date": "1933-04-14", "date_updated": "2016-03-30 07:25:53", "link": {"type": "article", "url": "http://www.nytimes.com/movie/review?res=940DE2D91E3AE333A25757C2A9659C946294D6CF", "suggested_link_text": "Read the New York Times Review of Sweepings"}, "multimedia": null}, {"display_title": "Strictly Personal", "mpaa_rating": "", "critics_pick": 0, "byline": "MORDAUNT HALL.", "headline": "Strictly Personal", "summary_short": "", "publication_date": "1933-03-20", "opening_date": "1933-03-17", "date_updated": "2016-03-30 06:47:06", "link": {"type": "article", "url": "http://www.nytimes.com/movie/review?res=9901E4D61F3BEF3ABC4851DFB5668388629EDE", "suggested_link_text": "Read the New York Times Review of Strictly Personal"}, "multimedia": null}, {"display_title": "Fast Workers", "mpaa_rating": "", "critics_pick": 0, "byline": "A.D.S.", "headline": "Fast Workers", "summary_short": "Rival, friendly riveters.", "publication_date": "1933-03-20", "opening_date": "1933-03-10", "date_updated": "2016-03-30 07:11:48", "link": {"type": "article", "url": "http://www.nytimes.com/movie/review?res=9A01E4D61F3BEF3ABC4851DFB5668388629EDE", "suggested_link_text": "Read the New York Times Review of Fast Workers"}, "multimedia": null}, {"display_title": "After the Ball", "mpaa_rating": "", "critics_pick": 0, "byline": "A.D.S.", "headline": "After the Ball", "summary_short": "", "publication_date": "1933-03-20", "opening_date": null, "date_updated": "2016-03-30 06:53:25", "link": {"type": "article", "url": "http://www.nytimes.com/movie/review?res=9B01E4D61F3BEF3ABC4851DFB5668388629EDE", "suggested_link_text": "Read the New York Times Review of After the Ball"}, "multimedia": null}, {"display_title": "Love in Morocco", "mpaa_rating": "", "critics_pick": 0, "byline": "A.D.S.", "headline": "Love in Morocco", "summary_short": "", "publication_date": "1933-03-20", "opening_date": "1933-03-19", "date_updated": "2016-03-30 07:14:09", "link": {"type": "article", "url": "http://www.nytimes.com/movie/review?res=9401E4D61F3BEF3ABC4851DFB5668388629EDE", "suggested_link_text": "Read the New York Times Review of Love in Morocco"}, "multimedia": null}, {"display_title": "From Hell to Heaven", "mpaa_rating": "", "critics_pick": 0, "byline": "MORDAUNT HALL", "headline": "From Hell to Heaven", "summary_short": "", "publication_date": "1933-03-18", "opening_date": "1933-02-24", "date_updated": "2016-03-30 06:44:48", "link": {"type": "article", "url": "http://www.nytimes.com/movie/review?res=9C0CEFD71738E333A2575BC1A9659C946294D6CF", "suggested_link_text": "Read the New York Times Review of From Hell to Heaven"}, "multimedia": null}]}