{"status": "OK", "copyright": "Copyright (c) 2017 The New York Times Company. All Rights Reserved.", "has_more": true, "num_results": 20, "results": [{"display_title": "After Tonight", "mpaa_rating": "", "critics_pick": 0, "byline": "MORDAUNT HALL.", "headline": "After Tonight", "summary_short": "Wartime spies in love. Old hat but Connie and Gil spark it neatly. Slender, palatable antique.", "publication_date": "1933-11-03", "opening_date": "1933-11-10", "date_updated": "2016-03-30 06:48:24", "link": {"type": "article", "url": "http://www.nytimes.com/movie/review?res=9507E2D71530EF3ABC4B53DFB7678388629EDE", "suggested_link_text": "Read the New York Times Review of After Tonight"}, "multimedia": null}, {"display_title": "Broadway Through a Keyhole", "mpaa_rating": "", "critics_pick": 0, "byline": "MORDAUNT HALL.", "headline": "Broadway Thru a Keyhole", "summary_short": "", "publication_date": "1933-11-02", "opening_date": "1933-11-02", "date_updated": "2016-03-30 07:13:09", "link": {"type": "article", "url": "http://www.nytimes.com/movie/review?res=9B02E2D6123FE63ABC4A53DFB7678388629EDE", "suggested_link_text": "Read the New York Times Review of Broadway Through a Keyhole"}, "multimedia": null}, {"display_title": "Blind Adventure", "mpaa_rating": "", "critics_pick": 0, "byline": "MORDAUNT HALL.", "headline": "Blind Adventure", "summary_short": "An American finds mystery when he stumbles into a London mansion.", "publication_date": "1933-10-31", "opening_date": "1933-08-18", "date_updated": "2016-03-30 06:45:01", "link": {"type": "article", "url": "http://www.nytimes.com/movie/review?res=940DE6D6123FE63ABC4950DFB6678388629EDE", "suggested_link_text": "Read the New York Times Review of Blind Adventure"}, "multimedia": null}, {"display_title": "The Kennel Murder Case", "mpaa_rating": "", "critics_pick": 0, "byline": "MORDAUNT HALL.", "headline": "Kennel Murder Case, The", "summary_short": "Philo Vance solves Long Island murder with help of a Doberman. Classic, compact whodunit.", "publication_date": "1933-10-30", "opening_date": "1933-10-28", "date_updated": "2016-03-30 07:07:29", "link": {"type": "article", "url": "http://www.nytimes.com/movie/review?res=9800E1DC1731E333A25753C3A9669D946294D6CF", "suggested_link_text": "Read the New York Times Review of The Kennel Murder Case"}, "multimedia": null}, {"display_title": "Wenn Die Liebe Mode Macht", "mpaa_rating": "", "critics_pick": 0, "byline": "H.T.S.", "headline": "Wenn die Liebe Mode Macht", "summary_short": "", "publication_date": "1933-10-30", "opening_date": "1933-10-29", "date_updated": "2016-03-30 07:07:25", "link": {"type": "article", "url": "http://www.nytimes.com/movie/review?res=9B00E1DC1731E333A25753C3A9669D946294D6CF", "suggested_link_text": "Read the New York Times Review of Wenn Die Liebe Mode Macht"}, "multimedia": null}, {"display_title": "Meet the Baron", "mpaa_rating": "", "critics_pick": 0, "byline": "MOBDAUNT HALL.", "headline": "Meet the Baron", "summary_short": "Stone Age corn, but who could resist James?", "publication_date": "1933-10-28", "opening_date": "1933-10-20", "date_updated": "2016-03-30 06:42:42", "link": {"type": "article", "url": "http://www.nytimes.com/movie/review?res=9404E7DD1731E333A2575BC2A9669D946294D6CF", "suggested_link_text": "Read the New York Times Review of Meet the Baron"}, "multimedia": null}, {"display_title": "Love, Honor and Oh Baby!", "mpaa_rating": "", "critics_pick": 0, "byline": "A.D.S.", "headline": "Love, Honor and Oh, Baby!", "summary_short": "", "publication_date": "1933-10-28", "opening_date": "1933-10-01", "date_updated": "2016-03-30 07:15:39", "link": {"type": "article", "url": "http://www.nytimes.com/movie/review?res=9A07E7DD1731E333A2575BC2A9669D946294D6CF", "suggested_link_text": "Read the New York Times Review of Love, Honor and Oh Baby!"}, "multimedia": null}, {"display_title": "Dance, Girl, Dance", "mpaa_rating": "", "critics_pick": 0, "byline": "MORDAUNT HALL", "headline": "Dance, Girl, Dance", "summary_short": "", "publication_date": "1933-10-25", "opening_date": "1933-09-01", "date_updated": "2016-03-30 06:46:54", "link": {"type": "article", "url": "http://www.nytimes.com/movie/review?res=9400E6DE1731E333A25756C2A9669D946294D6CF", "suggested_link_text": "Read the New York Times Review of Dance, Girl, Dance"}, "multimedia": null}, {"display_title": "The Wandering Jew", "mpaa_rating": "", "critics_pick": 0, "byline": "H.T.S.", "headline": "Wandering Jew, The", "summary_short": "", "publication_date": "1933-10-21", "opening_date": null, "date_updated": "2016-03-30 06:58:08", "link": {"type": "article", "url": "http://www.nytimes.com/movie/review?res=9404E5D61631E333A25752C2A9669D946294D6CF", "suggested_link_text": "Read the New York Times Review of The Wandering Jew"}, "multimedia": null}, {"display_title": "Walls of Gold", "mpaa_rating": "", "critics_pick": 0, "byline": "A.D.S.", "headline": "Walls of Gold", "summary_short": "", "publication_date": "1933-10-21", "opening_date": "1933-10-21", "date_updated": "2016-03-30 07:25:44", "link": {"type": "article", "url": "http://www.nytimes.com/movie/review?res=9B04E5D61631E333A25752C2A9669D946294D6CF", "suggested_link_text": "Read the New York Times Review of Walls of Gold"}, "multimedia": null}, {"display_title": "Bombshell", "mpaa_rating": "", "critics_pick": 0, "byline": "MORDAUNT HALL.B.R.C.", "headline": "Bombshell", "summary_short": "The Hollywood kind. One of the brightest of all stardom spoofs, served with relish.", "publication_date": "1933-10-21", "opening_date": "1933-10-13", "date_updated": "2016-03-30 07:11:16", "link": {"type": "article", "url": "http://www.nytimes.com/movie/review?res=9A04E5D61631E333A25752C2A9669D946294D6CF", "suggested_link_text": "Read the New York Times Review of Bombshell"}, "multimedia": null}, {"display_title": "Quatorze Juillet", "mpaa_rating": "", "critics_pick": 0, "byline": "M.H.", "headline": "Quatorez Juillet", "summary_short": "Love in Paris, via Rene Clair. Early one.", "publication_date": "1933-10-20", "opening_date": null, "date_updated": "2016-03-30 07:06:05", "link": {"type": "article", "url": "http://www.nytimes.com/movie/review?res=9B0DE2D81E31E633A25753C2A9669D946294D6CF", "suggested_link_text": "Read the New York Times Review of Quatorze Juillet"}, "multimedia": null}, {"display_title": "Aggie Appleby", "mpaa_rating": "", "critics_pick": 0, "byline": "MORDAUNT HALL.", "headline": "Aggie Appleby, Maker of Men", "summary_short": "Pampered young man transformed by criminal's mistress. Decent concept made ridiculously implausible.", "publication_date": "1933-10-20", "opening_date": "1933-11-03", "date_updated": "2016-03-30 07:11:50", "link": {"type": "article", "url": "http://www.nytimes.com/movie/review?res=940DE2D81E31E633A25753C2A9669D946294D6CF", "suggested_link_text": "Read the New York Times Review of Aggie Appleby"}, "multimedia": null}, {"display_title": "Quando El Amor Rie", "mpaa_rating": "", "critics_pick": 0, "byline": "H.T.S.", "headline": "Quando el Amor Rie", "summary_short": "", "publication_date": "1933-10-17", "opening_date": "1933-10-16", "date_updated": "2016-03-30 06:51:00", "link": {"type": "article", "url": "http://www.nytimes.com/movie/review?res=990DE3DE123FE63ABC4F52DFB6678388629EDE", "suggested_link_text": "Read the New York Times Review of Quando El Amor Rie"}, "multimedia": null}, {"display_title": "Before Dawn", "mpaa_rating": "", "critics_pick": 0, "byline": "MORDAUNT HALL.", "headline": "Before Dawn", "summary_short": "Search for loot hidden in mansion.", "publication_date": "1933-10-17", "opening_date": "1933-08-04", "date_updated": "2016-03-30 06:51:10", "link": {"type": "article", "url": "http://www.nytimes.com/movie/review?res=980DE3DE123FE63ABC4F52DFB6678388629EDE", "suggested_link_text": "Read the New York Times Review of Before Dawn"}, "multimedia": null}, {"display_title": "My Woman", "mpaa_rating": "", "critics_pick": 0, "byline": "A.D.S.", "headline": "My Woman", "summary_short": "", "publication_date": "1933-10-16", "opening_date": "1933-10-05", "date_updated": "2016-03-30 06:58:34", "link": {"type": "article", "url": "http://www.nytimes.com/movie/review?res=9A04E1D81530EF3ABC4E52DFB6678388629EDE", "suggested_link_text": "Read the New York Times Review of My Woman"}, "multimedia": null}, {"display_title": "The Private Life of Henry VIII", "mpaa_rating": "", "critics_pick": 1, "byline": "MORDAUNT HALL.", "headline": "Private Life of Henry VIII, The", "summary_short": "Forever fabulous. Laughton's Oscar.", "publication_date": "1933-10-13", "opening_date": "1933-09-21", "date_updated": "2016-03-30 06:50:17", "link": {"type": "article", "url": "http://www.nytimes.com/movie/review?res=9F01EED6153FE63ABC4B52DFB6678388629EDE", "suggested_link_text": "Read the New York Times Review of The Private Life of Henry VIII"}, "multimedia": null}, {"display_title": "Ever in My Heart", "mpaa_rating": "", "critics_pick": 0, "byline": "A.D.S.", "headline": "Ever in my Heart", "summary_short": "World War I brings tragedy to German-American professor, rich wife.", "publication_date": "1933-10-13", "opening_date": "1933-10-28", "date_updated": "2016-03-30 07:05:25", "link": {"type": "article", "url": "http://www.nytimes.com/movie/review?res=9801EED6153FE63ABC4B52DFB6678388629EDE", "suggested_link_text": "Read the New York Times Review of Ever in My Heart"}, "multimedia": null}, {"display_title": "Ich Glaub Nie Mehr an Eine Frau", "mpaa_rating": "", "critics_pick": 0, "byline": "H.T.S.", "headline": "Ich Glaub' nie Mehr an Eine Frau", "summary_short": "", "publication_date": "1933-10-13", "opening_date": null, "date_updated": "2016-03-30 06:54:56", "link": {"type": "article", "url": "http://www.nytimes.com/movie/review?res=9901EED6153FE63ABC4B52DFB6678388629EDE", "suggested_link_text": "Read the New York Times Review of Ich Glaub Nie Mehr an Eine Frau"}, "multimedia": null}, {"display_title": "The Good Companions", "mpaa_rating": "", "critics_pick": 0, "byline": "MORDAUNT HALL.", "headline": "Good Companions, The", "summary_short": "", "publication_date": "1933-10-10", "opening_date": null, "date_updated": "2016-03-30 07:21:09", "link": {"type": "article", "url": "http://www.nytimes.com/movie/review?res=9F0CE5D91530EF3ABC4852DFB6678388629EDE", "suggested_link_text": "Read the New York Times Review of The Good Companions"}, "multimedia": null}]}