{"status": "OK", "copyright": "Copyright (c) 2017 The New York Times Company. All Rights Reserved.", "has_more": true, "num_results": 20, "results": [{"display_title": "Pride of the Bowery", "mpaa_rating": "", "critics_pick": 0, "byline": "T.S.", "headline": "Pride of the Bowery", "summary_short": "The boys join the Civilian Conservation Corps. Dated as a dodo.", "publication_date": "1941-01-24", "opening_date": "1940-12-15", "date_updated": "2016-03-30 06:56:04", "link": {"type": "article", "url": "http://www.nytimes.com/movie/review?res=9D00EFD61F3BE33BBC4C51DFB766838A659EDE", "suggested_link_text": "Read the New York Times Review of Pride of the Bowery"}, "multimedia": null}, {"display_title": "A Night at Earl Carroll's", "mpaa_rating": "", "critics_pick": 0, "byline": "BOSLEY CROWTHER", "headline": "Night at Earl Carroll's, A", "summary_short": "From hunger then, no fatter now.", "publication_date": "1941-01-23", "opening_date": "1940-12-06", "date_updated": "2016-03-30 07:26:32", "link": {"type": "article", "url": "http://www.nytimes.com/movie/review?res=9907E7D81F3BE33BBC4B51DFB766838A659EDE", "suggested_link_text": "Read the New York Times Review of A Night at Earl Carroll's"}, "multimedia": null}, {"display_title": "Let's Make Music", "mpaa_rating": "", "critics_pick": 0, "byline": "T.S.", "headline": "Let's Make Music", "summary_short": "Bandleader turns elderly schoolmarm's song into jazzy hit.", "publication_date": "1941-01-23", "opening_date": "1941-01-17", "date_updated": "2016-03-30 07:12:43", "link": {"type": "article", "url": "http://www.nytimes.com/movie/review?res=9A07E7D81F3BE33BBC4B51DFB766838A659EDE", "suggested_link_text": "Read the New York Times Review of Let's Make Music"}, "multimedia": null}, {"display_title": "She Couldn't Say No", "mpaa_rating": "", "critics_pick": 0, "byline": "T.M.P.", "headline": "She Couldn't Say No", "summary_short": "Two engaged lawyers square off on the same lawsuit case.", "publication_date": "1941-01-17", "opening_date": "1940-12-07", "date_updated": "2016-03-30 06:55:58", "link": {"type": "article", "url": "http://www.nytimes.com/movie/review?res=9A04E4DE1F38E33BBC4F52DFB766838A659EDE", "suggested_link_text": "Read the New York Times Review of She Couldn't Say No"}, "multimedia": null}, {"display_title": "Flight Command", "mpaa_rating": "", "critics_pick": 0, "byline": "BOSLEY CROWTHER", "headline": "Flight Command", "summary_short": "Hotshot Navy pilot. Tepid.", "publication_date": "1941-01-17", "opening_date": "1940-12-27", "date_updated": "2016-03-30 06:52:50", "link": {"type": "article", "url": "http://www.nytimes.com/movie/review?res=9904E4DE1F38E33BBC4F52DFB766838A659EDE", "suggested_link_text": "Read the New York Times Review of Flight Command"}, "multimedia": null}, {"display_title": "Convoy", "mpaa_rating": "", "critics_pick": 0, "byline": "T.S.", "headline": "Convoy", "summary_short": "New to us.", "publication_date": "1941-01-17", "opening_date": "1941-01-03", "date_updated": "2016-03-30 07:17:09", "link": {"type": "article", "url": "http://www.nytimes.com/movie/review?res=9E04E4DE1F38E33BBC4F52DFB766838A659EDE", "suggested_link_text": "Read the New York Times Review of Convoy"}, "multimedia": null}, {"display_title": "Second Chorus", "mpaa_rating": "", "critics_pick": 0, "byline": "BOSLEY CROWTHER", "headline": "Second Chorus", "summary_short": "College trumpeters aspire to Shaw's band. Even Astaire can't prop this one up.", "publication_date": "1941-01-16", "opening_date": "1941-01-03", "date_updated": "2016-03-30 06:42:09", "link": {"type": "article", "url": "http://www.nytimes.com/movie/review?res=9802EFDA1E38E33BBC4E52DFB766838A659EDE", "suggested_link_text": "Read the New York Times Review of Second Chorus"}, "multimedia": null}, {"display_title": "Behind the News", "mpaa_rating": "", "critics_pick": 0, "byline": "T.S.", "headline": "Behind the News", "summary_short": "", "publication_date": "1941-01-16", "opening_date": "1940-12-20", "date_updated": "2016-03-30 06:53:06", "link": {"type": "article", "url": "http://www.nytimes.com/movie/review?res=9A04E1DA1E38E33BBC4E52DFB766838A659EDE", "suggested_link_text": "Read the New York Times Review of Behind the News"}, "multimedia": null}, {"display_title": "La Noche de Los Mayas", "mpaa_rating": "", "critics_pick": 0, "byline": "BOSLEY CROWTHER", "headline": "Night of the Mayas", "summary_short": "", "publication_date": "1941-01-14", "opening_date": null, "date_updated": "2016-03-30 06:50:31", "link": {"type": "article", "url": "http://www.nytimes.com/movie/review?res=9F06E5D6103BE33BBC4C52DFB766838A659EDE", "suggested_link_text": "Read the New York Times Review of La Noche de Los Mayas"}, "multimedia": null}, {"display_title": "Four Mothers", "mpaa_rating": "", "critics_pick": 0, "byline": "BOSLEY CROWTHER", "headline": "Four Mothers", "summary_short": "``Four Daughters'' awash in suds. Third, weakest of the series.", "publication_date": "1941-01-11", "opening_date": "1941-01-04", "date_updated": "2016-03-30 06:42:08", "link": {"type": "article", "url": "http://www.nytimes.com/movie/review?res=9A05E5D9123DE33BBC4952DFB766838A659EDE", "suggested_link_text": "Read the New York Times Review of Four Mothers"}, "multimedia": null}, {"display_title": "The Case of the Black Parrot", "mpaa_rating": "", "critics_pick": 0, "byline": "T.S.", "headline": "Case of the Black Parrot, The", "summary_short": "Shipboard foul play.", "publication_date": "1941-01-10", "opening_date": "1941-01-11", "date_updated": "2016-03-30 07:26:18", "link": {"type": "article", "url": "http://www.nytimes.com/movie/review?res=9E04EEDA123DE33BBC4852DFB766838A659EDE", "suggested_link_text": "Read the New York Times Review of The Case of the Black Parrot"}, "multimedia": null}, {"display_title": "Hudson's Bay", "mpaa_rating": "", "critics_pick": 0, "byline": "BOSLEY CROWTHER", "headline": "Hudson's Bay", "summary_short": "Trappers and colony founders. Burly, biting adventure, compelling Muni.", "publication_date": "1941-01-10", "opening_date": "1941-01-03", "date_updated": "2016-03-30 07:19:43", "link": {"type": "article", "url": "http://www.nytimes.com/movie/review?res=9D04EEDA123DE33BBC4852DFB766838A659EDE", "suggested_link_text": "Read the New York Times Review of Hudson's Bay"}, "multimedia": null}, {"display_title": "Texas Rangers Ride Again", "mpaa_rating": "", "critics_pick": 0, "byline": "T.M.P.", "headline": "Texas Rangers Ride Again", "summary_short": "And ride and ride. Giddap.", "publication_date": "1941-01-09", "opening_date": "1940-12-13", "date_updated": "2016-03-30 06:55:27", "link": {"type": "article", "url": "http://www.nytimes.com/movie/review?res=9C05E1DD1E38E33BBC4153DFB766838A659EDE", "suggested_link_text": "Read the New York Times Review of Texas Rangers Ride Again"}, "multimedia": null}, {"display_title": "Kitty Foyle", "mpaa_rating": "", "critics_pick": 0, "byline": "BOSLEY CROWTHER", "headline": "Kitty Foyle", "summary_short": "Philadelphia career woman. Good romantic drama and Rogers's Oscar.", "publication_date": "1941-01-09", "opening_date": "1940-12-27", "date_updated": "2016-03-30 07:23:04", "link": {"type": "article", "url": "http://www.nytimes.com/movie/review?res=9A0CE2DD1E38E33BBC4153DFB766838A659EDE", "suggested_link_text": "Read the New York Times Review of Kitty Foyle"}, "multimedia": null}, {"display_title": "The Invisible Woman", "mpaa_rating": "", "critics_pick": 0, "byline": "T.S.", "headline": "Invisible Woman, The", "summary_short": "This time, a romp. Peppery fun, sporting cast.", "publication_date": "1941-01-09", "opening_date": "1940-12-27", "date_updated": "2016-03-30 07:23:29", "link": {"type": "article", "url": "http://www.nytimes.com/movie/review?res=950CE2DD1E38E33BBC4153DFB766838A659EDE", "suggested_link_text": "Read the New York Times Review of The Invisible Woman"}, "multimedia": null}, {"display_title": "The Lone Wolf Keeps a Date", "mpaa_rating": "", "critics_pick": 0, "byline": "T.S.", "headline": "Lone Wolf Keeps a Date, The", "summary_short": "", "publication_date": "1941-01-02", "opening_date": "1940-11-23", "date_updated": "2016-03-30 06:56:58", "link": {"type": "article", "url": "http://www.nytimes.com/movie/review?res=990DEEDB123DE33BBC4A53DFB766838A659EDE", "suggested_link_text": "Read the New York Times Review of The Lone Wolf Keeps a Date"}, "multimedia": null}, {"display_title": "Break the News", "mpaa_rating": "", "critics_pick": 0, "byline": "BOSLEY CROWTHER", "headline": "Break the News", "summary_short": "", "publication_date": "1941-01-02", "opening_date": "1941-01-01", "date_updated": "2016-03-30 07:26:43", "link": {"type": "article", "url": "http://www.nytimes.com/movie/review?res=980CEFDB123DE33BBC4A53DFB766838A659EDE", "suggested_link_text": "Read the New York Times Review of Break the News"}, "multimedia": null}, {"display_title": "The Philadelphia Story", "mpaa_rating": "Not Rated", "critics_pick": 1, "byline": "BOSLEY CROWTHER", "headline": "Philadelphia Story, The", "summary_short": "Strong-willed heiress about to remarry. Brilliant, with feet of clay.", "publication_date": "1940-12-27", "opening_date": "1940-12-26", "date_updated": "2016-03-30 06:53:40", "link": {"type": "article", "url": "http://www.nytimes.com/movie/review?res=9F04E0D71F3CE73ABC4F51DFB467838B659EDE", "suggested_link_text": "Read the New York Times Review of The Philadelphia Story"}, "multimedia": null}, {"display_title": "Melody Ranch", "mpaa_rating": "", "critics_pick": 0, "byline": "BOSLEY CROWTHER", "headline": "Melody Ranch", "summary_short": "", "publication_date": "1940-12-26", "opening_date": "1940-11-15", "date_updated": "2016-03-30 07:29:45", "link": {"type": "article", "url": "http://www.nytimes.com/movie/review?res=9E06E5D71F3CE73ABC4E51DFB467838B659EDE", "suggested_link_text": "Read the New York Times Review of Melody Ranch"}, "multimedia": null}, {"display_title": "Little Nellie Kelly", "mpaa_rating": "", "critics_pick": 0, "byline": "BY BOSLEY CROWTHER", "headline": "Little Nellie Kelly", "summary_short": "Irishman and father-in-law bring up little girl. Ten-ton blarney rendered painless by Judy's voice.", "publication_date": "1940-12-25", "opening_date": "1940-11-22", "date_updated": "2016-03-30 06:56:34", "link": {"type": "article", "url": "http://www.nytimes.com/movie/review?res=9D07E0D81F3CE73ABC4D51DFB467838B659EDE", "suggested_link_text": "Read the New York Times Review of Little Nellie Kelly"}, "multimedia": null}]}