{"status": "OK", "copyright": "Copyright (c) 2017 The New York Times Company. All Rights Reserved.", "has_more": true, "num_results": 20, "results": [{"display_title": "Platinum Blonde", "mpaa_rating": "", "critics_pick": 0, "byline": "MORDAUNT HALL.", "headline": "Platinum Blonde", "summary_short": "Early, snappy Capra comedy of journalist who marries into society. Perky antique.", "publication_date": "1931-10-31", "opening_date": "1931-10-31", "date_updated": "2016-03-30 07:12:39", "link": {"type": "article", "url": "http://www.nytimes.com/movie/review?res=9806E0D71039EE3ABC4950DFB667838A629EDE", "suggested_link_text": "Read the New York Times Review of Platinum Blonde"}, "multimedia": null}, {"display_title": "Consolation Marriage", "mpaa_rating": "", "critics_pick": 0, "byline": "MORDAUNT HALL.", "headline": "Consolation Marriage", "summary_short": "Marital drama, from the good old days.", "publication_date": "1931-10-30", "opening_date": "1931-11-21", "date_updated": "2016-03-30 07:28:20", "link": {"type": "article", "url": "http://www.nytimes.com/movie/review?res=9C05E0D81039EE3ABC4850DFB667838A629EDE", "suggested_link_text": "Read the New York Times Review of Consolation Marriage"}, "multimedia": null}, {"display_title": "The Unholy Garden", "mpaa_rating": "", "critics_pick": 0, "byline": "MORDAUNT HALL.", "headline": "Unholy Garden, The", "summary_short": "", "publication_date": "1931-10-29", "opening_date": "1931-10-28", "date_updated": "2016-03-30 07:12:47", "link": {"type": "article", "url": "http://www.nytimes.com/movie/review?res=9C05EED91039EE3ABC4151DFB667838A629EDE", "suggested_link_text": "Read the New York Times Review of The Unholy Garden"}, "multimedia": null}, {"display_title": "Fanny Foley Herself", "mpaa_rating": "", "critics_pick": 0, "byline": "MORDAUNT HALL.", "headline": "Fanny Foley Herself", "summary_short": "", "publication_date": "1931-10-26", "opening_date": "1931-10-10", "date_updated": "2016-03-30 07:05:06", "link": {"type": "article", "url": "http://www.nytimes.com/movie/review?res=9E03E6DB1039EE3ABC4E51DFB667838A629EDE", "suggested_link_text": "Read the New York Times Review of Fanny Foley Herself"}, "multimedia": null}, {"display_title": "Cisco Kid", "mpaa_rating": "", "critics_pick": 0, "byline": "MORDAUNT HALL.", "headline": "Cisco Kid, The", "summary_short": "", "publication_date": "1931-10-24", "opening_date": "1931-11-14", "date_updated": "2016-03-30 06:53:09", "link": {"type": "article", "url": "http://www.nytimes.com/movie/review?res=9501E2DC1039EE3ABC4C51DFB667838A629EDE", "suggested_link_text": "Read the New York Times Review of Cisco Kid"}, "multimedia": null}, {"display_title": "The Spirit of Notre Dame", "mpaa_rating": "", "critics_pick": 0, "byline": "MORDAUNT HALL.", "headline": "Spirit of Notre Dame, The", "summary_short": "Old-fashioned football drama.", "publication_date": "1931-10-16", "opening_date": "1931-10-13", "date_updated": "2016-03-30 06:47:19", "link": {"type": "article", "url": "http://www.nytimes.com/movie/review?res=9F0CEEDB123BE23ABC4E52DFB667838A629EDE", "suggested_link_text": "Read the New York Times Review of The Spirit of Notre Dame"}, "multimedia": null}, {"display_title": "Smart Woman", "mpaa_rating": "", "critics_pick": 0, "byline": "MORDAUNT HALL.", "headline": "Smart Woman", "summary_short": "Wife returned from Europe finds husband with another woman.", "publication_date": "1931-10-12", "opening_date": "1931-09-12", "date_updated": "2016-03-30 07:22:07", "link": {"type": "article", "url": "http://www.nytimes.com/movie/review?res=9E01E3DD1430E03ABC4A52DFB667838A629EDE", "suggested_link_text": "Read the New York Times Review of Smart Woman"}, "multimedia": null}, {"display_title": "The Gay Diplomat", "mpaa_rating": "", "critics_pick": 0, "byline": "MORDAUNT HALL.", "headline": "Gay Diplomat, The", "summary_short": "Soviet spy mingles romance with work.", "publication_date": "1931-10-10", "opening_date": "1931-08-22", "date_updated": "2016-03-30 07:15:35", "link": {"type": "article", "url": "http://www.nytimes.com/movie/review?res=9F03E7D7173BE033A25753C1A9669D946094D6CF", "suggested_link_text": "Read the New York Times Review of The Gay Diplomat"}, "multimedia": null}, {"display_title": "Monkey Business", "mpaa_rating": "Not Rated", "critics_pick": 0, "byline": "MORDAUNT HALL.", "headline": "Monkey Business", "summary_short": "Their shipboard pip, no Dumont this time. Funniest bits are the puppet show and Groucho's tango with Thelma.", "publication_date": "1931-10-08", "opening_date": "1931-09-19", "date_updated": "2016-03-30 06:56:09", "link": {"type": "article", "url": "http://www.nytimes.com/movie/review?res=9A00E0DF1430E03ABC4053DFB667838A629EDE", "suggested_link_text": "Read the New York Times Review of Monkey Business"}, "multimedia": null}, {"display_title": "Murder at Midnight", "mpaa_rating": "Not Rated", "critics_pick": 0, "byline": "MORDAUNT HALL.", "headline": "Murder at Midnight", "summary_short": "", "publication_date": "1931-10-05", "opening_date": "1931-09-01", "date_updated": "2016-03-30 06:51:41", "link": {"type": "article", "url": "http://www.nytimes.com/movie/review?res=9E01E0DD1F3FE432A25756C0A9669D946094D6CF", "suggested_link_text": "Read the New York Times Review of Murder at Midnight"}, "multimedia": null}, {"display_title": "Devotion", "mpaa_rating": "", "critics_pick": 0, "byline": "MORDAUNT HALL.", "headline": "Devotion", "summary_short": "British barrister and son's governess.", "publication_date": "1931-10-03", "opening_date": "1931-09-25", "date_updated": "2016-03-30 06:44:57", "link": {"type": "article", "url": "http://www.nytimes.com/movie/review?res=9F07E6DD123AEE3ABC4B53DFB667838A629EDE", "suggested_link_text": "Read the New York Times Review of Devotion"}, "multimedia": null}, {"display_title": "The Road to Singapore", "mpaa_rating": "", "critics_pick": 0, "byline": "MORDAUNT HALL.", "headline": "Road to Singapore, The", "summary_short": "Crosby-Hope's came later. Here a doctor's wife falls for a playboy in a stuffy British colony.", "publication_date": "1931-10-01", "opening_date": "1931-10-10", "date_updated": "2016-03-30 06:47:07", "link": {"type": "article", "url": "http://www.nytimes.com/movie/review?res=9800E2DF123AEE3ABC4953DFB667838A629EDE", "suggested_link_text": "Read the New York Times Review of The Road to Singapore"}, "multimedia": null}, {"display_title": "Captivation", "mpaa_rating": "", "critics_pick": 0, "byline": "MORDAUNT HALL.", "headline": "Captivation", "summary_short": "", "publication_date": "1931-09-28", "opening_date": null, "date_updated": "2016-03-30 07:16:49", "link": {"type": "article", "url": "http://www.nytimes.com/movie/review?res=9800EFD8163BE03ABC4051DFBF66838A629EDE", "suggested_link_text": "Read the New York Times Review of Captivation"}, "multimedia": null}, {"display_title": "East of Borneo", "mpaa_rating": "", "critics_pick": 0, "byline": "MORDAUNT HALL.", "headline": "East of Borneo", "summary_short": "Woman seeks doctor spouse deep in jungle.", "publication_date": "1931-09-26", "opening_date": "1931-08-01", "date_updated": "2016-03-30 07:29:55", "link": {"type": "article", "url": "http://www.nytimes.com/movie/review?res=9806E1DC103BE433A25755C2A96F9C946094D6CF", "suggested_link_text": "Read the New York Times Review of East of Borneo"}, "multimedia": null}, {"display_title": "Nur Am Rhein", "mpaa_rating": "", "critics_pick": 0, "byline": "MORDAUNT HALL.", "headline": "Nur am Rhein", "summary_short": "", "publication_date": "1931-09-25", "opening_date": null, "date_updated": "2016-03-30 06:50:57", "link": {"type": "article", "url": "http://www.nytimes.com/movie/review?res=9F06E5D8163BE03ABC4D51DFBF66838A629EDE", "suggested_link_text": "Read the New York Times Review of Nur Am Rhein"}, "multimedia": null}, {"display_title": "Palmy Days", "mpaa_rating": "", "critics_pick": 0, "byline": "MOBDAUNT HALL.", "headline": "Palmy Days", "summary_short": "Very perky fun, still. Pearly moment: bread loaf.", "publication_date": "1931-09-24", "opening_date": "1931-10-03", "date_updated": "2016-03-30 07:23:17", "link": {"type": "article", "url": "http://www.nytimes.com/movie/review?res=9904E3D9163BE03ABC4C51DFBF66838A629EDE", "suggested_link_text": "Read the New York Times Review of Palmy Days"}, "multimedia": null}, {"display_title": "The Big Gamble", "mpaa_rating": "", "critics_pick": 0, "byline": "MORDAUNT HALL", "headline": "Big Gamble, The", "summary_short": "Gambler in debt to criminal mastermind.", "publication_date": "1931-09-21", "opening_date": "1931-09-04", "date_updated": "2016-03-30 07:09:52", "link": {"type": "article", "url": "http://www.nytimes.com/movie/review?res=9B03EEDE103BE433A25752C2A96F9C946094D6CF", "suggested_link_text": "Read the New York Times Review of The Big Gamble"}, "multimedia": null}, {"display_title": "Wicked", "mpaa_rating": "", "critics_pick": 0, "byline": "MORDAUNT HALL.", "headline": "Wicked", "summary_short": "", "publication_date": "1931-09-19", "opening_date": null, "date_updated": "2016-03-30 07:22:52", "link": {"type": "article", "url": "http://www.nytimes.com/movie/review?res=9B00E1DA143DEE32A2575AC1A96F9C946094D6CF", "suggested_link_text": "Read the New York Times Review of Wicked"}, "multimedia": null}, {"display_title": "Das Rheinlandmaedel", "mpaa_rating": "", "critics_pick": 0, "byline": "MORDAUNT HALL.", "headline": "Rheinlandmaedel, Das", "summary_short": "", "publication_date": "1931-09-18", "opening_date": null, "date_updated": "2016-03-30 07:21:55", "link": {"type": "article", "url": "http://www.nytimes.com/movie/review?res=9C01E7D61339EE3ABC4052DFBF66838A629EDE", "suggested_link_text": "Read the New York Times Review of Das Rheinlandmaedel"}, "multimedia": null}, {"display_title": "Alexander Hamilton", "mpaa_rating": "", "critics_pick": 0, "byline": "MORDAUNT HALL.", "headline": "Alexander Hamilton", "summary_short": "Placid but firm historical biodrama, with peerless Arliss.", "publication_date": "1931-09-17", "opening_date": "1931-09-12", "date_updated": "2016-03-30 07:21:17", "link": {"type": "article", "url": "http://www.nytimes.com/movie/review?res=9F00EED81339EE3ABC4F52DFBF66838A629EDE", "suggested_link_text": "Read the New York Times Review of Alexander Hamilton"}, "multimedia": null}]}