{"status": "OK", "copyright": "Copyright (c) 2017 The New York Times Company. All Rights Reserved.", "has_more": true, "num_results": 20, "results": [{"display_title": "Les Maudits", "mpaa_rating": "", "critics_pick": 0, "byline": "A. W.", "headline": "Maudits, Les", "summary_short": "", "publication_date": "1948-04-26", "opening_date": null, "date_updated": "2016-03-30 07:24:55", "link": {"type": "article", "url": "http://www.nytimes.com/movie/review?res=980DE0D9153CE23BBC4E51DFB2668383659EDE", "suggested_link_text": "Read the New York Times Review of Les Maudits"}, "multimedia": null}, {"display_title": "Intrigue", "mpaa_rating": "", "critics_pick": 0, "byline": "T. M. P.", "headline": "Intrigue", "summary_short": "Shanghai black-marketeering. Fair.", "publication_date": "1948-04-24", "opening_date": "1947-12-06", "date_updated": "2016-03-30 06:54:13", "link": {"type": "article", "url": "http://www.nytimes.com/movie/review?res=9B01E7D9153CE23BBC4C51DFB2668383659EDE", "suggested_link_text": "Read the New York Times Review of Intrigue"}, "multimedia": null}, {"display_title": "Dreams That Money Can Buy", "mpaa_rating": "", "critics_pick": 0, "byline": "BOSLEY CROWTHER", "headline": "Dreams that Money can Buy", "summary_short": "", "publication_date": "1948-04-24", "opening_date": null, "date_updated": "2016-03-30 07:26:30", "link": {"type": "article", "url": "http://www.nytimes.com/movie/review?res=9A01E7D9153CE23BBC4C51DFB2668383659EDE", "suggested_link_text": "Read the New York Times Review of Dreams That Money Can Buy"}, "multimedia": null}, {"display_title": "State of the Union", "mpaa_rating": "", "critics_pick": 0, "byline": "BOSLEY CROWTHER", "headline": "State of the Union", "summary_short": "Presidential candidate trying to keep honor, via Capra. Bright, rather rhapsodic version of stage comedy.", "publication_date": "1948-04-23", "opening_date": "1948-04-30", "date_updated": "2016-03-30 06:57:10", "link": {"type": "article", "url": "http://www.nytimes.com/movie/review?res=9F0CEED81738EE3BBC4B51DFB2668383659EDE", "suggested_link_text": "Read the New York Times Review of State of the Union"}, "multimedia": null}, {"display_title": "Non Coupable", "mpaa_rating": "", "critics_pick": 0, "byline": "T. M. P.", "headline": "Not Guilty", "summary_short": "", "publication_date": "1948-04-23", "opening_date": null, "date_updated": "2016-03-30 07:20:27", "link": {"type": "article", "url": "http://www.nytimes.com/movie/review?res=9A0CEED81738EE3BBC4B51DFB2668383659EDE", "suggested_link_text": "Read the New York Times Review of Non Coupable"}, "multimedia": null}, {"display_title": "The Big Clock", "mpaa_rating": "", "critics_pick": 1, "byline": "BOSLEY CROWTHER", "headline": "Big Clock, The", "summary_short": "Magazine mogul frames employee for murder. Stylish suspense.", "publication_date": "1948-04-22", "opening_date": "1948-04-09", "date_updated": "2016-03-30 06:52:38", "link": {"type": "article", "url": "http://www.nytimes.com/movie/review?res=9F0CE3DA143EE53ABC4A51DFB2668383659EDE", "suggested_link_text": "Read the New York Times Review of The Big Clock"}, "multimedia": null}, {"display_title": "Arch of Triumph", "mpaa_rating": "", "critics_pick": 0, "byline": "BOSLEY CROWTHER", "headline": "Arch of Triumph", "summary_short": "Fallen arches, murky doings in pre-Nazi Paris, via Remarque novel. Weighs a ton. Three stars at half-mast.", "publication_date": "1948-04-21", "opening_date": "1948-03-01", "date_updated": "2016-03-30 06:41:25", "link": {"type": "article", "url": "http://www.nytimes.com/movie/review?res=9506E5DC123EE03BBC4951DFB2668383659EDE", "suggested_link_text": "Read the New York Times Review of Arch of Triumph"}, "multimedia": null}, {"display_title": "L'Assassinat Du Pere Noel", "mpaa_rating": "", "critics_pick": 0, "byline": "T.M.P.", "headline": "Who Killed Santa Claus?", "summary_short": "", "publication_date": "1948-04-21", "opening_date": "1948-04-22", "date_updated": "2016-03-30 07:22:13", "link": {"type": "article", "url": "http://www.nytimes.com/movie/review?res=9C01E5DC123EE03BBC4951DFB2668383659EDE", "suggested_link_text": "Read the New York Times Review of L'Assassinat Du Pere Noel"}, "multimedia": null}, {"display_title": "L'Elisir d'Amore", "mpaa_rating": "", "critics_pick": 0, "byline": "T. M. P.", "headline": "This Wine of Love", "summary_short": "", "publication_date": "1948-04-19", "opening_date": null, "date_updated": "2016-03-30 06:48:06", "link": {"type": "article", "url": "http://www.nytimes.com/movie/review?res=9A00EEDD1230E23ABC4152DFB2668383659EDE", "suggested_link_text": "Read the New York Times Review of L'Elisir d'Amore"}, "multimedia": null}, {"display_title": "To the Victor", "mpaa_rating": "", "critics_pick": 0, "byline": "BOSLEY CROWTHER", "headline": "To the Victor", "summary_short": "Collaborators and black marketeers in postwar Paris. Glum, gummy drama.", "publication_date": "1948-04-17", "opening_date": "1948-04-16", "date_updated": "2016-03-30 06:41:27", "link": {"type": "article", "url": "http://www.nytimes.com/movie/review?res=9E02E4D81F31E03BBC4F52DFB2668383659EDE", "suggested_link_text": "Read the New York Times Review of To the Victor"}, "multimedia": null}, {"display_title": "The October Man", "mpaa_rating": "", "critics_pick": 0, "byline": "BOSLEY CROWTHER", "headline": "October Man, The", "summary_short": "Incisive, typically British drama of amnesiac murder-suspect. Good show.", "publication_date": "1948-04-16", "opening_date": "1948-05-20", "date_updated": "2016-03-30 07:22:56", "link": {"type": "article", "url": "http://www.nytimes.com/movie/review?res=9801EFD9163BE33BBC4E52DFB2668383659EDE", "suggested_link_text": "Read the New York Times Review of The October Man"}, "multimedia": null}, {"display_title": "Antoine and Antoinette", "mpaa_rating": "", "critics_pick": 0, "byline": "B.C.", "headline": "Antoine and Antoinette", "summary_short": "Couple's search for lost lottery ticket.", "publication_date": "1948-04-16", "opening_date": null, "date_updated": "2016-03-30 06:44:05", "link": {"type": "article", "url": "http://www.nytimes.com/movie/review?res=9901EFD9163BE33BBC4E52DFB2668383659EDE", "suggested_link_text": "Read the New York Times Review of Antoine and Antoinette"}, "multimedia": null}, {"display_title": "Scudda-Hoo! Scudda-Hay!", "mpaa_rating": "", "critics_pick": 0, "byline": "BOSLEY CROWTHER", "headline": "Scudda-Hoo! Scudda-Hay!", "summary_short": "Inoffensive farm-boy yarn.", "publication_date": "1948-04-15", "opening_date": null, "date_updated": "2016-03-30 07:14:37", "link": {"type": "article", "url": "http://www.nytimes.com/movie/review?res=9B0DE4DB143DE03ABC4D52DFB2668383659EDE", "suggested_link_text": "Read the New York Times Review of Scudda-Hoo! Scudda-Hay!"}, "multimedia": null}, {"display_title": "Here Comes Trouble", "mpaa_rating": "", "critics_pick": 0, "byline": "A.W.", "headline": "Here Comes Trouble", "summary_short": "Blundering cub reporter is assigned to police beat.", "publication_date": "1948-04-15", "opening_date": "1948-03-15", "date_updated": "2016-03-30 07:25:47", "link": {"type": "article", "url": "http://www.nytimes.com/movie/review?res=9C0CE4DB143DE03ABC4D52DFB2668383659EDE", "suggested_link_text": "Read the New York Times Review of Here Comes Trouble"}, "multimedia": null}, {"display_title": "Are You with It?", "mpaa_rating": "", "critics_pick": 0, "byline": "-- T.M.P.", "headline": "Are You With It?", "summary_short": "Pleasant musical, engaging O'Connor.", "publication_date": "1948-04-15", "opening_date": "1948-03-20", "date_updated": "2016-03-30 06:53:44", "link": {"type": "article", "url": "http://www.nytimes.com/movie/review?res=950DE4DB143DE03ABC4D52DFB2668383659EDE", "suggested_link_text": "Read the New York Times Review of Are You with It?"}, "multimedia": null}, {"display_title": "Winter Meeting", "mpaa_rating": "", "critics_pick": 0, "byline": "BOSLEY CROWTHER", "headline": "Winter Meeting", "summary_short": "Well aimed but tedious talkathon of poet and war vet. Bette bats out, valiantly.", "publication_date": "1948-04-08", "opening_date": "1948-04-07", "date_updated": "2016-03-30 07:23:43", "link": {"type": "article", "url": "http://www.nytimes.com/movie/review?res=990DE0DE143DE03ABC4053DFB2668383659EDE", "suggested_link_text": "Read the New York Times Review of Winter Meeting"}, "multimedia": null}, {"display_title": "L' Onorevole Angelina", "mpaa_rating": "", "critics_pick": 0, "byline": "BOSLEY CROWTHER", "headline": "Angelina", "summary_short": "", "publication_date": "1948-04-06", "opening_date": null, "date_updated": "2016-03-30 07:27:25", "link": {"type": "article", "url": "http://www.nytimes.com/movie/review?res=9B00EFDC1F3EE53ABC4E53DFB2668383659EDE", "suggested_link_text": "Read the New York Times Review of L' Onorevole Angelina"}, "multimedia": null}, {"display_title": "Saigon", "mpaa_rating": "", "critics_pick": 0, "byline": "BOSLEY CROWTHER", "headline": "Saigon", "summary_short": "Sags.", "publication_date": "1948-04-01", "opening_date": "1948-03-31", "date_updated": "2016-03-30 06:48:57", "link": {"type": "article", "url": "http://www.nytimes.com/movie/review?res=9F03E2DF1F3CE03ABC4953DFB2668383659EDE", "suggested_link_text": "Read the New York Times Review of Saigon"}, "multimedia": null}, {"display_title": "Paisan", "mpaa_rating": "Not Rated", "critics_pick": 1, "byline": "BOSLEY CROWTHER", "headline": "Paisan", "summary_short": "Another postwar gem via Rossellini. Six episodes about Allied troops in Italy.", "publication_date": "1948-03-30", "opening_date": "1948-03-29", "date_updated": "2016-03-30 07:26:34", "link": {"type": "article", "url": "http://www.nytimes.com/movie/review?res=9F0CE1DD123EE03BBC4850DFB5668383659EDE", "suggested_link_text": "Read the New York Times Review of Paisan"}, "multimedia": null}, {"display_title": "Tarzan and the Mermaids", "mpaa_rating": "", "critics_pick": 0, "byline": "A.W.", "headline": "Tarzan and the Mermaids", "summary_short": "Lively enough, nice locales.", "publication_date": "1948-03-30", "opening_date": "1948-05-15", "date_updated": "2016-03-30 06:47:04", "link": {"type": "article", "url": "http://www.nytimes.com/movie/review?res=9A0CE1DD123EE03BBC4850DFB5668383659EDE", "suggested_link_text": "Read the New York Times Review of Tarzan and the Mermaids"}, "multimedia": null}]}