{"status": "OK", "copyright": "Copyright (c) 2017 The New York Times Company. All Rights Reserved.", "has_more": true, "num_results": 20, "results": [{"display_title": "No Man's Land", "mpaa_rating": "", "critics_pick": 0, "byline": "C. HOOPER TRASK.", "headline": "No Man's Land", "summary_short": "", "publication_date": "1932-01-24", "opening_date": null, "date_updated": "2016-03-30 06:48:24", "link": {"type": "article", "url": "http://www.nytimes.com/movie/review?res=9406E0DE113EE333A25757C2A9679C946394D6CF", "suggested_link_text": "Read the New York Times Review of No Man's Land"}, "multimedia": null}, {"display_title": "No One Man", "mpaa_rating": "", "critics_pick": 0, "byline": "A.D.S.", "headline": "No One Man", "summary_short": "", "publication_date": "1932-01-23", "opening_date": "1932-01-22", "date_updated": "2016-03-30 07:17:12", "link": {"type": "article", "url": "http://www.nytimes.com/movie/review?res=9B05E1DA1E3FE633A25750C2A9679C946394D6CF", "suggested_link_text": "Read the New York Times Review of No One Man"}, "multimedia": null}, {"display_title": "Charlie Chan's Chance", "mpaa_rating": "", "critics_pick": 0, "byline": "MORDAUNT HALL.", "headline": "Charlie Chan's Chance", "summary_short": "", "publication_date": "1932-01-23", "opening_date": "1932-01-24", "date_updated": "2016-03-30 07:27:28", "link": {"type": "article", "url": "http://www.nytimes.com/movie/review?res=9A05E1DA1E3FE633A25750C2A9679C946394D6CF", "suggested_link_text": "Read the New York Times Review of Charlie Chan's Chance"}, "multimedia": null}, {"display_title": "Der Ungetreue Eckehart", "mpaa_rating": "", "critics_pick": 0, "byline": "H.T.S.", "headline": "Ungetreue Eckehart, Der", "summary_short": "", "publication_date": "1932-01-23", "opening_date": null, "date_updated": "2016-03-30 07:14:49", "link": {"type": "article", "url": "http://www.nytimes.com/movie/review?res=9405E1DA1E3FE633A25750C2A9679C946394D6CF", "suggested_link_text": "Read the New York Times Review of Der Ungetreue Eckehart"}, "multimedia": null}, {"display_title": "Panama Flo", "mpaa_rating": "", "critics_pick": 0, "byline": "A.D.S.", "headline": "Panama Flo", "summary_short": "Stranded New York showgirl keeps house for oilman. Then her boyfriend shows up.", "publication_date": "1932-01-20", "opening_date": "1932-01-29", "date_updated": "2016-03-30 07:12:14", "link": {"type": "article", "url": "http://www.nytimes.com/movie/review?res=9D01E6DF113EE333A25753C2A9679C946394D6CF", "suggested_link_text": "Read the New York Times Review of Panama Flo"}, "multimedia": null}, {"display_title": "Broken Lullaby", "mpaa_rating": "", "critics_pick": 0, "byline": "MORDAUNT HALL.", "headline": "Man I Killed, The", "summary_short": "Frenchman meets family of World War I victim. Also titled ``The Man I Killed.'' Touching, often powerful drama via Lubitsch.", "publication_date": "1932-01-20", "opening_date": "1932-01-24", "date_updated": "2016-03-30 07:24:02", "link": {"type": "article", "url": "http://www.nytimes.com/movie/review?res=9506E6DF113EE333A25753C2A9679C946394D6CF", "suggested_link_text": "Read the New York Times Review of Broken Lullaby"}, "multimedia": null}, {"display_title": "Cain", "mpaa_rating": "", "critics_pick": 0, "byline": "MORDAUNT HALL.", "headline": "Cain", "summary_short": "", "publication_date": "1932-01-18", "opening_date": "1932-01-17", "date_updated": "2016-03-30 07:24:55", "link": {"type": "article", "url": "http://www.nytimes.com/movie/review?res=9F05E4D6103EE333A2575BC1A9679C946394D6CF", "suggested_link_text": "Read the New York Times Review of Cain"}, "multimedia": null}, {"display_title": "The Trunks of Mr. O.F.", "mpaa_rating": "", "critics_pick": 0, "byline": "C. HOOPER TRASK.", "headline": "Trunks of Mr O F, The", "summary_short": "", "publication_date": "1932-01-17", "opening_date": null, "date_updated": "2016-03-30 07:11:14", "link": {"type": "article", "url": "http://www.nytimes.com/movie/review?res=9F03EFDF1431E633A25754C1A9679C946394D6CF", "suggested_link_text": "Read the New York Times Review of The Trunks of Mr. O.F."}, "multimedia": null}, {"display_title": "Two Kinds of Women", "mpaa_rating": "", "critics_pick": 0, "byline": "M.H.", "headline": "Two Kinds of Women", "summary_short": "", "publication_date": "1932-01-16", "opening_date": null, "date_updated": "2016-03-30 06:57:46", "link": {"type": "article", "url": "http://www.nytimes.com/movie/review?res=9C01E0D7103EE333A25755C1A9679C946394D6CF", "suggested_link_text": "Read the New York Times Review of Two Kinds of Women"}, "multimedia": null}, {"display_title": "Dance Team", "mpaa_rating": "", "critics_pick": 0, "byline": "MORDAUNT HALL.", "headline": "Dance Team", "summary_short": "", "publication_date": "1932-01-16", "opening_date": "1932-01-17", "date_updated": "2016-03-30 06:43:41", "link": {"type": "article", "url": "http://www.nytimes.com/movie/review?res=9506E0D7103EE333A25755C1A9679C946394D6CF", "suggested_link_text": "Read the New York Times Review of Dance Team"}, "multimedia": null}, {"display_title": "Way Back Home", "mpaa_rating": "", "critics_pick": 0, "byline": "A.D.S.", "headline": "Way Back Home", "summary_short": "A real creaker. Anyway, Bette survived it.", "publication_date": "1932-01-16", "opening_date": "1931-11-13", "date_updated": "2016-03-30 07:30:41", "link": {"type": "article", "url": "http://www.nytimes.com/movie/review?res=9D01E0D7103EE333A25755C1A9679C946394D6CF", "suggested_link_text": "Read the New York Times Review of Way Back Home"}, "multimedia": null}, {"display_title": "Nie Wieder Liebe", "mpaa_rating": "", "critics_pick": 0, "byline": "H.T.S.", "headline": "Nie Wieder Liebe", "summary_short": "", "publication_date": "1932-01-16", "opening_date": null, "date_updated": "2016-03-30 06:50:34", "link": {"type": "article", "url": "http://www.nytimes.com/movie/review?res=9E01E0D7103EE333A25755C1A9679C946394D6CF", "suggested_link_text": "Read the New York Times Review of Nie Wieder Liebe"}, "multimedia": null}, {"display_title": "Union Depot", "mpaa_rating": "Not Rated", "critics_pick": 0, "byline": "MORDAUNT HALL.", "headline": "Union Depot", "summary_short": "Intertwined lives. Colorful and fast, the old Warner way.", "publication_date": "1932-01-15", "opening_date": null, "date_updated": "2016-03-30 06:50:29", "link": {"type": "article", "url": "http://www.nytimes.com/movie/review?res=9800E4D7103EE333A25756C1A9679C946394D6CF", "suggested_link_text": "Read the New York Times Review of Union Depot"}, "multimedia": null}, {"display_title": "Der Andere", "mpaa_rating": "", "critics_pick": 0, "byline": "H.T.S.", "headline": "Andere, Der", "summary_short": "", "publication_date": "1932-01-15", "opening_date": null, "date_updated": "2016-03-30 06:44:56", "link": {"type": "article", "url": "http://www.nytimes.com/movie/review?res=9F00E4D7103EE333A25756C1A9679C946394D6CF", "suggested_link_text": "Read the New York Times Review of Der Andere"}, "multimedia": null}, {"display_title": "Forbidden", "mpaa_rating": "", "critics_pick": 0, "byline": "MORDAUNT HALL", "headline": "Forbidden", "summary_short": "Mistress of lawyer running for governor marries an editor.", "publication_date": "1932-01-11", "opening_date": "1932-01-15", "date_updated": "2016-03-30 06:57:35", "link": {"type": "article", "url": "http://www.nytimes.com/movie/review?res=9907EFD9103EE333A25752C1A9679C946394D6CF", "suggested_link_text": "Read the New York Times Review of Forbidden"}, "multimedia": null}, {"display_title": "Dance, Fools, Dance", "mpaa_rating": "", "critics_pick": 0, "byline": "JOHN CAMPBELL.", "headline": "Dance Fools Dance", "summary_short": "Jilted girl and gangster. Electric chemistry between these two.", "publication_date": "1932-01-10", "opening_date": "1931-02-07", "date_updated": "2016-03-30 06:51:08", "link": {"type": "article", "url": "http://www.nytimes.com/movie/review?res=9B02EFDC1E3FE633A25753C1A9679C946394D6CF", "suggested_link_text": "Read the New York Times Review of Dance, Fools, Dance"}, "multimedia": null}, {"display_title": "Stepping Sisters", "mpaa_rating": "", "critics_pick": 0, "byline": "MORDAUNT HALL.", "headline": "Stepping Sisters", "summary_short": "", "publication_date": "1932-01-09", "opening_date": "1932-01-09", "date_updated": "2016-03-30 07:15:34", "link": {"type": "article", "url": "http://www.nytimes.com/movie/review?res=9807E4D9103EE333A2575AC0A9679C946394D6CF", "suggested_link_text": "Read the New York Times Review of Stepping Sisters"}, "multimedia": null}, {"display_title": "This Reckless Age", "mpaa_rating": "", "critics_pick": 0, "byline": "M.H.", "headline": "This Reckless Age", "summary_short": "", "publication_date": "1932-01-09", "opening_date": "1932-01-09", "date_updated": "2016-03-30 06:44:33", "link": {"type": "article", "url": "http://www.nytimes.com/movie/review?res=9A05E4D9103EE333A2575AC0A9679C946394D6CF", "suggested_link_text": "Read the New York Times Review of This Reckless Age"}, "multimedia": null}, {"display_title": "Girl of the Rio", "mpaa_rating": "", "critics_pick": 0, "byline": "A.D.S", "headline": "Girl of the Rio", "summary_short": "Mexican dance-hall girl, smitten caballero.", "publication_date": "1932-01-09", "opening_date": "1932-01-15", "date_updated": "2016-03-30 07:21:03", "link": {"type": "article", "url": "http://www.nytimes.com/movie/review?res=9F05E4D9103EE333A2575AC0A9679C946394D6CF", "suggested_link_text": "Read the New York Times Review of Girl of the Rio"}, "multimedia": null}, {"display_title": "A House Divided", "mpaa_rating": "", "critics_pick": 0, "byline": "A.D.S.", "headline": "House Divided, A", "summary_short": "", "publication_date": "1932-01-09", "opening_date": "1931-12-05", "date_updated": "2016-03-30 06:41:27", "link": {"type": "article", "url": "http://www.nytimes.com/movie/review?res=9805E4D9103EE333A2575AC0A9679C946394D6CF", "suggested_link_text": "Read the New York Times Review of A House Divided"}, "multimedia": null}]}