{"status": "OK", "copyright": "Copyright (c) 2017 The New York Times Company. All Rights Reserved.", "has_more": true, "num_results": 20, "results": [{"display_title": "My Favorite Brunette", "mpaa_rating": "", "critics_pick": 0, "byline": "BOSLEY CROWTHER", "headline": "My Favorite Brunette", "summary_short": "Mob trouble. Smooth, funny Hope romp.", "publication_date": "1947-03-20", "opening_date": "1947-04-04", "date_updated": "2016-03-30 06:45:20", "link": {"type": "article", "url": "http://www.nytimes.com/movie/review?res=9902E2DB123CE13BBC4851DFB566838C659EDE", "suggested_link_text": "Read the New York Times Review of My Favorite Brunette"}, "multimedia": null}, {"display_title": "The Red House", "mpaa_rating": "Not Rated", "critics_pick": 0, "byline": "A.W.", "headline": "Red House, The", "summary_short": "Good, low-keyed farmland suspense. Early rustic puzzler.", "publication_date": "1947-03-17", "opening_date": null, "date_updated": "2016-03-30 07:11:52", "link": {"type": "article", "url": "http://www.nytimes.com/movie/review?res=9806E2DD113EEE3BBC4F52DFB566838C659EDE", "suggested_link_text": "Read the New York Times Review of The Red House"}, "multimedia": null}, {"display_title": "Dangerous Millions", "mpaa_rating": "", "critics_pick": 0, "byline": "T. M. P.", "headline": "Dangerous Millions", "summary_short": "", "publication_date": "1947-03-15", "opening_date": "1946-11-27", "date_updated": "2016-03-30 07:26:16", "link": {"type": "article", "url": "http://www.nytimes.com/movie/review?res=9C06E6DD143CE33ABC4D52DFB566838C659EDE", "suggested_link_text": "Read the New York Times Review of Dangerous Millions"}, "multimedia": null}, {"display_title": "It Happened in Brooklyn", "mpaa_rating": "", "critics_pick": 0, "byline": "BOSLEY CROWTHER", "headline": "It Happened in Brooklyn", "summary_short": "Show-biz hopefuls and mild milling, with songs. Viva Durante!", "publication_date": "1947-03-14", "opening_date": "1947-04-07", "date_updated": "2016-03-30 07:23:19", "link": {"type": "article", "url": "http://www.nytimes.com/movie/review?res=9E05E1DA1231E531A15757C1A9659C946693D6CF", "suggested_link_text": "Read the New York Times Review of It Happened in Brooklyn"}, "multimedia": null}, {"display_title": "The Years Between", "mpaa_rating": "", "critics_pick": 0, "byline": "A.W.", "headline": "Years Between, The", "summary_short": "", "publication_date": "1947-03-10", "opening_date": null, "date_updated": "2016-03-30 06:54:37", "link": {"type": "article", "url": "http://www.nytimes.com/movie/review?res=9C05E2DF113EEE3BBC4852DFB566838C659EDE", "suggested_link_text": "Read the New York Times Review of The Years Between"}, "multimedia": null}, {"display_title": "Pursued", "mpaa_rating": "", "critics_pick": 0, "byline": "BOSLEY CROWTHER", "headline": "Pursued", "summary_short": "Revenge western. Well done but grim, grim.", "publication_date": "1947-03-08", "opening_date": "1947-03-02", "date_updated": "2016-03-30 07:23:05", "link": {"type": "article", "url": "http://www.nytimes.com/movie/review?res=9A0CE5D6103EEE3BBC4053DFB566838C659EDE", "suggested_link_text": "Read the New York Times Review of Pursued"}, "multimedia": null}, {"display_title": "Boomerang", "mpaa_rating": "", "critics_pick": 0, "byline": "BOSLEY CROWTHER", "headline": "Boomerang", "summary_short": "Who killed the clergyman? Probing docudrama, via Kazan.", "publication_date": "1947-03-06", "opening_date": null, "date_updated": "2016-03-30 07:26:53", "link": {"type": "article", "url": "http://www.nytimes.com/movie/review?res=9506E5D8103EEE3BBC4E53DFB566838C659EDE", "suggested_link_text": "Read the New York Times Review of Boomerang"}, "multimedia": null}, {"display_title": "Blaze of Noon", "mpaa_rating": "", "critics_pick": 0, "byline": "BOSLEY CROWTHER", "headline": "Blaze of Noon", "summary_short": "Tame drama, good stunt flying.", "publication_date": "1947-03-05", "opening_date": "1947-05-02", "date_updated": "2016-03-30 06:45:57", "link": {"type": "article", "url": "http://www.nytimes.com/movie/review?res=9F01E0DB103EEE3BBC4D53DFB566838C659EDE", "suggested_link_text": "Read the New York Times Review of Blaze of Noon"}, "multimedia": null}, {"display_title": "Angel and the Badman", "mpaa_rating": "", "critics_pick": 0, "byline": "A.W.", "headline": "Angel and the Badman", "summary_short": "Cowboy fugitive hides out with wagon-train Quakers. Pleasant forerunner to ``Witness.''", "publication_date": "1947-03-03", "opening_date": "1947-02-15", "date_updated": "2016-03-30 06:51:45", "link": {"type": "article", "url": "http://www.nytimes.com/movie/review?res=9405E6D7163CE13BBC4B53DFB566838C659EDE", "suggested_link_text": "Read the New York Times Review of Angel and the Badman"}, "multimedia": null}, {"display_title": "Sea of Grass", "mpaa_rating": "", "critics_pick": 0, "byline": "BOSLEY CROWTHER", "headline": "Sea of Grass, The", "summary_short": "Frontier couple deal with wife's affair. Spence and Kate not quite at home on the range, even with Kazan.", "publication_date": "1947-02-28", "opening_date": "1947-04-25", "date_updated": "2016-03-30 07:29:25", "link": {"type": "article", "url": "http://www.nytimes.com/movie/review?res=9F06E4D8163CE13BBC4051DFB466838C659EDE", "suggested_link_text": "Read the New York Times Review of Sea of Grass"}, "multimedia": null}, {"display_title": "The Strange Woman", "mpaa_rating": "", "critics_pick": 0, "byline": "A.W.", "headline": "Strange Woman, The", "summary_short": "Beauty manipulates men. Standard schemer, Maine lumberland, 1840's.", "publication_date": "1947-02-24", "opening_date": "1946-10-25", "date_updated": "2016-03-30 06:46:49", "link": {"type": "article", "url": "http://www.nytimes.com/movie/review?res=9807E1DF103EEE3BBC4C51DFB466838C659EDE", "suggested_link_text": "Read the New York Times Review of The Strange Woman"}, "multimedia": null}, {"display_title": "Nora Prentiss", "mpaa_rating": "", "critics_pick": 0, "byline": "BOSLEY CROWTHER", "headline": "Nora Prentiss", "summary_short": "Doctor's infatuation. Clanky.", "publication_date": "1947-02-22", "opening_date": "1947-02-22", "date_updated": "2016-03-30 06:50:11", "link": {"type": "article", "url": "http://www.nytimes.com/movie/review?res=9F03E7D6173AE233A25751C2A9649C946693D6CF", "suggested_link_text": "Read the New York Times Review of Nora Prentiss"}, "multimedia": null}, {"display_title": "The Michigan Kid", "mpaa_rating": "", "critics_pick": 0, "byline": "J.R.L.", "headline": "Michigan Kid", "summary_short": "Thumping Western.", "publication_date": "1947-02-22", "opening_date": null, "date_updated": "2016-03-30 07:16:04", "link": {"type": "article", "url": "http://www.nytimes.com/movie/review?res=9403E7D6173AE233A25751C2A9649C946693D6CF", "suggested_link_text": "Read the New York Times Review of The Michigan Kid"}, "multimedia": null}, {"display_title": "I'll Be Yours", "mpaa_rating": "", "critics_pick": 0, "byline": "T.M.P.", "headline": "I'll Be Yours", "summary_short": "Middling musical.", "publication_date": "1947-02-22", "opening_date": "1947-02-02", "date_updated": "2016-03-30 06:51:28", "link": {"type": "article", "url": "http://www.nytimes.com/movie/review?res=9A03E7D6173AE233A25751C2A9649C946693D6CF", "suggested_link_text": "Read the New York Times Review of I'll Be Yours"}, "multimedia": null}, {"display_title": "Before Him All Rome Trembled", "mpaa_rating": "", "critics_pick": 0, "byline": "E.J.B.", "headline": "Before Him all Rome Trembled", "summary_short": "", "publication_date": "1947-02-22", "opening_date": "1947-02-21", "date_updated": "2016-03-30 07:07:28", "link": {"type": "article", "url": "http://www.nytimes.com/movie/review?res=9B03E7D6173AE233A25751C2A9649C946693D6CF", "suggested_link_text": "Read the New York Times Review of Before Him All Rome Trembled"}, "multimedia": null}, {"display_title": "The Beginning or the End", "mpaa_rating": "", "critics_pick": 0, "byline": "BOSLEY CROWTHER", "headline": "Beginning or the End, The", "summary_short": "Scientists secretly develop atomic bomb. Steady and engrossing.", "publication_date": "1947-02-21", "opening_date": "1947-02-19", "date_updated": "2016-03-30 06:54:51", "link": {"type": "article", "url": "http://www.nytimes.com/movie/review?res=9C06E3D6133EEE3BBC4951DFB466838C659EDE", "suggested_link_text": "Read the New York Times Review of The Beginning or the End"}, "multimedia": null}, {"display_title": "Children of Paradise", "mpaa_rating": "", "critics_pick": 1, "byline": "BOSLEY CROWTHER", "headline": "Enfants du Paradis, Les", "summary_short": "Paris pantomime loves beautiful aristocrat. Colorful, haunting Carne classic.", "publication_date": "1947-02-20", "opening_date": "1946-11-15", "date_updated": "2016-03-30 07:26:38", "link": {"type": "article", "url": "http://www.nytimes.com/movie/review?res=9405E1DD1F3FE03ABC4851DFB466838C659EDE", "suggested_link_text": "Read the New York Times Review of Children of Paradise"}, "multimedia": null}, {"display_title": "That Way with Women", "mpaa_rating": "", "critics_pick": 0, "byline": "BOSLEY CROWTHER", "headline": "That Way With Women", "summary_short": "Very antiseptic.", "publication_date": "1947-02-15", "opening_date": "1947-03-29", "date_updated": "2016-03-30 07:17:06", "link": {"type": "article", "url": "http://www.nytimes.com/movie/review?res=9504E4D8133EEE3BBC4D52DFB466838C659EDE", "suggested_link_text": "Read the New York Times Review of That Way with Women"}, "multimedia": null}, {"display_title": "Two Smart People", "mpaa_rating": "", "critics_pick": 0, "byline": "T.M.P.", "headline": "Two Smart People", "summary_short": "One of Lucy's limp herrings.", "publication_date": "1947-02-15", "opening_date": "1946-06-04", "date_updated": "2016-03-30 07:12:05", "link": {"type": "article", "url": "http://www.nytimes.com/movie/review?res=9C07E4D8133EEE3BBC4D52DFB466838C659EDE", "suggested_link_text": "Read the New York Times Review of Two Smart People"}, "multimedia": null}, {"display_title": "The Shocking Miss Pilgrim", "mpaa_rating": "", "critics_pick": 0, "byline": "BOSLEY CROWTHER", "headline": "Shocking Miss Pilgrim, The", "summary_short": "Betty in long dresses. A mistake, plus very mild Gershwin.", "publication_date": "1947-02-12", "opening_date": "1947-01-04", "date_updated": "2016-03-30 07:14:01", "link": {"type": "article", "url": "http://www.nytimes.com/movie/review?res=9F02E0DB133EEE3BBC4A52DFB466838C659EDE", "suggested_link_text": "Read the New York Times Review of The Shocking Miss Pilgrim"}, "multimedia": null}]}