{"status": "OK", "copyright": "Copyright (c) 2017 The New York Times Company. All Rights Reserved.", "has_more": true, "num_results": 20, "results": [{"display_title": "Bliznetsy", "mpaa_rating": "", "critics_pick": 0, "byline": "E.J.B.", "headline": "Twins", "summary_short": "", "publication_date": "1947-07-28", "opening_date": "1947-07-26", "date_updated": "2016-03-30 07:18:47", "link": {"type": "article", "url": "http://www.nytimes.com/movie/review?res=980CE1DA143AE233A2575BC2A9619C946693D6CF", "suggested_link_text": "Read the New York Times Review of Bliznetsy"}, "multimedia": null}, {"display_title": "Gunfighters", "mpaa_rating": "", "critics_pick": 0, "byline": "E.J.B.", "headline": "Gunfighters", "summary_short": "Not bad at all.", "publication_date": "1947-07-25", "opening_date": "1947-07-15", "date_updated": "2016-03-30 06:58:05", "link": {"type": "article", "url": "http://www.nytimes.com/movie/review?res=9F05E2D71E3EE13BBC4D51DFB166838C659EDE", "suggested_link_text": "Read the New York Times Review of Gunfighters"}, "multimedia": null}, {"display_title": "Cheyenne", "mpaa_rating": "", "critics_pick": 0, "byline": "A.W.", "headline": "Wyoming", "summary_short": "Outlaw's wife falls for gambler.", "publication_date": "1947-07-25", "opening_date": null, "date_updated": "2016-03-30 07:15:19", "link": {"type": "article", "url": "http://www.nytimes.com/movie/review?res=9E05E2D71E3EE13BBC4D51DFB166838C659EDE", "suggested_link_text": "Read the New York Times Review of Cheyenne"}, "multimedia": null}, {"display_title": "The Bachelor and the Bobby Soxer", "mpaa_rating": "", "critics_pick": 0, "byline": "BOSLEY CROWTHER", "headline": "Bachelor and the Bobby-Soxer, The", "summary_short": "Nice and wry.", "publication_date": "1947-07-25", "opening_date": "1947-09-01", "date_updated": "2016-03-30 06:50:52", "link": {"type": "article", "url": "http://www.nytimes.com/movie/review?res=9D05E2D71E3EE13BBC4D51DFB166838C659EDE", "suggested_link_text": "Read the New York Times Review of The Bachelor and the Bobby Soxer"}, "multimedia": null}, {"display_title": "We Lived Through Buchenwald", "mpaa_rating": "", "critics_pick": 0, "byline": "A.W.", "headline": "We Lived Through Buchenwald", "summary_short": "", "publication_date": "1947-07-24", "opening_date": null, "date_updated": "2016-03-30 06:51:45", "link": {"type": "article", "url": "http://www.nytimes.com/movie/review?res=9C0DE4DF133CE13BBC4C51DFB166838C659EDE", "suggested_link_text": "Read the New York Times Review of We Lived Through Buchenwald"}, "multimedia": null}, {"display_title": "I Wonder Who's Kissing Her Now", "mpaa_rating": "", "critics_pick": 0, "byline": "BOSLEY CROWTHER", "headline": "I Wonder Who's Kissing Her Now", "summary_short": "Typical color musical.", "publication_date": "1947-07-24", "opening_date": "1947-08-01", "date_updated": "2016-03-30 06:48:50", "link": {"type": "article", "url": "http://www.nytimes.com/movie/review?res=9502E4DF133CE13BBC4C51DFB166838C659EDE", "suggested_link_text": "Read the New York Times Review of I Wonder Who's Kissing Her Now"}, "multimedia": null}, {"display_title": "Apache Rose", "mpaa_rating": "", "critics_pick": 0, "byline": "BOSLEY CROWTHER", "headline": "Apache Rose", "summary_short": "", "publication_date": "1947-07-23", "opening_date": "1947-02-15", "date_updated": "2016-03-30 07:27:33", "link": {"type": "article", "url": "http://www.nytimes.com/movie/review?res=9A02EED81E3EE13BBC4B51DFB166838C659EDE", "suggested_link_text": "Read the New York Times Review of Apache Rose"}, "multimedia": null}, {"display_title": "Cry Wolf", "mpaa_rating": "", "critics_pick": 0, "byline": "BOSLEY CROWTHER", "headline": "Cry Wolf", "summary_short": "Strange goings-on at rich family's estate. Steady, well-knit suspense.", "publication_date": "1947-07-19", "opening_date": "1947-08-19", "date_updated": "2016-03-30 07:14:56", "link": {"type": "article", "url": "http://www.nytimes.com/movie/review?res=9C00E4D81E3EE13BBC4152DFB166838C659EDE", "suggested_link_text": "Read the New York Times Review of Cry Wolf"}, "multimedia": null}, {"display_title": "The Hucksters", "mpaa_rating": "", "critics_pick": 0, "byline": "BOSLEY CROWTHER", "headline": "Hucksters, The", "summary_short": "Work and love on Madison Avenue. Dated for decades now, but still entertaining.", "publication_date": "1947-07-18", "opening_date": "1947-08-27", "date_updated": "2016-03-30 06:48:18", "link": {"type": "article", "url": "http://www.nytimes.com/movie/review?res=9E02EED91E3EE13BBC4052DFB166838C659EDE", "suggested_link_text": "Read the New York Times Review of The Hucksters"}, "multimedia": null}, {"display_title": "Brute Force", "mpaa_rating": "Not Rated", "critics_pick": 0, "byline": "BOSLEY CROWTHER", "headline": "Brute Force", "summary_short": "Familiar convict melodrama but some good high-level tension.", "publication_date": "1947-07-17", "opening_date": "1947-06-30", "date_updated": "2016-03-30 06:46:12", "link": {"type": "article", "url": "http://www.nytimes.com/movie/review?res=9404EFD7123CE13BBC4F52DFB166838C659EDE", "suggested_link_text": "Read the New York Times Review of Brute Force"}, "multimedia": null}, {"display_title": "The Trouble with Women", "mpaa_rating": "", "critics_pick": 0, "byline": "A.W.", "headline": "Trouble With Women, The", "summary_short": "Psychology prof, pretty reporter and fairly nimble doings.", "publication_date": "1947-07-14", "opening_date": "1947-06-25", "date_updated": "2016-03-30 06:46:02", "link": {"type": "article", "url": "http://www.nytimes.com/movie/review?res=9A00E2DB1E3EE13BBC4C52DFB166838C659EDE", "suggested_link_text": "Read the New York Times Review of The Trouble with Women"}, "multimedia": null}, {"display_title": "Dick Tracy's Dilemma", "mpaa_rating": "", "critics_pick": 0, "byline": "E.J.B.", "headline": "Dick Tracy's Dilemma", "summary_short": "So-so series sleuthing, from Gould comic strip.", "publication_date": "1947-07-14", "opening_date": "1947-05-20", "date_updated": "2016-03-30 07:14:51", "link": {"type": "article", "url": "http://www.nytimes.com/movie/review?res=9B00E2DB1E3EE13BBC4C52DFB166838C659EDE", "suggested_link_text": "Read the New York Times Review of Dick Tracy's Dilemma"}, "multimedia": null}, {"display_title": "Copacabana", "mpaa_rating": "", "critics_pick": 0, "byline": "BOSLEY CROWTHER", "headline": "Copacabana", "summary_short": "Two on a tired treadmill.", "publication_date": "1947-07-12", "opening_date": "1947-05-30", "date_updated": "2016-03-30 06:47:39", "link": {"type": "article", "url": "http://www.nytimes.com/movie/review?res=9A0DE2DC1E3EE13BBC4A52DFB166838C659EDE", "suggested_link_text": "Read the New York Times Review of Copacabana"}, "multimedia": null}, {"display_title": "The Perils of Pauline", "mpaa_rating": "", "critics_pick": 0, "byline": "BOSLEY CROWTHER", "headline": "Perils of Pauline, The", "summary_short": "Silent Hollywood with Loesser songs. Colorful and zingy, at first.", "publication_date": "1947-07-10", "opening_date": "1947-07-04", "date_updated": "2016-03-30 07:20:34", "link": {"type": "article", "url": "http://www.nytimes.com/movie/review?res=9A06EEDF1E3EE13BBC4852DFB166838C659EDE", "suggested_link_text": "Read the New York Times Review of The Perils of Pauline"}, "multimedia": null}, {"display_title": "The Magic Bow", "mpaa_rating": "", "critics_pick": 0, "byline": "-- E.J.B.", "headline": "Magic Bow, The", "summary_short": "", "publication_date": "1947-07-07", "opening_date": null, "date_updated": "2016-03-30 06:41:38", "link": {"type": "article", "url": "http://www.nytimes.com/movie/review?res=9800E3D9113EE13BBC4F53DFB166838C659EDE", "suggested_link_text": "Read the New York Times Review of The Magic Bow"}, "multimedia": null}, {"display_title": "Moss Rose", "mpaa_rating": "", "critics_pick": 0, "byline": "BOSLEY CROWTHER", "headline": "Moss Rose", "summary_short": "First-rate whodunit of Victorian England. Peggy at her peak as saucy heroine.", "publication_date": "1947-07-03", "opening_date": "1947-05-30", "date_updated": "2016-03-30 07:22:22", "link": {"type": "article", "url": "http://www.nytimes.com/movie/review?res=990DE0DB113EE13BBC4B53DFB166838C659EDE", "suggested_link_text": "Read the New York Times Review of Moss Rose"}, "multimedia": null}, {"display_title": "Repeat Performance", "mpaa_rating": "", "critics_pick": 0, "byline": "BOSLEY CROWTHER", "headline": "Repeat Performance", "summary_short": "Tense, misguided drama but good plot.", "publication_date": "1947-07-02", "opening_date": "1947-05-22", "date_updated": "2016-03-30 06:47:04", "link": {"type": "article", "url": "http://www.nytimes.com/movie/review?res=9A0DE7DB113EE13BBC4A53DFB166838C659EDE", "suggested_link_text": "Read the New York Times Review of Repeat Performance"}, "multimedia": null}, {"display_title": "Riff Raff", "mpaa_rating": "", "critics_pick": 0, "byline": "A.W.", "headline": "Riff-Raff", "summary_short": "A Panamanian oilfield. Anyway, lively.", "publication_date": "1947-06-30", "opening_date": "1947-09-15", "date_updated": "2016-03-30 07:13:54", "link": {"type": "article", "url": "http://www.nytimes.com/movie/review?res=9F06EFDA123CE13BBC4850DFB066838C659EDE", "suggested_link_text": "Read the New York Times Review of Riff Raff"}, "multimedia": null}, {"display_title": "Ramrod", "mpaa_rating": "", "critics_pick": 0, "byline": "A.W.", "headline": "Ramrod", "summary_short": "Taut and extremely tough little Western.", "publication_date": "1947-06-30", "opening_date": "1947-05-02", "date_updated": "2016-03-30 07:26:58", "link": {"type": "article", "url": "http://www.nytimes.com/movie/review?res=9E06EFDA123CE13BBC4850DFB066838C659EDE", "suggested_link_text": "Read the New York Times Review of Ramrod"}, "multimedia": null}, {"display_title": "The Unfaithful", "mpaa_rating": "", "critics_pick": 0, "byline": "T.M.P.", "headline": "Unfaithful, The", "summary_short": "Woman on trial for slaying lover. Decent update of ''The Letter'' but Bette Davis original dims it.", "publication_date": "1947-06-28", "opening_date": "1947-06-05", "date_updated": "2016-03-30 06:47:39", "link": {"type": "article", "url": "http://www.nytimes.com/movie/review?res=9502EEDD113EE13BBC4051DFB066838C659EDE", "suggested_link_text": "Read the New York Times Review of The Unfaithful"}, "multimedia": null}]}