{"status": "OK", "copyright": "Copyright (c) 2017 The New York Times Company. All Rights Reserved.", "has_more": true, "num_results": 20, "results": [{"display_title": "Strange People", "mpaa_rating": "", "critics_pick": 0, "byline": "A.D.S.", "headline": "Strange People", "summary_short": "", "publication_date": "1933-06-17", "opening_date": "1933-06-17", "date_updated": "2016-03-30 07:15:25", "link": {"type": "article", "url": "http://www.nytimes.com/movie/review?res=9502E3DA1238E333A25754C1A9609C946294D6CF", "suggested_link_text": "Read the New York Times Review of Strange People"}, "multimedia": null}, {"display_title": "I Loved You Wednesday", "mpaa_rating": "", "critics_pick": 0, "byline": "MORDAUNT HALL.", "headline": "I Loved You Wednesday", "summary_short": "", "publication_date": "1933-06-16", "opening_date": "1933-06-16", "date_updated": "2016-03-30 06:55:11", "link": {"type": "article", "url": "http://www.nytimes.com/movie/review?res=9806EEDB1238E333A25755C1A9609C946294D6CF", "suggested_link_text": "Read the New York Times Review of I Loved You Wednesday"}, "multimedia": null}, {"display_title": "Lilly Turner", "mpaa_rating": "Not Rated", "critics_pick": 0, "byline": "MORDAUNT HALL.", "headline": "Lilly Turner", "summary_short": "A woman's turbulent love life. These two married shortly afterward.", "publication_date": "1933-06-15", "opening_date": "1933-05-13", "date_updated": "2016-03-30 07:28:04", "link": {"type": "article", "url": "http://www.nytimes.com/movie/review?res=9400E3DB1238E333A25756C1A9609C946294D6CF", "suggested_link_text": "Read the New York Times Review of Lilly Turner"}, "multimedia": null}, {"display_title": "The Life of Jimmy Dolan", "mpaa_rating": "", "critics_pick": 0, "byline": "MORDAUNT HALI.", "headline": "Life of Jimmy Dolan, The", "summary_short": "Nice, old-style drama of fugitive hiding in small town.", "publication_date": "1933-06-14", "opening_date": "1933-06-03", "date_updated": "2016-03-30 07:13:31", "link": {"type": "article", "url": "http://www.nytimes.com/movie/review?res=9A0DE1DD1F3AE333A25757C1A9609C946294D6CF", "suggested_link_text": "Read the New York Times Review of The Life of Jimmy Dolan"}, "multimedia": null}, {"display_title": "El Ultimo varon sobre la Tierra", "mpaa_rating": "", "critics_pick": 0, "byline": "H.T.S.", "headline": "Ultimo Varon Sabre la Tierra, El", "summary_short": "", "publication_date": "1933-06-12", "opening_date": null, "date_updated": "2016-03-30 07:11:53", "link": {"type": "article", "url": "http://www.nytimes.com/movie/review?res=9D0DE6DD1F3AE333A25751C1A9609C946294D6CF", "suggested_link_text": "Read the New York Times Review of El Ultimo varon sobre la Tierra"}, "multimedia": null}, {"display_title": "Das Testament des Dr. Mabuse", "mpaa_rating": "", "critics_pick": 0, "byline": "HERBERT L. MATTHEWS.", "headline": "Testament du Dr Mabuse, Le", "summary_short": "Fritz Lang's master criminal haunts head of asylum where he is a patient. Powerful old horror mystery.", "publication_date": "1933-06-11", "opening_date": null, "date_updated": "2016-03-30 06:51:26", "link": {"type": "article", "url": "http://www.nytimes.com/movie/review?res=950CE2DC1238E333A25752C1A9609C946294D6CF", "suggested_link_text": "Read the New York Times Review of Das Testament des Dr. Mabuse"}, "multimedia": null}, {"display_title": "Trick for Trick", "mpaa_rating": "", "critics_pick": 0, "byline": "A.D.S.", "headline": "Trick for Trick", "summary_short": "", "publication_date": "1933-06-10", "opening_date": "1933-04-21", "date_updated": "2016-03-30 07:15:17", "link": {"type": "article", "url": "http://www.nytimes.com/movie/review?res=9D05EEDA123DEF32A25753C1A9609C946294D6CF", "suggested_link_text": "Read the New York Times Review of Trick for Trick"}, "multimedia": null}, {"display_title": "The Devil's Brother", "mpaa_rating": "", "critics_pick": 0, "byline": "MORDAUNT HALL", "headline": "Devil's Brother, The", "summary_short": "Very nice old mix of music and comedy.", "publication_date": "1933-06-10", "opening_date": "1933-05-05", "date_updated": "2016-03-30 06:58:19", "link": {"type": "article", "url": "http://www.nytimes.com/movie/review?res=9B0CEFDA123DEF32A25753C1A9609C946294D6CF", "suggested_link_text": "Read the New York Times Review of The Devil's Brother"}, "multimedia": null}, {"display_title": "Der Liebling Von Wien", "mpaa_rating": "", "critics_pick": 0, "byline": "H.T.S.", "headline": "Liebling von Wien, Der", "summary_short": "", "publication_date": "1933-06-10", "opening_date": null, "date_updated": "2016-03-30 07:20:00", "link": {"type": "article", "url": "http://www.nytimes.com/movie/review?res=940CEFDA123DEF32A25753C1A9609C946294D6CF", "suggested_link_text": "Read the New York Times Review of Der Liebling Von Wien"}, "multimedia": null}, {"display_title": "Jennie Gerhardt", "mpaa_rating": "", "critics_pick": 0, "byline": "MORDAUNT HALL.", "headline": "Jennie Gerhardt", "summary_short": "", "publication_date": "1933-06-09", "opening_date": "1933-06-09", "date_updated": "2016-03-30 06:56:08", "link": {"type": "article", "url": "http://www.nytimes.com/movie/review?res=9801E5DD1238E333A2575AC0A9609C946294D6CF", "suggested_link_text": "Read the New York Times Review of Jennie Gerhardt"}, "multimedia": null}, {"display_title": "Ann Carver's Profession", "mpaa_rating": "", "critics_pick": 0, "byline": "A.D.S.", "headline": "Ann Carver's Profession", "summary_short": "", "publication_date": "1933-06-09", "opening_date": "1933-06-09", "date_updated": "2016-03-30 06:58:09", "link": {"type": "article", "url": "http://www.nytimes.com/movie/review?res=9800E5DD1238E333A2575AC0A9609C946294D6CF", "suggested_link_text": "Read the New York Times Review of Ann Carver's Profession"}, "multimedia": null}, {"display_title": "Gold Diggers of 1933", "mpaa_rating": "Not Rated", "critics_pick": 0, "byline": "MORDAUNT HALL.", "headline": "Gold Diggers of 1933", "summary_short": "Rich boy loves chorus girl, and they put on a show. Best of the series.", "publication_date": "1933-06-08", "opening_date": "1933-05-27", "date_updated": "2016-03-30 07:23:43", "link": {"type": "article", "url": "http://www.nytimes.com/movie/review?res=9805E0DE1238E333A2575BC0A9609C946294D6CF", "suggested_link_text": "Read the New York Times Review of Gold Diggers of 1933"}, "multimedia": null}, {"display_title": "On Demande Compagnon", "mpaa_rating": "", "critics_pick": 0, "byline": "H.T.S.", "headline": "On Demande un Compaznon", "summary_short": "", "publication_date": "1933-06-05", "opening_date": null, "date_updated": "2016-03-30 07:22:33", "link": {"type": "article", "url": "http://www.nytimes.com/movie/review?res=9C05E0DF1238E333A25756C0A9609C946294D6CF", "suggested_link_text": "Read the New York Times Review of On Demande Compagnon"}, "multimedia": null}, {"display_title": "Grand Hotel", "mpaa_rating": "", "critics_pick": 1, "byline": "HERBERT L. MATTHEWS.", "headline": "Grand Hotel", "summary_short": "That all-star honeycomb in Old Berlin. Forever fabulous.", "publication_date": "1933-06-04", "opening_date": "1932-09-11", "date_updated": "2016-03-30 06:45:09", "link": {"type": "article", "url": "http://www.nytimes.com/movie/review?res=9D07E4DF1238E333A25757C0A9609C946294D6CF", "suggested_link_text": "Read the New York Times Review of Grand Hotel"}, "multimedia": null}, {"display_title": "Goldie Gets Along", "mpaa_rating": "", "critics_pick": 0, "byline": "A.D.S.", "headline": "Gordie Gets Along", "summary_short": "Leaves N.J. boyfriend, hitchhikes to Hollywood to become a star. Easy, Goldie.", "publication_date": "1933-06-03", "opening_date": "1933-01-27", "date_updated": "2016-03-30 06:50:06", "link": {"type": "article", "url": "http://www.nytimes.com/movie/review?res=9A05E5DE1F3AE333A25750C0A9609C946294D6CF", "suggested_link_text": "Read the New York Times Review of Goldie Gets Along"}, "multimedia": null}, {"display_title": "Below the Sea", "mpaa_rating": "", "critics_pick": 0, "byline": "MORDAUNT HALL.", "headline": "Below the Sea", "summary_short": "Where it belongs. Back to Kong, Fay.", "publication_date": "1933-06-03", "opening_date": "1933-03-29", "date_updated": "2016-03-30 07:26:22", "link": {"type": "article", "url": "http://www.nytimes.com/movie/review?res=9905E5DE1F3AE333A25750C0A9609C946294D6CF", "suggested_link_text": "Read the New York Times Review of Below the Sea"}, "multimedia": null}, {"display_title": "Traum von Schonbrunn", "mpaa_rating": "", "critics_pick": 0, "byline": "H.T.S.", "headline": "Traum von Schoenbrunn", "summary_short": "", "publication_date": "1933-06-01", "opening_date": null, "date_updated": "2016-03-30 06:51:19", "link": {"type": "article", "url": "http://www.nytimes.com/movie/review?res=9B01E7D61538E333A25752C0A9609C946294D6CF", "suggested_link_text": "Read the New York Times Review of Traum von Schonbrunn"}, "multimedia": null}, {"display_title": "A Study in Scarlet", "mpaa_rating": "", "critics_pick": 0, "byline": "MORDAUNT HALL.", "headline": "Study in Scarlet, A", "summary_short": "Early Sherlock Holmes.", "publication_date": "1933-06-01", "opening_date": "1933-05-14", "date_updated": "2016-03-30 07:16:18", "link": {"type": "article", "url": "http://www.nytimes.com/movie/review?res=9A01E7D61538E333A25752C0A9609C946294D6CF", "suggested_link_text": "Read the New York Times Review of A Study in Scarlet"}, "multimedia": null}, {"display_title": "Night and Day", "mpaa_rating": "", "critics_pick": 0, "byline": "A.D.S.", "headline": "Night and Day", "summary_short": "", "publication_date": "1933-05-29", "opening_date": null, "date_updated": "2016-03-30 07:19:58", "link": {"type": "article", "url": "http://www.nytimes.com/movie/review?res=9D07E6DC1730EF3ABC4151DFB3668388629EDE", "suggested_link_text": "Read the New York Times Review of Night and Day"}, "multimedia": null}, {"display_title": "The Nuisance", "mpaa_rating": "", "critics_pick": 0, "byline": "MORDAUNT HALL", "headline": "Nuisance, The", "summary_short": "An aging gridiron star. Solid, thoughtful drama.", "publication_date": "1933-05-29", "opening_date": "1933-06-02", "date_updated": "2016-03-30 07:20:55", "link": {"type": "article", "url": "http://www.nytimes.com/movie/review?res=9504E6DC1730EF3ABC4151DFB3668388629EDE", "suggested_link_text": "Read the New York Times Review of The Nuisance"}, "multimedia": null}]}