{"status": "OK", "copyright": "Copyright (c) 2017 The New York Times Company. All Rights Reserved.", "has_more": true, "num_results": 20, "results": [{"display_title": "Kiss and Make Up", "mpaa_rating": "", "critics_pick": 0, "byline": "A.D.S.", "headline": "Kiss and Make-Up", "summary_short": "An oh-doctor antique.", "publication_date": "1934-06-29", "opening_date": "1934-07-13", "date_updated": "2016-03-30 07:19:41", "link": {"type": "article", "url": "http://www.nytimes.com/movie/review?res=9407E7DD103EE53ABC4151DFB066838F629EDE", "suggested_link_text": "Read the New York Times Review of Kiss and Make Up"}, "multimedia": null}, {"display_title": "Black Moon", "mpaa_rating": "", "critics_pick": 0, "byline": "A.D.S.", "headline": "Black Moon", "summary_short": "", "publication_date": "1934-06-28", "opening_date": "1934-06-15", "date_updated": "2016-03-30 07:13:35", "link": {"type": "article", "url": "http://www.nytimes.com/movie/review?res=980CE5DD153FE53ABC4051DFB066838F629EDE", "suggested_link_text": "Read the New York Times Review of Black Moon"}, "multimedia": null}, {"display_title": "Operator 13", "mpaa_rating": "", "critics_pick": 0, "byline": "M.H.", "headline": "Operator 13", "summary_short": "Yankee spy and Confederate captain. Gauzy old romance but picturesque fun now.", "publication_date": "1934-06-23", "opening_date": "1934-06-08", "date_updated": "2016-03-30 06:51:14", "link": {"type": "article", "url": "http://www.nytimes.com/movie/review?res=9A00E2D81430E033A25750C2A9609C946594D6CF", "suggested_link_text": "Read the New York Times Review of Operator 13"}, "multimedia": null}, {"display_title": "Half a Sinner", "mpaa_rating": "", "critics_pick": 0, "byline": "A.D.S.", "headline": "Half a Sinner", "summary_short": "", "publication_date": "1934-06-23", "opening_date": "1934-06-01", "date_updated": "2016-03-30 07:27:07", "link": {"type": "article", "url": "http://www.nytimes.com/movie/review?res=9800E2D81430E033A25750C2A9609C946594D6CF", "suggested_link_text": "Read the New York Times Review of Half a Sinner"}, "multimedia": null}, {"display_title": "Affairs of A Gentleman", "mpaa_rating": "", "critics_pick": 0, "byline": "A.D.S.", "headline": "Affairs of a Gentleman", "summary_short": "", "publication_date": "1934-06-23", "opening_date": "1934-05-01", "date_updated": "2016-03-30 06:52:34", "link": {"type": "article", "url": "http://www.nytimes.com/movie/review?res=9400E2D81430E033A25750C2A9609C946594D6CF", "suggested_link_text": "Read the New York Times Review of Affairs of A Gentleman"}, "multimedia": null}, {"display_title": "Let's Try Again", "mpaa_rating": "", "critics_pick": 0, "byline": "MORDAUNT HALL.", "headline": "Let's Try Again", "summary_short": "Doctor and wife can't decide about divorce.", "publication_date": "1934-06-22", "opening_date": "1934-07-06", "date_updated": "2016-03-30 06:48:32", "link": {"type": "article", "url": "http://www.nytimes.com/movie/review?res=9902EEDC123CE23ABC4A51DFB066838F629EDE", "suggested_link_text": "Read the New York Times Review of Let's Try Again"}, "multimedia": null}, {"display_title": "Doctor Monica", "mpaa_rating": "Not Rated", "critics_pick": 0, "byline": "MORDAUNT HALL.", "headline": "Dr Monica", "summary_short": "Prehistoric hospital suds, up to here.", "publication_date": "1934-06-21", "opening_date": "1934-06-23", "date_updated": "2016-03-30 06:49:57", "link": {"type": "article", "url": "http://www.nytimes.com/movie/review?res=9804E3DC123CE23ABC4951DFB066838F629EDE", "suggested_link_text": "Read the New York Times Review of Doctor Monica"}, "multimedia": null}, {"display_title": "Murder on the Blackboard", "mpaa_rating": "", "critics_pick": 0, "byline": "MORDAUNT HALL.", "headline": "Murder on the Blackboard", "summary_short": "Spinster sleuth on case of slain music teacher. O.K., but a bit static.", "publication_date": "1934-06-20", "opening_date": "1934-06-15", "date_updated": "2016-03-30 07:20:18", "link": {"type": "article", "url": "http://www.nytimes.com/movie/review?res=9B0DE0DD123CE23ABC4851DFB066838F629EDE", "suggested_link_text": "Read the New York Times Review of Murder on the Blackboard"}, "multimedia": null}, {"display_title": "White Heat", "mpaa_rating": "", "critics_pick": 0, "byline": "A.D.S.", "headline": "White Heat", "summary_short": "", "publication_date": "1934-06-16", "opening_date": "1934-06-15", "date_updated": "2016-03-30 07:16:08", "link": {"type": "article", "url": "http://www.nytimes.com/movie/review?res=9F0CE6DE123CE23ABC4E52DFB066838F629EDE", "suggested_link_text": "Read the New York Times Review of White Heat"}, "multimedia": null}, {"display_title": "Here Comes the Groom", "mpaa_rating": "", "critics_pick": 0, "byline": "MORDAUNT HALL.", "headline": "Here Comes the Groom", "summary_short": "", "publication_date": "1934-06-16", "opening_date": "1934-06-22", "date_updated": "2016-03-30 06:54:51", "link": {"type": "article", "url": "http://www.nytimes.com/movie/review?res=9D0CE6DE123CE23ABC4E52DFB066838F629EDE", "suggested_link_text": "Read the New York Times Review of Here Comes the Groom"}, "multimedia": null}, {"display_title": "Let's Talk It Over", "mpaa_rating": "", "critics_pick": 0, "byline": "M.H.", "headline": "Let's Talk It Over", "summary_short": "", "publication_date": "1934-06-16", "opening_date": "1934-06-01", "date_updated": "2016-03-30 07:15:34", "link": {"type": "article", "url": "http://www.nytimes.com/movie/review?res=9E0CE6DE123CE23ABC4E52DFB066838F629EDE", "suggested_link_text": "Read the New York Times Review of Let's Talk It Over"}, "multimedia": null}, {"display_title": "Along Came Sally", "mpaa_rating": "", "critics_pick": 0, "byline": "A.D.S.", "headline": "Along Came Sally", "summary_short": "", "publication_date": "1934-06-16", "opening_date": "1934-06-14", "date_updated": "2016-03-30 06:52:00", "link": {"type": "article", "url": "http://www.nytimes.com/movie/review?res=980CE6DE123CE23ABC4E52DFB066838F629EDE", "suggested_link_text": "Read the New York Times Review of Along Came Sally"}, "multimedia": null}, {"display_title": "The Tell-Tale Heart", "mpaa_rating": "", "critics_pick": 0, "byline": "Harry T. Smith", "headline": "Tell-Tale Heart, The", "summary_short": "", "publication_date": "1934-06-15", "opening_date": "1934-06-14", "date_updated": "2016-03-30 06:52:43", "link": {"type": "article", "url": "http://www.nytimes.com/movie/review?res=9803E1DE1239E632A25756C1A9609C946594D6CF", "suggested_link_text": "Read the New York Times Review of The Tell-Tale Heart"}, "multimedia": null}, {"display_title": "Private Scandal", "mpaa_rating": "", "critics_pick": 0, "byline": "A.D.S.", "headline": "Private Scandal", "summary_short": "", "publication_date": "1934-06-15", "opening_date": "1934-05-11", "date_updated": "2016-03-30 07:21:41", "link": {"type": "article", "url": "http://www.nytimes.com/movie/review?res=9F03E1DE1239E632A25756C1A9609C946594D6CF", "suggested_link_text": "Read the New York Times Review of Private Scandal"}, "multimedia": null}, {"display_title": "The Life of Vergie Winters", "mpaa_rating": "", "critics_pick": 0, "byline": "MORDAUNT HALL.", "headline": "Life of Vergie Winters, The", "summary_short": "Tender suds, feelingly played. Ann's right-on.", "publication_date": "1934-06-15", "opening_date": "1934-06-22", "date_updated": "2016-03-30 06:57:51", "link": {"type": "article", "url": "http://www.nytimes.com/movie/review?res=9E03E1DE1239E632A25756C1A9609C946594D6CF", "suggested_link_text": "Read the New York Times Review of The Life of Vergie Winters"}, "multimedia": null}, {"display_title": "Such Women Are Dangerous", "mpaa_rating": "", "critics_pick": 0, "byline": "A.D.S.", "headline": "Such Women Are Dangerous", "summary_short": "", "publication_date": "1934-06-09", "opening_date": null, "date_updated": "2016-03-30 07:05:39", "link": {"type": "article", "url": "http://www.nytimes.com/movie/review?res=9E0DE2D6153CE23ABC4153DFB066838F629EDE", "suggested_link_text": "Read the New York Times Review of Such Women Are Dangerous"}, "multimedia": null}, {"display_title": "Men in White", "mpaa_rating": "", "critics_pick": 0, "byline": "MORDAUNT HALL.", "headline": "Men in White", "summary_short": "Young intern at the crossroads. Dated but still absorbing.", "publication_date": "1934-06-09", "opening_date": "1934-04-06", "date_updated": "2016-03-30 07:15:39", "link": {"type": "article", "url": "http://www.nytimes.com/movie/review?res=9502E2D6153CE23ABC4153DFB066838F629EDE", "suggested_link_text": "Read the New York Times Review of Men in White"}, "multimedia": null}, {"display_title": "Many Happy Returns", "mpaa_rating": "", "critics_pick": 0, "byline": "M.H.", "headline": "Many Happy Returns", "summary_short": "", "publication_date": "1934-06-09", "opening_date": "1934-06-08", "date_updated": "2016-03-30 06:58:54", "link": {"type": "article", "url": "http://www.nytimes.com/movie/review?res=9C0DE2D6153CE23ABC4153DFB066838F629EDE", "suggested_link_text": "Read the New York Times Review of Many Happy Returns"}, "multimedia": null}, {"display_title": "Sisters under the Skin", "mpaa_rating": "", "critics_pick": 0, "byline": "MORDAUNT HALL.", "headline": "Sisters Under the Skin", "summary_short": "", "publication_date": "1934-06-08", "opening_date": "1934-04-15", "date_updated": "2016-03-30 06:47:28", "link": {"type": "article", "url": "http://www.nytimes.com/movie/review?res=9804E2DF153FE53ABC4053DFB066838F629EDE", "suggested_link_text": "Read the New York Times Review of Sisters under the Skin"}, "multimedia": null}, {"display_title": "The Love Captive", "mpaa_rating": "", "critics_pick": 0, "byline": "A.D.S.", "headline": "Love Captive, The", "summary_short": "", "publication_date": "1934-06-08", "opening_date": "1934-06-07", "date_updated": "2016-03-30 06:43:52", "link": {"type": "article", "url": "http://www.nytimes.com/movie/review?res=9904E2DF153FE53ABC4053DFB066838F629EDE", "suggested_link_text": "Read the New York Times Review of The Love Captive"}, "multimedia": null}]}