{"status": "OK", "copyright": "Copyright (c) 2017 The New York Times Company. All Rights Reserved.", "has_more": true, "num_results": 20, "results": [{"display_title": "The Man Who Reclaimed His Head", "mpaa_rating": "", "critics_pick": 0, "byline": "ANDRE SENNWALD.", "headline": "Man Who Reclaimed his Head, The", "summary_short": "Journalist goes beserk.", "publication_date": "1935-01-09", "opening_date": "1934-12-24", "date_updated": "2016-03-30 07:10:35", "link": {"type": "article", "url": "http://www.nytimes.com/movie/review?res=9B01E6D7153DE53ABC4153DFB766838E629EDE", "suggested_link_text": "Read the New York Times Review of The Man Who Reclaimed His Head"}, "multimedia": null}, {"display_title": "Helldorado", "mpaa_rating": "", "critics_pick": 0, "byline": "F.S.N.", "headline": "Helldorado", "summary_short": "", "publication_date": "1935-01-07", "opening_date": "1935-01-05", "date_updated": "2016-03-30 06:45:09", "link": {"type": "article", "url": "http://www.nytimes.com/movie/review?res=9800E2D8153DE53ABC4F53DFB766838E629EDE", "suggested_link_text": "Read the New York Times Review of Helldorado"}, "multimedia": null}, {"display_title": "Sweet Adeline", "mpaa_rating": "", "critics_pick": 0, "byline": "ANDRE SENNWALD.", "headline": "Sweet Adeline", "summary_short": "Glorious Kern score floats this slender stage transplant, with lovely Dunne piping.", "publication_date": "1935-01-07", "opening_date": "1934-12-29", "date_updated": "2016-03-30 07:16:07", "link": {"type": "article", "url": "http://www.nytimes.com/movie/review?res=9F00E2D8153DE53ABC4F53DFB766838E629EDE", "suggested_link_text": "Read the New York Times Review of Sweet Adeline"}, "multimedia": null}, {"display_title": "It's a Gift", "mpaa_rating": "", "critics_pick": 1, "byline": "ANDRE SENNWALD.", "headline": "It's a Gift", "summary_short": "Fields in clover, and Baby keeps him on his toes.", "publication_date": "1935-01-05", "opening_date": "1934-11-30", "date_updated": "2016-03-30 06:46:11", "link": {"type": "article", "url": "http://www.nytimes.com/movie/review?res=9E05E7DF113EE53ABC4D53DFB766838E629EDE", "suggested_link_text": "Read the New York Times Review of It's a Gift"}, "multimedia": null}, {"display_title": "Kentucky Kernels", "mpaa_rating": "", "critics_pick": 0, "byline": "F.S.N.", "headline": "Kentucky Kernels", "summary_short": "Family-feud romp, from way back.", "publication_date": "1935-01-05", "opening_date": "1934-11-02", "date_updated": "2016-03-30 07:15:46", "link": {"type": "article", "url": "http://www.nytimes.com/movie/review?res=9F05E7DF113EE53ABC4D53DFB766838E629EDE", "suggested_link_text": "Read the New York Times Review of Kentucky Kernels"}, "multimedia": null}, {"display_title": "The Best Man Wins", "mpaa_rating": "", "critics_pick": 0, "byline": "ANDRE SENNWALD.", "headline": "Best Man Wins", "summary_short": "", "publication_date": "1935-01-02", "opening_date": "1935-01-15", "date_updated": "2016-03-30 06:42:12", "link": {"type": "article", "url": "http://www.nytimes.com/movie/review?res=990DE7DB1E38E33BBC4A53DFB766838E629EDE", "suggested_link_text": "Read the New York Times Review of The Best Man Wins"}, "multimedia": null}, {"display_title": "I Am a Thief", "mpaa_rating": "", "critics_pick": 0, "byline": "F.S.N.", "headline": "I am a Thief", "summary_short": "Jewel thieves aboard the Orient Express. Enough with the railroading, even then.", "publication_date": "1935-01-01", "opening_date": "1934-11-24", "date_updated": "2016-03-30 07:30:31", "link": {"type": "article", "url": "http://www.nytimes.com/movie/review?res=990DE2D9153DE53ABC4953DFB766838E629EDE", "suggested_link_text": "Read the New York Times Review of I Am a Thief"}, "multimedia": null}, {"display_title": "A Wicked Woman", "mpaa_rating": "", "critics_pick": 0, "byline": "ANDRE SENNWALD.", "headline": "Wicked Woman, A", "summary_short": "Offspring come to the rescue of a Southern woman who turned herself in after killing her abusive husband.", "publication_date": "1935-01-01", "opening_date": "1934-12-07", "date_updated": "2016-03-30 07:28:13", "link": {"type": "article", "url": "http://www.nytimes.com/movie/review?res=980DE2D9153DE53ABC4953DFB766838E629EDE", "suggested_link_text": "Read the New York Times Review of A Wicked Woman"}, "multimedia": null}, {"display_title": "Johann Strauss, K. und K. Hofballmusikdirektor", "mpaa_rating": "", "critics_pick": 0, "byline": "H.T.S.", "headline": "Kaiserwalzer", "summary_short": "", "publication_date": "1934-12-29", "opening_date": null, "date_updated": "2016-03-30 07:25:25", "link": {"type": "article", "url": "http://www.nytimes.com/movie/review?res=9A0DEEDB1039E33ABC4151DFB467838F629EDE", "suggested_link_text": "Read the New York Times Review of Johann Strauss, K. und K. Hofballmusikdirektor"}, "multimedia": null}, {"display_title": "El Tango En Broadway", "mpaa_rating": "", "critics_pick": 0, "byline": "H.T.S.", "headline": "Tango en Broadway, El", "summary_short": "", "publication_date": "1934-12-29", "opening_date": null, "date_updated": "2016-03-30 06:45:15", "link": {"type": "article", "url": "http://www.nytimes.com/movie/review?res=9B0DEEDB1039E33ABC4151DFB467838F629EDE", "suggested_link_text": "Read the New York Times Review of El Tango En Broadway"}, "multimedia": null}, {"display_title": "The Little Minister", "mpaa_rating": "", "critics_pick": 0, "byline": "ANDRE SENNWALD.", "headline": "Little Minister, The", "summary_short": "Barrie's Scottish village cleric and Gypsy girl. Appealing yarn, lovely production.", "publication_date": "1934-12-28", "opening_date": "1934-12-28", "date_updated": "2016-03-30 07:26:10", "link": {"type": "article", "url": "http://www.nytimes.com/movie/review?res=9901EEDA173CEE32A2575BC2A9649D946594D6CF", "suggested_link_text": "Read the New York Times Review of The Little Minister"}, "multimedia": null}, {"display_title": "I Sell Anything", "mpaa_rating": "", "critics_pick": 0, "byline": "ANDRE SENNWALD.", "headline": "I Sell Anything", "summary_short": "An auctioneer learns the hard way from a woman who brings him to Broadway.", "publication_date": "1934-12-27", "opening_date": "1934-10-20", "date_updated": "2016-03-30 06:44:56", "link": {"type": "article", "url": "http://www.nytimes.com/movie/review?res=9E00E3DA173CEE32A25754C2A9649D946594D6CF", "suggested_link_text": "Read the New York Times Review of I Sell Anything"}, "multimedia": null}, {"display_title": "The Mighty Barnum", "mpaa_rating": "", "critics_pick": 0, "byline": "ANDRE SENNWALD.", "headline": "Mighty Barnum, The", "summary_short": "Dressy showcase for wheezing Wally. Some Barnum spangles but really creaks now.", "publication_date": "1934-12-24", "opening_date": null, "date_updated": "2016-03-30 07:27:01", "link": {"type": "article", "url": "http://www.nytimes.com/movie/review?res=950CE2DB173CEE32A25757C2A9649D946594D6CF", "suggested_link_text": "Read the New York Times Review of The Mighty Barnum"}, "multimedia": null}, {"display_title": "Here Is My Heart", "mpaa_rating": "", "critics_pick": 0, "byline": "A.S.", "headline": "Here is my Heart", "summary_short": "", "publication_date": "1934-12-22", "opening_date": "1934-12-28", "date_updated": "2016-03-30 06:54:07", "link": {"type": "article", "url": "http://www.nytimes.com/movie/review?res=9D00E6DF163CE33ABC4A51DFB467838F629EDE", "suggested_link_text": "Read the New York Times Review of Here Is My Heart"}, "multimedia": null}, {"display_title": "The Band Plays On", "mpaa_rating": "", "critics_pick": 0, "byline": "F.S.N.", "headline": "Band Plays on, The", "summary_short": "Backfield coaching for wayward youths.", "publication_date": "1934-12-22", "opening_date": "1934-12-21", "date_updated": "2016-03-30 07:28:47", "link": {"type": "article", "url": "http://www.nytimes.com/movie/review?res=9E00E6DF163CE33ABC4A51DFB467838F629EDE", "suggested_link_text": "Read the New York Times Review of The Band Plays On"}, "multimedia": null}, {"display_title": "Anne of Green Gables", "mpaa_rating": "", "critics_pick": 0, "byline": "ANDRE SENNWALD.", "headline": "Anne of Green Gables", "summary_short": "Charming, rounded story.", "publication_date": "1934-12-22", "opening_date": "1934-11-23", "date_updated": "2016-03-30 07:22:15", "link": {"type": "article", "url": "http://www.nytimes.com/movie/review?res=9C00E6DF163CE33ABC4A51DFB467838F629EDE", "suggested_link_text": "Read the New York Times Review of Anne of Green Gables"}, "multimedia": null}, {"display_title": "Bright Eyes", "mpaa_rating": "", "critics_pick": 0, "byline": "ANDRE SENNWALD.", "headline": "Bright Eyes", "summary_short": "``On the Good Ship Lollipop.'' Good scene: Jane and Shirley play ``carwreck.''", "publication_date": "1934-12-21", "opening_date": "1934-12-28", "date_updated": "2016-03-30 07:13:58", "link": {"type": "article", "url": "http://www.nytimes.com/movie/review?res=9D0DE7DB173CEE32A25752C2A9649D946594D6CF", "suggested_link_text": "Read the New York Times Review of Bright Eyes"}, "multimedia": null}, {"display_title": "The Gay Bride", "mpaa_rating": "", "critics_pick": 0, "byline": "ANDRE SENNWALD.", "headline": "Gay Bride, The", "summary_short": "Gold digger and gangster husband on European honeymoon.", "publication_date": "1934-12-19", "opening_date": "1934-12-14", "date_updated": "2016-03-30 07:30:13", "link": {"type": "article", "url": "http://www.nytimes.com/movie/review?res=9A01E4D61E3CE23ABC4152DFB467838F629EDE", "suggested_link_text": "Read the New York Times Review of The Gay Bride"}, "multimedia": null}, {"display_title": "Babbitt", "mpaa_rating": "", "critics_pick": 0, "byline": "ANDRE SENNWALD.", "headline": "Babbitt", "summary_short": "Dehydrated but still effective version of Sinclair Lewis's scather about small-town conformity.", "publication_date": "1934-12-17", "opening_date": "1934-12-08", "date_updated": "2016-03-30 07:05:23", "link": {"type": "article", "url": "http://www.nytimes.com/movie/review?res=9F05E5DE103FE53ABC4F52DFB467838F629EDE", "suggested_link_text": "Read the New York Times Review of Babbitt"}, "multimedia": null}, {"display_title": "Dealers in Death", "mpaa_rating": "", "critics_pick": 0, "byline": "F.S.N.", "headline": "Dealers in Death", "summary_short": "", "publication_date": "1934-12-15", "opening_date": "0000-00-00", "date_updated": "2016-03-30 06:43:53", "link": {"type": "article", "url": "http://www.nytimes.com/movie/review?res=9D06E5D81E3CE23ABC4D52DFB467838F629EDE", "suggested_link_text": "Read the New York Times Review of Dealers in Death"}, "multimedia": null}]}