{"status": "OK", "copyright": "Copyright (c) 2017 The New York Times Company. All Rights Reserved.", "has_more": true, "num_results": 20, "results": [{"display_title": "Up in Central Park", "mpaa_rating": "", "critics_pick": 0, "byline": "T. M. P.", "headline": "Up in Central Park", "summary_short": "Lumbering romance, squashing fine Romberg score.", "publication_date": "1948-05-27", "opening_date": "1948-07-01", "date_updated": "2016-03-30 07:10:34", "link": {"type": "article", "url": "http://www.nytimes.com/movie/review?res=950DE4DB143BE33BBC4F51DFB3668383659EDE", "suggested_link_text": "Read the New York Times Review of Up in Central Park"}, "multimedia": null}, {"display_title": "The Time of Your Life", "mpaa_rating": "", "critics_pick": 0, "byline": "BOSLEY CROWTHER", "headline": "Time of your Life, The", "summary_short": "A San Francisco bar, way back, via Saroyan's play. Mainly talk, often provocative.", "publication_date": "1948-05-27", "opening_date": "1948-09-03", "date_updated": "2016-03-30 07:27:46", "link": {"type": "article", "url": "http://www.nytimes.com/movie/review?res=9803E1DB143BE33BBC4F51DFB3668383659EDE", "suggested_link_text": "Read the New York Times Review of The Time of Your Life"}, "multimedia": null}, {"display_title": "Clandestine", "mpaa_rating": "", "critics_pick": 0, "byline": "A.W.", "headline": "Clandestine", "summary_short": "", "publication_date": "1948-05-24", "opening_date": "1947-02-07", "date_updated": "2016-03-30 06:58:13", "link": {"type": "article", "url": "http://www.nytimes.com/movie/review?res=9A03E0DE1630E03BBC4C51DFB3668383659EDE", "suggested_link_text": "Read the New York Times Review of Clandestine"}, "multimedia": null}, {"display_title": "Silver River", "mpaa_rating": "", "critics_pick": 0, "byline": "T.M.P.", "headline": "Silver River", "summary_short": "Everyone turns against mining tycoon. Hammered brass.", "publication_date": "1948-05-22", "opening_date": "1948-05-29", "date_updated": "2016-03-30 07:14:37", "link": {"type": "article", "url": "http://www.nytimes.com/movie/review?res=9C0DE6DB123EE03BBC4A51DFB3668383659EDE", "suggested_link_text": "Read the New York Times Review of Silver River"}, "multimedia": null}, {"display_title": "They Are Not Angels", "mpaa_rating": "", "critics_pick": 0, "byline": "H.H.T.", "headline": "They Are not Angels", "summary_short": "", "publication_date": "1948-05-22", "opening_date": "1948-05-21", "date_updated": "2016-03-30 06:46:44", "link": {"type": "article", "url": "http://www.nytimes.com/movie/review?res=9D0DE6DB123EE03BBC4A51DFB3668383659EDE", "suggested_link_text": "Read the New York Times Review of They Are Not Angels"}, "multimedia": null}, {"display_title": "River Lady", "mpaa_rating": "", "critics_pick": 0, "byline": "E. J. B.", "headline": "River Lady", "summary_short": "Fair paddleboat yarn.", "publication_date": "1948-05-21", "opening_date": "1948-06-01", "date_updated": "2016-03-30 06:42:50", "link": {"type": "article", "url": "http://www.nytimes.com/movie/review?res=9904E0D6133CEF33A25752C2A9639C946993D6CF", "suggested_link_text": "Read the New York Times Review of River Lady"}, "multimedia": null}, {"display_title": "The Pirate", "mpaa_rating": "", "critics_pick": 0, "byline": "T.M.P.", "headline": "Pirate, The", "summary_short": "Traveling entertainer poses as swashbuckler. Stunning decor and duds, middling Cole Porter.", "publication_date": "1948-05-21", "opening_date": "1948-06-11", "date_updated": "2016-03-30 06:44:07", "link": {"type": "article", "url": "http://www.nytimes.com/movie/review?res=9F04E0D6133CEF33A25752C2A9639C946993D6CF", "suggested_link_text": "Read the New York Times Review of The Pirate"}, "multimedia": null}, {"display_title": "Berlin Express", "mpaa_rating": "", "critics_pick": 0, "byline": "A. W.", "headline": "Berlin Express", "summary_short": "Assassination plot on a train. Evocative Berlin ruins, good postwar suspense.", "publication_date": "1948-05-21", "opening_date": "1948-05-01", "date_updated": "2016-03-30 06:41:33", "link": {"type": "article", "url": "http://www.nytimes.com/movie/review?res=9804E0D6133CEF33A25752C2A9639C946993D6CF", "suggested_link_text": "Read the New York Times Review of Berlin Express"}, "multimedia": null}, {"display_title": "The Sainted Sisters", "mpaa_rating": "", "critics_pick": 0, "byline": "T.M.P.", "headline": "Sainted Sisters, The", "summary_short": "", "publication_date": "1948-05-20", "opening_date": "1948-04-30", "date_updated": "2016-03-30 07:16:33", "link": {"type": "article", "url": "http://www.nytimes.com/movie/review?res=9906E6DB133BE33BBC4851DFB3668383659EDE", "suggested_link_text": "Read the New York Times Review of The Sainted Sisters"}, "multimedia": null}, {"display_title": "Gaiety George", "mpaa_rating": "", "critics_pick": 0, "byline": "A.W.", "headline": "Showtime", "summary_short": "", "publication_date": "1948-05-20", "opening_date": null, "date_updated": "2016-03-30 06:42:42", "link": {"type": "article", "url": "http://www.nytimes.com/movie/review?res=9806E6DB133BE33BBC4851DFB3668383659EDE", "suggested_link_text": "Read the New York Times Review of Gaiety George"}, "multimedia": null}, {"display_title": "Another Part of the Forest", "mpaa_rating": "", "critics_pick": 0, "byline": "T.M.P.", "headline": "Another Part of the Forest", "summary_short": "Hellman's ``Little Foxes'' years before, mean and greedy as ever. Steady reprise of Broadway.", "publication_date": "1948-05-19", "opening_date": null, "date_updated": "2016-03-30 06:58:17", "link": {"type": "article", "url": "http://www.nytimes.com/movie/review?res=9500E6DF143BE33BBC4152DFB3668383659EDE", "suggested_link_text": "Read the New York Times Review of Another Part of the Forest"}, "multimedia": null}, {"display_title": "Meet Me at Dawn", "mpaa_rating": "", "critics_pick": 0, "byline": "T.M.P.", "headline": "Meet Me at Dawn", "summary_short": "", "publication_date": "1948-05-18", "opening_date": null, "date_updated": "2016-03-30 06:53:29", "link": {"type": "article", "url": "http://www.nytimes.com/movie/review?res=9900E5D8173CE733A2575BC1A9639C946993D6CF", "suggested_link_text": "Read the New York Times Review of Meet Me at Dawn"}, "multimedia": null}, {"display_title": "The Big City", "mpaa_rating": "", "critics_pick": 0, "byline": "A. W.", "headline": "Big City", "summary_short": "Treacly tale of adopted orphan.", "publication_date": "1948-05-17", "opening_date": "1948-03-25", "date_updated": "2016-03-30 07:09:20", "link": {"type": "article", "url": "http://www.nytimes.com/movie/review?res=9401E4DF1438EE3BBC4F52DFB3668383659EDE", "suggested_link_text": "Read the New York Times Review of The Big City"}, "multimedia": null}, {"display_title": "The Fuller Brush Man", "mpaa_rating": "", "critics_pick": 0, "byline": "BOSLEY CROWTHER", "headline": "Fuller Brush Man, The", "summary_short": "Very funny, lively slapstick. Good of this kind.", "publication_date": "1948-05-15", "opening_date": "1948-06-01", "date_updated": "2016-03-30 06:47:53", "link": {"type": "article", "url": "http://www.nytimes.com/movie/review?res=9D02E0D61738EE3BBC4D52DFB3668383659EDE", "suggested_link_text": "Read the New York Times Review of The Fuller Brush Man"}, "multimedia": null}, {"display_title": "Whispering City", "mpaa_rating": "", "critics_pick": 0, "byline": "A.W.", "headline": "Whispering City", "summary_short": "Distraught Vietnam veteran. Not reviewed by us.", "publication_date": "1948-05-10", "opening_date": "1947-11-20", "date_updated": "2016-03-30 06:48:49", "link": {"type": "article", "url": "http://www.nytimes.com/movie/review?res=9B03E1D9173CE733A25753C1A9639C946993D6CF", "suggested_link_text": "Read the New York Times Review of Whispering City"}, "multimedia": null}, {"display_title": "The Woman in White", "mpaa_rating": "", "critics_pick": 0, "byline": "BOSLEY CROWTHER", "headline": "Woman in White, The", "summary_short": "Collins's eerie-household thriller. Best for ambience and fringe eccentrics.", "publication_date": "1948-05-08", "opening_date": "1948-05-15", "date_updated": "2016-03-30 07:05:09", "link": {"type": "article", "url": "http://www.nytimes.com/movie/review?res=9B07E6D61738EE3BBC4053DFB3668383659EDE", "suggested_link_text": "Read the New York Times Review of The Woman in White"}, "multimedia": null}, {"display_title": "Dear Murderer", "mpaa_rating": "", "critics_pick": 0, "byline": "T. M.P.", "headline": "Dear Murderer", "summary_short": "Cuckold's revenge. Smoothly British, a bit bland.", "publication_date": "1948-05-08", "opening_date": null, "date_updated": "2016-03-30 07:09:22", "link": {"type": "article", "url": "http://www.nytimes.com/movie/review?res=9407E6D61738EE3BBC4053DFB3668383659EDE", "suggested_link_text": "Read the New York Times Review of Dear Murderer"}, "multimedia": null}, {"display_title": "The Brothers", "mpaa_rating": "", "critics_pick": 0, "byline": "BOSLEY CROWTHER", "headline": "Brothers, The", "summary_short": "", "publication_date": "1948-05-05", "opening_date": null, "date_updated": "2016-03-30 07:10:36", "link": {"type": "article", "url": "http://www.nytimes.com/movie/review?res=9A03E6DF133BE33BBC4D53DFB3668383659EDE", "suggested_link_text": "Read the New York Times Review of The Brothers"}, "multimedia": null}, {"display_title": "Homecoming", "mpaa_rating": "", "critics_pick": 0, "byline": "BOSLEY CROWTHER", "headline": "Homecoming", "summary_short": "Battlefront love and absolute hooey.", "publication_date": "1948-04-30", "opening_date": "1948-05-01", "date_updated": "2016-03-30 07:15:25", "link": {"type": "article", "url": "http://www.nytimes.com/movie/review?res=9800E6D9173CE733A25753C3A9629C946993D6CF", "suggested_link_text": "Read the New York Times Review of Homecoming"}, "multimedia": null}, {"display_title": "Anna Karenina", "mpaa_rating": "", "critics_pick": 0, "byline": "BOSLEY CROWTHER", "headline": "Anna Karenina", "summary_short": "Tolstoy's tragic love story. Lavish, with strong portions, but Garbo still leads.", "publication_date": "1948-04-28", "opening_date": null, "date_updated": "2016-03-30 06:54:44", "link": {"type": "article", "url": "http://www.nytimes.com/movie/review?res=9E03E2DA1F3EE53ABC4051DFB2668383659EDE", "suggested_link_text": "Read the New York Times Review of Anna Karenina"}, "multimedia": null}]}