{"status": "OK", "copyright": "Copyright (c) 2017 The New York Times Company. All Rights Reserved.", "has_more": true, "num_results": 20, "results": [{"display_title": "Ticket to Paradise", "mpaa_rating": "", "critics_pick": 0, "byline": "T.M.P.", "headline": "Ticket to Paradise", "summary_short": "", "publication_date": "1936-08-08", "opening_date": "1936-06-25", "date_updated": "2016-03-30 06:57:25", "link": {"type": "article", "url": "http://www.nytimes.com/movie/review?res=9901E1DC1130E13BBC4053DFBE66838D629EDE", "suggested_link_text": "Read the New York Times Review of Ticket to Paradise"}, "multimedia": null}, {"display_title": "M' Liss", "mpaa_rating": "", "critics_pick": 0, "byline": "J. T. M.", "headline": "M'liss", "summary_short": "", "publication_date": "1936-08-08", "opening_date": "1936-07-27", "date_updated": "2016-03-30 06:54:07", "link": {"type": "article", "url": "http://www.nytimes.com/movie/review?res=9E01E1DC1130E13BBC4053DFBE66838D629EDE", "suggested_link_text": "Read the New York Times Review of M' Liss"}, "multimedia": null}, {"display_title": "The Devil-Doll", "mpaa_rating": "", "critics_pick": 0, "byline": "FRANK S. NUGENT", "headline": "Devil Doll, The", "summary_short": "Good old chiller of crafty avenger.", "publication_date": "1936-08-08", "opening_date": "1936-07-10", "date_updated": "2016-03-30 07:17:07", "link": {"type": "article", "url": "http://www.nytimes.com/movie/review?res=9B06E1DC1130E13BBC4053DFBE66838D629EDE", "suggested_link_text": "Read the New York Times Review of The Devil-Doll"}, "multimedia": null}, {"display_title": "The Road to Glory", "mpaa_rating": "", "critics_pick": 0, "byline": "FRANK S. NUGENT", "headline": "Road to Glory, The", "summary_short": "World War I French soldiers. Well done drama, good production.", "publication_date": "1936-08-06", "opening_date": "1936-09-04", "date_updated": "2016-03-30 07:11:38", "link": {"type": "article", "url": "http://www.nytimes.com/movie/review?res=9A04E2DF1130E13BBC4E53DFBE66838D629EDE", "suggested_link_text": "Read the New York Times Review of The Road to Glory"}, "multimedia": null}, {"display_title": "Jailbreak", "mpaa_rating": "", "critics_pick": 0, "byline": "J.T.M.", "headline": "Jailbreak", "summary_short": "A reporter flirts with a prison worker while solving an inmate's murder.", "publication_date": "1936-08-06", "opening_date": null, "date_updated": "2016-03-30 07:23:09", "link": {"type": "article", "url": "http://www.nytimes.com/movie/review?res=9B04E2DF1130E13BBC4E53DFBE66838D629EDE", "suggested_link_text": "Read the New York Times Review of Jailbreak"}, "multimedia": null}, {"display_title": "I Was a Captive in Nazi Germany", "mpaa_rating": "", "critics_pick": 0, "byline": "FRANK S. NUGENT", "headline": "I Was a Captive of Nazi Germany", "summary_short": "", "publication_date": "1936-08-03", "opening_date": "1936-08-04", "date_updated": "2016-03-30 06:54:31", "link": {"type": "article", "url": "http://www.nytimes.com/movie/review?res=9505E2D9143CE53ABC4B53DFBE66838D629EDE", "suggested_link_text": "Read the New York Times Review of I Was a Captive in Nazi Germany"}, "multimedia": null}, {"display_title": "La Cieca di Sorrento", "mpaa_rating": "", "critics_pick": 0, "byline": "H.T.S.", "headline": "Cieca di Sorrento, La", "summary_short": "", "publication_date": "1936-08-03", "opening_date": "1936-08-02", "date_updated": "2016-03-30 06:52:19", "link": {"type": "article", "url": "http://www.nytimes.com/movie/review?res=9D04E2D9143CE53ABC4B53DFBE66838D629EDE", "suggested_link_text": "Read the New York Times Review of La Cieca di Sorrento"}, "multimedia": null}, {"display_title": "Three Cheers for Love", "mpaa_rating": "", "critics_pick": 0, "byline": "FRANK S. NUGENT", "headline": "Three Cheers for Love", "summary_short": "None for the film.", "publication_date": "1936-08-01", "opening_date": "1936-06-26", "date_updated": "2016-03-30 07:05:42", "link": {"type": "article", "url": "http://www.nytimes.com/movie/review?res=9A0CE3D61030E13BBC4953DFBE66838D629EDE", "suggested_link_text": "Read the New York Times Review of Three Cheers for Love"}, "multimedia": null}, {"display_title": "Grand Jury", "mpaa_rating": "", "critics_pick": 0, "byline": "T.M.P.", "headline": "Grand Jury", "summary_short": "Eccentric and granddaughter after gangsters.", "publication_date": "1936-08-01", "opening_date": "1936-08-07", "date_updated": "2016-03-30 06:45:54", "link": {"type": "article", "url": "http://www.nytimes.com/movie/review?res=940CE3D61030E13BBC4953DFBE66838D629EDE", "suggested_link_text": "Read the New York Times Review of Grand Jury"}, "multimedia": null}, {"display_title": "The Final Hour", "mpaa_rating": "", "critics_pick": 0, "byline": "B.R.C.", "headline": "Final Hour, The", "summary_short": "", "publication_date": "1936-08-01", "opening_date": "1936-07-07", "date_updated": "2016-03-30 06:50:04", "link": {"type": "article", "url": "http://www.nytimes.com/movie/review?res=9B0CE3D61030E13BBC4953DFBE66838D629EDE", "suggested_link_text": "Read the New York Times Review of The Final Hour"}, "multimedia": null}, {"display_title": "Mary of Scotland", "mpaa_rating": "", "critics_pick": 0, "byline": "FRANK S. NUGENT.", "headline": "Mary of Scotland", "summary_short": "Holds up nicely, tho poignant love tragedy one minute and blustering adventure the next.", "publication_date": "1936-07-31", "opening_date": "1936-08-28", "date_updated": "2016-03-30 07:13:31", "link": {"type": "article", "url": "http://www.nytimes.com/movie/review?res=9506E3DA1E3FEE3BBC4950DFB166838D629EDE", "suggested_link_text": "Read the New York Times Review of Mary of Scotland"}, "multimedia": null}, {"display_title": "Rhythm on the Range", "mpaa_rating": "", "critics_pick": 0, "byline": "FRANK S. NUGENT", "headline": "Rhythm on the Range", "summary_short": "Nice vintage musical, introducing Martha the Great.", "publication_date": "1936-07-30", "opening_date": "1936-07-01", "date_updated": "2016-03-30 07:24:16", "link": {"type": "article", "url": "http://www.nytimes.com/movie/review?res=9E02E7DB1E3FEE3BBC4850DFB166838D629EDE", "suggested_link_text": "Read the New York Times Review of Rhythm on the Range"}, "multimedia": null}, {"display_title": "Posledniy Tabor", "mpaa_rating": "", "critics_pick": 0, "byline": "H.T.S.", "headline": "Gypsies", "summary_short": "", "publication_date": "1936-07-30", "opening_date": "1936-07-29", "date_updated": "2016-03-30 06:57:41", "link": {"type": "article", "url": "http://www.nytimes.com/movie/review?res=9A02E7DB1E3FEE3BBC4850DFB166838D629EDE", "suggested_link_text": "Read the New York Times Review of Posledniy Tabor"}, "multimedia": null}, {"display_title": "Bengal Tiger", "mpaa_rating": "", "critics_pick": 0, "byline": "B.R.C", "headline": "Bengal Tiger", "summary_short": "Circus escapee.", "publication_date": "1936-07-30", "opening_date": null, "date_updated": "2016-03-30 07:29:23", "link": {"type": "article", "url": "http://www.nytimes.com/movie/review?res=9802E7DB1E3FEE3BBC4850DFB166838D629EDE", "suggested_link_text": "Read the New York Times Review of Bengal Tiger"}, "multimedia": null}, {"display_title": "We Went to College", "mpaa_rating": "", "critics_pick": 0, "byline": "FRANK S. NUGENT", "headline": "We Went to College", "summary_short": "Alumni football-game gala.", "publication_date": "1936-07-27", "opening_date": "1936-06-19", "date_updated": "2016-03-30 06:46:50", "link": {"type": "article", "url": "http://www.nytimes.com/movie/review?res=9E07EEDF173DE33BBC4F51DFB166838D629EDE", "suggested_link_text": "Read the New York Times Review of We Went to College"}, "multimedia": null}, {"display_title": "Suzy", "mpaa_rating": "", "critics_pick": 0, "byline": "FRANK S. NUGENT", "headline": "Suzy", "summary_short": "American showgirl in London and Paris. Creaky WWI comedy-drama.", "publication_date": "1936-07-25", "opening_date": "1936-07-20", "date_updated": "2016-03-30 07:17:01", "link": {"type": "article", "url": "http://www.nytimes.com/movie/review?res=990CEFDD1E3FEE3BBC4D51DFB166838D629EDE", "suggested_link_text": "Read the New York Times Review of Suzy"}, "multimedia": null}, {"display_title": "Hot Money", "mpaa_rating": "", "critics_pick": 0, "byline": "T.M.P.", "headline": "Hot Money", "summary_short": "Stock promoter pushes inventor's secret formula for just-add-water gasoline.", "publication_date": "1936-07-25", "opening_date": "1936-07-18", "date_updated": "2016-03-30 07:21:48", "link": {"type": "article", "url": "http://www.nytimes.com/movie/review?res=9B0CEFDD1E3FEE3BBC4D51DFB166838D629EDE", "suggested_link_text": "Read the New York Times Review of Hot Money"}, "multimedia": null}, {"display_title": "Earthworm Tractors", "mpaa_rating": "", "critics_pick": 0, "byline": "B.R.C.", "headline": "Earthworm Tractors", "summary_short": "Tractor salesman Alexander Botts tries to sell one to a horse-drawn lumberman.", "publication_date": "1936-07-25", "opening_date": null, "date_updated": "2016-03-30 06:54:48", "link": {"type": "article", "url": "http://www.nytimes.com/movie/review?res=9A0CEFDD1E3FEE3BBC4D51DFB166838D629EDE", "suggested_link_text": "Read the New York Times Review of Earthworm Tractors"}, "multimedia": null}, {"display_title": "The Return of Sophie Lang", "mpaa_rating": "", "critics_pick": 0, "byline": "FRANK S. NUGENT", "headline": "Return of Sophie Lang, The", "summary_short": "Lively, engagingly played.", "publication_date": "1936-07-24", "opening_date": "1936-06-18", "date_updated": "2016-03-30 07:22:03", "link": {"type": "article", "url": "http://www.nytimes.com/movie/review?res=9C01E5DD1E3FEE3BBC4C51DFB166838D629EDE", "suggested_link_text": "Read the New York Times Review of The Return of Sophie Lang"}, "multimedia": null}, {"display_title": "Spendthrift", "mpaa_rating": "", "critics_pick": 0, "byline": "FRANK S. NUGENT", "headline": "Spendthrift", "summary_short": "Mild little comedy of idle rich.", "publication_date": "1936-07-23", "opening_date": null, "date_updated": "2016-03-30 07:29:42", "link": {"type": "article", "url": "http://www.nytimes.com/movie/review?res=9B07EEDE1E3FEE3BBC4B51DFB166838D629EDE", "suggested_link_text": "Read the New York Times Review of Spendthrift"}, "multimedia": null}]}