{"status": "OK", "copyright": "Copyright (c) 2017 The New York Times Company. All Rights Reserved.", "has_more": true, "num_results": 20, "results": [{"display_title": "Claudia", "mpaa_rating": "", "critics_pick": 0, "byline": "T.S.", "headline": "Claudia", "summary_short": "A childlike wife, via Broadway. Still pleasant but fey.", "publication_date": "1943-11-05", "opening_date": null, "date_updated": "2016-03-30 06:53:30", "link": {"type": "article", "url": "http://www.nytimes.com/movie/review?res=9F02E2D8113CEE3BBC4D53DFB7678388659EDE", "suggested_link_text": "Read the New York Times Review of Claudia"}, "multimedia": null}, {"display_title": "Old Acquaintance", "mpaa_rating": "", "critics_pick": 0, "byline": "BOSLEY CROWTHER", "headline": "Old Acquaintance", "summary_short": "Over-the-years tale of wary women pals. Highly entertaining.", "publication_date": "1943-11-03", "opening_date": "1943-11-27", "date_updated": "2016-03-30 06:53:12", "link": {"type": "article", "url": "http://www.nytimes.com/movie/review?res=980DE3D8143DE13BBC4B53DFB7678388659EDE", "suggested_link_text": "Read the New York Times Review of Old Acquaintance"}, "multimedia": null}, {"display_title": "The Iron Major", "mpaa_rating": "", "critics_pick": 0, "byline": "T.S.", "headline": "Iron Major, The", "summary_short": "Football-hero war-ace Frank Cavanaugh. Firm, credible biodrama.", "publication_date": "1943-11-01", "opening_date": null, "date_updated": "2016-03-30 06:56:34", "link": {"type": "article", "url": "http://www.nytimes.com/movie/review?res=9405E7DF1538E33BBC4953DFB7678388659EDE", "suggested_link_text": "Read the New York Times Review of The Iron Major"}, "multimedia": null}, {"display_title": "Top Man", "mpaa_rating": "", "critics_pick": 0, "byline": "BOSLEY CROWTHER", "headline": "Top Man", "summary_short": "", "publication_date": "1943-10-29", "opening_date": "1943-09-17", "date_updated": "2016-03-30 06:45:47", "link": {"type": "article", "url": "http://www.nytimes.com/movie/review?res=9903E0D6143FE33BBC4151DFB6678388659EDE", "suggested_link_text": "Read the New York Times Review of Top Man"}, "multimedia": null}, {"display_title": "Paris After Dark", "mpaa_rating": "", "critics_pick": 0, "byline": "BOSLEY CROWTHER", "headline": "Paris After Dark", "summary_short": "Doctor's nurse joins him in anti-Nazi underground.", "publication_date": "1943-10-23", "opening_date": "1943-10-15", "date_updated": "2016-03-30 07:21:32", "link": {"type": "article", "url": "http://www.nytimes.com/movie/review?res=950DE4D71438E33BBC4B51DFB6678388659EDE", "suggested_link_text": "Read the New York Times Review of Paris After Dark"}, "multimedia": null}, {"display_title": "Corvette K-225", "mpaa_rating": "", "critics_pick": 1, "byline": "BOSLEY CROWTHER", "headline": "Corvette K-225", "summary_short": "Very good of this kind.", "publication_date": "1943-10-21", "opening_date": "1943-09-29", "date_updated": "2016-03-30 06:48:21", "link": {"type": "article", "url": "http://www.nytimes.com/movie/review?res=9A00E7D71438E33BBC4951DFB6678388659EDE", "suggested_link_text": "Read the New York Times Review of Corvette K-225"}, "multimedia": null}, {"display_title": "Sweet Rosie O'Grady", "mpaa_rating": "", "critics_pick": 0, "byline": "T.S.", "headline": "Sweet Rosie O'Grady", "summary_short": "Far from sweet, but it does bounce.", "publication_date": "1943-10-21", "opening_date": "1943-10-01", "date_updated": "2016-03-30 06:50:05", "link": {"type": "article", "url": "http://www.nytimes.com/movie/review?res=9B00E7D71438E33BBC4951DFB6678388659EDE", "suggested_link_text": "Read the New York Times Review of Sweet Rosie O'Grady"}, "multimedia": null}, {"display_title": "The Phantom of the Opera", "mpaa_rating": "", "critics_pick": 0, "byline": "BOSLEY CROWTHER", "headline": "Phantom of the Opera, The", "summary_short": "Too much wooden, warbling Eddy but fine, sideline phantom Rains. Peak: the good old chandelier.", "publication_date": "1943-10-15", "opening_date": "1943-08-27", "date_updated": "2016-03-30 07:21:39", "link": {"type": "article", "url": "http://www.nytimes.com/movie/review?res=9904E3D91438E33BBC4D52DFB6678388659EDE", "suggested_link_text": "Read the New York Times Review of The Phantom of the Opera"}, "multimedia": null}, {"display_title": "My Kingdom For a Cook", "mpaa_rating": "", "critics_pick": 0, "byline": "T.M.P.", "headline": "My Kingdom for a Cook", "summary_short": "", "publication_date": "1943-10-15", "opening_date": "1943-10-27", "date_updated": "2016-03-30 07:21:14", "link": {"type": "article", "url": "http://www.nytimes.com/movie/review?res=9B04E3D91438E33BBC4D52DFB6678388659EDE", "suggested_link_text": "Read the New York Times Review of My Kingdom For a Cook"}, "multimedia": null}, {"display_title": "Sekretar Raykoma", "mpaa_rating": "", "critics_pick": 0, "byline": "T.S.", "headline": "We Will Come Back", "summary_short": "", "publication_date": "1943-10-15", "opening_date": "1943-10-14", "date_updated": "2016-03-30 07:22:22", "link": {"type": "article", "url": "http://www.nytimes.com/movie/review?res=9A04E3D91438E33BBC4D52DFB6678388659EDE", "suggested_link_text": "Read the New York Times Review of Sekretar Raykoma"}, "multimedia": null}, {"display_title": "True to Life", "mpaa_rating": "", "critics_pick": 0, "byline": "BOSLEY CROWTHER", "headline": "True to Life", "summary_short": "Cozy and harmless.", "publication_date": "1943-10-14", "opening_date": "1943-12-24", "date_updated": "2016-03-30 07:28:42", "link": {"type": "article", "url": "http://www.nytimes.com/movie/review?res=9905E3DC113CEE3BBC4C52DFB6678388659EDE", "suggested_link_text": "Read the New York Times Review of True to Life"}, "multimedia": null}, {"display_title": "Behind the Rising Sun", "mpaa_rating": "", "critics_pick": 0, "byline": "T.S.", "headline": "Behind the Rising Sun", "summary_short": "Americanized Japanese drafted and hardened in 1930's war against China. Tough and trying.", "publication_date": "1943-10-14", "opening_date": null, "date_updated": "2016-03-30 07:25:47", "link": {"type": "article", "url": "http://www.nytimes.com/movie/review?res=9B05E3DC113CEE3BBC4C52DFB6678388659EDE", "suggested_link_text": "Read the New York Times Review of Behind the Rising Sun"}, "multimedia": null}, {"display_title": "Hostages", "mpaa_rating": "", "critics_pick": 0, "byline": "T.S.", "headline": "Hostages", "summary_short": "William Bendix. Murdered Nazi, Czech hostages. Let it ride.", "publication_date": "1943-10-11", "opening_date": null, "date_updated": "2016-03-30 07:21:00", "link": {"type": "article", "url": "http://www.nytimes.com/movie/review?res=9C05E7DE113CEE3BBC4952DFB6678388659EDE", "suggested_link_text": "Read the New York Times Review of Hostages"}, "multimedia": null}, {"display_title": "The Strange Death of Adolf Hitler", "mpaa_rating": "", "critics_pick": 0, "byline": "BOSLEY CROWTHER", "headline": "Strange Death of Adolf Hitler, The", "summary_short": "A bad number, like the hero.", "publication_date": "1943-10-09", "opening_date": "1943-09-10", "date_updated": "2016-03-30 06:52:44", "link": {"type": "article", "url": "http://www.nytimes.com/movie/review?res=9902EEDA1438E33BBC4153DFB6678388659EDE", "suggested_link_text": "Read the New York Times Review of The Strange Death of Adolf Hitler"}, "multimedia": null}, {"display_title": "Sherlock Holmes Faces Death", "mpaa_rating": "", "critics_pick": 0, "byline": "T.S.", "headline": "Sherlock Holmes Faces Death", "summary_short": "Murder at Musgrave Manor. Medium sleuther.", "publication_date": "1943-10-08", "opening_date": "1943-09-17", "date_updated": "2016-03-30 06:54:17", "link": {"type": "article", "url": "http://www.nytimes.com/movie/review?res=9B05E2DA1438E33BBC4053DFB6678388659EDE", "suggested_link_text": "Read the New York Times Review of Sherlock Holmes Faces Death"}, "multimedia": null}, {"display_title": "Lassie Come Home", "mpaa_rating": "", "critics_pick": 0, "byline": "BOSLEY CROWTHER", "headline": "Lassie Come Home", "summary_short": "Boy's beloved dog sold to wealthy nobleman. Warmly appealing, one of the series's best.", "publication_date": "1943-10-08", "opening_date": "1943-12-01", "date_updated": "2016-03-30 06:47:55", "link": {"type": "article", "url": "http://www.nytimes.com/movie/review?res=9F05EFDA1438E33BBC4053DFB6678388659EDE", "suggested_link_text": "Read the New York Times Review of Lassie Come Home"}, "multimedia": null}, {"display_title": "Paren Iz Nashego Goroda", "mpaa_rating": "", "critics_pick": 0, "byline": "BOSLEY CROWTHER", "headline": "Lad From our Town", "summary_short": "", "publication_date": "1943-10-07", "opening_date": "1943-10-06", "date_updated": "2016-03-30 07:10:36", "link": {"type": "article", "url": "http://www.nytimes.com/movie/review?res=9900E7D6103CEE3BBC4F53DFB6678388659EDE", "suggested_link_text": "Read the New York Times Review of Paren Iz Nashego Goroda"}, "multimedia": null}, {"display_title": "The Silent Village", "mpaa_rating": "", "critics_pick": 0, "byline": "T.S.", "headline": "Silent Village, The", "summary_short": "", "publication_date": "1943-10-02", "opening_date": null, "date_updated": "2016-03-30 06:56:52", "link": {"type": "article", "url": "http://www.nytimes.com/movie/review?res=9502E2DB1438E33BBC4A53DFB6678388659EDE", "suggested_link_text": "Read the New York Times Review of The Silent Village"}, "multimedia": null}, {"display_title": "Thank Your Lucky Stars", "mpaa_rating": "", "critics_pick": 0, "byline": "BOSLEY CROWTHER", "headline": "Thank Your Lucky Stars", "summary_short": "All-star strut, tied to cornmeal Eddie Cantor plot. Thank you, Hattie McDaniel, Bette Davis, Dinah Shore, that order.", "publication_date": "1943-10-02", "opening_date": "1943-09-25", "date_updated": "2016-03-30 07:12:53", "link": {"type": "article", "url": "http://www.nytimes.com/movie/review?res=9402E2DB1438E33BBC4A53DFB6678388659EDE", "suggested_link_text": "Read the New York Times Review of Thank Your Lucky Stars"}, "multimedia": null}, {"display_title": "The Kansan", "mpaa_rating": "", "critics_pick": 0, "byline": "T.S.", "headline": "Kansan, The", "summary_short": "Jane Wyatt. Corruption battle. No nonsense.", "publication_date": "1943-10-01", "opening_date": "1943-09-10", "date_updated": "2016-03-30 06:45:31", "link": {"type": "article", "url": "http://www.nytimes.com/movie/review?res=9F03EFD8103CEE3BBC4953DFB6678388659EDE", "suggested_link_text": "Read the New York Times Review of The Kansan"}, "multimedia": null}]}