{"status": "OK", "copyright": "Copyright (c) 2017 The New York Times Company. All Rights Reserved.", "has_more": true, "num_results": 20, "results": [{"display_title": "Shadows of the Orient", "mpaa_rating": "", "critics_pick": 0, "byline": "FRANK S. NUGENT", "headline": "Shadows of the Orient", "summary_short": "", "publication_date": "1937-10-11", "opening_date": "1935-07-06", "date_updated": "2016-03-30 07:12:20", "link": {"type": "article", "url": "http://www.nytimes.com/movie/review?res=9900E4D8153DE23ABC4952DFB667838C629EDE", "suggested_link_text": "Read the New York Times Review of Shadows of the Orient"}, "multimedia": null}, {"display_title": "Stage Door", "mpaa_rating": "", "critics_pick": 1, "byline": "Frank S. Nugent", "headline": "STAGE DOOR (MOVIE)", "summary_short": "Boardinghouse for young actresses. Marvelous Broadway drama, with grand cast playing it to the hilt.", "publication_date": "1937-10-08", "opening_date": "1937-10-08", "date_updated": "2016-03-30 06:46:47", "link": {"type": "article", "url": "http://www.nytimes.com/movie/review?res=EE05E7DF173CE170BC4053DFB667838C629EDE", "suggested_link_text": "Read the New York Times Review of Stage Door"}, "multimedia": null}, {"display_title": "The Sea Racketeers", "mpaa_rating": "", "critics_pick": 0, "byline": "FRANK S. NUGENT", "headline": "Sea Racketeers", "summary_short": "", "publication_date": "1937-10-04", "opening_date": "1937-08-20", "date_updated": "2016-03-30 06:46:06", "link": {"type": "article", "url": "http://www.nytimes.com/movie/review?res=9B02EFDC153DE23ABC4C53DFB667838C629EDE", "suggested_link_text": "Read the New York Times Review of The Sea Racketeers"}, "multimedia": null}, {"display_title": "Adolf Armstarke", "mpaa_rating": "", "critics_pick": 0, "byline": "H. T. S.", "headline": "Adolf Armstrong", "summary_short": "", "publication_date": "1937-10-01", "opening_date": "1937-09-30", "date_updated": "2016-03-30 07:16:11", "link": {"type": "article", "url": "http://www.nytimes.com/movie/review?res=9E0CE2DD153DE23ABC4953DFB667838C629EDE", "suggested_link_text": "Read the New York Times Review of Adolf Armstarke"}, "multimedia": null}, {"display_title": "Forty Naughty Girls", "mpaa_rating": "", "critics_pick": 0, "byline": "FRANK S. NUGENT", "headline": "Forty Naughty Girls", "summary_short": "Schoolmarm spinster sleuths backstage murders, via whodunit series. One we missed. Might be fun.", "publication_date": "1937-09-18", "opening_date": "1937-09-24", "date_updated": "2016-03-30 07:20:42", "link": {"type": "article", "url": "http://www.nytimes.com/movie/review?res=9405E5D8123EE03ABC4052DFBF66838C629EDE", "suggested_link_text": "Read the New York Times Review of Forty Naughty Girls"}, "multimedia": null}, {"display_title": "That Certain Woman", "mpaa_rating": "", "critics_pick": 0, "byline": "FRANK S. NUGENT", "headline": "That Certain Woman", "summary_short": "Heavy, heavy but that certain Davis.", "publication_date": "1937-09-16", "opening_date": "1937-09-18", "date_updated": "2016-03-30 06:56:30", "link": {"type": "article", "url": "http://www.nytimes.com/movie/review?res=990DE1DA143DE23ABC4E52DFBF66838C629EDE", "suggested_link_text": "Read the New York Times Review of That Certain Woman"}, "multimedia": null}, {"display_title": "Mayerling", "mpaa_rating": "", "critics_pick": 1, "byline": "FRANK S. NUGENT", "headline": "Mayerling", "summary_short": "Austrian Emperor Francis Joseph's son, Rudolf, falls in love with a commoner.", "publication_date": "1937-09-14", "opening_date": "1937-09-13", "date_updated": "2016-03-30 07:27:59", "link": {"type": "article", "url": "http://www.nytimes.com/movie/review?res=9D06E6D61638EF3ABC4C52DFBF66838C629EDE", "suggested_link_text": "Read the New York Times Review of Mayerling"}, "multimedia": null}, {"display_title": "An Orphan Boy of Vienna", "mpaa_rating": "", "critics_pick": 0, "byline": "FRANK S. NUGENT", "headline": "Orphan Boy of Vienna, An", "summary_short": "", "publication_date": "1937-09-09", "opening_date": "1937-09-07", "date_updated": "2016-03-30 06:53:00", "link": {"type": "article", "url": "http://www.nytimes.com/movie/review?res=9806EFDD143DE23ABC4153DFBF66838C629EDE", "suggested_link_text": "Read the New York Times Review of An Orphan Boy of Vienna"}, "multimedia": null}, {"display_title": "Dead End", "mpaa_rating": "", "critics_pick": 1, "byline": "John T. McManus", "headline": "DEAD END (MOVIE)", "summary_short": "Forever fabulous, via Broadway. Memorable fade-in and fade-out.", "publication_date": "1937-08-25", "opening_date": "1937-08-27", "date_updated": "2016-03-30 07:15:33", "link": {"type": "article", "url": "http://www.nytimes.com/movie/review?res=EE05E7DF1738E467BC4D51DFBE66838C629EDE", "suggested_link_text": "Read the New York Times Review of Dead End"}, "multimedia": null}, {"display_title": "The Life of Emile Zola", "mpaa_rating": "", "critics_pick": 1, "byline": "Frank S. Nugent", "headline": "THE LIFE OF EMILE ZOLA (MOVIE)", "summary_short": "Grade-A Hollywood and all concerned. Lovely vignette: Nana.", "publication_date": "1937-08-12", "opening_date": "1937-10-02", "date_updated": "2016-03-30 07:25:45", "link": {"type": "article", "url": "http://www.nytimes.com/movie/review?res=EE05E7DF173FE46FBC4A52DFBE66838C629EDE", "suggested_link_text": "Read the New York Times Review of The Life of Emile Zola"}, "multimedia": null}, {"display_title": "The Frame-Up", "mpaa_rating": "", "critics_pick": 0, "byline": "FRANK S. NUGENT", "headline": "Frame-Up", "summary_short": "Racetrack sleuth outwits kidnapper of his secretary girlfriend.", "publication_date": "1937-08-09", "opening_date": "1937-05-02", "date_updated": "2016-03-30 07:19:41", "link": {"type": "article", "url": "http://www.nytimes.com/movie/review?res=9C07E7D9123CE13ABC4153DFBE66838C629EDE", "suggested_link_text": "Read the New York Times Review of The Frame-Up"}, "multimedia": null}, {"display_title": "Artists and Models", "mpaa_rating": "", "critics_pick": 0, "byline": "FRANK S. NUGENT", "headline": "Artists and Models", "summary_short": "Smooth old-timer, nice songs.", "publication_date": "1937-08-05", "opening_date": "1937-08-13", "date_updated": "2016-03-30 06:45:35", "link": {"type": "article", "url": "http://www.nytimes.com/movie/review?res=9F01E2DC1E30EE32A25756C0A96E9C946694D6CF", "suggested_link_text": "Read the New York Times Review of Artists and Models"}, "multimedia": null}, {"display_title": "Marry the Girl", "mpaa_rating": "", "critics_pick": 0, "byline": "FRANK S. NUGENT", "headline": "Marry the Girl", "summary_short": "A wacky brother and sister run a newspaper syndicate.", "publication_date": "1937-07-31", "opening_date": "1937-07-13", "date_updated": "2016-03-30 07:15:26", "link": {"type": "article", "url": "http://www.nytimes.com/movie/review?res=940DE0D9163DE23ABC4950DFB166838C629EDE", "suggested_link_text": "Read the New York Times Review of Marry the Girl"}, "multimedia": null}, {"display_title": "Born Reckless", "mpaa_rating": "", "critics_pick": 0, "byline": "FRANK S. NUGENT", "headline": "Born Reckless", "summary_short": "Auto racer battles gangsters extorting a taxi company.", "publication_date": "1937-07-30", "opening_date": "1937-07-09", "date_updated": "2016-03-30 07:11:24", "link": {"type": "article", "url": "http://www.nytimes.com/movie/review?res=9A03E3D9163DE23ABC4850DFB166838C629EDE", "suggested_link_text": "Read the New York Times Review of Born Reckless"}, "multimedia": null}, {"display_title": "Armored Car", "mpaa_rating": "", "critics_pick": 0, "byline": "FRANK S. NUGENT", "headline": "Armored Car", "summary_short": "", "publication_date": "1937-07-26", "opening_date": "1937-06-01", "date_updated": "2016-03-30 07:11:24", "link": {"type": "article", "url": "http://www.nytimes.com/movie/review?res=9400E5DA163DE23ABC4E51DFB166838C629EDE", "suggested_link_text": "Read the New York Times Review of Armored Car"}, "multimedia": null}, {"display_title": "They Won't Forget", "mpaa_rating": "Not Rated", "critics_pick": 1, "byline": "Frank S. Nugent", "headline": "THEY WON'T FORGET (MOVIE)", "summary_short": "Murder trial in Southern town. Relentless, powerful drama, introducing Lana Turner.", "publication_date": "1937-07-15", "opening_date": "1937-10-09", "date_updated": "2016-03-30 06:46:56", "link": {"type": "article", "url": "http://www.nytimes.com/movie/review?res=EE05E7DF173BE477BC4D52DFB166838C629EDE", "suggested_link_text": "Read the New York Times Review of They Won't Forget"}, "multimedia": null}, {"display_title": "The Three Legionnaires", "mpaa_rating": "", "critics_pick": 0, "byline": "FRANK S. NUGENT", "headline": "Three Legionnaires", "summary_short": "", "publication_date": "1937-07-10", "opening_date": "1937-07-11", "date_updated": "2016-03-30 07:24:04", "link": {"type": "article", "url": "http://www.nytimes.com/movie/review?res=9402EFD71F3AE23ABC4852DFB166838C629EDE", "suggested_link_text": "Read the New York Times Review of The Three Legionnaires"}, "multimedia": null}, {"display_title": "Ever Since Eve", "mpaa_rating": "", "critics_pick": 0, "byline": "FRANK S. NUGENT", "headline": "Ever Since Eve", "summary_short": "A sagging marshmallow.", "publication_date": "1937-06-25", "opening_date": "1937-07-15", "date_updated": "2016-03-30 06:43:07", "link": {"type": "article", "url": "http://www.nytimes.com/movie/review?res=9407E5D81130EE32A25756C2A9609C946694D6CF", "suggested_link_text": "Read the New York Times Review of Ever Since Eve"}, "multimedia": null}, {"display_title": "Fury and the Woman", "mpaa_rating": "", "critics_pick": 0, "byline": "FRANK S. NUGENT", "headline": "Fury and the Woman", "summary_short": "", "publication_date": "1937-06-22", "opening_date": null, "date_updated": "2016-03-30 06:46:20", "link": {"type": "article", "url": "http://www.nytimes.com/movie/review?res=9406E5DA153CE13ABC4A51DFB066838C629EDE", "suggested_link_text": "Read the New York Times Review of Fury and the Woman"}, "multimedia": null}, {"display_title": "Gordian, Der Tyrann", "mpaa_rating": "", "critics_pick": 0, "byline": "H. T. S.", "headline": "Gordian, Der Tyrann", "summary_short": "", "publication_date": "1937-06-21", "opening_date": "1937-06-20", "date_updated": "2016-03-30 07:11:20", "link": {"type": "article", "url": "http://www.nytimes.com/movie/review?res=9F00E1DC1F3AE23ABC4951DFB066838C629EDE", "suggested_link_text": "Read the New York Times Review of Gordian, Der Tyrann"}, "multimedia": null}]}