{"status": "OK", "copyright": "Copyright (c) 2017 The New York Times Company. All Rights Reserved.", "has_more": true, "num_results": 20, "results": [{"display_title": "Princess O'Hara", "mpaa_rating": "", "critics_pick": 0, "byline": "F.S.N.", "headline": "Princess O'Hara", "summary_short": "", "publication_date": "1935-04-13", "opening_date": "1935-04-01", "date_updated": "2016-03-30 07:29:28", "link": {"type": "article", "url": "http://www.nytimes.com/movie/review?res=9500E1DA1039E33ABC4B52DFB266838E629EDE", "suggested_link_text": "Read the New York Times Review of Princess O'Hara"}, "multimedia": null}, {"display_title": "Star of Midnight", "mpaa_rating": "", "critics_pick": 0, "byline": "ANDRE SENNWALD.", "headline": "Star of Midnight", "summary_short": "Sleekly entertaining whodunit, the martini-Thin Man kind, tho not in same league.", "publication_date": "1935-04-12", "opening_date": "1935-04-19", "date_updated": "2016-03-30 07:10:38", "link": {"type": "article", "url": "http://www.nytimes.com/movie/review?res=9D01E5DB1239E632A25751C1A9629C946494D6CF", "suggested_link_text": "Read the New York Times Review of Star of Midnight"}, "multimedia": null}, {"display_title": "Four Hours to Kill", "mpaa_rating": "", "critics_pick": 0, "byline": "F.S.N.", "headline": "Four Hours to Kill", "summary_short": "", "publication_date": "1935-04-11", "opening_date": "1935-04-11", "date_updated": "2016-03-30 07:29:54", "link": {"type": "article", "url": "http://www.nytimes.com/movie/review?res=9B0CEFD91F3CE23ABC4952DFB266838E629EDE", "suggested_link_text": "Read the New York Times Review of Four Hours to Kill"}, "multimedia": null}, {"display_title": "Black Fury", "mpaa_rating": "", "critics_pick": 0, "byline": "ANDRE SENNWALD.", "headline": "Black Fury", "summary_short": "Immigrant coal miner fights the system. Dated but provocative, with stellar Paul.", "publication_date": "1935-04-11", "opening_date": "1935-05-18", "date_updated": "2016-03-30 07:07:31", "link": {"type": "article", "url": "http://www.nytimes.com/movie/review?res=9A0CEFD91F3CE23ABC4952DFB266838E629EDE", "suggested_link_text": "Read the New York Times Review of Black Fury"}, "multimedia": null}, {"display_title": "The Nut Farm", "mpaa_rating": "", "critics_pick": 0, "byline": "F.S.N.", "headline": "Nut Farm, The", "summary_short": "", "publication_date": "1935-04-08", "opening_date": "1935-03-25", "date_updated": "2016-03-30 06:51:40", "link": {"type": "article", "url": "http://www.nytimes.com/movie/review?res=9B0DE1DB1F3CE23ABC4053DFB266838E629EDE", "suggested_link_text": "Read the New York Times Review of The Nut Farm"}, "multimedia": null}, {"display_title": "Brewster's Millions", "mpaa_rating": "", "critics_pick": 0, "byline": "ANDRE SENNWALD.", "headline": "Brewster's Millions", "summary_short": "", "publication_date": "1935-04-08", "opening_date": "1935-04-05", "date_updated": "2016-03-30 07:28:16", "link": {"type": "article", "url": "http://www.nytimes.com/movie/review?res=990DE1DB1F3CE23ABC4053DFB266838E629EDE", "suggested_link_text": "Read the New York Times Review of Brewster's Millions"}, "multimedia": null}, {"display_title": "West Point of the Air", "mpaa_rating": "", "critics_pick": 0, "byline": "ANDRE SENNWALD.", "headline": "West Point of the Air", "summary_short": "Problem trainee. Standard but nice cast.", "publication_date": "1935-04-06", "opening_date": null, "date_updated": "2016-03-30 07:30:17", "link": {"type": "article", "url": "http://www.nytimes.com/movie/review?res=9807E7DB1F3CE23ABC4E53DFB266838E629EDE", "suggested_link_text": "Read the New York Times Review of West Point of the Air"}, "multimedia": null}, {"display_title": "It Happened in New York", "mpaa_rating": "", "critics_pick": 0, "byline": "F.S.N.", "headline": "It Happened in New York", "summary_short": "", "publication_date": "1935-04-06", "opening_date": "1935-03-18", "date_updated": "2016-03-30 06:42:12", "link": {"type": "article", "url": "http://www.nytimes.com/movie/review?res=9A07E7DB1F3CE23ABC4E53DFB266838E629EDE", "suggested_link_text": "Read the New York Times Review of It Happened in New York"}, "multimedia": null}, {"display_title": "Cruz Diablo", "mpaa_rating": "", "critics_pick": 0, "byline": "H.T.S.", "headline": "Cruz Diablo", "summary_short": "", "publication_date": "1935-04-06", "opening_date": "1935-04-07", "date_updated": "2016-03-30 06:43:03", "link": {"type": "article", "url": "http://www.nytimes.com/movie/review?res=9907E7DB1F3CE23ABC4E53DFB266838E629EDE", "suggested_link_text": "Read the New York Times Review of Cruz Diablo"}, "multimedia": null}, {"display_title": "Life Begins at 40", "mpaa_rating": "", "critics_pick": 0, "byline": "ANDRE SENNWALD.", "headline": "Life Begins at 40", "summary_short": "", "publication_date": "1935-04-05", "opening_date": "1935-03-22", "date_updated": "2016-03-30 06:41:31", "link": {"type": "article", "url": "http://www.nytimes.com/movie/review?res=9800E5DA1E3FE53ABC4D53DFB266838E629EDE", "suggested_link_text": "Read the New York Times Review of Life Begins at 40"}, "multimedia": null}, {"display_title": "The Case of the Curious Bride", "mpaa_rating": "", "critics_pick": 0, "byline": "F. S. N.", "headline": "Case of the Curious Bride, The", "summary_short": "Early Perry Mason and not bad. Watch for Errol Flynn's dead bit.", "publication_date": "1935-04-05", "opening_date": "1935-04-13", "date_updated": "2016-03-30 06:46:24", "link": {"type": "article", "url": "http://www.nytimes.com/movie/review?res=9A00E5DA1E3FE53ABC4D53DFB266838E629EDE", "suggested_link_text": "Read the New York Times Review of The Case of the Curious Bride"}, "multimedia": null}, {"display_title": "I'll Love You Always", "mpaa_rating": "", "critics_pick": 0, "byline": "ANDRE SENNWALD.", "headline": "I'll Love You Always", "summary_short": "", "publication_date": "1935-03-30", "opening_date": "1935-03-20", "date_updated": "2016-03-30 06:53:35", "link": {"type": "article", "url": "http://www.nytimes.com/movie/review?res=9A0DE3DD113EE53ABC4850DFB566838E629EDE", "suggested_link_text": "Read the New York Times Review of I'll Love You Always"}, "multimedia": null}, {"display_title": "The Ghost Walks", "mpaa_rating": "", "critics_pick": 0, "byline": "F.S.N.", "headline": "Ghost Walks, The", "summary_short": "", "publication_date": "1935-03-30", "opening_date": "1934-12-01", "date_updated": "2016-03-30 07:16:26", "link": {"type": "article", "url": "http://www.nytimes.com/movie/review?res=9B0DE3DD113EE53ABC4850DFB566838E629EDE", "suggested_link_text": "Read the New York Times Review of The Ghost Walks"}, "multimedia": null}, {"display_title": "The Traveling Saleslady", "mpaa_rating": "", "critics_pick": 0, "byline": "ANDRE SENNWALD.", "headline": "Traveling Saleslady", "summary_short": "", "publication_date": "1935-03-29", "opening_date": "1935-03-28", "date_updated": "2016-03-30 07:21:35", "link": {"type": "article", "url": "http://www.nytimes.com/movie/review?res=9900E3DC1E3FE53ABC4151DFB566838E629EDE", "suggested_link_text": "Read the New York Times Review of The Traveling Saleslady"}, "multimedia": null}, {"display_title": "Private Worlds", "mpaa_rating": "", "critics_pick": 0, "byline": "ANDRE SENNWALD.", "headline": "Private Worlds", "summary_short": "Striking asylum drama, a pioneer back when, still highly engrossing.", "publication_date": "1935-03-28", "opening_date": "1935-04-19", "date_updated": "2016-03-30 06:46:52", "link": {"type": "article", "url": "http://www.nytimes.com/movie/review?res=9B06E0DA103DE53ABC4051DFB566838E629EDE", "suggested_link_text": "Read the New York Times Review of Private Worlds"}, "multimedia": null}, {"display_title": "Veselye Rebyata", "mpaa_rating": "", "critics_pick": 0, "byline": "ANDRE SENNWALD.", "headline": "Moscow Laughs", "summary_short": "", "publication_date": "1935-03-25", "opening_date": "1935-03-24", "date_updated": "2016-03-30 07:15:07", "link": {"type": "article", "url": "http://www.nytimes.com/movie/review?res=9D00E0DD103DE53ABC4D51DFB566838E629EDE", "suggested_link_text": "Read the New York Times Review of Veselye Rebyata"}, "multimedia": null}, {"display_title": "The Woman in Red", "mpaa_rating": "", "critics_pick": 0, "byline": "F.S.N.", "headline": "Woman in Red, The", "summary_short": "Polo player's wife becomes mystery figure of Long Island horsy- set murder trial.", "publication_date": "1935-03-23", "opening_date": "1935-02-16", "date_updated": "2016-03-30 06:42:41", "link": {"type": "article", "url": "http://www.nytimes.com/movie/review?res=9B03E4DE1E3FE53ABC4B51DFB566838E629EDE", "suggested_link_text": "Read the New York Times Review of The Woman in Red"}, "multimedia": null}, {"display_title": "Naughty Marietta", "mpaa_rating": "G", "critics_pick": 0, "byline": "ANDRE SENNWALD.", "headline": "Naughty Marietta", "summary_short": "Victor Herbert's operetta of New Orleans. Melodic, Oscar-winning antique.", "publication_date": "1935-03-23", "opening_date": "1935-03-29", "date_updated": "2016-03-30 06:49:08", "link": {"type": "article", "url": "http://www.nytimes.com/movie/review?res=9903E4DE1E3FE53ABC4B51DFB566838E629EDE", "suggested_link_text": "Read the New York Times Review of Naughty Marietta"}, "multimedia": null}, {"display_title": "The Man Who Knew Too Much", "mpaa_rating": "", "critics_pick": 0, "byline": "A.S.", "headline": "Man Who Knew too Much, The", "summary_short": "Spies and kidnapped hostage. Early, brisk Hitchcock, Alps to London.", "publication_date": "1935-03-23", "opening_date": "1935-04-15", "date_updated": "2016-03-30 06:41:54", "link": {"type": "article", "url": "http://www.nytimes.com/movie/review?res=9A03E4DE1E3FE53ABC4B51DFB566838E629EDE", "suggested_link_text": "Read the New York Times Review of The Man Who Knew Too Much"}, "multimedia": null}, {"display_title": "The Little Colonel", "mpaa_rating": "PG", "critics_pick": 0, "byline": "ANDRE SENNWALD.", "headline": "Little Colonel, The", "summary_short": "Top Temple, plantation time.", "publication_date": "1935-03-22", "opening_date": "1935-02-22", "date_updated": "2016-03-30 06:53:26", "link": {"type": "article", "url": "http://www.nytimes.com/movie/review?res=9B0CEFDE113EE53ABC4A51DFB566838E629EDE", "suggested_link_text": "Read the New York Times Review of The Little Colonel"}, "multimedia": null}]}