{"status": "OK", "copyright": "Copyright (c) 2017 The New York Times Company. All Rights Reserved.", "has_more": true, "num_results": 20, "results": [{"display_title": "Rhodes", "mpaa_rating": "", "critics_pick": 0, "byline": "B.R.C.", "headline": "Rhodes", "summary_short": "", "publication_date": "1936-02-29", "opening_date": "1936-02-20", "date_updated": "2016-03-30 07:25:44", "link": {"type": "article", "url": "http://www.nytimes.com/movie/review?res=9504E3D8153FEE3BBC4151DFB466838D629EDE", "suggested_link_text": "Read the New York Times Review of Rhodes"}, "multimedia": null}, {"display_title": "Knock-Out", "mpaa_rating": "", "critics_pick": 0, "byline": "H.T.S.", "headline": "Knock-Out", "summary_short": "", "publication_date": "1936-02-29", "opening_date": "1936-02-28", "date_updated": "2016-03-30 07:18:28", "link": {"type": "article", "url": "http://www.nytimes.com/movie/review?res=9807E3D8153FEE3BBC4151DFB466838D629EDE", "suggested_link_text": "Read the New York Times Review of Knock-Out"}, "multimedia": null}, {"display_title": "Le Bonheur", "mpaa_rating": "", "critics_pick": 0, "byline": "FRANK S. NUGENT.", "headline": "Bonheur, Le", "summary_short": "", "publication_date": "1936-02-28", "opening_date": "1936-02-27", "date_updated": "2016-03-30 07:29:34", "link": {"type": "article", "url": "http://www.nytimes.com/movie/review?res=9E00EED91730E13BBC4051DFB466838D629EDE", "suggested_link_text": "Read the New York Times Review of Le Bonheur"}, "multimedia": null}, {"display_title": "La Marche Nuptiale", "mpaa_rating": "", "critics_pick": 0, "byline": "H.T.S.", "headline": "Marcia Nuziale, La", "summary_short": "", "publication_date": "1936-02-27", "opening_date": null, "date_updated": "2016-03-30 06:52:26", "link": {"type": "article", "url": "http://www.nytimes.com/movie/review?res=9D02E2DA123BE33BBC4F51DFB466838D629EDE", "suggested_link_text": "Read the New York Times Review of La Marche Nuptiale"}, "multimedia": null}, {"display_title": "The Voice of Bugle Ann", "mpaa_rating": "", "critics_pick": 0, "byline": "FRANK S. NUGENT.", "headline": "Voice of Bugle Ann, The", "summary_short": "Compelling yarn of rustic feuding and a surprising dog.", "publication_date": "1936-02-27", "opening_date": "1936-02-15", "date_updated": "2016-03-30 06:55:13", "link": {"type": "article", "url": "http://www.nytimes.com/movie/review?res=9C02E2DA123BE33BBC4F51DFB466838D629EDE", "suggested_link_text": "Read the New York Times Review of The Voice of Bugle Ann"}, "multimedia": null}, {"display_title": "You May Be Next", "mpaa_rating": "", "critics_pick": 0, "byline": "T.M.P.", "headline": "You may Be Next", "summary_short": "", "publication_date": "1936-02-24", "opening_date": "1936-02-06", "date_updated": "2016-03-30 06:42:08", "link": {"type": "article", "url": "http://www.nytimes.com/movie/review?res=9800E4D7173CE53ABC4C51DFB466838D629EDE", "suggested_link_text": "Read the New York Times Review of You May Be Next"}, "multimedia": null}, {"display_title": "Yellow Dust", "mpaa_rating": "", "critics_pick": 0, "byline": "J.T.M.", "headline": "Yellow Dust", "summary_short": "Gold-prospector country.", "publication_date": "1936-02-24", "opening_date": "1936-03-13", "date_updated": "2016-03-30 06:51:19", "link": {"type": "article", "url": "http://www.nytimes.com/movie/review?res=9F00E4D7173CE53ABC4C51DFB466838D629EDE", "suggested_link_text": "Read the New York Times Review of Yellow Dust"}, "multimedia": null}, {"display_title": "Road Gang", "mpaa_rating": "", "critics_pick": 0, "byline": "FRANK S. NUGENT.", "headline": "Road Gang", "summary_short": "Chicago reporter sets out to expose brutal Southern jails.", "publication_date": "1936-02-24", "opening_date": "1936-03-28", "date_updated": "2016-03-30 06:42:24", "link": {"type": "article", "url": "http://www.nytimes.com/movie/review?res=9E00E4D7173CE53ABC4C51DFB466838D629EDE", "suggested_link_text": "Read the New York Times Review of Road Gang"}, "multimedia": null}, {"display_title": "Gruss und Kuss, Veronika!", "mpaa_rating": "", "critics_pick": 0, "byline": "H.T.S.", "headline": "Gruss und Kuss, Veronika", "summary_short": "", "publication_date": "1936-02-24", "opening_date": "1936-02-23", "date_updated": "2016-03-30 06:44:15", "link": {"type": "article", "url": "http://www.nytimes.com/movie/review?res=9900E4D7173CE53ABC4C51DFB466838D629EDE", "suggested_link_text": "Read the New York Times Review of Gruss und Kuss, Veronika!"}, "multimedia": null}, {"display_title": "El Crimen de Media Noche", "mpaa_rating": "", "critics_pick": 0, "byline": "H.T.S.", "headline": "Crimen de Media Noche, El", "summary_short": "", "publication_date": "1936-02-22", "opening_date": "1936-02-22", "date_updated": "2016-03-30 06:41:27", "link": {"type": "article", "url": "http://www.nytimes.com/movie/review?res=9C0DEEDA153FEE3BBC4A51DFB466838D629EDE", "suggested_link_text": "Read the New York Times Review of El Crimen de Media Noche"}, "multimedia": null}, {"display_title": "My Marriage", "mpaa_rating": "", "critics_pick": 0, "byline": "T.M.P.", "headline": "My Marriage", "summary_short": "", "publication_date": "1936-02-22", "opening_date": "1936-01-31", "date_updated": "2016-03-30 06:41:24", "link": {"type": "article", "url": "http://www.nytimes.com/movie/review?res=9A02EEDA153FEE3BBC4A51DFB466838D629EDE", "suggested_link_text": "Read the New York Times Review of My Marriage"}, "multimedia": null}, {"display_title": "The Music Goes 'round", "mpaa_rating": "", "critics_pick": 0, "byline": "FRANK S. NUGENT.", "headline": "Music Goes 'Round, The", "summary_short": "", "publication_date": "1936-02-22", "opening_date": "1936-02-27", "date_updated": "2016-03-30 07:05:17", "link": {"type": "article", "url": "http://www.nytimes.com/movie/review?res=9C03EEDA153FEE3BBC4A51DFB466838D629EDE", "suggested_link_text": "Read the New York Times Review of The Music Goes 'round"}, "multimedia": null}, {"display_title": "Lady of Secrets", "mpaa_rating": "", "critics_pick": 0, "byline": "B.R.C.", "headline": "Lady of Secrets", "summary_short": "", "publication_date": "1936-02-22", "opening_date": "1936-02-21", "date_updated": "2016-03-30 06:52:38", "link": {"type": "article", "url": "http://www.nytimes.com/movie/review?res=9503EEDA153FEE3BBC4A51DFB466838D629EDE", "suggested_link_text": "Read the New York Times Review of Lady of Secrets"}, "multimedia": null}, {"display_title": "Don't Get Personal", "mpaa_rating": "", "critics_pick": 0, "byline": "J.T.M.", "headline": "Don't Get Personal", "summary_short": "", "publication_date": "1936-02-22", "opening_date": "1936-02-12", "date_updated": "2016-03-30 06:58:42", "link": {"type": "article", "url": "http://www.nytimes.com/movie/review?res=9A03EEDA153FEE3BBC4A51DFB466838D629EDE", "suggested_link_text": "Read the New York Times Review of Don't Get Personal"}, "multimedia": null}, {"display_title": "Follow the Fleet", "mpaa_rating": "", "critics_pick": 0, "byline": "FRANK S. NUGENT.", "headline": "Follow the Fleet", "summary_short": "Berlin's songs float it. The crest: ``Let's Face the Music and Dance.''", "publication_date": "1936-02-21", "opening_date": "1936-02-20", "date_updated": "2016-03-30 07:20:27", "link": {"type": "article", "url": "http://www.nytimes.com/movie/review?res=9403EEDC1730E13BBC4951DFB466838D629EDE", "suggested_link_text": "Read the New York Times Review of Follow the Fleet"}, "multimedia": null}, {"display_title": "The Trail of the Lonesome Pine", "mpaa_rating": "", "critics_pick": 0, "byline": "FRANK S. NUGENT.", "headline": "Trail of the Lonesome Pine, The", "summary_short": "Really fine, after all these years.", "publication_date": "1936-02-20", "opening_date": "1936-03-13", "date_updated": "2016-03-30 06:53:11", "link": {"type": "article", "url": "http://www.nytimes.com/movie/review?res=980DE4DC1730E13BBC4851DFB466838D629EDE", "suggested_link_text": "Read the New York Times Review of The Trail of the Lonesome Pine"}, "multimedia": null}, {"display_title": "Maria Elena", "mpaa_rating": "", "critics_pick": 0, "byline": "H.T.S.", "headline": "Maria Elena", "summary_short": "", "publication_date": "1936-02-18", "opening_date": "1936-02-17", "date_updated": "2016-03-30 07:15:48", "link": {"type": "article", "url": "http://www.nytimes.com/movie/review?res=9B0CE3DB153FEE3BBC4052DFB466838D629EDE", "suggested_link_text": "Read the New York Times Review of Maria Elena"}, "multimedia": null}, {"display_title": "Second Bureau", "mpaa_rating": "", "critics_pick": 0, "byline": "H.T.S.", "headline": "Second Bureau", "summary_short": "", "publication_date": "1936-02-17", "opening_date": "1936-02-16", "date_updated": "2016-03-30 06:44:31", "link": {"type": "article", "url": "http://www.nytimes.com/movie/review?res=9400EFDF1730E13BBC4F52DFB466838D629EDE", "suggested_link_text": "Read the New York Times Review of Second Bureau"}, "multimedia": null}, {"display_title": "The Bohemian Girl", "mpaa_rating": "", "critics_pick": 0, "byline": "FRANK S. NUGENT", "headline": "Bohemian Girl, The", "summary_short": "Pleasant, old-style operetta romp.", "publication_date": "1936-02-17", "opening_date": "1936-02-14", "date_updated": "2016-03-30 06:50:26", "link": {"type": "article", "url": "http://www.nytimes.com/movie/review?res=9A00EFDF1730E13BBC4F52DFB466838D629EDE", "suggested_link_text": "Read the New York Times Review of The Bohemian Girl"}, "multimedia": null}, {"display_title": "Whispering Smith Speaks", "mpaa_rating": "", "critics_pick": 0, "byline": "J.T.M.", "headline": "Whispering Smith Speaks", "summary_short": "", "publication_date": "1936-02-17", "opening_date": "1935-05-15", "date_updated": "2016-03-30 07:22:45", "link": {"type": "article", "url": "http://www.nytimes.com/movie/review?res=9B00EFDF1730E13BBC4F52DFB466838D629EDE", "suggested_link_text": "Read the New York Times Review of Whispering Smith Speaks"}, "multimedia": null}]}