{"status": "OK", "copyright": "Copyright (c) 2017 The New York Times Company. All Rights Reserved.", "has_more": true, "num_results": 20, "results": [{"display_title": "Lady Tubbs", "mpaa_rating": "", "critics_pick": 0, "byline": "F.S.N.", "headline": "Lady Tubbs", "summary_short": "", "publication_date": "1935-07-22", "opening_date": "1935-07-02", "date_updated": "2016-03-30 06:54:27", "link": {"type": "article", "url": "http://www.nytimes.com/movie/review?res=950DE5D7153FE23ABC4A51DFB166838E629EDE", "suggested_link_text": "Read the New York Times Review of Lady Tubbs"}, "multimedia": null}, {"display_title": "Shanghai", "mpaa_rating": "", "critics_pick": 0, "byline": "F.S.N.", "headline": "Shanghai", "summary_short": "East-West love, lukewarm tea.", "publication_date": "1935-07-20", "opening_date": "1935-07-19", "date_updated": "2016-03-30 06:47:44", "link": {"type": "article", "url": "http://www.nytimes.com/movie/review?res=9B03E2D8153FE23ABC4851DFB166838E629EDE", "suggested_link_text": "Read the New York Times Review of Shanghai"}, "multimedia": null}, {"display_title": "Ginger", "mpaa_rating": "", "critics_pick": 0, "byline": "F.S.N.", "headline": "Ginger", "summary_short": "", "publication_date": "1935-07-19", "opening_date": "1935-07-05", "date_updated": "2016-03-30 06:47:37", "link": {"type": "article", "url": "http://www.nytimes.com/movie/review?res=9E00EFDA173CE33ABC4152DFB166838E629EDE", "suggested_link_text": "Read the New York Times Review of Ginger"}, "multimedia": null}, {"display_title": "The Daring Young Man", "mpaa_rating": "", "critics_pick": 0, "byline": "C.R.P.", "headline": "Daring Young Man, The", "summary_short": "", "publication_date": "1935-07-18", "opening_date": "1935-07-18", "date_updated": "2016-03-30 06:55:11", "link": {"type": "article", "url": "http://www.nytimes.com/movie/review?res=9C06E1D9153FE23ABC4052DFB166838E629EDE", "suggested_link_text": "Read the New York Times Review of The Daring Young Man"}, "multimedia": null}, {"display_title": "Alibi Ike", "mpaa_rating": "Not Rated", "critics_pick": 0, "byline": "F.S.N.", "headline": "Alibi Ike", "summary_short": "Appealing, old-fashioned baseball caper.", "publication_date": "1935-07-17", "opening_date": "1935-06-15", "date_updated": "2016-03-30 06:44:21", "link": {"type": "article", "url": "http://www.nytimes.com/movie/review?res=9407E2DB1E39E33ABC4F52DFB166838E629EDE", "suggested_link_text": "Read the New York Times Review of Alibi Ike"}, "multimedia": null}, {"display_title": "Hooray for Love", "mpaa_rating": "", "critics_pick": 0, "byline": "C.R.P.", "headline": "Hooray for Love", "summary_short": "Painless bauble. Nice songs.", "publication_date": "1935-07-13", "opening_date": "1935-06-14", "date_updated": "2016-03-30 07:20:45", "link": {"type": "article", "url": "http://www.nytimes.com/movie/review?res=9A04E2DA173CE33ABC4B52DFB166838E629EDE", "suggested_link_text": "Read the New York Times Review of Hooray for Love"}, "multimedia": null}, {"display_title": "Paris in Spring", "mpaa_rating": "", "critics_pick": 0, "byline": "F.S.N.", "headline": "Paris in Spring", "summary_short": "", "publication_date": "1935-07-13", "opening_date": "1935-05-03", "date_updated": "2016-03-30 06:50:50", "link": {"type": "article", "url": "http://www.nytimes.com/movie/review?res=9904E2DA173CE33ABC4B52DFB166838E629EDE", "suggested_link_text": "Read the New York Times Review of Paris in Spring"}, "multimedia": null}, {"display_title": "Front Page Woman", "mpaa_rating": "", "critics_pick": 0, "byline": "F.S.N.", "headline": "Front Page Woman", "summary_short": "Two rival reporters. Early, minor Davis, plenty energy. Him, too.", "publication_date": "1935-07-12", "opening_date": "1935-07-20", "date_updated": "2016-03-30 07:13:03", "link": {"type": "article", "url": "http://www.nytimes.com/movie/review?res=9400E5DC1E39E33ABC4A52DFB166838E629EDE", "suggested_link_text": "Read the New York Times Review of Front Page Woman"}, "multimedia": null}, {"display_title": "Doubting Thomas", "mpaa_rating": "", "critics_pick": 0, "byline": "F.S.N.", "headline": "Doubting Thomas", "summary_short": "", "publication_date": "1935-07-11", "opening_date": "1935-07-10", "date_updated": "2016-03-30 06:41:33", "link": {"type": "article", "url": "http://www.nytimes.com/movie/review?res=9C0DEFDD1E39E33ABC4952DFB166838E629EDE", "suggested_link_text": "Read the New York Times Review of Doubting Thomas"}, "multimedia": null}, {"display_title": "Tango Bar", "mpaa_rating": "", "critics_pick": 0, "byline": "H.T.S.", "headline": "Tango-Bar", "summary_short": "", "publication_date": "1935-07-06", "opening_date": null, "date_updated": "2016-03-30 07:22:55", "link": {"type": "article", "url": "http://www.nytimes.com/movie/review?res=9D0DEEDB173CE33ABC4E53DFB166838E629EDE", "suggested_link_text": "Read the New York Times Review of Tango Bar"}, "multimedia": null}, {"display_title": "Escapade", "mpaa_rating": "", "critics_pick": 0, "byline": "F.S.N.", "headline": "Escapade", "summary_short": "", "publication_date": "1935-07-06", "opening_date": "1935-07-06", "date_updated": "2016-03-30 07:22:48", "link": {"type": "article", "url": "http://www.nytimes.com/movie/review?res=9C0DEEDB173CE33ABC4E53DFB166838E629EDE", "suggested_link_text": "Read the New York Times Review of Escapade"}, "multimedia": null}, {"display_title": "The Raven", "mpaa_rating": "", "critics_pick": 0, "byline": "F.S.N.", "headline": "Raven, The", "summary_short": "Never more, if you caught it once.", "publication_date": "1935-07-05", "opening_date": "1935-07-08", "date_updated": "2016-03-30 06:55:04", "link": {"type": "article", "url": "http://www.nytimes.com/movie/review?res=9804E0D9143FE23ABC4D53DFB166838E629EDE", "suggested_link_text": "Read the New York Times Review of The Raven"}, "multimedia": null}, {"display_title": "L'Ordonnance", "mpaa_rating": "", "critics_pick": 0, "byline": "Harry T. Smith", "headline": "Ordonnance, L'", "summary_short": "", "publication_date": "1935-07-01", "opening_date": "1935-06-30", "date_updated": "2016-03-30 07:28:18", "link": {"type": "article", "url": "http://www.nytimes.com/movie/review?res=9507E3DA143FE23ABC4953DFB166838E629EDE", "suggested_link_text": "Read the New York Times Review of L'Ordonnance"}, "multimedia": null}, {"display_title": "Men Without Names", "mpaa_rating": "", "critics_pick": 0, "byline": "ANDRE SENNWALD.", "headline": "Men Without Names", "summary_short": "Fast murder melodrama.", "publication_date": "1935-06-29", "opening_date": "1935-06-29", "date_updated": "2016-03-30 07:23:30", "link": {"type": "article", "url": "http://www.nytimes.com/movie/review?res=9E06EEDF1F3FE03ABC4151DFB066838E629EDE", "suggested_link_text": "Read the New York Times Review of Men Without Names"}, "multimedia": null}, {"display_title": "Alias Mary Dow", "mpaa_rating": "", "critics_pick": 0, "byline": "F.S.N", "headline": "Alias Mary Dow", "summary_short": "", "publication_date": "1935-06-29", "opening_date": "1935-05-01", "date_updated": "2016-03-30 06:51:07", "link": {"type": "article", "url": "http://www.nytimes.com/movie/review?res=9F06EEDF1F3FE03ABC4151DFB066838E629EDE", "suggested_link_text": "Read the New York Times Review of Alias Mary Dow"}, "multimedia": null}, {"display_title": "L' Eredita Dello Zio", "mpaa_rating": "", "critics_pick": 0, "byline": "H.T.S", "headline": "Eredita dello Zio, L'", "summary_short": "", "publication_date": "1935-06-29", "opening_date": "1935-06-28", "date_updated": "2016-03-30 07:20:35", "link": {"type": "article", "url": "http://www.nytimes.com/movie/review?res=9806EEDF1F3FE03ABC4151DFB066838E629EDE", "suggested_link_text": "Read the New York Times Review of L' Eredita Dello Zio"}, "multimedia": null}, {"display_title": "Love Me Forever", "mpaa_rating": "", "critics_pick": 0, "byline": "ANDRE SENNWALD.", "headline": "Love Me Forever", "summary_short": "Down-and-out performer rises as diva. Light, forgettable musical.", "publication_date": "1935-06-28", "opening_date": "1935-06-28", "date_updated": "2016-03-30 07:06:16", "link": {"type": "article", "url": "http://www.nytimes.com/movie/review?res=9D0CE5DB143FE23ABC4051DFB066838E629EDE", "suggested_link_text": "Read the New York Times Review of Love Me Forever"}, "multimedia": null}, {"display_title": "Black Sheep", "mpaa_rating": "Not Rated", "critics_pick": 0, "byline": "F.S.N.", "headline": "Black Sheep", "summary_short": "A trans-Atlantic liner.", "publication_date": "1935-06-28", "opening_date": "1935-06-14", "date_updated": "2016-03-30 06:54:02", "link": {"type": "article", "url": "http://www.nytimes.com/movie/review?res=9E0CE5DB143FE23ABC4051DFB066838E629EDE", "suggested_link_text": "Read the New York Times Review of Black Sheep"}, "multimedia": null}, {"display_title": "Sanders of the River", "mpaa_rating": "Not Rated", "critics_pick": 0, "byline": "ANDRE SENNWALD.", "headline": "Sanders of the River", "summary_short": "Picturesque drama of African native rebellion dominated by Robeson.", "publication_date": "1935-06-27", "opening_date": "1935-06-26", "date_updated": "2016-03-30 06:54:59", "link": {"type": "article", "url": "http://www.nytimes.com/movie/review?res=980CE1DF113DE53ABC4F51DFB066838E629EDE", "suggested_link_text": "Read the New York Times Review of Sanders of the River"}, "multimedia": null}, {"display_title": "In Caliente", "mpaa_rating": "", "critics_pick": 0, "byline": "F.S.N.", "headline": "In Caliente", "summary_short": "Painless, old-style Warners musical with one nugget: Wini Shaw singing ``The Lady in Red.''", "publication_date": "1935-06-27", "opening_date": "1935-05-25", "date_updated": "2016-03-30 07:22:55", "link": {"type": "article", "url": "http://www.nytimes.com/movie/review?res=990CE1DF113DE53ABC4F51DFB066838E629EDE", "suggested_link_text": "Read the New York Times Review of In Caliente"}, "multimedia": null}]}