{"status": "OK", "copyright": "Copyright (c) 2017 The New York Times Company. All Rights Reserved.", "has_more": true, "num_results": 20, "results": [{"display_title": "Ein Burschenlied Aus Heidelberg", "mpaa_rating": "", "critics_pick": 0, "byline": "MORDAUNT HALL", "headline": "Burschenlied aus Heidelberg, Ein", "summary_short": "", "publication_date": "1931-09-14", "opening_date": null, "date_updated": "2016-03-30 07:23:11", "link": {"type": "article", "url": "http://www.nytimes.com/movie/review?res=9D03E4DB143DEE32A25757C1A96F9C946094D6CF", "suggested_link_text": "Read the New York Times Review of Ein Burschenlied Aus Heidelberg"}, "multimedia": null}, {"display_title": "Caught Plastered", "mpaa_rating": "", "critics_pick": 0, "byline": "MORDAUNT HALL.", "headline": "Caught Plastered", "summary_short": "Two matrimonial lawyers. These two comics were considered hot stuff way back.", "publication_date": "1931-09-12", "opening_date": "1931-09-05", "date_updated": "2016-03-30 06:57:43", "link": {"type": "article", "url": "http://www.nytimes.com/movie/review?res=9A02E7DD143DEE32A25751C1A96F9C946094D6CF", "suggested_link_text": "Read the New York Times Review of Caught Plastered"}, "multimedia": null}, {"display_title": "Five Star Final", "mpaa_rating": "", "critics_pick": 0, "byline": "MORDAUNT HALL.", "headline": "Five Star Final", "summary_short": "Ruthless tabloid editor and tragic aftermath. Scalding drama.", "publication_date": "1931-09-11", "opening_date": null, "date_updated": "2016-03-30 07:12:08", "link": {"type": "article", "url": "http://www.nytimes.com/movie/review?res=9E06EEDC153BEE32A25752C1A96F9C946094D6CF", "suggested_link_text": "Read the New York Times Review of Five Star Final"}, "multimedia": null}, {"display_title": "The Guardsman", "mpaa_rating": "", "critics_pick": 0, "byline": "MORD AUNT HALL.", "headline": "Guardsman, The", "summary_short": "Jealous actor tests actress wife's fidelity. Picture's slow death now, but the Lunts are fascinating.", "publication_date": "1931-09-10", "opening_date": "1931-11-07", "date_updated": "2016-03-30 07:13:44", "link": {"type": "article", "url": "http://www.nytimes.com/movie/review?res=9E04EEDD153BEE32A25753C1A96F9C946094D6CF", "suggested_link_text": "Read the New York Times Review of The Guardsman"}, "multimedia": null}, {"display_title": "Der Hampelmann", "mpaa_rating": "", "critics_pick": 0, "byline": "MORDAUNT HALL.", "headline": "Hampelmann, Der", "summary_short": "", "publication_date": "1931-09-08", "opening_date": null, "date_updated": "2016-03-30 06:53:26", "link": {"type": "article", "url": "http://www.nytimes.com/movie/review?res=9C04EEDF153BEE32A2575BC0A96F9C946094D6CF", "suggested_link_text": "Read the New York Times Review of Der Hampelmann"}, "multimedia": null}, {"display_title": "Danton", "mpaa_rating": "", "critics_pick": 0, "byline": "MORDAUNT HALL.", "headline": "Danton", "summary_short": "", "publication_date": "1931-09-07", "opening_date": null, "date_updated": "2016-03-30 07:23:57", "link": {"type": "article", "url": "http://www.nytimes.com/movie/review?res=9C0CEED6143BEE32A25754C0A96F9C946094D6CF", "suggested_link_text": "Read the New York Times Review of Danton"}, "multimedia": null}, {"display_title": "The Bargain", "mpaa_rating": "", "critics_pick": 0, "byline": "MORDAUNT HALL.", "headline": "Bargain, The", "summary_short": "", "publication_date": "1931-09-05", "opening_date": "1931-09-05", "date_updated": "2016-03-30 06:55:37", "link": {"type": "article", "url": "http://www.nytimes.com/movie/review?res=9B0DE7D6143BEE32A25756C0A96F9C946094D6CF", "suggested_link_text": "Read the New York Times Review of The Bargain"}, "multimedia": null}, {"display_title": "The Dreyfus Case", "mpaa_rating": "", "critics_pick": 0, "byline": "MORDAUNT HALL.", "headline": "Dreyfus Case, The", "summary_short": "", "publication_date": "1931-08-31", "opening_date": "1940-10-29", "date_updated": "2016-03-30 06:52:09", "link": {"type": "article", "url": "http://www.nytimes.com/movie/review?res=9403E4DE103BE433A25752C3A96E9C946094D6CF", "suggested_link_text": "Read the New York Times Review of The Dreyfus Case"}, "multimedia": null}, {"display_title": "Rebound", "mpaa_rating": "", "critics_pick": 0, "byline": "MORDAUNT HALL.", "headline": "Rebound", "summary_short": "Woman threatens to destroy lover's marriage.", "publication_date": "1931-08-29", "opening_date": "1931-09-18", "date_updated": "2016-03-30 07:27:23", "link": {"type": "article", "url": "http://www.nytimes.com/movie/review?res=9D07EFDF103BE433A2575AC2A96E9C946094D6CF", "suggested_link_text": "Read the New York Times Review of Rebound"}, "multimedia": null}, {"display_title": "The White Devil", "mpaa_rating": "", "critics_pick": 0, "byline": "MORDAUNT HALL.", "headline": "White Devil, The", "summary_short": "", "publication_date": "1931-08-28", "opening_date": null, "date_updated": "2016-03-30 06:47:17", "link": {"type": "article", "url": "http://www.nytimes.com/movie/review?res=9804E6DF103BE433A2575BC2A96E9C946094D6CF", "suggested_link_text": "Read the New York Times Review of The White Devil"}, "multimedia": null}, {"display_title": "Street Scene", "mpaa_rating": "", "critics_pick": 0, "byline": "MORDAUNT HALL.", "headline": "Street Scene", "summary_short": "Rice's drama of tenement life. Stagy but bluntly effective.", "publication_date": "1931-08-27", "opening_date": "1931-09-05", "date_updated": "2016-03-30 07:23:35", "link": {"type": "article", "url": "http://www.nytimes.com/movie/review?res=9502E3D6133BE433A25754C2A96E9C946094D6CF", "suggested_link_text": "Read the New York Times Review of Street Scene"}, "multimedia": null}, {"display_title": "The Great Lover", "mpaa_rating": "", "critics_pick": 0, "byline": "MORDAUNT HALL.", "headline": "Great Lover, The", "summary_short": "Disabled French singer and sympathetic young woman.", "publication_date": "1931-08-24", "opening_date": "1931-07-18", "date_updated": "2016-03-30 06:42:40", "link": {"type": "article", "url": "http://www.nytimes.com/movie/review?res=9806EED8133BE433A25757C2A96E9C946094D6CF", "suggested_link_text": "Read the New York Times Review of The Great Lover"}, "multimedia": null}, {"display_title": "Pardon Us", "mpaa_rating": "", "critics_pick": 0, "byline": "MORDAUNT HALL.", "headline": "Pardon Us", "summary_short": "Any time, boys. Press on.", "publication_date": "1931-08-22", "opening_date": "1931-08-15", "date_updated": "2016-03-30 07:09:55", "link": {"type": "article", "url": "http://www.nytimes.com/movie/review?res=9D04EEDA143BEE32A25751C2A96E9C946094D6CF", "suggested_link_text": "Read the New York Times Review of Pardon Us"}, "multimedia": null}, {"display_title": "The Last Flight", "mpaa_rating": "Not Rated", "critics_pick": 0, "byline": "MORDAUNT HALL.", "headline": "Last Flight, The", "summary_short": "WWI American pilots and single woman in postwar Paris.", "publication_date": "1931-08-20", "opening_date": "1931-08-29", "date_updated": "2016-03-30 06:58:38", "link": {"type": "article", "url": "http://www.nytimes.com/movie/review?res=9405EFDF1E3AE03ABC4851DFBE66838A629EDE", "suggested_link_text": "Read the New York Times Review of The Last Flight"}, "multimedia": null}, {"display_title": "The Miracle Woman", "mpaa_rating": "", "critics_pick": 0, "byline": "MORDAUNT HALL.", "headline": "Miracle Woman, The", "summary_short": "Evangelist and blind aviator. Interesting old Capra drama.", "publication_date": "1931-08-17", "opening_date": "1931-06-27", "date_updated": "2016-03-30 07:15:01", "link": {"type": "article", "url": "http://www.nytimes.com/movie/review?res=9D04E3DC143BEE32A25754C1A96E9C946094D6CF", "suggested_link_text": "Read the New York Times Review of The Miracle Woman"}, "multimedia": null}, {"display_title": "Bad Girl", "mpaa_rating": "", "critics_pick": 0, "byline": "MORDAUNT HALL.", "headline": "Bad Girl", "summary_short": "", "publication_date": "1931-08-15", "opening_date": "1931-08-13", "date_updated": "2016-03-30 07:04:59", "link": {"type": "article", "url": "http://www.nytimes.com/movie/review?res=9B04E0DD143BEE32A25756C1A96E9C946094D6CF", "suggested_link_text": "Read the New York Times Review of Bad Girl"}, "multimedia": null}, {"display_title": "Huckleberry Finn", "mpaa_rating": "", "critics_pick": 0, "byline": "MORDAUNT HALL.", "headline": "Huckleberry Finn", "summary_short": "First-rate Mark Twain. Still.", "publication_date": "1931-08-08", "opening_date": "1931-08-07", "date_updated": "2016-03-30 07:16:34", "link": {"type": "article", "url": "http://www.nytimes.com/movie/review?res=9B04E2DC1038E43ABC4053DFBE66838A629EDE", "suggested_link_text": "Read the New York Times Review of Huckleberry Finn"}, "multimedia": null}, {"display_title": "An American Tragedy", "mpaa_rating": "", "critics_pick": 0, "byline": "MORDAUNT HALL.", "headline": "American Tragedy, An", "summary_short": "Tentative but highly interesting forerunner of ``A Place in the Sun.''", "publication_date": "1931-08-06", "opening_date": "1931-08-22", "date_updated": "2016-03-30 07:21:31", "link": {"type": "article", "url": "http://www.nytimes.com/movie/review?res=9A07EEDF1038E43ABC4E53DFBE66838A629EDE", "suggested_link_text": "Read the New York Times Review of An American Tragedy"}, "multimedia": null}, {"display_title": "Star Witness", "mpaa_rating": "", "critics_pick": 0, "byline": "MORDAUNT HALL.", "headline": "Star Witness, The", "summary_short": "Elder's clan afraid to testify for d.a. about mobsters. Directed by William Wellman.", "publication_date": "1931-08-04", "opening_date": "1931-08-22", "date_updated": "2016-03-30 06:52:15", "link": {"type": "article", "url": "http://www.nytimes.com/movie/review?res=9F06EED81338E43ABC4C53DFBE66838A629EDE", "suggested_link_text": "Read the New York Times Review of Star Witness"}, "multimedia": null}, {"display_title": "Honeymoon Lane", "mpaa_rating": "", "critics_pick": 0, "byline": "MORDAUNT HALL.", "headline": "Honeymoon Lane", "summary_short": "", "publication_date": "1931-08-01", "opening_date": "1931-07-25", "date_updated": "2016-03-30 07:21:43", "link": {"type": "article", "url": "http://www.nytimes.com/movie/review?res=9805E1DE1F3FE432A25752C0A96E9C946094D6CF", "suggested_link_text": "Read the New York Times Review of Honeymoon Lane"}, "multimedia": null}]}