{"status": "OK", "copyright": "Copyright (c) 2017 The New York Times Company. All Rights Reserved.", "has_more": true, "num_results": 20, "results": [{"display_title": "Canal Zone", "mpaa_rating": "", "critics_pick": 0, "byline": "T.S.", "headline": "Canal Zone", "summary_short": "", "publication_date": "1942-03-30", "opening_date": "1942-03-19", "date_updated": "2016-03-30 06:42:10", "link": {"type": "article", "url": "http://www.nytimes.com/movie/review?res=9A01E1DC163AE33BBC4850DFB5668389659EDE", "suggested_link_text": "Read the New York Times Review of Canal Zone"}, "multimedia": null}, {"display_title": "The Male Animal", "mpaa_rating": "", "critics_pick": 0, "byline": "BOSLEY CROWTHER", "headline": "Male Animal, The", "summary_short": "College days of yore. Often wryly amusing, with original Thurber stage dialogue.", "publication_date": "1942-03-28", "opening_date": "1942-04-04", "date_updated": "2016-03-30 07:16:12", "link": {"type": "article", "url": "http://www.nytimes.com/movie/review?res=9B04E0DA143CE33BBC4051DFB5668389659EDE", "suggested_link_text": "Read the New York Times Review of The Male Animal"}, "multimedia": null}, {"display_title": "Road to Happiness", "mpaa_rating": "", "critics_pick": 0, "byline": "T.S.", "headline": "Road to Happiness", "summary_short": "A divorced father struggles to make a home for his son.", "publication_date": "1942-03-27", "opening_date": "1941-12-19", "date_updated": "2016-03-30 06:52:35", "link": {"type": "article", "url": "http://www.nytimes.com/movie/review?res=9404E2DF163AE33BBC4F51DFB5668389659EDE", "suggested_link_text": "Read the New York Times Review of Road to Happiness"}, "multimedia": null}, {"display_title": "Reap the Wild Wind", "mpaa_rating": "Not Rated", "critics_pick": 0, "byline": "BOSLEY CROWTHER", "headline": "Reap the Wild Wind", "summary_short": "Florida Keys piracy, DeMille style. Splashy hokum.", "publication_date": "1942-03-27", "opening_date": null, "date_updated": "2016-03-30 06:54:40", "link": {"type": "article", "url": "http://www.nytimes.com/movie/review?res=9B04E2DF163AE33BBC4F51DFB5668389659EDE", "suggested_link_text": "Read the New York Times Review of Reap the Wild Wind"}, "multimedia": null}, {"display_title": "To the Shores of Tripoli", "mpaa_rating": "", "critics_pick": 0, "byline": "BOSLEY CROWTHER", "headline": "To the Shores of Tripoli", "summary_short": "Playboy joins Marines. The old one-two.", "publication_date": "1942-03-26", "opening_date": null, "date_updated": "2016-03-30 07:25:24", "link": {"type": "article", "url": "http://www.nytimes.com/movie/review?res=9405E5D71F3BE33BBC4E51DFB5668389659EDE", "suggested_link_text": "Read the New York Times Review of To the Shores of Tripoli"}, "multimedia": null}, {"display_title": "Secret Agent of Japan", "mpaa_rating": "", "critics_pick": 0, "byline": "T.S.", "headline": "Secret Agent of Japan", "summary_short": "American nightclub owner in Shanghai.", "publication_date": "1942-03-23", "opening_date": "1942-04-03", "date_updated": "2016-03-30 07:16:41", "link": {"type": "article", "url": "http://www.nytimes.com/movie/review?res=9E02EFD81439E33BBC4B51DFB5668389659EDE", "suggested_link_text": "Read the New York Times Review of Secret Agent of Japan"}, "multimedia": null}, {"display_title": "Bedtime Story", "mpaa_rating": "", "critics_pick": 0, "byline": "BOSLEY CROWTHER", "headline": "Bedtime Story", "summary_short": "A Broadway playwright and his wife divorce.", "publication_date": "1942-03-20", "opening_date": "1941-12-25", "date_updated": "2016-03-30 06:43:28", "link": {"type": "article", "url": "http://www.nytimes.com/movie/review?res=9F04E1DC143CE33BBC4851DFB5668389659EDE", "suggested_link_text": "Read the New York Times Review of Bedtime Story"}, "multimedia": null}, {"display_title": "Valley of the Sun", "mpaa_rating": "", "critics_pick": 0, "byline": "BOSLEY CROWTHER", "headline": "Valley of the Sun", "summary_short": "A western. No more, no less.", "publication_date": "1942-03-19", "opening_date": "1942-02-06", "date_updated": "2016-03-30 07:19:49", "link": {"type": "article", "url": "http://www.nytimes.com/movie/review?res=9C0CE4D81439E33BBC4152DFB5668389659EDE", "suggested_link_text": "Read the New York Times Review of Valley of the Sun"}, "multimedia": null}, {"display_title": "The Adventures of Martin Eden", "mpaa_rating": "", "critics_pick": 0, "byline": "T.S.", "headline": "Adventures of Martin Eden", "summary_short": "Jack London's sailor-writer. Surprisingly shipshape.", "publication_date": "1942-03-16", "opening_date": "1942-02-26", "date_updated": "2016-03-30 06:43:51", "link": {"type": "article", "url": "http://www.nytimes.com/movie/review?res=9507E2D91439E33BBC4E52DFB5668389659EDE", "suggested_link_text": "Read the New York Times Review of The Adventures of Martin Eden"}, "multimedia": null}, {"display_title": "Always in My Heart", "mpaa_rating": "", "critics_pick": 0, "byline": "BOSLEY CROWTHER", "headline": "Always in my Heart", "summary_short": "Ex-convicts return home on wedding eve. Routine suds.", "publication_date": "1942-03-14", "opening_date": "1942-03-14", "date_updated": "2016-03-30 06:47:27", "link": {"type": "article", "url": "http://www.nytimes.com/movie/review?res=9803E7DC143CE33BBC4C52DFB5668389659EDE", "suggested_link_text": "Read the New York Times Review of Always in My Heart"}, "multimedia": null}, {"display_title": "Song of the Islands", "mpaa_rating": "", "critics_pick": 0, "byline": "T.S.", "headline": "Song of the Islands", "summary_short": "Phooey.", "publication_date": "1942-03-12", "opening_date": "1942-03-13", "date_updated": "2016-03-30 06:42:54", "link": {"type": "article", "url": "http://www.nytimes.com/movie/review?res=9400E3D81E3BE33BBC4A52DFB5668389659EDE", "suggested_link_text": "Read the New York Times Review of Song of the Islands"}, "multimedia": null}, {"display_title": "North to the Klondike", "mpaa_rating": "", "critics_pick": 0, "byline": "T.M.P.", "headline": "North to the Klondike", "summary_short": "", "publication_date": "1942-03-12", "opening_date": "1942-01-23", "date_updated": "2016-03-30 06:51:12", "link": {"type": "article", "url": "http://www.nytimes.com/movie/review?res=9B00E3D81E3BE33BBC4A52DFB5668389659EDE", "suggested_link_text": "Read the New York Times Review of North to the Klondike"}, "multimedia": null}, {"display_title": "The Fleet's In", "mpaa_rating": "", "critics_pick": 0, "byline": "BOSLEY CROWTHER", "headline": "Fleet's In, The", "summary_short": "Breezy musical with good score. Best number: ``Tangerine.''", "publication_date": "1942-03-12", "opening_date": "1942-01-24", "date_updated": "2016-03-30 07:14:41", "link": {"type": "article", "url": "http://www.nytimes.com/movie/review?res=9A00E3D81E3BE33BBC4A52DFB5668389659EDE", "suggested_link_text": "Read the New York Times Review of The Fleet's In"}, "multimedia": null}, {"display_title": "To Be or Not to Be", "mpaa_rating": "", "critics_pick": 1, "byline": "BOSLEY CROWTHER", "headline": "To Be or not to Be", "summary_short": "Polish actor-patriots foil Nazis. Riveting Lubitsch comedy-drama.", "publication_date": "1942-03-07", "opening_date": "1942-03-06", "date_updated": "2016-03-30 07:10:44", "link": {"type": "article", "url": "http://www.nytimes.com/movie/review?res=9500E7DE143CE33BBC4F53DFB5668389659EDE", "suggested_link_text": "Read the New York Times Review of To Be or Not to Be"}, "multimedia": null}, {"display_title": "The Remarkable Andrew", "mpaa_rating": "Not Rated", "critics_pick": 0, "byline": "T.S.", "headline": "Remarkable Andrew, The", "summary_short": "Historical ghosts aid timid young hero.", "publication_date": "1942-03-06", "opening_date": null, "date_updated": "2016-03-30 06:47:56", "link": {"type": "article", "url": "http://www.nytimes.com/movie/review?res=940CEEDC1439E33BBC4E53DFB5668389659EDE", "suggested_link_text": "Read the New York Times Review of The Remarkable Andrew"}, "multimedia": null}, {"display_title": "Svetly Put", "mpaa_rating": "R", "critics_pick": 0, "byline": "Thomas M. Pryor", "headline": "Tanya", "summary_short": "", "publication_date": "1942-03-05", "opening_date": "2001-01-26", "date_updated": "2016-03-30 06:54:37", "link": {"type": "article", "url": "http://www.nytimes.com/movie/review?res=9B07EFDD1439E33BBC4D53DFB5668389659EDE", "suggested_link_text": "Read the New York Times Review of Svetly Put"}, "multimedia": null}, {"display_title": "The Lady Has Plans", "mpaa_rating": "", "critics_pick": 0, "byline": "BOSLEY CROWTHER", "headline": "Lady Has Plans, The", "summary_short": "Flabby little espionage caper.", "publication_date": "1942-03-05", "opening_date": "1942-01-24", "date_updated": "2016-03-30 07:20:50", "link": {"type": "article", "url": "http://www.nytimes.com/movie/review?res=9A07EFDD1439E33BBC4D53DFB5668389659EDE", "suggested_link_text": "Read the New York Times Review of The Lady Has Plans"}, "multimedia": null}, {"display_title": "What's Cookin'?", "mpaa_rating": "", "critics_pick": 0, "byline": "BOSLEY CROWTHER", "headline": "What's Cookin'", "summary_short": "", "publication_date": "1942-02-26", "opening_date": "1942-02-20", "date_updated": "2016-03-30 07:14:43", "link": {"type": "article", "url": "http://www.nytimes.com/movie/review?res=9D03E3D6173CE33BBC4E51DFB4668389659EDE", "suggested_link_text": "Read the New York Times Review of What's Cookin'?"}, "multimedia": null}, {"display_title": "A Gentleman at Heart", "mpaa_rating": "", "critics_pick": 0, "byline": "T.S.", "headline": "Gentleman at Heart, A", "summary_short": "", "publication_date": "1942-02-23", "opening_date": "1942-01-16", "date_updated": "2016-03-30 07:20:52", "link": {"type": "article", "url": "http://www.nytimes.com/movie/review?res=9F00E0D7173CE33BBC4B51DFB4668389659EDE", "suggested_link_text": "Read the New York Times Review of A Gentleman at Heart"}, "multimedia": null}, {"display_title": "Roxie Hart", "mpaa_rating": "", "critics_pick": 0, "byline": "BOSLEY CROWTHER", "headline": "Roxie Hart", "summary_short": "Snappy, often funny, but a bit forced.", "publication_date": "1942-02-20", "opening_date": null, "date_updated": "2016-03-30 07:15:11", "link": {"type": "article", "url": "http://www.nytimes.com/movie/review?res=9806E5DD1439E33BBC4851DFB4668389659EDE", "suggested_link_text": "Read the New York Times Review of Roxie Hart"}, "multimedia": null}]}