{"status": "OK", "copyright": "Copyright (c) 2017 The New York Times Company. All Rights Reserved.", "has_more": true, "num_results": 20, "results": [{"display_title": "Es Wird Schon Wieder Besser", "mpaa_rating": "", "critics_pick": 0, "byline": "H.T.S.", "headline": "Es Wird Schon Wieder Besser", "summary_short": "", "publication_date": "1934-01-24", "opening_date": "1934-01-23", "date_updated": "2016-03-30 06:47:57", "link": {"type": "article", "url": "http://www.nytimes.com/movie/review?res=9F00E7DF1539E33ABC4C51DFB766838F629EDE", "suggested_link_text": "Read the New York Times Review of Es Wird Schon Wieder Besser"}, "multimedia": null}, {"display_title": "Let's Fall in Love", "mpaa_rating": "", "critics_pick": 0, "byline": "A.D.S.", "headline": "Let's Fall in Love", "summary_short": "", "publication_date": "1934-01-22", "opening_date": "1933-12-26", "date_updated": "2016-03-30 06:49:43", "link": {"type": "article", "url": "http://www.nytimes.com/movie/review?res=9E03E4D71439E33ABC4A51DFB766838F629EDE", "suggested_link_text": "Read the New York Times Review of Let's Fall in Love"}, "multimedia": null}, {"display_title": "Gallant Lady", "mpaa_rating": "", "critics_pick": 0, "byline": "MORDAUNT HALL.", "headline": "Gallant Lady", "summary_short": "", "publication_date": "1934-01-22", "opening_date": "1934-01-05", "date_updated": "2016-03-30 07:20:32", "link": {"type": "article", "url": "http://www.nytimes.com/movie/review?res=9D03E4D71439E33ABC4A51DFB766838F629EDE", "suggested_link_text": "Read the New York Times Review of Gallant Lady"}, "multimedia": null}, {"display_title": "Fashions of 1934", "mpaa_rating": "", "critics_pick": 0, "byline": "M.H.", "headline": "Fashions of 1934", "summary_short": "Fashion thief puts on Paris show. Busby Berkeley special.", "publication_date": "1934-01-20", "opening_date": "1934-02-14", "date_updated": "2016-03-30 06:51:30", "link": {"type": "article", "url": "http://www.nytimes.com/movie/review?res=9D0DE3DF113DE33ABC4851DFB766838F629EDE", "suggested_link_text": "Read the New York Times Review of Fashions of 1934"}, "multimedia": null}, {"display_title": "Cross Country Cruise", "mpaa_rating": "", "critics_pick": 0, "byline": "A.D.S.", "headline": "Cross Country Cruise", "summary_short": "", "publication_date": "1934-01-20", "opening_date": "1934-01-15", "date_updated": "2016-03-30 07:25:13", "link": {"type": "article", "url": "http://www.nytimes.com/movie/review?res=980DE3DF113DE33ABC4851DFB766838F629EDE", "suggested_link_text": "Read the New York Times Review of Cross Country Cruise"}, "multimedia": null}, {"display_title": "Miss Fane's Baby Is Stolen", "mpaa_rating": "", "critics_pick": 0, "byline": "MORDAUNT HALL.", "headline": "Miss Fane's Baby is Stolen", "summary_short": "", "publication_date": "1934-01-20", "opening_date": "1934-01-12", "date_updated": "2016-03-30 07:20:27", "link": {"type": "article", "url": "http://www.nytimes.com/movie/review?res=9502E3DF113DE33ABC4851DFB766838F629EDE", "suggested_link_text": "Read the New York Times Review of Miss Fane's Baby Is Stolen"}, "multimedia": null}, {"display_title": "Sixteen Fathoms Deep", "mpaa_rating": "", "critics_pick": 0, "byline": "A.D.S.", "headline": "Sixteen Fathoms Deep", "summary_short": "", "publication_date": "1934-01-19", "opening_date": "1934-01-01", "date_updated": "2016-03-30 06:55:32", "link": {"type": "article", "url": "http://www.nytimes.com/movie/review?res=9E00EED81439E33ABC4152DFB766838F629EDE", "suggested_link_text": "Read the New York Times Review of Sixteen Fathoms Deep"}, "multimedia": null}, {"display_title": "I Am Suzanne", "mpaa_rating": "", "critics_pick": 0, "byline": "MORDAUNT HALL", "headline": "I Am Suzanne", "summary_short": "", "publication_date": "1934-01-19", "opening_date": "1933-12-25", "date_updated": "2016-03-30 07:16:23", "link": {"type": "article", "url": "http://www.nytimes.com/movie/review?res=9D00EED81439E33ABC4152DFB766838F629EDE", "suggested_link_text": "Read the New York Times Review of I Am Suzanne"}, "multimedia": null}, {"display_title": "Massacre", "mpaa_rating": "", "critics_pick": 0, "byline": "MORDAUNT HALL.", "headline": "Massacre", "summary_short": "Sioux star of Wild West show leaves to fight corruption on his reservation.", "publication_date": "1934-01-18", "opening_date": "1934-01-20", "date_updated": "2016-03-30 06:48:51", "link": {"type": "article", "url": "http://www.nytimes.com/movie/review?res=9D01E4D81439E33ABC4052DFB766838F629EDE", "suggested_link_text": "Read the New York Times Review of Massacre"}, "multimedia": null}, {"display_title": "Myrt and Marge", "mpaa_rating": "", "critics_pick": 0, "byline": "MORDAUNT HALL.", "headline": "Myrt and Marge", "summary_short": "Vintage radio team in story of struggling theater troupe. Really dipping into the barrel.", "publication_date": "1934-01-17", "opening_date": "1933-11-25", "date_updated": "2016-03-30 06:48:58", "link": {"type": "article", "url": "http://www.nytimes.com/movie/review?res=9E07E5DB1E3DE23ABC4F52DFB766838F629EDE", "suggested_link_text": "Read the New York Times Review of Myrt and Marge"}, "multimedia": null}, {"display_title": "Easy to Love", "mpaa_rating": "", "critics_pick": 0, "byline": "A.D.S.", "headline": "Easy to Love", "summary_short": "Couple's marital woes take back seat to daughter's plans to elope.", "publication_date": "1934-01-15", "opening_date": "1934-01-13", "date_updated": "2016-03-30 06:52:33", "link": {"type": "article", "url": "http://www.nytimes.com/movie/review?res=9C05E6DB1430E23ABC4D52DFB766838F629EDE", "suggested_link_text": "Read the New York Times Review of Easy to Love"}, "multimedia": null}, {"display_title": "I Was a Spy", "mpaa_rating": "", "critics_pick": 0, "byline": "MORDAUNT HALL", "headline": "I Was a Spy", "summary_short": "", "publication_date": "1934-01-15", "opening_date": "1933-12-15", "date_updated": "2016-03-30 06:57:01", "link": {"type": "article", "url": "http://www.nytimes.com/movie/review?res=940CE7DB1430E23ABC4D52DFB766838F629EDE", "suggested_link_text": "Read the New York Times Review of I Was a Spy"}, "multimedia": null}, {"display_title": "Fugitive Lovers", "mpaa_rating": "", "critics_pick": 0, "byline": "MORDAUNT HALL", "headline": "Fugitive Lovers", "summary_short": "Fugitive convict, pretty chorine on cross-country bus.", "publication_date": "1934-01-13", "opening_date": "1934-01-05", "date_updated": "2016-03-30 07:05:33", "link": {"type": "article", "url": "http://www.nytimes.com/movie/review?res=990DE7D6103DE33ABC4B52DFB766838F629EDE", "suggested_link_text": "Read the New York Times Review of Fugitive Lovers"}, "multimedia": null}, {"display_title": "Eight Girls in a Boat", "mpaa_rating": "", "critics_pick": 0, "byline": "A.D.S.", "headline": "Eight Girls in a Boat", "summary_short": "", "publication_date": "1934-01-13", "opening_date": "1934-01-05", "date_updated": "2016-03-30 07:27:29", "link": {"type": "article", "url": "http://www.nytimes.com/movie/review?res=9A0DE7D6103DE33ABC4B52DFB766838F629EDE", "suggested_link_text": "Read the New York Times Review of Eight Girls in a Boat"}, "multimedia": null}, {"display_title": "Man of Two Worlds", "mpaa_rating": "", "critics_pick": 0, "byline": "MORDAUNT HALL.", "headline": "Man of Two Worlds", "summary_short": "Explorer brings Eskimo hunter to London.", "publication_date": "1934-01-12", "opening_date": "1934-01-13", "date_updated": "2016-03-30 06:46:06", "link": {"type": "article", "url": "http://www.nytimes.com/movie/review?res=9B0CE6D91439E33ABC4A52DFB766838F629EDE", "suggested_link_text": "Read the New York Times Review of Man of Two Worlds"}, "multimedia": null}, {"display_title": "Sons of the Desert", "mpaa_rating": "", "critics_pick": 0, "byline": "A.D.S.", "headline": "Sons of the Desert", "summary_short": "Beau Jests. Nice work, boys.", "publication_date": "1934-01-12", "opening_date": "1933-12-29", "date_updated": "2016-03-30 06:43:39", "link": {"type": "article", "url": "http://www.nytimes.com/movie/review?res=950CE6D91439E33ABC4A52DFB766838F629EDE", "suggested_link_text": "Read the New York Times Review of Sons of the Desert"}, "multimedia": null}, {"display_title": "Enemies of Progress", "mpaa_rating": "", "critics_pick": 0, "byline": "H.T.S.", "headline": "Enemies of Progress", "summary_short": "", "publication_date": "1934-01-11", "opening_date": "1934-01-10", "date_updated": "2016-03-30 07:12:44", "link": {"type": "article", "url": "http://www.nytimes.com/movie/review?res=9502E3DA1439E33ABC4952DFB766838F629EDE", "suggested_link_text": "Read the New York Times Review of Enemies of Progress"}, "multimedia": null}, {"display_title": "Before Midnight", "mpaa_rating": "", "critics_pick": 0, "byline": "MORDAUNT HALL.", "headline": "Before Midnight", "summary_short": "", "publication_date": "1934-01-10", "opening_date": "1933-11-18", "date_updated": "2016-03-30 07:25:37", "link": {"type": "article", "url": "http://www.nytimes.com/movie/review?res=9D07E2DC1E3DE23ABC4852DFB766838F629EDE", "suggested_link_text": "Read the New York Times Review of Before Midnight"}, "multimedia": null}, {"display_title": "Ciboulette", "mpaa_rating": "", "critics_pick": 0, "byline": "HERBERT L. MATTHEWS.", "headline": "Ciboulette", "summary_short": "", "publication_date": "1934-01-07", "opening_date": "1936-09-11", "date_updated": "2016-03-30 07:13:37", "link": {"type": "article", "url": "http://www.nytimes.com/movie/review?res=9C0DEEDE1E3DE23ABC4F53DFB766838F629EDE", "suggested_link_text": "Read the New York Times Review of Ciboulette"}, "multimedia": null}, {"display_title": "Bombay Mail", "mpaa_rating": "", "critics_pick": 0, "byline": "A.D.S.", "headline": "Bombay Mail", "summary_short": "", "publication_date": "1934-01-06", "opening_date": "1934-01-06", "date_updated": "2016-03-30 06:41:58", "link": {"type": "article", "url": "http://www.nytimes.com/movie/review?res=9405E3D9103DE33ABC4E53DFB766838F629EDE", "suggested_link_text": "Read the New York Times Review of Bombay Mail"}, "multimedia": null}]}