{"status": "OK", "copyright": "Copyright (c) 2017 The New York Times Company. All Rights Reserved.", "has_more": true, "num_results": 20, "results": [{"display_title": "Sunny Youth", "mpaa_rating": "", "critics_pick": 0, "byline": "H.T.S.", "headline": "Sunny Youth", "summary_short": "", "publication_date": "1935-08-19", "opening_date": "1935-08-18", "date_updated": "2016-03-30 06:57:30", "link": {"type": "article", "url": "http://www.nytimes.com/movie/review?res=9407EFD81F3FE53ABC4152DFBE66838E629EDE", "suggested_link_text": "Read the New York Times Review of Sunny Youth"}, "multimedia": null}, {"display_title": "The Keeper of the Bees", "mpaa_rating": "", "critics_pick": 0, "byline": "ANDRE SENNWALD.", "headline": "Keeper of the Bees, The", "summary_short": "", "publication_date": "1935-08-17", "opening_date": "1935-07-15", "date_updated": "2016-03-30 07:23:06", "link": {"type": "article", "url": "http://www.nytimes.com/movie/review?res=9D04E7DA1F3FE53ABC4F52DFBE66838E629EDE", "suggested_link_text": "Read the New York Times Review of The Keeper of the Bees"}, "multimedia": null}, {"display_title": "Alice Adams", "mpaa_rating": "", "critics_pick": 0, "byline": "ANDRE SENNWALD.", "headline": "Alice Adams", "summary_short": "Tarkington's small-town wallflower. Superbly detailed Americana, luminous Hepburn.", "publication_date": "1935-08-16", "opening_date": null, "date_updated": "2016-03-30 07:19:44", "link": {"type": "article", "url": "http://www.nytimes.com/movie/review?res=9D06EED9113DE53ABC4E52DFBE66838E629EDE", "suggested_link_text": "Read the New York Times Review of Alice Adams"}, "multimedia": null}, {"display_title": "Bright Lights", "mpaa_rating": "", "critics_pick": 0, "byline": "C.R.P.", "headline": "Bright Lights", "summary_short": "", "publication_date": "1935-08-15", "opening_date": "1935-07-27", "date_updated": "2016-03-30 06:58:45", "link": {"type": "article", "url": "http://www.nytimes.com/movie/review?res=9D0DE4D9113DE53ABC4D52DFBE66838E629EDE", "suggested_link_text": "Read the New York Times Review of Bright Lights"}, "multimedia": null}, {"display_title": "Accent on Youth", "mpaa_rating": "", "critics_pick": 0, "byline": "ANDRE SENNWALD.", "headline": "Accent on Youth", "summary_short": "Deft, sophisticated comedy-triangle. Nice and frothy, still.", "publication_date": "1935-08-12", "opening_date": "1935-08-23", "date_updated": "2016-03-30 06:47:44", "link": {"type": "article", "url": "http://www.nytimes.com/movie/review?res=9C05E3D71430E033A25751C1A96E9C946494D6CF", "suggested_link_text": "Read the New York Times Review of Accent on Youth"}, "multimedia": null}, {"display_title": "Orchids to You", "mpaa_rating": "", "critics_pick": 0, "byline": "C.R.P.", "headline": "Orchids to You", "summary_short": "", "publication_date": "1935-08-10", "opening_date": "1935-08-10", "date_updated": "2016-03-30 07:12:31", "link": {"type": "article", "url": "http://www.nytimes.com/movie/review?res=9F04E5DC1F3FE53ABC4852DFBE66838E629EDE", "suggested_link_text": "Read the New York Times Review of Orchids to You"}, "multimedia": null}, {"display_title": "China Seas", "mpaa_rating": "", "critics_pick": 0, "byline": "ANDRE SENNWALD.", "headline": "China Seas", "summary_short": "Juicy golden-days floater and four in clover. Ship ahoy.", "publication_date": "1935-08-10", "opening_date": "1935-08-16", "date_updated": "2016-03-30 06:46:54", "link": {"type": "article", "url": "http://www.nytimes.com/movie/review?res=9E04E5DC1F3FE53ABC4852DFBE66838E629EDE", "suggested_link_text": "Read the New York Times Review of China Seas"}, "multimedia": null}, {"display_title": "The Farmer Takes a Wife", "mpaa_rating": "", "critics_pick": 0, "byline": "ANDRE SENNWALD.", "headline": "Farmer Takes a Wife, The", "summary_short": "Barge cook in love with teamster. Fonda's screen debut and a charmer.", "publication_date": "1935-08-09", "opening_date": "1935-08-02", "date_updated": "2016-03-30 06:42:46", "link": {"type": "article", "url": "http://www.nytimes.com/movie/review?res=9802E1DD1F3FE53ABC4153DFBE66838E629EDE", "suggested_link_text": "Read the New York Times Review of The Farmer Takes a Wife"}, "multimedia": null}, {"display_title": "Silk Hat Kid", "mpaa_rating": "", "critics_pick": 0, "byline": "ANDRE SENNWALD.", "headline": "Silk Hat Kid", "summary_short": "", "publication_date": "1935-08-07", "opening_date": "1935-07-19", "date_updated": "2016-03-30 06:52:21", "link": {"type": "article", "url": "http://www.nytimes.com/movie/review?res=9C0CE0DC113DE53ABC4F53DFBE66838E629EDE", "suggested_link_text": "Read the New York Times Review of Silk Hat Kid"}, "multimedia": null}, {"display_title": "Mad Love", "mpaa_rating": "", "critics_pick": 0, "byline": "ANDRE SENNWALD.", "headline": "Mad Love", "summary_short": "Obsessed surgeon operates on pianist. Striking, artful horror melodrama. Lorre goes to town.", "publication_date": "1935-08-05", "opening_date": "1935-07-12", "date_updated": "2016-03-30 06:51:23", "link": {"type": "article", "url": "http://www.nytimes.com/movie/review?res=9403E4DC113DE53ABC4D53DFBE66838E629EDE", "suggested_link_text": "Read the New York Times Review of Mad Love"}, "multimedia": null}, {"display_title": "Every Night at Eight", "mpaa_rating": "", "critics_pick": 0, "byline": "R.C.P.", "headline": "Every Night at Eight", "summary_short": "Frances Langford, Patsy Kelly. Appealing folk and tunes in nice, tacky old caper about amateur hour. Remembver &quot;&quot;I Feel a Song'' and &quot;&quot;I'm In the Mood for Love.''", "publication_date": "1935-08-03", "opening_date": "1935-08-02", "date_updated": "2016-03-30 06:49:32", "link": {"type": "article", "url": "http://www.nytimes.com/movie/review?res=9A01EFDD113DE53ABC4B53DFBE66838E629EDE", "suggested_link_text": "Read the New York Times Review of Every Night at Eight"}, "multimedia": null}, {"display_title": "The Man on the Flying Trapeze", "mpaa_rating": "", "critics_pick": 0, "byline": "ANDRE SENNWALD.", "headline": "Man on the Flying Trapeze", "summary_short": "Bumpy but funny.", "publication_date": "1935-08-03", "opening_date": "1934-03-16", "date_updated": "2016-03-30 06:47:35", "link": {"type": "article", "url": "http://www.nytimes.com/movie/review?res=9901EFDD113DE53ABC4B53DFBE66838E629EDE", "suggested_link_text": "Read the New York Times Review of The Man on the Flying Trapeze"}, "multimedia": null}, {"display_title": "Curly Top", "mpaa_rating": "", "critics_pick": 0, "byline": "ANDRE SENNWALD.", "headline": "Curly Top", "summary_short": "The Daddy Long Legs tale. Never curlier or Shirlier.", "publication_date": "1935-08-02", "opening_date": "1935-07-26", "date_updated": "2016-03-30 07:12:17", "link": {"type": "article", "url": "http://www.nytimes.com/movie/review?res=9A07E2DE1F3FE53ABC4A53DFBE66838E629EDE", "suggested_link_text": "Read the New York Times Review of Curly Top"}, "multimedia": null}, {"display_title": "The Irish in Us", "mpaa_rating": "", "critics_pick": 0, "byline": "M.B.", "headline": "Irish in US, The", "summary_short": "The O'Hara brothers: cop, firefighter and boxing promoter. Palatable, dated shamrock.", "publication_date": "1935-08-01", "opening_date": "1935-08-03", "date_updated": "2016-03-30 07:05:43", "link": {"type": "article", "url": "http://www.nytimes.com/movie/review?res=9E03E1DF1F3FE53ABC4953DFBE66838E629EDE", "suggested_link_text": "Read the New York Times Review of The Irish in Us"}, "multimedia": null}, {"display_title": "Dante's Inferno", "mpaa_rating": "", "critics_pick": 0, "byline": "ANDRE SENNWALD.", "headline": "Dante's Inferno", "summary_short": "Engrossing Faustian drama, with visually remarkable purgatory montage. Watch for yacht duet with baby-faced dancer Rita Hayworth.", "publication_date": "1935-08-01", "opening_date": "1935-08-23", "date_updated": "2016-03-30 06:52:38", "link": {"type": "article", "url": "http://www.nytimes.com/movie/review?res=9D03E1DF1F3FE53ABC4953DFBE66838E629EDE", "suggested_link_text": "Read the New York Times Review of Dante's Inferno"}, "multimedia": null}, {"display_title": "Java Head", "mpaa_rating": "", "critics_pick": 0, "byline": "ANDRE SENNWALD.", "headline": "Java Head", "summary_short": "", "publication_date": "1935-07-31", "opening_date": null, "date_updated": "2016-03-30 06:44:26", "link": {"type": "article", "url": "http://www.nytimes.com/movie/review?res=9F01E3D91E39E33ABC4950DFB166838E629EDE", "suggested_link_text": "Read the New York Times Review of Java Head"}, "multimedia": null}, {"display_title": "Hard Rock Harrigan", "mpaa_rating": "", "critics_pick": 0, "byline": "ANDRE SENNWALD.", "headline": "Hard Rock Harrigan", "summary_short": "", "publication_date": "1935-07-30", "opening_date": "1935-07-01", "date_updated": "2016-03-30 07:16:25", "link": {"type": "article", "url": "http://www.nytimes.com/movie/review?res=9F0DE6DF143CE33ABC4850DFB166838E629EDE", "suggested_link_text": "Read the New York Times Review of Hard Rock Harrigan"}, "multimedia": null}, {"display_title": "The Murder Man", "mpaa_rating": "", "critics_pick": 0, "byline": "F.S.N.", "headline": "Murder Man, The", "summary_short": "Crime reporter. Good Tracy.", "publication_date": "1935-07-27", "opening_date": "1935-07-12", "date_updated": "2016-03-30 07:15:59", "link": {"type": "article", "url": "http://www.nytimes.com/movie/review?res=9802EFD6153FE23ABC4F51DFB166838E629EDE", "suggested_link_text": "Read the New York Times Review of The Murder Man"}, "multimedia": null}, {"display_title": "The Arizonian", "mpaa_rating": "", "critics_pick": 0, "byline": "F.S.N.", "headline": "Arizonian, The", "summary_short": "Marshal vs. outlaws.", "publication_date": "1935-07-27", "opening_date": "1935-06-28", "date_updated": "2016-03-30 06:53:01", "link": {"type": "article", "url": "http://www.nytimes.com/movie/review?res=9F02EFD6153FE23ABC4F51DFB166838E629EDE", "suggested_link_text": "Read the New York Times Review of The Arizonian"}, "multimedia": null}, {"display_title": "She", "mpaa_rating": "", "critics_pick": 0, "byline": "F.S.N.", "headline": "She", "summary_short": "A Cambridge professor joins an expedition to a lost Arctic city.", "publication_date": "1935-07-26", "opening_date": "1935-07-12", "date_updated": "2016-03-30 06:49:12", "link": {"type": "article", "url": "http://www.nytimes.com/movie/review?res=9E0DEFDA1E39E33ABC4E51DFB166838E629EDE", "suggested_link_text": "Read the New York Times Review of She"}, "multimedia": null}]}