{"status": "OK", "copyright": "Copyright (c) 2017 The New York Times Company. All Rights Reserved.", "has_more": true, "num_results": 20, "results": [{"display_title": "Great Expectations", "mpaa_rating": "Not Rated", "critics_pick": 1, "byline": "BOSLEY CROWTHER", "headline": "Great Expectations", "summary_short": "Splendid Dickens via David Lean. Model adaptation of classic.", "publication_date": "1947-05-23", "opening_date": null, "date_updated": "2016-03-30 07:21:09", "link": {"type": "article", "url": "http://www.nytimes.com/movie/review?res=9505E2DF153CE13BBC4B51DFB366838C659EDE", "suggested_link_text": "Read the New York Times Review of Great Expectations"}, "multimedia": null}, {"display_title": "The Guilt of Janet Ames", "mpaa_rating": "", "critics_pick": 0, "byline": "T.M.P.", "headline": "Guilt of Janet Ames, The", "summary_short": "Fine dramatic idea hops track. One pearly bit with Sid Caesar.", "publication_date": "1947-05-23", "opening_date": "1947-03-06", "date_updated": "2016-03-30 06:58:01", "link": {"type": "article", "url": "http://www.nytimes.com/movie/review?res=9D04E2DF153CE13BBC4B51DFB366838C659EDE", "suggested_link_text": "Read the New York Times Review of The Guilt of Janet Ames"}, "multimedia": null}, {"display_title": "The Patient Vanishes", "mpaa_rating": "", "critics_pick": 0, "byline": "A.W.", "headline": "Patient Vanishes, The", "summary_short": "", "publication_date": "1947-05-23", "opening_date": null, "date_updated": "2016-03-30 07:21:06", "link": {"type": "article", "url": "http://www.nytimes.com/movie/review?res=9804E2DF153CE13BBC4B51DFB366838C659EDE", "suggested_link_text": "Read the New York Times Review of The Patient Vanishes"}, "multimedia": null}, {"display_title": "The Imperfect Lady", "mpaa_rating": "", "critics_pick": 0, "byline": "BOSLEY CROWTHER", "headline": "Imperfect Lady, The", "summary_short": "British M.P. and ballerina. Trying.", "publication_date": "1947-05-22", "opening_date": "1947-04-25", "date_updated": "2016-03-30 07:29:44", "link": {"type": "article", "url": "http://www.nytimes.com/movie/review?res=9C06E2D7143CE13BBC4A51DFB366838C659EDE", "suggested_link_text": "Read the New York Times Review of The Imperfect Lady"}, "multimedia": null}, {"display_title": "Honeymoon", "mpaa_rating": "", "critics_pick": 0, "byline": "BOSLEY CROWTHER", "headline": "Honeymoon", "summary_short": "Very, very mild.", "publication_date": "1947-05-19", "opening_date": "1947-05-17", "date_updated": "2016-03-30 06:58:51", "link": {"type": "article", "url": "http://www.nytimes.com/movie/review?res=9902E3D9143CE13BBC4152DFB366838C659EDE", "suggested_link_text": "Read the New York Times Review of Honeymoon"}, "multimedia": null}, {"display_title": "L'Affaire Du Collier De La Reine", "mpaa_rating": "", "critics_pick": 0, "byline": "BOSLEY CROWTHER", "headline": "Queen's Necklace, The", "summary_short": "", "publication_date": "1947-05-17", "opening_date": null, "date_updated": "2016-03-30 07:28:08", "link": {"type": "article", "url": "http://www.nytimes.com/movie/review?res=950DEFDD1E3EEE3BBC4F52DFB366838C659EDE", "suggested_link_text": "Read the New York Times Review of L'Affaire Du Collier De La Reine"}, "multimedia": null}, {"display_title": "Shoot to Kill", "mpaa_rating": "R", "critics_pick": 0, "byline": "T.M.P.", "headline": "Shoot to Kill", "summary_short": "", "publication_date": "1947-05-17", "opening_date": "1988-02-12", "date_updated": "2016-03-30 06:41:28", "link": {"type": "article", "url": "http://www.nytimes.com/movie/review?res=9C0CEFDD1E3EEE3BBC4F52DFB366838C659EDE", "suggested_link_text": "Read the New York Times Review of Shoot to Kill"}, "multimedia": null}, {"display_title": "The Other Love", "mpaa_rating": "", "critics_pick": 0, "byline": "BOSLEY CROWTHER", "headline": "Other Love, The", "summary_short": "Richard Conte. A kind of feminist &quot;&quot;Magic Mountain.'' As such, not bad.", "publication_date": "1947-05-15", "opening_date": null, "date_updated": "2016-03-30 07:29:14", "link": {"type": "article", "url": "http://www.nytimes.com/movie/review?res=9D02E6DE1E3EEE3BBC4D52DFB366838C659EDE", "suggested_link_text": "Read the New York Times Review of The Other Love"}, "multimedia": null}, {"display_title": "Duel in the Sun", "mpaa_rating": "Not Rated", "critics_pick": 0, "byline": "BOSLEY CROWTHER", "headline": "Duel in the Sun", "summary_short": "One woman, two brothers. Bloated western buzzard.", "publication_date": "1947-05-08", "opening_date": null, "date_updated": "2016-03-30 06:57:04", "link": {"type": "article", "url": "http://www.nytimes.com/movie/review?res=9E00E6D7123EE13BBC4053DFB366838C659EDE", "suggested_link_text": "Read the New York Times Review of Duel in the Sun"}, "multimedia": null}, {"display_title": "Hit Parade of 1947", "mpaa_rating": "", "critics_pick": 0, "byline": "A.W.", "headline": "Hit Parade of 1947", "summary_short": "", "publication_date": "1947-05-05", "opening_date": "1947-03-22", "date_updated": "2016-03-30 07:27:39", "link": {"type": "article", "url": "http://www.nytimes.com/movie/review?res=9E05E0D8123EE13BBC4D53DFB366838C659EDE", "suggested_link_text": "Read the New York Times Review of Hit Parade of 1947"}, "multimedia": null}, {"display_title": "Carnegie Hall", "mpaa_rating": "", "critics_pick": 0, "byline": "BOSLEY CROWTHER", "headline": "Carnegie Hall", "summary_short": "Custodian is also a stage mom. Mawkish plot is an excuse for some fine music.", "publication_date": "1947-05-03", "opening_date": "1947-02-28", "date_updated": "2016-03-30 07:22:32", "link": {"type": "article", "url": "http://www.nytimes.com/movie/review?res=9A0DE3DB143CE13BBC4B53DFB366838C659EDE", "suggested_link_text": "Read the New York Times Review of Carnegie Hall"}, "multimedia": null}, {"display_title": "Love and Learn", "mpaa_rating": "", "critics_pick": 0, "byline": "T.M.P.", "headline": "Love and Learn", "summary_short": "Tunesmiths and their girls. Middling.", "publication_date": "1947-05-03", "opening_date": "1947-09-11", "date_updated": "2016-03-30 06:52:16", "link": {"type": "article", "url": "http://www.nytimes.com/movie/review?res=9B0DE3DB143CE13BBC4B53DFB366838C659EDE", "suggested_link_text": "Read the New York Times Review of Love and Learn"}, "multimedia": null}, {"display_title": "The Big Fix", "mpaa_rating": "", "critics_pick": 0, "byline": "J.R.L.", "headline": "Big Fix, The", "summary_short": "The old rah-rah bit.", "publication_date": "1947-05-03", "opening_date": "1947-04-19", "date_updated": "2016-03-30 06:57:50", "link": {"type": "article", "url": "http://www.nytimes.com/movie/review?res=940DE3DB143CE13BBC4B53DFB366838C659EDE", "suggested_link_text": "Read the New York Times Review of The Big Fix"}, "multimedia": null}, {"display_title": "Vozvrashcheniye S Pobedoy", "mpaa_rating": "", "critics_pick": 0, "byline": "B.C.", "headline": "Road Home, The", "summary_short": "", "publication_date": "1947-05-02", "opening_date": null, "date_updated": "2016-03-30 06:50:00", "link": {"type": "article", "url": "http://www.nytimes.com/movie/review?res=990CE7DB143CE13BBC4A53DFB366838C659EDE", "suggested_link_text": "Read the New York Times Review of Vozvrashcheniye S Pobedoy"}, "multimedia": null}, {"display_title": "Born to Kill", "mpaa_rating": "", "critics_pick": 0, "byline": "BOSLEY CROWTHER", "headline": "Born to Kill", "summary_short": "Lurid, flinty but well arranged pulp package.", "publication_date": "1947-05-01", "opening_date": "1947-05-03", "date_updated": "2016-03-30 06:47:29", "link": {"type": "article", "url": "http://www.nytimes.com/movie/review?res=9502EEDA123EE13BBC4953DFB366838C659EDE", "suggested_link_text": "Read the New York Times Review of Born to Kill"}, "multimedia": null}, {"display_title": "The Captive Heart", "mpaa_rating": "", "critics_pick": 0, "byline": "A.W.", "headline": "Captive Heart, The", "summary_short": "Original, moving wartime drama. Rachel is Lady Redgrave, mother of Vanessa and Lynn.", "publication_date": "1947-04-28", "opening_date": null, "date_updated": "2016-03-30 06:42:09", "link": {"type": "article", "url": "http://www.nytimes.com/movie/review?res=9801E4DB123EE13BBC4051DFB266838C659EDE", "suggested_link_text": "Read the New York Times Review of The Captive Heart"}, "multimedia": null}, {"display_title": "Untamed Fury", "mpaa_rating": "", "critics_pick": 0, "byline": "J.R.L.", "headline": "Untamed Fury", "summary_short": "", "publication_date": "1947-04-26", "opening_date": "1947-03-22", "date_updated": "2016-03-30 07:20:18", "link": {"type": "article", "url": "http://www.nytimes.com/movie/review?res=9E05E6DE143CE13BBC4E51DFB266838C659EDE", "suggested_link_text": "Read the New York Times Review of Untamed Fury"}, "multimedia": null}, {"display_title": "The Egg and I", "mpaa_rating": "", "critics_pick": 0, "byline": "BOSLEY CROWTHER", "headline": "Egg and I, The", "summary_short": "Slick, arch rusticity. Opening-credits music tells it all.", "publication_date": "1947-04-25", "opening_date": "1947-05-01", "date_updated": "2016-03-30 06:48:51", "link": {"type": "article", "url": "http://www.nytimes.com/movie/review?res=9902E3DF143CE13BBC4D51DFB266838C659EDE", "suggested_link_text": "Read the New York Times Review of The Egg and I"}, "multimedia": null}, {"display_title": "Odd Man Out", "mpaa_rating": "Not Rated", "critics_pick": 1, "byline": "BOSLEY CROWTHER", "headline": "Odd Man Out", "summary_short": "A wounded, fleeing Irish rebel. Brilliant, moving drama from Carol Reed. Pounce.", "publication_date": "1947-04-24", "opening_date": "1947-04-23", "date_updated": "2016-03-30 06:47:52", "link": {"type": "article", "url": "http://www.nytimes.com/movie/review?res=950DE0D6173CE13BBC4C51DFB266838C659EDE", "suggested_link_text": "Read the New York Times Review of Odd Man Out"}, "multimedia": null}, {"display_title": "The Homestretch", "mpaa_rating": "", "critics_pick": 0, "byline": "A.W.", "headline": "Homestretch, The", "summary_short": "Fine horserace footage, tame story.", "publication_date": "1947-04-24", "opening_date": "1947-05-04", "date_updated": "2016-03-30 06:41:52", "link": {"type": "article", "url": "http://www.nytimes.com/movie/review?res=9D0CE0D6173CE13BBC4C51DFB266838C659EDE", "suggested_link_text": "Read the New York Times Review of The Homestretch"}, "multimedia": null}]}