{"status": "OK", "copyright": "Copyright (c) 2017 The New York Times Company. All Rights Reserved.", "has_more": true, "num_results": 20, "results": [{"display_title": "Iceland", "mpaa_rating": "", "critics_pick": 0, "byline": "BOSLEY CROWTHER", "headline": "Iceland", "summary_short": "Jack Oakie. Typical Henie format, nice skating sequences.", "publication_date": "1942-10-15", "opening_date": null, "date_updated": "2016-03-30 07:16:04", "link": {"type": "article", "url": "http://www.nytimes.com/movie/review?res=9F05EFDA1339E33BBC4D52DFB6678389659EDE", "suggested_link_text": "Read the New York Times Review of Iceland"}, "multimedia": null}, {"display_title": "Here We Go Again!", "mpaa_rating": "", "critics_pick": 0, "byline": "T.S.", "headline": "Here We Go Again", "summary_short": "Radio luminaries, back when. Genial and dated as a dodo.", "publication_date": "1942-10-12", "opening_date": "1942-10-09", "date_updated": "2016-03-30 07:16:00", "link": {"type": "article", "url": "http://www.nytimes.com/movie/review?res=9E0CEFD61F3CE33BBC4A52DFB6678389659EDE", "suggested_link_text": "Read the New York Times Review of Here We Go Again!"}, "multimedia": null}, {"display_title": "The Boogie Man Will Get You", "mpaa_rating": "", "critics_pick": 0, "byline": "T.M.P.", "headline": "Boogie Man Will Get You, The", "summary_short": "Stand warned.", "publication_date": "1942-10-12", "opening_date": null, "date_updated": "2016-03-30 07:13:56", "link": {"type": "article", "url": "http://www.nytimes.com/movie/review?res=9F0CEFD61F3CE33BBC4A52DFB6678389659EDE", "suggested_link_text": "Read the New York Times Review of The Boogie Man Will Get You"}, "multimedia": null}, {"display_title": "Jungle Siren", "mpaa_rating": "", "critics_pick": 0, "byline": "T.S.", "headline": "Jungle Siren", "summary_short": "Burlesque comes to Leopoldville.", "publication_date": "1942-10-10", "opening_date": "1942-08-14", "date_updated": "2016-03-30 06:47:46", "link": {"type": "article", "url": "http://www.nytimes.com/movie/review?res=990CE4D71F3CE33BBC4852DFB6678389659EDE", "suggested_link_text": "Read the New York Times Review of Jungle Siren"}, "multimedia": null}, {"display_title": "Girl Trouble", "mpaa_rating": "", "critics_pick": 0, "byline": "T.S.", "headline": "Girl Trouble", "summary_short": "", "publication_date": "1942-10-08", "opening_date": "1942-10-09", "date_updated": "2016-03-30 06:53:48", "link": {"type": "article", "url": "http://www.nytimes.com/movie/review?res=9904E7D71F3CE33BBC4053DFB6678389659EDE", "suggested_link_text": "Read the New York Times Review of Girl Trouble"}, "multimedia": null}, {"display_title": "Wings and the Woman", "mpaa_rating": "", "critics_pick": 0, "byline": "BOSLEY CROWTHER", "headline": "Wings and the Woman", "summary_short": "Airline pilots, back when.", "publication_date": "1942-10-08", "opening_date": "1942-09-18", "date_updated": "2016-03-30 07:11:33", "link": {"type": "article", "url": "http://www.nytimes.com/movie/review?res=9A05E0D81F3CE33BBC4053DFB6678389659EDE", "suggested_link_text": "Read the New York Times Review of Wings and the Woman"}, "multimedia": null}, {"display_title": "Eyes of the Underworld", "mpaa_rating": "", "critics_pick": 0, "byline": "T.S.", "headline": "Eyes of the Underworld", "summary_short": "", "publication_date": "1942-10-05", "opening_date": "1942-10-02", "date_updated": "2016-03-30 06:47:14", "link": {"type": "article", "url": "http://www.nytimes.com/movie/review?res=9E04E4DA163CEE3BBC4D53DFB6678389659EDE", "suggested_link_text": "Read the New York Times Review of Eyes of the Underworld"}, "multimedia": null}, {"display_title": "The Falcon's Brother", "mpaa_rating": "", "critics_pick": 0, "byline": "BOSLEY CROWTHER", "headline": "Falcon's Brother, The", "summary_short": "Mild sleuthing. They're real siblings, too.", "publication_date": "1942-10-03", "opening_date": "1942-11-06", "date_updated": "2016-03-30 07:09:54", "link": {"type": "article", "url": "http://www.nytimes.com/movie/review?res=9C04E3D91F3CE33BBC4B53DFB6678389659EDE", "suggested_link_text": "Read the New York Times Review of The Falcon's Brother"}, "multimedia": null}, {"display_title": "Panama Hattie", "mpaa_rating": "Not Rated", "critics_pick": 0, "byline": "BOSLEY CROWTHER", "headline": "Panama Hattie", "summary_short": "Silly jumble of Merman-Porter stage musical, with one bright note:Lena Horne singing ``Just One of Those Things.''", "publication_date": "1942-10-02", "opening_date": "1942-09-01", "date_updated": "2016-03-30 07:23:17", "link": {"type": "article", "url": "http://www.nytimes.com/movie/review?res=9805EEDC1339E33BBC4A53DFB6678389659EDE", "suggested_link_text": "Read the New York Times Review of Panama Hattie"}, "multimedia": null}, {"display_title": "Manila Calling", "mpaa_rating": "", "critics_pick": 0, "byline": "T. S.", "headline": "Manila Calling", "summary_short": "An entertainer, a radio engineer and the leader of a U.S guerrilla unit resist the Japanese in the Philippines.", "publication_date": "1942-09-28", "opening_date": "1942-10-16", "date_updated": "2016-03-30 07:23:38", "link": {"type": "article", "url": "http://www.nytimes.com/movie/review?res=9505EFDB1F3CE33BBC4051DFBF668389659EDE", "suggested_link_text": "Read the New York Times Review of Manila Calling"}, "multimedia": null}, {"display_title": "Counter-Espionage", "mpaa_rating": "", "critics_pick": 0, "byline": "T. M. P.", "headline": "Counter-Espionage", "summary_short": "Sleuth vs. Nazi spies, London blitz.", "publication_date": "1942-09-28", "opening_date": "1942-09-03", "date_updated": "2016-03-30 06:50:17", "link": {"type": "article", "url": "http://www.nytimes.com/movie/review?res=9C0CEEDB1F3CE33BBC4051DFBF668389659EDE", "suggested_link_text": "Read the New York Times Review of Counter-Espionage"}, "multimedia": null}, {"display_title": "Desperate Journey", "mpaa_rating": "", "critics_pick": 0, "byline": "BOSLEY CROWTHER", "headline": "Desperate Journey", "summary_short": "Downed American pilots flee Nazis. Strictly formula, but it does move.", "publication_date": "1942-09-26", "opening_date": "1942-09-26", "date_updated": "2016-03-30 06:52:54", "link": {"type": "article", "url": "http://www.nytimes.com/movie/review?res=9F03E2DC1F3CE33BBC4E51DFBF668389659EDE", "suggested_link_text": "Read the New York Times Review of Desperate Journey"}, "multimedia": null}, {"display_title": "Tales of Manhattan", "mpaa_rating": "Not Rated", "critics_pick": 0, "byline": "BOSLEY CROWTHER", "headline": "Tales of Manhattan", "summary_short": "All-star episodes linked to tailcoat, thin to grand. Best are Laughton as conductor, Robinson as Bowery bum at class reunion.", "publication_date": "1942-09-25", "opening_date": "1942-09-24", "date_updated": "2016-03-30 07:29:08", "link": {"type": "article", "url": "http://www.nytimes.com/movie/review?res=9E0CE3DB163CEE3BBC4D51DFBF668389659EDE", "suggested_link_text": "Read the New York Times Review of Tales of Manhattan"}, "multimedia": null}, {"display_title": "Busses Roar", "mpaa_rating": "", "critics_pick": 0, "byline": "Thomas M. Pryor", "headline": "Busses Roar", "summary_short": "And mice squeak. War adventure about Japanese plot to destroy oil fields.", "publication_date": "1942-09-25", "opening_date": "1942-09-19", "date_updated": "2016-03-30 07:21:27", "link": {"type": "article", "url": "http://www.nytimes.com/movie/review?res=9B0CE3DB163CEE3BBC4D51DFBF668389659EDE", "suggested_link_text": "Read the New York Times Review of Busses Roar"}, "multimedia": null}, {"display_title": "Between Us Girls", "mpaa_rating": "", "critics_pick": 0, "byline": "T. S.", "headline": "Between Us Girls", "summary_short": "", "publication_date": "1942-09-25", "opening_date": "1942-09-04", "date_updated": "2016-03-30 06:44:16", "link": {"type": "article", "url": "http://www.nytimes.com/movie/review?res=990CE3DB163CEE3BBC4D51DFBF668389659EDE", "suggested_link_text": "Read the New York Times Review of Between Us Girls"}, "multimedia": null}, {"display_title": "Orchestra Wives", "mpaa_rating": "", "critics_pick": 0, "byline": "BOSLEY CROWTHER", "headline": "Orchestra Wives", "summary_short": "Droopy business. The music helps. Some.", "publication_date": "1942-09-24", "opening_date": "1942-09-04", "date_updated": "2016-03-30 06:58:51", "link": {"type": "article", "url": "http://www.nytimes.com/movie/review?res=9D03E0D81339E33BBC4C51DFBF668389659EDE", "suggested_link_text": "Read the New York Times Review of Orchestra Wives"}, "multimedia": null}, {"display_title": "The Loves of Edgar Allan Poe", "mpaa_rating": "", "critics_pick": 0, "byline": "T.S.", "headline": "Loves of Edgar Allan Poe, The", "summary_short": "", "publication_date": "1942-09-21", "opening_date": "1942-08-28", "date_updated": "2016-03-30 07:12:54", "link": {"type": "article", "url": "http://www.nytimes.com/movie/review?res=9E00EEDD1F3CE33BBC4951DFBF668389659EDE", "suggested_link_text": "Read the New York Times Review of The Loves of Edgar Allan Poe"}, "multimedia": null}, {"display_title": "Sherlock Holmes and the Voice of Terror", "mpaa_rating": "", "critics_pick": 0, "byline": "BOSLEY CROWTHER", "headline": "Sherlock Holmes and the Voice Of Terror", "summary_short": "Nazi saboteurs in Britain. Thins out.", "publication_date": "1942-09-19", "opening_date": "1942-09-18", "date_updated": "2016-03-30 07:11:47", "link": {"type": "article", "url": "http://www.nytimes.com/movie/review?res=9F04E0DE1F3CE33BBC4152DFBF668389659EDE", "suggested_link_text": "Read the New York Times Review of Sherlock Holmes and the Voice of Terror"}, "multimedia": null}, {"display_title": "Tish", "mpaa_rating": "", "critics_pick": 0, "byline": "BOSLEY CROWTHER", "headline": "Tish", "summary_short": "Three small-town spinsters. Silly, inept and wildly overacted.", "publication_date": "1942-09-18", "opening_date": null, "date_updated": "2016-03-30 06:54:34", "link": {"type": "article", "url": "http://www.nytimes.com/movie/review?res=980CE5DE1F3CE33BBC4052DFBF668389659EDE", "suggested_link_text": "Read the New York Times Review of Tish"}, "multimedia": null}, {"display_title": "Mexican Spitfire's Elephant", "mpaa_rating": "", "critics_pick": 0, "byline": "T.S.", "headline": "Mexican Spitfire's Elephant", "summary_short": "Strictly corn, with two appealing servers. No art intended.", "publication_date": "1942-09-18", "opening_date": "1942-09-17", "date_updated": "2016-03-30 07:13:14", "link": {"type": "article", "url": "http://www.nytimes.com/movie/review?res=9D05E7DE1F3CE33BBC4052DFBF668389659EDE", "suggested_link_text": "Read the New York Times Review of Mexican Spitfire's Elephant"}, "multimedia": null}]}