{"status": "OK", "copyright": "Copyright (c) 2017 The New York Times Company. All Rights Reserved.", "has_more": true, "num_results": 20, "results": [{"display_title": "Michael and Mary", "mpaa_rating": "", "critics_pick": 0, "byline": "MORDAUNT HALL", "headline": "Michael and Mary", "summary_short": "", "publication_date": "1932-03-05", "opening_date": "1932-01-31", "date_updated": "2016-03-30 07:15:53", "link": {"type": "article", "url": "http://www.nytimes.com/movie/review?res=9A03E6D61439E033A25756C0A9659C946394D6CF", "suggested_link_text": "Read the New York Times Review of Michael and Mary"}, "multimedia": null}, {"display_title": "Sky Devils", "mpaa_rating": "", "critics_pick": 0, "byline": "MORDAUNT HALL.", "headline": "Sky Devils", "summary_short": "William Boyd. Rowdy antique of World War I aviators. But worth seeing to watch these three.", "publication_date": "1932-03-04", "opening_date": "1932-03-12", "date_updated": "2016-03-30 06:48:49", "link": {"type": "article", "url": "http://www.nytimes.com/movie/review?res=9F07E0D81E3EE333A25757C0A9659C946394D6CF", "suggested_link_text": "Read the New York Times Review of Sky Devils"}, "multimedia": null}, {"display_title": "The Impatient Maiden", "mpaa_rating": "", "critics_pick": 0, "byline": "A. D. S.", "headline": "Impatient Maiden, The", "summary_short": "", "publication_date": "1932-03-04", "opening_date": "1932-03-01", "date_updated": "2016-03-30 07:28:54", "link": {"type": "article", "url": "http://www.nytimes.com/movie/review?res=9E07E0D81E3EE333A25757C0A9659C946394D6CF", "suggested_link_text": "Read the New York Times Review of The Impatient Maiden"}, "multimedia": null}, {"display_title": "Alias the Doctor", "mpaa_rating": "", "critics_pick": 0, "byline": "MORDAUNT HALL.", "headline": "Alias the Doctor", "summary_short": "Viennese surgeon takes blame for foster brother's malpractice and operates on their mother.", "publication_date": "1932-03-03", "opening_date": "1932-03-26", "date_updated": "2016-03-30 07:30:33", "link": {"type": "article", "url": "http://www.nytimes.com/movie/review?res=9D06E4D81530E333A25750C0A9659C946394D6CF", "suggested_link_text": "Read the New York Times Review of Alias the Doctor"}, "multimedia": null}, {"display_title": "Law and Order", "mpaa_rating": "", "critics_pick": 0, "byline": "A.D.S.", "headline": "Law and Order", "summary_short": "Cowpoke-turned-marshal saves town.", "publication_date": "1932-02-29", "opening_date": "1932-03-01", "date_updated": "2016-03-30 06:53:36", "link": {"type": "article", "url": "http://www.nytimes.com/movie/review?res=9E04E1D61E3FE633A2575AC2A9649C946394D6CF", "suggested_link_text": "Read the New York Times Review of Law and Order"}, "multimedia": null}, {"display_title": "The Expert", "mpaa_rating": "", "critics_pick": 0, "byline": "A.D.S.", "headline": "Expert, The", "summary_short": "Elderly man befriends youngster next door. Sale's touching performance cannot redeem disjointed script.", "publication_date": "1932-02-27", "opening_date": "1932-03-05", "date_updated": "2016-03-30 07:23:16", "link": {"type": "article", "url": "http://www.nytimes.com/movie/review?res=9C0CE6D71E3FE633A25754C2A9649C946394D6CF", "suggested_link_text": "Read the New York Times Review of The Expert"}, "multimedia": null}, {"display_title": "Cross Examination", "mpaa_rating": "", "critics_pick": 0, "byline": "A.D.S.", "headline": "Cross Examination", "summary_short": "", "publication_date": "1932-02-27", "opening_date": "1932-02-14", "date_updated": "2016-03-30 07:22:48", "link": {"type": "article", "url": "http://www.nytimes.com/movie/review?res=950DE6D71E3FE633A25754C2A9649C946394D6CF", "suggested_link_text": "Read the New York Times Review of Cross Examination"}, "multimedia": null}, {"display_title": "Cheaters at Play", "mpaa_rating": "", "critics_pick": 0, "byline": "M.H.", "headline": "Cheaters at Play", "summary_short": "", "publication_date": "1932-02-27", "opening_date": "1932-01-27", "date_updated": "2016-03-30 07:23:57", "link": {"type": "article", "url": "http://www.nytimes.com/movie/review?res=9D0CE6D71E3FE633A25754C2A9649C946394D6CF", "suggested_link_text": "Read the New York Times Review of Cheaters at Play"}, "multimedia": null}, {"display_title": "Arsene Lupin", "mpaa_rating": "", "critics_pick": 0, "byline": "MOBDAUNT HALL.", "headline": "Arsene Lupin", "summary_short": "Paris jewel thief vs. equally cunning sleuth. Great team.", "publication_date": "1932-02-27", "opening_date": "1932-03-05", "date_updated": "2016-03-30 06:54:09", "link": {"type": "article", "url": "http://www.nytimes.com/movie/review?res=9E0CE6D71E3FE633A25754C2A9649C946394D6CF", "suggested_link_text": "Read the New York Times Review of Arsene Lupin"}, "multimedia": null}, {"display_title": "Lady with a Past", "mpaa_rating": "", "critics_pick": 0, "byline": "MORDAUNT HALL.", "headline": "Lady With a Past", "summary_short": "An American in Paris.", "publication_date": "1932-02-22", "opening_date": "1932-02-19", "date_updated": "2016-03-30 06:45:00", "link": {"type": "article", "url": "http://www.nytimes.com/movie/review?res=9D0CEEDB1E3EE333A25751C2A9649C946394D6CF", "suggested_link_text": "Read the New York Times Review of Lady with a Past"}, "multimedia": null}, {"display_title": "Final Edition", "mpaa_rating": "", "critics_pick": 0, "byline": "A.D.S.", "headline": "Final Edition, The", "summary_short": "Fired reporter goes undercover to take down crime boss. Noisy good humor. ", "publication_date": "1932-02-22", "opening_date": "1932-02-12", "date_updated": "2016-03-30 06:43:37", "link": {"type": "article", "url": "http://www.nytimes.com/movie/review?res=9C0CEEDB1E3EE333A25751C2A9649C946394D6CF", "suggested_link_text": "Read the New York Times Review of Final Edition"}, "multimedia": null}, {"display_title": "Charlotte Lowenskold", "mpaa_rating": "", "critics_pick": 0, "byline": "H.T.S.", "headline": "Charlotte Loewenskoeld", "summary_short": "", "publication_date": "1932-02-22", "opening_date": "1932-02-21", "date_updated": "2016-03-30 06:51:18", "link": {"type": "article", "url": "http://www.nytimes.com/movie/review?res=980CEEDB1E3EE333A25751C2A9649C946394D6CF", "suggested_link_text": "Read the New York Times Review of Charlotte Lowenskold"}, "multimedia": null}, {"display_title": "Collision", "mpaa_rating": "", "critics_pick": 0, "byline": "ERNEST MARSHALL.", "headline": "Collision", "summary_short": "", "publication_date": "1932-02-21", "opening_date": null, "date_updated": "2016-03-30 07:15:28", "link": {"type": "article", "url": "http://www.nytimes.com/movie/review?res=9503E4DB1E3EE333A25752C2A9649C946394D6CF", "suggested_link_text": "Read the New York Times Review of Collision"}, "multimedia": null}, {"display_title": "She Wanted a Millionaire", "mpaa_rating": "", "critics_pick": 0, "byline": "M.H.", "headline": "She Wanted a Millionaire", "summary_short": "", "publication_date": "1932-02-20", "opening_date": "1932-02-21", "date_updated": "2016-03-30 06:50:11", "link": {"type": "article", "url": "http://www.nytimes.com/movie/review?res=9C0DEEDD1E3EE333A25753C2A9649C946394D6CF", "suggested_link_text": "Read the New York Times Review of She Wanted a Millionaire"}, "multimedia": null}, {"display_title": "Nice Women", "mpaa_rating": "", "critics_pick": 0, "byline": "A.D.S.", "headline": "Nice Women", "summary_short": "", "publication_date": "1932-02-20", "opening_date": "1931-11-28", "date_updated": "2016-03-30 07:14:17", "link": {"type": "article", "url": "http://www.nytimes.com/movie/review?res=9F0DEEDD1E3EE333A25753C2A9649C946394D6CF", "suggested_link_text": "Read the New York Times Review of Nice Women"}, "multimedia": null}, {"display_title": "Lovers Courageous", "mpaa_rating": "", "critics_pick": 0, "byline": "MORDAUNT HALL.", "headline": "Lovers Courageous", "summary_short": "Penniless British playwright weds admiral's daughter.", "publication_date": "1932-02-20", "opening_date": "1932-01-23", "date_updated": "2016-03-30 06:51:50", "link": {"type": "article", "url": "http://www.nytimes.com/movie/review?res=9E0DEEDD1E3EE333A25753C2A9649C946394D6CF", "suggested_link_text": "Read the New York Times Review of Lovers Courageous"}, "multimedia": null}, {"display_title": "File 113", "mpaa_rating": "", "critics_pick": 0, "byline": "A.D.S.", "headline": "File No 113", "summary_short": "", "publication_date": "1932-02-20", "opening_date": "1933-01-05", "date_updated": "2016-03-30 06:52:57", "link": {"type": "article", "url": "http://www.nytimes.com/movie/review?res=9D0DEEDD1E3EE333A25753C2A9649C946394D6CF", "suggested_link_text": "Read the New York Times Review of File 113"}, "multimedia": null}, {"display_title": "Sein Scheidungsgrund", "mpaa_rating": "", "critics_pick": 0, "byline": "H.T.S.", "headline": "Sein Scheidungsgrund", "summary_short": "", "publication_date": "1932-02-20", "opening_date": "1932-02-19", "date_updated": "2016-03-30 06:42:52", "link": {"type": "article", "url": "http://www.nytimes.com/movie/review?res=980DEEDD1E3EE333A25753C2A9649C946394D6CF", "suggested_link_text": "Read the New York Times Review of Sein Scheidungsgrund"}, "multimedia": null}, {"display_title": "Shanghai Express", "mpaa_rating": "", "critics_pick": 0, "byline": "MORDAUNT HALL.", "headline": "Shanghai Express", "summary_short": "Worldly woman and Chinese guerrillas on train from Beijing. Marvelous, colorful von Sternberg antique.  All aboard.", "publication_date": "1932-02-18", "opening_date": "1932-02-12", "date_updated": "2016-03-30 07:23:55", "link": {"type": "article", "url": "http://www.nytimes.com/movie/review?res=9C04E6DD1E3EE333A2575BC1A9649C946394D6CF", "suggested_link_text": "Read the New York Times Review of Shanghai Express"}, "multimedia": null}, {"display_title": "Wayward", "mpaa_rating": "", "critics_pick": 0, "byline": "MORDAUNT HALL.", "headline": "Wayward", "summary_short": "", "publication_date": "1932-02-15", "opening_date": "1932-02-19", "date_updated": "2016-03-30 07:19:27", "link": {"type": "article", "url": "http://www.nytimes.com/movie/review?res=9C07E5DF1E3EE333A25756C1A9649C946394D6CF", "suggested_link_text": "Read the New York Times Review of Wayward"}, "multimedia": null}]}