{"status": "OK", "copyright": "Copyright (c) 2017 The New York Times Company. All Rights Reserved.", "has_more": true, "num_results": 20, "results": [{"display_title": "The Lady and the Monster", "mpaa_rating": "", "critics_pick": 0, "byline": "A.W.", "headline": "Lady and the Monster, The", "summary_short": "A shocker and far from being the world's worst.", "publication_date": "1944-04-08", "opening_date": "1944-04-17", "date_updated": "2016-03-30 07:20:41", "link": {"type": "article", "url": "http://www.nytimes.com/movie/review?res=9C06E7DB1130E53BBC4053DFB266838F659EDE", "suggested_link_text": "Read the New York Times Review of The Lady and the Monster"}, "multimedia": null}, {"display_title": "None Shall Escape", "mpaa_rating": "", "critics_pick": 0, "byline": "BOSLEY CROWTHER", "headline": "None Shall Escape", "summary_short": "Ex-Nazi general stands trial.", "publication_date": "1944-04-07", "opening_date": "1944-02-03", "date_updated": "2016-03-30 06:52:55", "link": {"type": "article", "url": "http://www.nytimes.com/movie/review?res=9900E7DD1331E03BBC4F53DFB266838F659EDE", "suggested_link_text": "Read the New York Times Review of None Shall Escape"}, "multimedia": null}, {"display_title": "Four Jills in a Jeep", "mpaa_rating": "", "critics_pick": 0, "byline": "BOSLEY CROWTHER", "headline": "Four Jills in a Jeep", "summary_short": "Back-patting tribute to troop entertainers. Some color now as wartime curio.", "publication_date": "1944-04-06", "opening_date": "1944-03-17", "date_updated": "2016-03-30 06:50:30", "link": {"type": "article", "url": "http://www.nytimes.com/movie/review?res=9E0CE5DF123DE13BBC4E53DFB266838F659EDE", "suggested_link_text": "Read the New York Times Review of Four Jills in a Jeep"}, "multimedia": null}, {"display_title": "Ukraine in Flames", "mpaa_rating": "", "critics_pick": 0, "byline": "T.M.P.", "headline": "Ukraine in Flames", "summary_short": "", "publication_date": "1944-04-03", "opening_date": "1944-04-02", "date_updated": "2016-03-30 07:16:40", "link": {"type": "article", "url": "http://www.nytimes.com/movie/review?res=9401E1DF1338E33BBC4B53DFB266838F659EDE", "suggested_link_text": "Read the New York Times Review of Ukraine in Flames"}, "multimedia": null}, {"display_title": "Weird Woman", "mpaa_rating": "", "critics_pick": 0, "byline": "B.C.", "headline": "Weird Woman", "summary_short": "Not the worst. See for yourself.", "publication_date": "1944-04-01", "opening_date": "1944-03-01", "date_updated": "2016-03-30 06:43:56", "link": {"type": "article", "url": "http://www.nytimes.com/movie/review?res=9A0DE6DF1338E33BBC4953DFB266838F659EDE", "suggested_link_text": "Read the New York Times Review of Weird Woman"}, "multimedia": null}, {"display_title": "Cover Girl", "mpaa_rating": "Not Rated", "critics_pick": 0, "byline": "BOSLEY CROWTHER", "headline": "Cover Girl", "summary_short": "Pretty dancer becomes famous magazine model. Silly plot, striking Kern music.", "publication_date": "1944-03-31", "opening_date": "1944-03-30", "date_updated": "2016-03-30 06:47:43", "link": {"type": "article", "url": "http://www.nytimes.com/movie/review?res=9D07E1DE1331E03BBC4950DFB566838F659EDE", "suggested_link_text": "Read the New York Times Review of Cover Girl"}, "multimedia": null}, {"display_title": "The Impostor", "mpaa_rating": "", "critics_pick": 0, "byline": "BOSLEY CROWTHER", "headline": "Impostor, The", "summary_short": "", "publication_date": "1944-03-27", "opening_date": "1944-02-10", "date_updated": "2016-03-30 07:14:00", "link": {"type": "article", "url": "http://www.nytimes.com/movie/review?res=9904E7D6153DE13BBC4F51DFB566838F659EDE", "suggested_link_text": "Read the New York Times Review of The Impostor"}, "multimedia": null}, {"display_title": "Tunisian Victory", "mpaa_rating": "", "critics_pick": 0, "byline": "BOSLEY CROWTHER", "headline": "Tunisian Victory", "summary_short": "", "publication_date": "1944-03-24", "opening_date": "1944-04-01", "date_updated": "2016-03-30 07:20:25", "link": {"type": "article", "url": "http://www.nytimes.com/movie/review?res=9403E1DF173DE03ABC4C51DFB566838F659EDE", "suggested_link_text": "Read the New York Times Review of Tunisian Victory"}, "multimedia": null}, {"display_title": "Whistling in Brooklyn", "mpaa_rating": "", "critics_pick": 0, "byline": "T.M.P.", "headline": "Whistling in Brooklyn", "summary_short": "An amateur sleuth.", "publication_date": "1944-03-24", "opening_date": "1943-12-01", "date_updated": "2016-03-30 07:12:05", "link": {"type": "article", "url": "http://www.nytimes.com/movie/review?res=9C02E1DF173DE03ABC4C51DFB566838F659EDE", "suggested_link_text": "Read the New York Times Review of Whistling in Brooklyn"}, "multimedia": null}, {"display_title": "The Heavenly Body", "mpaa_rating": "Not Rated", "critics_pick": 0, "byline": "B.C.", "headline": "Heavenly Body, The", "summary_short": "Astronomy, the boudoir and general anemia. Wafer-thin.", "publication_date": "1944-03-24", "opening_date": "1944-04-01", "date_updated": "2016-03-30 07:22:39", "link": {"type": "article", "url": "http://www.nytimes.com/movie/review?res=9503E1DF173DE03ABC4C51DFB566838F659EDE", "suggested_link_text": "Read the New York Times Review of The Heavenly Body"}, "multimedia": null}, {"display_title": "See Here, Private Hargrove", "mpaa_rating": "", "critics_pick": 0, "byline": "BOSLEY CROWTHER", "headline": "See Here Private Hargrove", "summary_short": "Breezy, ever-so-dated Army comedy of World War II.", "publication_date": "1944-03-22", "opening_date": "1944-03-01", "date_updated": "2016-03-30 07:19:56", "link": {"type": "article", "url": "http://www.nytimes.com/movie/review?res=9C00EEDD1431E03ABC4A51DFB566838F659EDE", "suggested_link_text": "Read the New York Times Review of See Here, Private Hargrove"}, "multimedia": null}, {"display_title": "The Fighting Seabees", "mpaa_rating": "", "critics_pick": 0, "byline": "T.M.P.", "headline": "Fighting Seabees, The", "summary_short": "Military construction workers and journalist. Medium WWII drama.", "publication_date": "1944-03-20", "opening_date": null, "date_updated": "2016-03-30 06:58:29", "link": {"type": "article", "url": "http://www.nytimes.com/movie/review?res=9A03EED7153DE13BBC4851DFB566838F659EDE", "suggested_link_text": "Read the New York Times Review of The Fighting Seabees"}, "multimedia": null}, {"display_title": "The Falcon out West", "mpaa_rating": "", "critics_pick": 0, "byline": "B.C.", "headline": "Falcon out West, The", "summary_short": "Cabaret murder.", "publication_date": "1944-03-18", "opening_date": null, "date_updated": "2016-03-30 07:26:31", "link": {"type": "article", "url": "http://www.nytimes.com/movie/review?res=950CE6D61030E53BBC4052DFB566838F659EDE", "suggested_link_text": "Read the New York Times Review of The Falcon out West"}, "multimedia": null}, {"display_title": "Chip off the Old Block", "mpaa_rating": "", "critics_pick": 0, "byline": "BOSLEY CROWTHER", "headline": "Chip off the Old Block", "summary_short": "Wartime teen love, show-must-go-on piffle.", "publication_date": "1944-03-17", "opening_date": "1944-02-01", "date_updated": "2016-03-30 06:56:27", "link": {"type": "article", "url": "http://www.nytimes.com/movie/review?res=9B02E5D91F3CEE3BBC4F52DFB566838F659EDE", "suggested_link_text": "Read the New York Times Review of Chip off the Old Block"}, "multimedia": null}, {"display_title": "Voice in the Wind", "mpaa_rating": "", "critics_pick": 0, "byline": "BOSLEY CROWTHER", "headline": "Voice in the Wind", "summary_short": "", "publication_date": "1944-03-16", "opening_date": "1944-03-03", "date_updated": "2016-03-30 06:59:01", "link": {"type": "article", "url": "http://www.nytimes.com/movie/review?res=9803E4DA113CE03ABC4E52DFB566838F659EDE", "suggested_link_text": "Read the New York Times Review of Voice in the Wind"}, "multimedia": null}, {"display_title": "Ali Baba and the Forty Thieves", "mpaa_rating": "", "critics_pick": 0, "byline": "A.W.", "headline": "Ali Baba and the Forty Thieves", "summary_short": "Straight from the jug.", "publication_date": "1944-03-16", "opening_date": "1944-01-14", "date_updated": "2016-03-30 07:26:46", "link": {"type": "article", "url": "http://www.nytimes.com/movie/review?res=9A03E4DA113CE03ABC4E52DFB566838F659EDE", "suggested_link_text": "Read the New York Times Review of Ali Baba and the Forty Thieves"}, "multimedia": null}, {"display_title": "Ladies Courageous", "mpaa_rating": "", "critics_pick": 0, "byline": "T.M.P.", "headline": "Ladies Courageous", "summary_short": "Wartime women pilots. Strictly hooey.", "publication_date": "1944-03-16", "opening_date": "1944-02-01", "date_updated": "2016-03-30 07:09:25", "link": {"type": "article", "url": "http://www.nytimes.com/movie/review?res=9903E4DA113CE03ABC4E52DFB566838F659EDE", "suggested_link_text": "Read the New York Times Review of Ladies Courageous"}, "multimedia": null}, {"display_title": "Shine On, Harvest Moon", "mpaa_rating": "", "critics_pick": 0, "byline": "BOSLEY CROWTHER", "headline": "Shine on Harvest Moon", "summary_short": "Broadway-star couple through the years. Painless and chock-full of durable old-time ballads.", "publication_date": "1944-03-11", "opening_date": "1944-04-08", "date_updated": "2016-03-30 06:57:18", "link": {"type": "article", "url": "http://www.nytimes.com/movie/review?res=9D06E6D91030E53BBC4952DFB566838F659EDE", "suggested_link_text": "Read the New York Times Review of Shine On, Harvest Moon"}, "multimedia": null}, {"display_title": "Kak Zakalyalas Stal", "mpaa_rating": "", "critics_pick": 0, "byline": "A.W.", "headline": "Heroes Are Made", "summary_short": "", "publication_date": "1944-03-11", "opening_date": "1944-03-10", "date_updated": "2016-03-30 06:58:05", "link": {"type": "article", "url": "http://www.nytimes.com/movie/review?res=9F06E6D91030E53BBC4952DFB566838F659EDE", "suggested_link_text": "Read the New York Times Review of Kak Zakalyalas Stal"}, "multimedia": null}, {"display_title": "The Purple Heart", "mpaa_rating": "", "critics_pick": 0, "byline": "BOSLEY CROWTHER", "headline": "Purple Heart, The", "summary_short": "American fliers on trial in wartime Tokyo. Compact, powerful drama.", "publication_date": "1944-03-09", "opening_date": "1944-02-23", "date_updated": "2016-03-30 06:53:02", "link": {"type": "article", "url": "http://www.nytimes.com/movie/review?res=9805EEDD113CE03ABC4153DFB566838F659EDE", "suggested_link_text": "Read the New York Times Review of The Purple Heart"}, "multimedia": null}]}