{"status": "OK", "copyright": "Copyright (c) 2017 The New York Times Company. All Rights Reserved.", "has_more": true, "num_results": 20, "results": [{"display_title": "He's My Guy", "mpaa_rating": "", "critics_pick": 0, "byline": "T.S.", "headline": "He's my Guy", "summary_short": "", "publication_date": "1943-03-12", "opening_date": "1943-03-26", "date_updated": "2016-03-30 07:16:43", "link": {"type": "article", "url": "http://www.nytimes.com/movie/review?res=950DE0D71E39E33BBC4A52DFB5668388659EDE", "suggested_link_text": "Read the New York Times Review of He's My Guy"}, "multimedia": null}, {"display_title": "They Got Me Covered", "mpaa_rating": "", "critics_pick": 0, "byline": "BOSLEY CROWTHER", "headline": "They Got Me Covered", "summary_short": "Hope vs. Nazi spies. Fast and funny.", "publication_date": "1943-03-05", "opening_date": "1943-03-04", "date_updated": "2016-03-30 06:53:04", "link": {"type": "article", "url": "http://www.nytimes.com/movie/review?res=9B06E7DE143CEE3BBC4D53DFB5668388659EDE", "suggested_link_text": "Read the New York Times Review of They Got Me Covered"}, "multimedia": null}, {"display_title": "When Johnny Comes Marching Home", "mpaa_rating": "", "critics_pick": 0, "byline": "T.M.P.", "headline": "When Johnny Comes Marching Home", "summary_short": "", "publication_date": "1943-03-05", "opening_date": "1942-12-24", "date_updated": "2016-03-30 07:28:57", "link": {"type": "article", "url": "http://www.nytimes.com/movie/review?res=9F01E7DE143CEE3BBC4D53DFB5668388659EDE", "suggested_link_text": "Read the New York Times Review of When Johnny Comes Marching Home"}, "multimedia": null}, {"display_title": "Reunion in France", "mpaa_rating": "", "critics_pick": 0, "byline": "T.S.", "headline": "Reunion in France", "summary_short": "Nazi-held Paris. Stirring moments but gloss prevails.", "publication_date": "1943-03-05", "opening_date": "1942-12-25", "date_updated": "2016-03-30 07:13:46", "link": {"type": "article", "url": "http://www.nytimes.com/movie/review?res=9C01E7DE143CEE3BBC4D53DFB5668388659EDE", "suggested_link_text": "Read the New York Times Review of Reunion in France"}, "multimedia": null}, {"display_title": "The Human Comedy", "mpaa_rating": "Not Rated", "critics_pick": 0, "byline": "BOSLEY CROWTHER", "headline": "Human Comedy, The", "summary_short": "Small-town Americana, World War II. Memorable sentimentality, top young Mick, and some hokum, from Saroyan story.", "publication_date": "1943-03-03", "opening_date": null, "date_updated": "2016-03-30 06:50:58", "link": {"type": "article", "url": "http://www.nytimes.com/movie/review?res=9D03EED6173CEE3BBC4B53DFB5668388659EDE", "suggested_link_text": "Read the New York Times Review of The Human Comedy"}, "multimedia": null}, {"display_title": "Hi 'ya, Chum", "mpaa_rating": "", "critics_pick": 0, "byline": "BOSLEY CROWTHER", "headline": "Hi 'Ya Chum", "summary_short": "", "publication_date": "1943-02-26", "opening_date": null, "date_updated": "2016-03-30 07:27:27", "link": {"type": "article", "url": "http://www.nytimes.com/movie/review?res=9D04E5D91E39E33BBC4E51DFB4668388659EDE", "suggested_link_text": "Read the New York Times Review of Hi 'ya, Chum"}, "multimedia": null}, {"display_title": "The Meanest Man in the World", "mpaa_rating": "", "critics_pick": 0, "byline": "T.M.P.", "headline": "Meanest Man in the World, The", "summary_short": "One of Benny's mistakes.", "publication_date": "1943-02-25", "opening_date": "1943-02-12", "date_updated": "2016-03-30 07:20:10", "link": {"type": "article", "url": "http://www.nytimes.com/movie/review?res=9E00E7DD103CE03ABC4D51DFB4668388659EDE", "suggested_link_text": "Read the New York Times Review of The Meanest Man in the World"}, "multimedia": null}, {"display_title": "Pittsburgh", "mpaa_rating": "", "critics_pick": 0, "byline": "T.S.", "headline": "Pittsburgh", "summary_short": "Some punch but this trio luckier with Klondike ``Spoilers.''", "publication_date": "1943-02-25", "opening_date": "1942-12-11", "date_updated": "2016-03-30 07:05:51", "link": {"type": "article", "url": "http://www.nytimes.com/movie/review?res=9C00E7DD103CE03ABC4D51DFB4668388659EDE", "suggested_link_text": "Read the New York Times Review of Pittsburgh"}, "multimedia": null}, {"display_title": "Hitler's Children", "mpaa_rating": "", "critics_pick": 0, "byline": "BOSLEY CROWTHER", "headline": "Hitler's Children", "summary_short": "American girl in Berlin, presumed German. Earnest, affecting wartime drama.", "publication_date": "1943-02-25", "opening_date": "1943-01-06", "date_updated": "2016-03-30 07:28:01", "link": {"type": "article", "url": "http://www.nytimes.com/movie/review?res=9401E7DD103CE03ABC4D51DFB4668388659EDE", "suggested_link_text": "Read the New York Times Review of Hitler's Children"}, "multimedia": null}, {"display_title": "The Crystal Ball", "mpaa_rating": "", "critics_pick": 0, "byline": "BOSLEY CROWTHER", "headline": "Crystal Ball, The", "summary_short": "Cracked.", "publication_date": "1943-02-19", "opening_date": "1943-01-22", "date_updated": "2016-03-30 06:56:05", "link": {"type": "article", "url": "http://www.nytimes.com/movie/review?res=9807E2DB1E39E33BBC4152DFB4668388659EDE", "suggested_link_text": "Read the New York Times Review of The Crystal Ball"}, "multimedia": null}, {"display_title": "Saludos", "mpaa_rating": "", "critics_pick": 0, "byline": "BOSLEY GROWTHER", "headline": "Saludos Amigos", "summary_short": "Ripely entertaining Disney animation in South American tour format. Best sequence: the great ``Brazil.''", "publication_date": "1943-02-13", "opening_date": "1943-02-06", "date_updated": "2016-03-30 06:50:24", "link": {"type": "article", "url": "http://www.nytimes.com/movie/review?res=9903E4D8143FE33BBC4B52DFB4668388659EDE", "suggested_link_text": "Read the New York Times Review of Saludos"}, "multimedia": null}, {"display_title": "Tarzan Triumphs", "mpaa_rating": "", "critics_pick": 0, "byline": "BOSLEY CROWTHER", "headline": "Tarzan Triumphs", "summary_short": "Typically.", "publication_date": "1943-02-05", "opening_date": "1943-02-19", "date_updated": "2016-03-30 06:45:13", "link": {"type": "article", "url": "http://www.nytimes.com/movie/review?res=9D04E7DC1E39E33BBC4D53DFB4668388659EDE", "suggested_link_text": "Read the New York Times Review of Tarzan Triumphs"}, "multimedia": null}, {"display_title": "The Immortal Sergeant", "mpaa_rating": "", "critics_pick": 0, "byline": "T. S.", "headline": "Immortal Sergeant", "summary_short": "Sturdy enough war drama, but ever so familiar.", "publication_date": "1943-02-04", "opening_date": null, "date_updated": "2016-03-30 07:29:50", "link": {"type": "article", "url": "http://www.nytimes.com/movie/review?res=9907E1DD1E39E33BBC4C53DFB4668388659EDE", "suggested_link_text": "Read the New York Times Review of The Immortal Sergeant"}, "multimedia": null}, {"display_title": "Air Force", "mpaa_rating": "", "critics_pick": 0, "byline": "BOSLEY CROWTHER", "headline": "Air Force", "summary_short": "South Pacific bomber crew. Good going.", "publication_date": "1943-02-04", "opening_date": "1943-03-20", "date_updated": "2016-03-30 07:07:28", "link": {"type": "article", "url": "http://www.nytimes.com/movie/review?res=9807E1DD1E39E33BBC4C53DFB4668388659EDE", "suggested_link_text": "Read the New York Times Review of Air Force"}, "multimedia": null}, {"display_title": "Truck Busters", "mpaa_rating": "", "critics_pick": 0, "byline": "BOSLEY CROWTHER", "headline": "Truck Busters", "summary_short": "", "publication_date": "1943-01-29", "opening_date": "1943-02-06", "date_updated": "2016-03-30 06:44:45", "link": {"type": "article", "url": "http://www.nytimes.com/movie/review?res=9F00E5DF173DE13BBC4151DFB7668388659EDE", "suggested_link_text": "Read the New York Times Review of Truck Busters"}, "multimedia": null}, {"display_title": "Margin For Error", "mpaa_rating": "", "critics_pick": 0, "byline": "T.S.", "headline": "Margin for Error", "summary_short": "Murder in German Consulate, pre-war Manhattan. A smooth, biting comedy, dated but adroit.", "publication_date": "1943-01-25", "opening_date": "1943-02-10", "date_updated": "2016-03-30 07:13:55", "link": {"type": "article", "url": "http://www.nytimes.com/movie/review?res=9F0CE1DC1139E33BBC4D51DFB7668388659EDE", "suggested_link_text": "Read the New York Times Review of Margin For Error"}, "multimedia": null}, {"display_title": "Lucky Jordan", "mpaa_rating": "", "critics_pick": 0, "byline": "T.M.P.", "headline": "Lucky Jordan", "summary_short": "Very acceptable melodrama of G.I. outwitting Nazis.", "publication_date": "1943-01-25", "opening_date": "1942-11-16", "date_updated": "2016-03-30 07:13:39", "link": {"type": "article", "url": "http://www.nytimes.com/movie/review?res=9C07E1DC1139E33BBC4D51DFB7668388659EDE", "suggested_link_text": "Read the New York Times Review of Lucky Jordan"}, "multimedia": null}, {"display_title": "It Comes up Love", "mpaa_rating": "", "critics_pick": 0, "byline": "BOSLEY CROWTHER", "headline": "It Comes up Love", "summary_short": "", "publication_date": "1943-01-22", "opening_date": "1943-04-09", "date_updated": "2016-03-30 07:17:04", "link": {"type": "article", "url": "http://www.nytimes.com/movie/review?res=9C0DE4DE173CEE3BBC4A51DFB7668388659EDE", "suggested_link_text": "Read the New York Times Review of It Comes up Love"}, "multimedia": null}, {"display_title": "China Girl", "mpaa_rating": "", "critics_pick": 0, "byline": "BOSLEY CROWTHER", "headline": "China Girl", "summary_short": "World War II adventure set in Orient. Farfetched but moves.", "publication_date": "1943-01-21", "opening_date": "1942-12-09", "date_updated": "2016-03-30 07:23:52", "link": {"type": "article", "url": "http://www.nytimes.com/movie/review?res=9E02E5DC1139E33BBC4951DFB7668388659EDE", "suggested_link_text": "Read the New York Times Review of China Girl"}, "multimedia": null}, {"display_title": "The Gorilla Man", "mpaa_rating": "", "critics_pick": 0, "byline": "BOSLEY CROWTHER", "headline": "Gorilla Man, The", "summary_short": "Nazi spies frame a shellshocked British commando for murder.", "publication_date": "1943-01-15", "opening_date": "1943-01-16", "date_updated": "2016-03-30 07:11:54", "link": {"type": "article", "url": "http://www.nytimes.com/movie/review?res=9402E5DF1139E33BBC4D52DFB7668388659EDE", "suggested_link_text": "Read the New York Times Review of The Gorilla Man"}, "multimedia": null}]}