{"status": "OK", "copyright": "Copyright (c) 2017 The New York Times Company. All Rights Reserved.", "has_more": true, "num_results": 20, "results": [{"display_title": "Central Park", "mpaa_rating": "", "critics_pick": 0, "byline": "MORDAUNT HALL.", "headline": "Central Park", "summary_short": "Young lovers, an escaped lion and gangsters.", "publication_date": "1932-12-07", "opening_date": "1932-12-10", "date_updated": "2016-03-30 06:52:49", "link": {"type": "article", "url": "http://www.nytimes.com/movie/review?res=980CE5DF1E31E633A25754C0A9649D946394D6CF", "suggested_link_text": "Read the New York Times Review of Central Park"}, "multimedia": null}, {"display_title": "Rockabye", "mpaa_rating": "", "critics_pick": 0, "byline": "A.D.S.", "headline": "Rockabye", "summary_short": "Tainted New York actress loses custody of child. Connie's very good in these early sudsers.", "publication_date": "1932-12-05", "opening_date": "1932-11-25", "date_updated": "2016-03-30 07:13:18", "link": {"type": "article", "url": "http://www.nytimes.com/movie/review?res=990CE0D61131E633A25756C0A9649D946394D6CF", "suggested_link_text": "Read the New York Times Review of Rockabye"}, "multimedia": null}, {"display_title": "Under Cover Man", "mpaa_rating": "", "critics_pick": 0, "byline": "MORDAUNT HALL.", "headline": "Under-Cover Man", "summary_short": "", "publication_date": "1932-12-05", "opening_date": "1932-12-02", "date_updated": "2016-03-30 07:23:58", "link": {"type": "article", "url": "http://www.nytimes.com/movie/review?res=980CE0D61131E633A25756C0A9649D946394D6CF", "suggested_link_text": "Read the New York Times Review of Under Cover Man"}, "multimedia": null}, {"display_title": "Too Busy to Work", "mpaa_rating": "", "critics_pick": 0, "byline": "MORDAUNT HALL.", "headline": "Too Busy to Work", "summary_short": "", "publication_date": "1932-12-03", "opening_date": "1932-12-02", "date_updated": "2016-03-30 07:15:10", "link": {"type": "article", "url": "http://www.nytimes.com/movie/review?res=9F01E1DE1F31E333A25750C0A9649D946394D6CF", "suggested_link_text": "Read the New York Times Review of Too Busy to Work"}, "multimedia": null}, {"display_title": "The Mask of Fu Manchu", "mpaa_rating": "", "critics_pick": 0, "byline": "A.D.S.", "headline": "Mask of Fu Manchu, The", "summary_short": "Colorful, deadpan fun, nicely appointed and played. Stolen by slinky Myrna.", "publication_date": "1932-12-03", "opening_date": "1932-11-05", "date_updated": "2016-03-30 07:09:54", "link": {"type": "article", "url": "http://www.nytimes.com/movie/review?res=9801E1DE1F31E333A25750C0A9649D946394D6CF", "suggested_link_text": "Read the New York Times Review of The Mask of Fu Manchu"}, "multimedia": null}, {"display_title": "If I Had a Million", "mpaa_rating": "", "critics_pick": 0, "byline": "M.H.", "headline": "If I Had a Million", "summary_short": "Richly entertaining. Eight episodes, only one dud. Our favorites: Bill and Skippy, and Miss Robson.", "publication_date": "1932-12-03", "opening_date": "1932-12-02", "date_updated": "2016-03-30 06:56:19", "link": {"type": "article", "url": "http://www.nytimes.com/movie/review?res=9901E1DE1F31E333A25750C0A9649D946394D6CF", "suggested_link_text": "Read the New York Times Review of If I Had a Million"}, "multimedia": null}, {"display_title": "Miche", "mpaa_rating": "", "critics_pick": 0, "byline": "H.T.S.", "headline": "Miche", "summary_short": "", "publication_date": "1932-12-02", "opening_date": null, "date_updated": "2016-03-30 06:48:54", "link": {"type": "article", "url": "http://www.nytimes.com/movie/review?res=9E01E6DE1F31E333A25751C0A9649D946394D6CF", "suggested_link_text": "Read the New York Times Review of Miche"}, "multimedia": null}, {"display_title": "Trailing the Killer", "mpaa_rating": "", "critics_pick": 0, "byline": "MORDAUNT HALL.", "headline": "Trailing the Killer", "summary_short": "", "publication_date": "1932-12-02", "opening_date": "1932-10-16", "date_updated": "2016-03-30 07:07:28", "link": {"type": "article", "url": "http://www.nytimes.com/movie/review?res=9F01E6DE1F31E333A25751C0A9649D946394D6CF", "suggested_link_text": "Read the New York Times Review of Trailing the Killer"}, "multimedia": null}, {"display_title": "Teilnehmer Antwortet Nicht", "mpaa_rating": "", "critics_pick": 0, "byline": "H.T.S.", "headline": "Teilnehmer Antwortet Nicht", "summary_short": "", "publication_date": "1932-11-30", "opening_date": "1932-11-29", "date_updated": "2016-03-30 06:53:04", "link": {"type": "article", "url": "http://www.nytimes.com/movie/review?res=9E06E6DF1F31E333A25753C3A9679D946394D6CF", "suggested_link_text": "Read the New York Times Review of Teilnehmer Antwortet Nicht"}, "multimedia": null}, {"display_title": "Prosperity", "mpaa_rating": "", "critics_pick": 0, "byline": "MORDAUNT HALL", "headline": "Prosperity", "summary_short": "Broad, funny caper about Depression-era dollars and two battling women.", "publication_date": "1932-11-26", "opening_date": "1932-08-15", "date_updated": "2016-03-30 06:53:21", "link": {"type": "article", "url": "http://www.nytimes.com/movie/review?res=9504E7D61E31E333A25755C2A9679D946394D6CF", "suggested_link_text": "Read the New York Times Review of Prosperity"}, "multimedia": null}, {"display_title": "False Faces", "mpaa_rating": "", "critics_pick": 0, "byline": "A.D.S.", "headline": "False Faces", "summary_short": "", "publication_date": "1932-11-25", "opening_date": "1932-10-13", "date_updated": "2016-03-30 07:23:47", "link": {"type": "article", "url": "http://www.nytimes.com/movie/review?res=9407E1D71E31E333A25756C2A9679D946394D6CF", "suggested_link_text": "Read the New York Times Review of False Faces"}, "multimedia": null}, {"display_title": "Csokolj Meg Edes", "mpaa_rating": "", "critics_pick": 0, "byline": "H.T.S.", "headline": "Csokolj Meg Edes", "summary_short": "", "publication_date": "1932-11-25", "opening_date": null, "date_updated": "2016-03-30 06:46:05", "link": {"type": "article", "url": "http://www.nytimes.com/movie/review?res=9807E1D71E31E333A25756C2A9679D946394D6CF", "suggested_link_text": "Read the New York Times Review of Csokolj Meg Edes"}, "multimedia": null}, {"display_title": "Call Her Savage", "mpaa_rating": "", "critics_pick": 0, "byline": "MORDAUNT HALL", "headline": "Call Her Savage", "summary_short": "Magnetic Clara vivifies sudsy Thayer novel of racial misfit. Pulpy and palpitating.", "publication_date": "1932-11-25", "opening_date": "1932-11-27", "date_updated": "2016-03-30 07:13:05", "link": {"type": "article", "url": "http://www.nytimes.com/movie/review?res=9F04E1D71E31E333A25756C2A9679D946394D6CF", "suggested_link_text": "Read the New York Times Review of Call Her Savage"}, "multimedia": null}, {"display_title": "York", "mpaa_rating": "", "critics_pick": 0, "byline": "H.T.S.", "headline": "Yorck", "summary_short": "", "publication_date": "1932-11-24", "opening_date": null, "date_updated": "2016-03-30 07:25:42", "link": {"type": "article", "url": "http://www.nytimes.com/movie/review?res=9E03E6D71E31E333A25757C2A9679D946394D6CF", "suggested_link_text": "Read the New York Times Review of York"}, "multimedia": null}, {"display_title": "Ich Geh Aus, Du Bleibst Da", "mpaa_rating": "", "critics_pick": 0, "byline": "H.T.S.", "headline": "Ich Geh' aus und Du Bleibst da", "summary_short": "", "publication_date": "1932-11-21", "opening_date": null, "date_updated": "2016-03-30 07:26:38", "link": {"type": "article", "url": "http://www.nytimes.com/movie/review?res=9F05E0D91131E633A25752C2A9679D946394D6CF", "suggested_link_text": "Read the New York Times Review of Ich Geh Aus, Du Bleibst Da"}, "multimedia": null}, {"display_title": "That's My Boy", "mpaa_rating": "", "critics_pick": 0, "byline": "A.D.S.", "headline": "That's my Boy", "summary_short": "", "publication_date": "1932-11-21", "opening_date": "1932-11-13", "date_updated": "2016-03-30 06:47:20", "link": {"type": "article", "url": "http://www.nytimes.com/movie/review?res=9905E0D91131E633A25752C2A9679D946394D6CF", "suggested_link_text": "Read the New York Times Review of That's My Boy"}, "multimedia": null}, {"display_title": "The Most Dangerous Game", "mpaa_rating": "Not Rated", "critics_pick": 0, "byline": "MORDAUNT HALL.", "headline": "Most Dangerous Game, The", "summary_short": "Island madman hunts castaways on left-over ``Kong'' sets. Slow, but with thrilling showdown.", "publication_date": "1932-11-21", "opening_date": "1932-09-16", "date_updated": "2016-03-30 07:12:46", "link": {"type": "article", "url": "http://www.nytimes.com/movie/review?res=9B05E0D91131E633A25752C2A9679D946394D6CF", "suggested_link_text": "Read the New York Times Review of The Most Dangerous Game"}, "multimedia": null}, {"display_title": "Woman in Bondage", "mpaa_rating": "", "critics_pick": 0, "byline": "A.D.S.", "headline": "Woman in Chains", "summary_short": "", "publication_date": "1932-11-21", "opening_date": null, "date_updated": "2016-03-30 07:10:32", "link": {"type": "article", "url": "http://www.nytimes.com/movie/review?res=9E05E0D91131E633A25752C2A9679D946394D6CF", "suggested_link_text": "Read the New York Times Review of Woman in Bondage"}, "multimedia": null}, {"display_title": "The Conquerors", "mpaa_rating": "", "critics_pick": 0, "byline": "M.H.", "headline": "Conquerors, The", "summary_short": "Post-Depression era tycoon out West.", "publication_date": "1932-11-21", "opening_date": "1932-11-18", "date_updated": "2016-03-30 07:15:11", "link": {"type": "article", "url": "http://www.nytimes.com/movie/review?res=9805E0D91131E633A25752C2A9679D946394D6CF", "suggested_link_text": "Read the New York Times Review of The Conquerors"}, "multimedia": null}, {"display_title": "False Uniforms", "mpaa_rating": "", "critics_pick": 0, "byline": "H.T.S.", "headline": "False Uniforms", "summary_short": "", "publication_date": "1932-11-19", "opening_date": null, "date_updated": "2016-03-30 07:26:06", "link": {"type": "article", "url": "http://www.nytimes.com/movie/review?res=990CEEDC1539E033A2575AC1A9679D946394D6CF", "suggested_link_text": "Read the New York Times Review of False Uniforms"}, "multimedia": null}]}