{"status": "OK", "copyright": "Copyright (c) 2017 The New York Times Company. All Rights Reserved.", "has_more": true, "num_results": 20, "results": [{"display_title": "Man at Large", "mpaa_rating": "", "critics_pick": 0, "byline": "T.S.", "headline": "Man at Large", "summary_short": "", "publication_date": "1941-10-11", "opening_date": "1941-09-26", "date_updated": "2016-03-30 07:14:06", "link": {"type": "article", "url": "http://www.nytimes.com/movie/review?res=9F07E5DB1038E333A25752C1A9669D946093D6CF", "suggested_link_text": "Read the New York Times Review of Man at Large"}, "multimedia": null}, {"display_title": "Law of the Tropics", "mpaa_rating": "", "critics_pick": 0, "byline": "BOSLEY CROWTHER", "headline": "Law of the Tropics", "summary_short": "Irrelevant, immaterial and incompetent story of a young rubber planter.", "publication_date": "1941-10-10", "opening_date": "1941-10-04", "date_updated": "2016-03-30 07:30:04", "link": {"type": "article", "url": "http://www.nytimes.com/movie/review?res=9903E2DE1E3FE13BBC4852DFB667838A659EDE", "suggested_link_text": "Read the New York Times Review of Law of the Tropics"}, "multimedia": null}, {"display_title": "Tanks a Million", "mpaa_rating": "", "critics_pick": 0, "byline": "BOSLEY CROWTHER", "headline": "Tanks a Million", "summary_short": "", "publication_date": "1941-10-09", "opening_date": "1941-09-12", "date_updated": "2016-03-30 06:54:07", "link": {"type": "article", "url": "http://www.nytimes.com/movie/review?res=9A07E1DC1038E333A2575AC0A9669D946093D6CF", "suggested_link_text": "Read the New York Times Review of Tanks a Million"}, "multimedia": null}, {"display_title": "L'Homme Qui Cherche La Verite", "mpaa_rating": "", "critics_pick": 0, "byline": "BOSLEY CROWTHER", "headline": "Man Who Seeks the Truth, The", "summary_short": "", "publication_date": "1941-10-07", "opening_date": "1941-10-06", "date_updated": "2016-03-30 07:19:40", "link": {"type": "article", "url": "http://www.nytimes.com/movie/review?res=9A04E3D6113FE13BBC4F53DFB667838A659EDE", "suggested_link_text": "Read the New York Times Review of L'Homme Qui Cherche La Verite"}, "multimedia": null}, {"display_title": "Burma Convoy", "mpaa_rating": "", "critics_pick": 0, "byline": "T.M.P.", "headline": "Burma Convoy", "summary_short": "", "publication_date": "1941-10-07", "opening_date": "1941-10-17", "date_updated": "2016-03-30 07:14:05", "link": {"type": "article", "url": "http://www.nytimes.com/movie/review?res=9404E3D6113FE13BBC4F53DFB667838A659EDE", "suggested_link_text": "Read the New York Times Review of Burma Convoy"}, "multimedia": null}, {"display_title": "The Maltese Falcon", "mpaa_rating": "Not Rated", "critics_pick": 1, "byline": "BOSLEY CROWTHER", "headline": "Maltese Falcon, The", "summary_short": "Private eye Sam Spade in search of priceless statuette. A bird for all seasons.", "publication_date": "1941-10-04", "opening_date": "1941-10-18", "date_updated": "2016-03-30 07:23:45", "link": {"type": "article", "url": "http://www.nytimes.com/movie/review?res=990DE4D7113FE13BBC4C53DFB667838A659EDE", "suggested_link_text": "Read the New York Times Review of The Maltese Falcon"}, "multimedia": null}, {"display_title": "It Started With Eve", "mpaa_rating": "", "critics_pick": 0, "byline": "BOSLEY CROWTHER", "headline": "It Started With Eve", "summary_short": "Most amusing froth, stolen by Laughton.", "publication_date": "1941-10-03", "opening_date": "1941-09-26", "date_updated": "2016-03-30 06:53:57", "link": {"type": "article", "url": "http://www.nytimes.com/movie/review?res=9A05E7D6123BEF3ABC4B53DFB667838A659EDE", "suggested_link_text": "Read the New York Times Review of It Started With Eve"}, "multimedia": null}, {"display_title": "Honky Tonk", "mpaa_rating": "", "critics_pick": 0, "byline": "T.S.", "headline": "Honky Tonk", "summary_short": "Frontier town, with Metro gloss. Entertaining at first, thins out.", "publication_date": "1941-10-03", "opening_date": "1941-10-01", "date_updated": "2016-03-30 07:28:34", "link": {"type": "article", "url": "http://www.nytimes.com/movie/review?res=9C04E7D6123BEF3ABC4B53DFB667838A659EDE", "suggested_link_text": "Read the New York Times Review of Honky Tonk"}, "multimedia": null}, {"display_title": "Great Guns", "mpaa_rating": "", "critics_pick": 0, "byline": "T.M.P.", "headline": "Great Guns", "summary_short": "They're in the Army then.", "publication_date": "1941-10-03", "opening_date": "1941-10-10", "date_updated": "2016-03-30 06:45:25", "link": {"type": "article", "url": "http://www.nytimes.com/movie/review?res=9B05E7D6123BEF3ABC4B53DFB667838A659EDE", "suggested_link_text": "Read the New York Times Review of Great Guns"}, "multimedia": null}, {"display_title": "Hold Back the Dawn", "mpaa_rating": "Not Rated", "critics_pick": 0, "byline": "BOSLEY CROWTHER", "headline": "Hold Back the Dawn", "summary_short": "Romantic drama set in Mexican border town. Beautifully written and played.", "publication_date": "1941-10-02", "opening_date": "1941-09-26", "date_updated": "2016-03-30 07:15:15", "link": {"type": "article", "url": "http://www.nytimes.com/movie/review?res=9E06E3D8113FE13BBC4A53DFB667838A659EDE", "suggested_link_text": "Read the New York Times Review of Hold Back the Dawn"}, "multimedia": null}, {"display_title": "Harmon of Michigan", "mpaa_rating": "", "critics_pick": 0, "byline": "T.S.", "headline": "Harmon of Michigan", "summary_short": "", "publication_date": "1941-10-02", "opening_date": "1941-09-11", "date_updated": "2016-03-30 06:53:44", "link": {"type": "article", "url": "http://www.nytimes.com/movie/review?res=9F06E3D8113FE13BBC4A53DFB667838A659EDE", "suggested_link_text": "Read the New York Times Review of Harmon of Michigan"}, "multimedia": null}, {"display_title": "Bowery Blitzkrieg", "mpaa_rating": "", "critics_pick": 0, "byline": "BOSLEY CROWTHER", "headline": "Bowery Blitzkrieg", "summary_short": "Take 'em or leave 'em.", "publication_date": "1941-10-01", "opening_date": "1941-08-01", "date_updated": "2016-03-30 07:12:26", "link": {"type": "article", "url": "http://www.nytimes.com/movie/review?res=9D03E1DA113FE13BBC4953DFB667838A659EDE", "suggested_link_text": "Read the New York Times Review of Bowery Blitzkrieg"}, "multimedia": null}, {"display_title": "The Smiling Ghost", "mpaa_rating": "", "critics_pick": 0, "byline": "BOSLEY CROWTHER", "headline": "Smiling Ghost, The", "summary_short": "Female reporter checks on amorous girl believed murderous.", "publication_date": "1941-09-26", "opening_date": "1941-09-06", "date_updated": "2016-03-30 07:26:29", "link": {"type": "article", "url": "http://www.nytimes.com/movie/review?res=9407EEDB163AE233A25755C2A96F9C946093D6CF", "suggested_link_text": "Read the New York Times Review of The Smiling Ghost"}, "multimedia": null}, {"display_title": "Unexpected Uncle", "mpaa_rating": "", "critics_pick": 0, "byline": "T.S.", "headline": "Unexpected Uncle", "summary_short": "Man agrees to pose as showgirl's relative. New to us, but two disarming performers.", "publication_date": "1941-09-25", "opening_date": "1941-11-07", "date_updated": "2016-03-30 07:14:21", "link": {"type": "article", "url": "http://www.nytimes.com/movie/review?res=9D07E7DB113FE13BBC4D51DFBF66838A659EDE", "suggested_link_text": "Read the New York Times Review of Unexpected Uncle"}, "multimedia": null}, {"display_title": "Ice-Capades", "mpaa_rating": "", "critics_pick": 0, "byline": "BOSLEY CROWTHER", "headline": "Ice-Capades", "summary_short": "", "publication_date": "1941-09-25", "opening_date": "1941-08-20", "date_updated": "2016-03-30 07:16:19", "link": {"type": "article", "url": "http://www.nytimes.com/movie/review?res=9504E7DB113FE13BBC4D51DFBF66838A659EDE", "suggested_link_text": "Read the New York Times Review of Ice-Capades"}, "multimedia": null}, {"display_title": "The Pittsburgh Kid", "mpaa_rating": "", "critics_pick": 0, "byline": "BOSLEY CROWTHER", "headline": "Pittsburgh Kid, The", "summary_short": "", "publication_date": "1941-09-23", "opening_date": "1941-08-29", "date_updated": "2016-03-30 07:27:29", "link": {"type": "article", "url": "http://www.nytimes.com/movie/review?res=9400EFDD113FE13BBC4B51DFBF66838A659EDE", "suggested_link_text": "Read the New York Times Review of The Pittsburgh Kid"}, "multimedia": null}, {"display_title": "Navy Blues", "mpaa_rating": "", "critics_pick": 0, "byline": "BOSLEY CROWTHER", "headline": "Navy Blues", "summary_short": "Genial and bouncy, with songs. Quite pleasant.", "publication_date": "1941-09-20", "opening_date": "1941-09-13", "date_updated": "2016-03-30 07:19:53", "link": {"type": "article", "url": "http://www.nytimes.com/movie/review?res=990CE1DF113FE13BBC4851DFBF66838A659EDE", "suggested_link_text": "Read the New York Times Review of Navy Blues"}, "multimedia": null}, {"display_title": "Suvorov", "mpaa_rating": "", "critics_pick": 0, "byline": "T.S.", "headline": "General Suvorov", "summary_short": "", "publication_date": "1941-09-20", "opening_date": "1941-09-19", "date_updated": "2016-03-30 07:26:54", "link": {"type": "article", "url": "http://www.nytimes.com/movie/review?res=940CE1DF113FE13BBC4851DFBF66838A659EDE", "suggested_link_text": "Read the New York Times Review of Suvorov"}, "multimedia": null}, {"display_title": "Lydia", "mpaa_rating": "", "critics_pick": 0, "byline": "BOSLEY CROWTHER", "headline": "Lydia", "summary_short": "Stylish but stately-slow romantic drama. Beautifully photographed.", "publication_date": "1941-09-19", "opening_date": "1941-09-25", "date_updated": "2016-03-30 07:05:43", "link": {"type": "article", "url": "http://www.nytimes.com/movie/review?res=9502E1D8123DEF32A2575AC1A96F9C946093D6CF", "suggested_link_text": "Read the New York Times Review of Lydia"}, "multimedia": null}, {"display_title": "Lady Be Good", "mpaa_rating": "Not Rated", "critics_pick": 0, "byline": "T.S.", "headline": "Lady Be Good", "summary_short": "Appealing musical about Broadway songwriters, to Gershwin and Kern. Lovely interlude: Ann's ``Last Time I Saw Paris.''", "publication_date": "1941-09-19", "opening_date": null, "date_updated": "2016-03-30 07:16:42", "link": {"type": "article", "url": "http://www.nytimes.com/movie/review?res=9E0DE1D8123DEF32A2575AC1A96F9C946093D6CF", "suggested_link_text": "Read the New York Times Review of Lady Be Good"}, "multimedia": null}]}