{"status": "OK", "copyright": "Copyright (c) 2017 The New York Times Company. All Rights Reserved.", "has_more": true, "num_results": 20, "results": [{"display_title": "Du Barry Was a Lady", "mpaa_rating": "", "critics_pick": 0, "byline": "BOSLEY CROWTHER", "headline": "Du Barry Was a Lady", "summary_short": "Middlebrow dilution of spicy Broadway romp, replacing most of Cole Porter with dumb score. Lucy wears wigs well.", "publication_date": "1943-08-20", "opening_date": "1943-08-13", "date_updated": "2016-03-30 07:13:26", "link": {"type": "article", "url": "http://www.nytimes.com/movie/review?res=9A0DEED91139E33BBC4851DFBE668388659EDE", "suggested_link_text": "Read the New York Times Review of Du Barry Was a Lady"}, "multimedia": null}, {"display_title": "We've Never Been Licked", "mpaa_rating": "", "critics_pick": 0, "byline": "BOSLEY CROWTHER", "headline": "We've Never Been Licked", "summary_short": "Expelled for spying, officer's son redeems himself in battle.", "publication_date": "1943-08-19", "opening_date": "1943-08-30", "date_updated": "2016-03-30 06:55:46", "link": {"type": "article", "url": "http://www.nytimes.com/movie/review?res=9503E0DD103CEE3BBC4152DFBE668388659EDE", "suggested_link_text": "Read the New York Times Review of We've Never Been Licked"}, "multimedia": null}, {"display_title": "Frontier Badmen", "mpaa_rating": "", "critics_pick": 0, "byline": "BOSLEY CROWTHER", "headline": "Frontier Badmen", "summary_short": "Clear enough. New to us.", "publication_date": "1943-08-14", "opening_date": "1943-08-06", "date_updated": "2016-03-30 07:30:27", "link": {"type": "article", "url": "http://www.nytimes.com/movie/review?res=9D03E1D71738E33BBC4C52DFBE668388659EDE", "suggested_link_text": "Read the New York Times Review of Frontier Badmen"}, "multimedia": null}, {"display_title": "Heaven Can Wait", "mpaa_rating": "Not Rated", "critics_pick": 0, "byline": "BOSLEY CROWTHER", "headline": "Heaven Can Wait", "summary_short": "Looking back on a life of sin. Delightful Lubitsch comedy-fantasy.", "publication_date": "1943-08-12", "opening_date": "1943-08-11", "date_updated": "2016-03-30 07:22:44", "link": {"type": "article", "url": "http://www.nytimes.com/movie/review?res=9E07E3D81738E33BBC4A52DFBE668388659EDE", "suggested_link_text": "Read the New York Times Review of Heaven Can Wait"}, "multimedia": null}, {"display_title": "Asi Se Quiere En Jalisco", "mpaa_rating": "", "critics_pick": 0, "byline": "T.S.", "headline": "Asi Se Quiere En Jalisco", "summary_short": "", "publication_date": "1943-08-07", "opening_date": "1943-08-06", "date_updated": "2016-03-30 07:25:26", "link": {"type": "article", "url": "http://www.nytimes.com/movie/review?res=9C02EFDA1738E33BBC4F53DFBE668388659EDE", "suggested_link_text": "Read the New York Times Review of Asi Se Quiere En Jalisco"}, "multimedia": null}, {"display_title": "Two Senoritas from Chicago", "mpaa_rating": "", "critics_pick": 0, "byline": "T.M.P.", "headline": "Two Senoritas From Chicago", "summary_short": "", "publication_date": "1943-08-06", "opening_date": "1943-06-10", "date_updated": "2016-03-30 07:16:11", "link": {"type": "article", "url": "http://www.nytimes.com/movie/review?res=9E05E1DF103CEE3BBC4E53DFBE668388659EDE", "suggested_link_text": "Read the New York Times Review of Two Senoritas from Chicago"}, "multimedia": null}, {"display_title": "Above Suspicion", "mpaa_rating": "", "critics_pick": 0, "byline": "T.S.", "headline": "Above Suspicion", "summary_short": "American honeymooners and Nazis. Mainly old-fashioned Metrogloss.", "publication_date": "1943-08-06", "opening_date": "1943-05-01", "date_updated": "2016-03-30 07:26:05", "link": {"type": "article", "url": "http://www.nytimes.com/movie/review?res=940CE2DF103CEE3BBC4E53DFBE668388659EDE", "suggested_link_text": "Read the New York Times Review of Above Suspicion"}, "multimedia": null}, {"display_title": "Let's Face It", "mpaa_rating": "", "critics_pick": 0, "byline": "T.S.", "headline": "Let's Face It", "summary_short": "Spottily entertaining wartime musical, scrapping most of Cole Porter's Broadway score. Cyclone Betty almost blasts a hole in it.", "publication_date": "1943-08-05", "opening_date": "1943-08-05", "date_updated": "2016-03-30 07:15:44", "link": {"type": "article", "url": "http://www.nytimes.com/movie/review?res=9501EFDB1738E33BBC4D53DFBE668388659EDE", "suggested_link_text": "Read the New York Times Review of Let's Face It"}, "multimedia": null}, {"display_title": "Report from the Aleutians", "mpaa_rating": "", "critics_pick": 0, "byline": "T.S.", "headline": "Report From the Aleutians", "summary_short": "", "publication_date": "1943-07-31", "opening_date": "1943-07-30", "date_updated": "2016-03-30 07:27:53", "link": {"type": "article", "url": "http://www.nytimes.com/movie/review?res=980DEFDD1738E33BBC4950DFB1668388659EDE", "suggested_link_text": "Read the New York Times Review of Report from the Aleutians"}, "multimedia": null}, {"display_title": "Calaboose", "mpaa_rating": "", "critics_pick": 0, "byline": "T.S.", "headline": "Calaboose", "summary_short": "Two cowboys try to romance sheriff's niece. Feeble foolishness.", "publication_date": "1943-07-30", "opening_date": "1943-01-29", "date_updated": "2016-03-30 06:43:32", "link": {"type": "article", "url": "http://www.nytimes.com/movie/review?res=9A01E3DD1738E33BBC4850DFB1668388659EDE", "suggested_link_text": "Read the New York Times Review of Calaboose"}, "multimedia": null}, {"display_title": "This Is the Army", "mpaa_rating": "", "critics_pick": 0, "byline": "T.S.", "headline": "This Is the Army", "summary_short": "Whopping but spirited wartime Army-salute cornball, via Broadway. Best sequence: Mr. Irving Berlin.", "publication_date": "1943-07-29", "opening_date": "1943-08-14", "date_updated": "2016-03-30 06:55:41", "link": {"type": "article", "url": "http://www.nytimes.com/movie/review?res=9A0CEED7133CEE3BBC4151DFB1668388659EDE", "suggested_link_text": "Read the New York Times Review of This Is the Army"}, "multimedia": null}, {"display_title": "Chernomortsy", "mpaa_rating": "", "critics_pick": 0, "byline": "T.S.", "headline": "Black Sea Fighters", "summary_short": "", "publication_date": "1943-07-28", "opening_date": null, "date_updated": "2016-03-30 06:54:21", "link": {"type": "article", "url": "http://www.nytimes.com/movie/review?res=9C0CE4D6133CEE3BBC4051DFB1668388659EDE", "suggested_link_text": "Read the New York Times Review of Chernomortsy"}, "multimedia": null}, {"display_title": "The Constant Nymph", "mpaa_rating": "", "critics_pick": 0, "byline": "L.B.F.", "headline": "Constant Nymph, The", "summary_short": "", "publication_date": "1943-07-24", "opening_date": null, "date_updated": "2016-03-30 07:23:04", "link": {"type": "article", "url": "http://www.nytimes.com/movie/review?res=9404EFDE1738E33BBC4C51DFB1668388659EDE", "suggested_link_text": "Read the New York Times Review of The Constant Nymph"}, "multimedia": null}, {"display_title": "What's Buzzin' Cousin?", "mpaa_rating": "", "critics_pick": 0, "byline": "A.W.", "headline": "What's Buzzin Cousin", "summary_short": "", "publication_date": "1943-07-23", "opening_date": "1943-07-08", "date_updated": "2016-03-30 06:43:03", "link": {"type": "article", "url": "http://www.nytimes.com/movie/review?res=9F00E2DE1738E33BBC4B51DFB1668388659EDE", "suggested_link_text": "Read the New York Times Review of What's Buzzin' Cousin?"}, "multimedia": null}, {"display_title": "The Falcon in Danger", "mpaa_rating": "", "critics_pick": 0, "byline": "L.B.F.", "headline": "Falcon in Danger, The", "summary_short": "Modest, medium-good mystery.", "publication_date": "1943-07-23", "opening_date": "1943-07-17", "date_updated": "2016-03-30 07:16:36", "link": {"type": "article", "url": "http://www.nytimes.com/movie/review?res=9E00E2DE1738E33BBC4B51DFB1668388659EDE", "suggested_link_text": "Read the New York Times Review of The Falcon in Danger"}, "multimedia": null}, {"display_title": "Stormy Weather", "mpaa_rating": "", "critics_pick": 0, "byline": "T.M.P.", "headline": "Stormy Weather", "summary_short": "Musical. Obvious plot but exceptional performers.", "publication_date": "1943-07-22", "opening_date": null, "date_updated": "2016-03-30 06:47:43", "link": {"type": "article", "url": "http://www.nytimes.com/movie/review?res=9D04E4DE1530E53BBC4A51DFB1668388659EDE", "suggested_link_text": "Read the New York Times Review of Stormy Weather"}, "multimedia": null}, {"display_title": "Hers to Hold", "mpaa_rating": "", "critics_pick": 0, "byline": "L.B.F.", "headline": "Hers to Hold", "summary_short": "Light amusement loaded with shopworn gimmicks.", "publication_date": "1943-07-22", "opening_date": "1943-07-16", "date_updated": "2016-03-30 07:19:16", "link": {"type": "article", "url": "http://www.nytimes.com/movie/review?res=9E04E4DE1530E53BBC4A51DFB1668388659EDE", "suggested_link_text": "Read the New York Times Review of Hers to Hold"}, "multimedia": null}, {"display_title": "Victory Through Air Power", "mpaa_rating": "", "critics_pick": 0, "byline": "T.M.P.", "headline": "Victory Through Air Power", "summary_short": "", "publication_date": "1943-07-19", "opening_date": "1943-07-17", "date_updated": "2016-03-30 06:50:00", "link": {"type": "article", "url": "http://www.nytimes.com/movie/review?res=9404EFDF1738E33BBC4152DFB1668388659EDE", "suggested_link_text": "Read the New York Times Review of Victory Through Air Power"}, "multimedia": null}, {"display_title": "Appointment in Berlin", "mpaa_rating": "", "critics_pick": 0, "byline": "L.B.F.", "headline": "Appointment in Berlin", "summary_short": "Passable, well-acted spy melodrama.", "publication_date": "1943-07-17", "opening_date": "1943-07-15", "date_updated": "2016-03-30 07:14:00", "link": {"type": "article", "url": "http://www.nytimes.com/movie/review?res=9B03E4DF1738E33BBC4F52DFB1668388659EDE", "suggested_link_text": "Read the New York Times Review of Appointment in Berlin"}, "multimedia": null}, {"display_title": "All by Myself", "mpaa_rating": "", "critics_pick": 0, "byline": "BOSLEY CROWTHER", "headline": "All by Myself", "summary_short": "", "publication_date": "1943-07-16", "opening_date": "1943-06-11", "date_updated": "2016-03-30 06:56:29", "link": {"type": "article", "url": "http://www.nytimes.com/movie/review?res=9E0CE7DF1738E33BBC4E52DFB1668388659EDE", "suggested_link_text": "Read the New York Times Review of All by Myself"}, "multimedia": null}]}