{"status": "OK", "copyright": "Copyright (c) 2017 The New York Times Company. All Rights Reserved.", "has_more": true, "num_results": 20, "results": [{"display_title": "The Lost Jungle", "mpaa_rating": "", "critics_pick": 0, "byline": "A.D.S.", "headline": "Lost Jungle, The", "summary_short": "", "publication_date": "1934-06-08", "opening_date": "1934-03-22", "date_updated": "2016-03-30 07:14:40", "link": {"type": "article", "url": "http://www.nytimes.com/movie/review?res=9A04E2DF153FE53ABC4053DFB066838F629EDE", "suggested_link_text": "Read the New York Times Review of The Lost Jungle"}, "multimedia": null}, {"display_title": "It's a Boy", "mpaa_rating": "", "critics_pick": 0, "byline": "H.T.S.", "headline": "It's a Boy", "summary_short": "", "publication_date": "1934-06-08", "opening_date": "1934-06-07", "date_updated": "2016-03-30 07:05:55", "link": {"type": "article", "url": "http://www.nytimes.com/movie/review?res=9B04E2DF153FE53ABC4053DFB066838F629EDE", "suggested_link_text": "Read the New York Times Review of It's a Boy"}, "multimedia": null}, {"display_title": "Fog over Frisco", "mpaa_rating": "", "critics_pick": 0, "byline": "MORDAUNT HALL.", "headline": "Fog over Frisco", "summary_short": "Spoiled girl involved with mob. Punchy, eye-popping Bette.", "publication_date": "1934-06-07", "opening_date": "1934-06-02", "date_updated": "2016-03-30 06:43:45", "link": {"type": "article", "url": "http://www.nytimes.com/movie/review?res=9A05EED9153CEE3ABC4F53DFB066838F629EDE", "suggested_link_text": "Read the New York Times Review of Fog over Frisco"}, "multimedia": null}, {"display_title": "Heart Song", "mpaa_rating": "", "critics_pick": 0, "byline": "MORDAUNT HALL.", "headline": "Heart Song", "summary_short": "", "publication_date": "1934-06-06", "opening_date": "1934-06-06", "date_updated": "2016-03-30 07:14:04", "link": {"type": "article", "url": "http://www.nytimes.com/movie/review?res=9F02EED7153CE23ABC4E53DFB066838F629EDE", "suggested_link_text": "Read the New York Times Review of Heart Song"}, "multimedia": null}, {"display_title": "Iza Neni", "mpaa_rating": "", "critics_pick": 0, "byline": "H.T.S.", "headline": "Iza Neni", "summary_short": "", "publication_date": "1934-06-05", "opening_date": "1934-06-04", "date_updated": "2016-03-30 06:43:42", "link": {"type": "article", "url": "http://www.nytimes.com/movie/review?res=940DEED8153CE23ABC4D53DFB066838F629EDE", "suggested_link_text": "Read the New York Times Review of Iza Neni"}, "multimedia": null}, {"display_title": "Little Man, What Now?", "mpaa_rating": "", "critics_pick": 0, "byline": "MORDAUNT HALL.", "headline": "Little Man, What Now?", "summary_short": "Young pair struggle in unstable 1930's Germany, via Fallada novel. Earnest drama, touching performances, expecially Maggie.", "publication_date": "1934-06-01", "opening_date": "1934-05-01", "date_updated": "2016-03-30 06:51:53", "link": {"type": "article", "url": "http://www.nytimes.com/movie/review?res=9504E0DA153CE23ABC4953DFB066838F629EDE", "suggested_link_text": "Read the New York Times Review of Little Man, What Now?"}, "multimedia": null}, {"display_title": "Born to Be Bad", "mpaa_rating": "", "critics_pick": 0, "byline": "MORDAUNT HALL.", "headline": "Born to be Bad", "summary_short": "Unwed mother sues millionaire.", "publication_date": "1934-05-31", "opening_date": "1934-05-18", "date_updated": "2016-03-30 06:42:18", "link": {"type": "article", "url": "http://www.nytimes.com/movie/review?res=9C04E6DA153CE23ABC4950DFB366838F629EDE", "suggested_link_text": "Read the New York Times Review of Born to Be Bad"}, "multimedia": null}, {"display_title": "The Key", "mpaa_rating": "", "critics_pick": 0, "byline": "MORDAUNT HALL.", "headline": "Key, The", "summary_short": "The wife of a British officer loves his comrade amid revolution in 1920's Ireland.", "publication_date": "1934-05-30", "opening_date": "1934-06-09", "date_updated": "2016-03-30 07:13:41", "link": {"type": "article", "url": "http://www.nytimes.com/movie/review?res=9900E4DB153CE23ABC4850DFB366838F629EDE", "suggested_link_text": "Read the New York Times Review of The Key"}, "multimedia": null}, {"display_title": "You Made Me Love You", "mpaa_rating": "", "critics_pick": 0, "byline": "M.H.", "headline": "You Made Me Love You", "summary_short": "", "publication_date": "1934-05-30", "opening_date": "1934-05-31", "date_updated": "2016-03-30 06:54:22", "link": {"type": "article", "url": "http://www.nytimes.com/movie/review?res=9A00E4DB153CE23ABC4850DFB366838F629EDE", "suggested_link_text": "Read the New York Times Review of You Made Me Love You"}, "multimedia": null}, {"display_title": "The Woman in Command", "mpaa_rating": "", "critics_pick": 0, "byline": "A.D.S.", "headline": "Woman in Command, The", "summary_short": "", "publication_date": "1934-05-29", "opening_date": "1934-05-30", "date_updated": "2016-03-30 06:42:46", "link": {"type": "article", "url": "http://www.nytimes.com/movie/review?res=9407EEDC153CE23ABC4151DFB366838F629EDE", "suggested_link_text": "Read the New York Times Review of The Woman in Command"}, "multimedia": null}, {"display_title": "S. A..-Mann Brand", "mpaa_rating": "", "critics_pick": 0, "byline": "H.T.S.", "headline": "S A Mann Brand", "summary_short": "", "publication_date": "1934-05-28", "opening_date": "1934-05-27", "date_updated": "2016-03-30 06:43:43", "link": {"type": "article", "url": "http://www.nytimes.com/movie/review?res=9401EED6143FE53ABC4051DFB366838F629EDE", "suggested_link_text": "Read the New York Times Review of S. A..-Mann Brand"}, "multimedia": null}, {"display_title": "Now I'll Tell", "mpaa_rating": "", "critics_pick": 0, "byline": "MORDAUNT HALL.", "headline": "Now I'll Tell", "summary_short": "", "publication_date": "1934-05-26", "opening_date": "1934-06-08", "date_updated": "2016-03-30 06:41:49", "link": {"type": "article", "url": "http://www.nytimes.com/movie/review?res=9C00E3D6143FE53ABC4E51DFB366838F629EDE", "suggested_link_text": "Read the New York Times Review of Now I'll Tell"}, "multimedia": null}, {"display_title": "Hollywood Party", "mpaa_rating": "", "critics_pick": 0, "byline": "M.H.", "headline": "Hollywood Party", "summary_short": "Jungle-film star Schnarzan throws a party for African explorer Baron Munchausen.", "publication_date": "1934-05-26", "opening_date": "1934-06-01", "date_updated": "2016-03-30 07:12:31", "link": {"type": "article", "url": "http://www.nytimes.com/movie/review?res=9D00E3D6143FE53ABC4E51DFB366838F629EDE", "suggested_link_text": "Read the New York Times Review of Hollywood Party"}, "multimedia": null}, {"display_title": "Where Sinners Meet", "mpaa_rating": "", "critics_pick": 0, "byline": "MORDAUNT HALL.", "headline": "Where Sinners Meet", "summary_short": "Eccentric millionaire kidnaps eloping couples.", "publication_date": "1934-05-25", "opening_date": "1934-05-18", "date_updated": "2016-03-30 06:57:26", "link": {"type": "article", "url": "http://www.nytimes.com/movie/review?res=9902E5D81E3DE33ABC4D51DFB366838F629EDE", "suggested_link_text": "Read the New York Times Review of Where Sinners Meet"}, "multimedia": null}, {"display_title": "Upper World", "mpaa_rating": "", "critics_pick": 0, "byline": "A.D.S.", "headline": "Upper World", "summary_short": "Blackmail and bullets end a married New York businessman's affair with a showgirl.", "publication_date": "1934-05-25", "opening_date": "1934-04-28", "date_updated": "2016-03-30 06:54:29", "link": {"type": "article", "url": "http://www.nytimes.com/movie/review?res=9B02E5D81E3DE33ABC4D51DFB366838F629EDE", "suggested_link_text": "Read the New York Times Review of Upper World"}, "multimedia": null}, {"display_title": "These Thirty Years", "mpaa_rating": "", "critics_pick": 0, "byline": "A.D.S.", "headline": "These Thirty Years", "summary_short": "", "publication_date": "1934-05-24", "opening_date": "1934-05-23", "date_updated": "2016-03-30 06:58:07", "link": {"type": "article", "url": "http://www.nytimes.com/movie/review?res=9B00E7D6143FE53ABC4C51DFB366838F629EDE", "suggested_link_text": "Read the New York Times Review of These Thirty Years"}, "multimedia": null}, {"display_title": "Channel Crossing", "mpaa_rating": "", "critics_pick": 0, "byline": "MORDAUNT HALL.", "headline": "Channel Crossing", "summary_short": "", "publication_date": "1934-05-24", "opening_date": null, "date_updated": "2016-03-30 06:52:23", "link": {"type": "article", "url": "http://www.nytimes.com/movie/review?res=9A00E7D6143FE53ABC4C51DFB366838F629EDE", "suggested_link_text": "Read the New York Times Review of Channel Crossing"}, "multimedia": null}, {"display_title": "The Man Trailer", "mpaa_rating": "", "critics_pick": 0, "byline": "MORDAUNT HALL.", "headline": "Man Trailer, The", "summary_short": "The Old West.", "publication_date": "1934-05-23", "opening_date": "1934-03-24", "date_updated": "2016-03-30 07:11:23", "link": {"type": "article", "url": "http://www.nytimes.com/movie/review?res=9C07E7DD153CE23ABC4B51DFB366838F629EDE", "suggested_link_text": "Read the New York Times Review of The Man Trailer"}, "multimedia": null}, {"display_title": "Murder at the Vanities", "mpaa_rating": "", "critics_pick": 0, "byline": "MORDAUNT HALL.", "headline": "Murder at the Vanities", "summary_short": "", "publication_date": "1934-05-21", "opening_date": "1934-05-18", "date_updated": "2016-03-30 06:44:47", "link": {"type": "article", "url": "http://www.nytimes.com/movie/review?res=9806E2D7143FE53ABC4951DFB366838F629EDE", "suggested_link_text": "Read the New York Times Review of Murder at the Vanities"}, "multimedia": null}, {"display_title": "Ein Toller Einfall", "mpaa_rating": "", "critics_pick": 0, "byline": "H.T.S.", "headline": "Toller Einfall, Ein", "summary_short": "", "publication_date": "1934-05-21", "opening_date": "1934-05-21", "date_updated": "2016-03-30 06:56:10", "link": {"type": "article", "url": "http://www.nytimes.com/movie/review?res=9906E2D7143FE53ABC4951DFB366838F629EDE", "suggested_link_text": "Read the New York Times Review of Ein Toller Einfall"}, "multimedia": null}]}