{"status": "OK", "copyright": "Copyright (c) 2017 The New York Times Company. All Rights Reserved.", "has_more": true, "num_results": 20, "results": [{"display_title": "Major Barbara", "mpaa_rating": "", "critics_pick": 1, "byline": "BOSLEY CROWTHER", "headline": "Major Barbara", "summary_short": "Shaw's Salvation Army lassie with munitions-tycoon father and other problems. Memorable. Viva Wendy!", "publication_date": "1941-05-15", "opening_date": null, "date_updated": "2016-03-30 06:48:49", "link": {"type": "article", "url": "http://www.nytimes.com/movie/review?res=9A03E2DA103AE33BBC4D52DFB366838A659EDE", "suggested_link_text": "Read the New York Times Review of Major Barbara"}, "multimedia": null}, {"display_title": "Lady From Louisiana", "mpaa_rating": "", "critics_pick": 0, "byline": "T.S.", "headline": "Lady From Louisiana", "summary_short": "Old New Orleans. Picturesque but squatty. Duke and Belle.", "publication_date": "1941-05-15", "opening_date": "1941-04-22", "date_updated": "2016-03-30 06:43:30", "link": {"type": "article", "url": "http://www.nytimes.com/movie/review?res=9C02E2DA103AE33BBC4D52DFB366838A659EDE", "suggested_link_text": "Read the New York Times Review of Lady From Louisiana"}, "multimedia": null}, {"display_title": "The Great Swindle", "mpaa_rating": "", "critics_pick": 0, "byline": "BOSLEY CROWTHER", "headline": "Great Swindle, The", "summary_short": "", "publication_date": "1941-05-14", "opening_date": "1941-04-10", "date_updated": "2016-03-30 07:05:17", "link": {"type": "article", "url": "http://www.nytimes.com/movie/review?res=950CE4D6123AE33BBC4C52DFB366838A659EDE", "suggested_link_text": "Read the New York Times Review of The Great Swindle"}, "multimedia": null}, {"display_title": "Singapore Woman", "mpaa_rating": "", "critics_pick": 0, "byline": "T.S.", "headline": "Singapore Woman", "summary_short": "Pretty outcast and rubber planter.", "publication_date": "1941-05-12", "opening_date": "1941-05-17", "date_updated": "2016-03-30 07:13:59", "link": {"type": "article", "url": "http://www.nytimes.com/movie/review?res=9E01E7DD1F3DE33BBC4A52DFB366838A659EDE", "suggested_link_text": "Read the New York Times Review of Singapore Woman"}, "multimedia": null}, {"display_title": "The Wagons Roll at Night", "mpaa_rating": "", "critics_pick": 0, "byline": "BOSLEY CROWTHER", "headline": "Wagons Roll at Night, The", "summary_short": "Carnival people. Fast, punchy and colorful.", "publication_date": "1941-05-10", "opening_date": "1941-04-25", "date_updated": "2016-03-30 06:58:28", "link": {"type": "article", "url": "http://www.nytimes.com/movie/review?res=9800E3DE1F3DE33BBC4852DFB366838A659EDE", "suggested_link_text": "Read the New York Times Review of The Wagons Roll at Night"}, "multimedia": null}, {"display_title": "Reaching for the Sun", "mpaa_rating": "", "critics_pick": 0, "byline": "BOSLEY CROWTHER", "headline": "Reaching for the Sun", "summary_short": "Sentimental and dated, but appealing.", "publication_date": "1941-05-08", "opening_date": "1941-05-02", "date_updated": "2016-03-30 07:20:15", "link": {"type": "article", "url": "http://www.nytimes.com/movie/review?res=9A01E3D7143AE33BBC4053DFB366838A659EDE", "suggested_link_text": "Read the New York Times Review of Reaching for the Sun"}, "multimedia": null}, {"display_title": "The People vs. Dr. Kildare", "mpaa_rating": "", "critics_pick": 0, "byline": "T.S.", "headline": "People vs Dr Kildare, The", "summary_short": "That hospital. Business as usual.", "publication_date": "1941-05-08", "opening_date": "1941-05-02", "date_updated": "2016-03-30 06:48:42", "link": {"type": "article", "url": "http://www.nytimes.com/movie/review?res=9B01E3D7143AE33BBC4053DFB366838A659EDE", "suggested_link_text": "Read the New York Times Review of The People vs. Dr. Kildare"}, "multimedia": null}, {"display_title": "The Invisible Ghost", "mpaa_rating": "", "critics_pick": 0, "byline": "T.M.P.", "headline": "Invisible Ghost, The", "summary_short": "Creaky and musty.", "publication_date": "1941-05-08", "opening_date": "1941-04-25", "date_updated": "2016-03-30 06:43:17", "link": {"type": "article", "url": "http://www.nytimes.com/movie/review?res=9401E3D7143AE33BBC4053DFB366838A659EDE", "suggested_link_text": "Read the New York Times Review of The Invisible Ghost"}, "multimedia": null}, {"display_title": "The Girl in the News", "mpaa_rating": "", "critics_pick": 0, "byline": "T.S.", "headline": "Girl in the News, The", "summary_short": "", "publication_date": "1941-05-05", "opening_date": "1941-01-31", "date_updated": "2016-03-30 06:48:57", "link": {"type": "article", "url": "http://www.nytimes.com/movie/review?res=9B03E7D61E3DE33BBC4D53DFB366838A659EDE", "suggested_link_text": "Read the New York Times Review of The Girl in the News"}, "multimedia": null}, {"display_title": "Mutiny in the Arctic", "mpaa_rating": "", "critics_pick": 0, "byline": "B.C.", "headline": "Mutiny in the Arctic", "summary_short": "", "publication_date": "1941-05-03", "opening_date": "1941-04-17", "date_updated": "2016-03-30 06:51:34", "link": {"type": "article", "url": "http://www.nytimes.com/movie/review?res=9502E2D61F39EE3BBC4B53DFB366838A659EDE", "suggested_link_text": "Read the New York Times Review of Mutiny in the Arctic"}, "multimedia": null}, {"display_title": "Citizen Kane", "mpaa_rating": "", "critics_pick": 1, "byline": "BOSLEY CROWTHER", "headline": "Citizen Kane", "summary_short": "A certain newspaper mogul. The one and only.", "publication_date": "1941-05-02", "opening_date": "1941-09-05", "date_updated": "2016-03-30 06:51:03", "link": {"type": "article", "url": "http://www.nytimes.com/movie/review?res=9E00E3D6173AE33BBC4A53DFB366838A659EDE", "suggested_link_text": "Read the New York Times Review of Citizen Kane"}, "multimedia": null}, {"display_title": "That Uncertain Feeling", "mpaa_rating": "", "critics_pick": 0, "byline": "T.S.", "headline": "That Uncertain Feeling", "summary_short": "Analyst and wife. Deftly amusing, the Ernst Lubitsch way.", "publication_date": "1941-05-02", "opening_date": "1941-04-20", "date_updated": "2016-03-30 07:14:10", "link": {"type": "article", "url": "http://www.nytimes.com/movie/review?res=9800E3D6173AE33BBC4A53DFB366838A659EDE", "suggested_link_text": "Read the New York Times Review of That Uncertain Feeling"}, "multimedia": null}, {"display_title": "The Great American Broadcast", "mpaa_rating": "", "critics_pick": 0, "byline": "T.M.P.", "headline": "Great American Broadcast, The", "summary_short": "Alice Faye, Jack Oakie, John Payne start radio station and inexplicably succeed.", "publication_date": "1941-05-02", "opening_date": "1941-05-09", "date_updated": "2016-03-30 07:28:20", "link": {"type": "article", "url": "http://www.nytimes.com/movie/review?res=9F00E3D6173AE33BBC4A53DFB366838A659EDE", "suggested_link_text": "Read the New York Times Review of The Great American Broadcast"}, "multimedia": null}, {"display_title": "Sis Hopkins", "mpaa_rating": "", "critics_pick": 0, "byline": "BOSLEY CROWTHER", "headline": "Sis Hopkins", "summary_short": "Corny but funny. Nice caper if you're a Canova fan and we are.", "publication_date": "1941-05-01", "opening_date": "1941-04-12", "date_updated": "2016-03-30 06:56:55", "link": {"type": "article", "url": "http://www.nytimes.com/movie/review?res=9904E5D81E3DE33BBC4953DFB366838A659EDE", "suggested_link_text": "Read the New York Times Review of Sis Hopkins"}, "multimedia": null}, {"display_title": "Strange Alibi", "mpaa_rating": "", "critics_pick": 0, "byline": "T.S.", "headline": "Strange Alibi", "summary_short": "Undercover cop framed for murder. Tries to be hard-hitting.", "publication_date": "1941-04-28", "opening_date": "1941-04-19", "date_updated": "2016-03-30 07:27:35", "link": {"type": "article", "url": "http://www.nytimes.com/movie/review?res=9407E5DA1E3DE33BBC4051DFB266838A659EDE", "suggested_link_text": "Read the New York Times Review of Strange Alibi"}, "multimedia": null}, {"display_title": "Moryaki", "mpaa_rating": "", "critics_pick": 0, "byline": "T.M.P.", "headline": "Heroes of the Sea", "summary_short": "", "publication_date": "1941-04-28", "opening_date": "1941-04-27", "date_updated": "2016-03-30 07:24:12", "link": {"type": "article", "url": "http://www.nytimes.com/movie/review?res=9507E5DA1E3DE33BBC4051DFB266838A659EDE", "suggested_link_text": "Read the New York Times Review of Moryaki"}, "multimedia": null}, {"display_title": "The Flame of New Orleans", "mpaa_rating": "", "critics_pick": 0, "byline": "T.S.", "headline": "Flame of New Orleans, The", "summary_short": "Slyly delicious, from the opening. Funniest scene: ``Sweet Is the Blush of May.''", "publication_date": "1941-04-26", "opening_date": "1941-04-25", "date_updated": "2016-03-30 07:13:42", "link": {"type": "article", "url": "http://www.nytimes.com/movie/review?res=9507EEDB143EEE3BBC4E51DFB266838A659EDE", "suggested_link_text": "Read the New York Times Review of The Flame of New Orleans"}, "multimedia": null}, {"display_title": "The Black Cat", "mpaa_rating": "", "critics_pick": 0, "byline": "A.W.", "headline": "Black Cat, The", "summary_short": "Creepy and funny, both. Not bad.", "publication_date": "1941-04-26", "opening_date": "1941-05-02", "date_updated": "2016-03-30 07:20:57", "link": {"type": "article", "url": "http://www.nytimes.com/movie/review?res=9D06EEDB143EEE3BBC4E51DFB266838A659EDE", "suggested_link_text": "Read the New York Times Review of The Black Cat"}, "multimedia": null}, {"display_title": "Ziegfeld Girl", "mpaa_rating": "", "critics_pick": 0, "byline": "T.S.", "headline": "Ziegfeld Girl", "summary_short": "Backstage ups and downs, with good musical breathers. Best work: skidding Lana.", "publication_date": "1941-04-25", "opening_date": "1941-04-25", "date_updated": "2016-03-30 06:53:35", "link": {"type": "article", "url": "http://www.nytimes.com/movie/review?res=9D00E3DB1E3DE33BBC4D51DFB266838A659EDE", "suggested_link_text": "Read the New York Times Review of Ziegfeld Girl"}, "multimedia": null}, {"display_title": "Model Wife", "mpaa_rating": "", "critics_pick": 0, "byline": "T.M.P.", "headline": "Model Wife", "summary_short": "Spotty marital comedy but still.", "publication_date": "1941-04-24", "opening_date": "1941-04-18", "date_updated": "2016-03-30 06:43:58", "link": {"type": "article", "url": "http://www.nytimes.com/movie/review?res=9F0DE6DB1E3DE33BBC4C51DFB266838A659EDE", "suggested_link_text": "Read the New York Times Review of Model Wife"}, "multimedia": null}]}