{"status": "OK", "copyright": "Copyright (c) 2017 The New York Times Company. All Rights Reserved.", "has_more": true, "num_results": 20, "results": [{"display_title": "Divorce in the Family", "mpaa_rating": "", "critics_pick": 0, "byline": "A.D.S.", "headline": "Divorce in the Family", "summary_short": "Boy and new stepfather. Young Jackie is first-rate.", "publication_date": "1932-10-31", "opening_date": "1932-08-27", "date_updated": "2016-03-30 06:48:09", "link": {"type": "article", "url": "http://www.nytimes.com/movie/review?res=9906EEDF1131E633A25752C3A9669D946394D6CF", "suggested_link_text": "Read the New York Times Review of Divorce in the Family"}, "multimedia": null}, {"display_title": "Coiffeur Pour Dames", "mpaa_rating": "", "critics_pick": 0, "byline": "H.T.S.", "headline": "Coiffeur Pour Dames", "summary_short": "", "publication_date": "1932-10-31", "opening_date": null, "date_updated": "2016-03-30 06:58:52", "link": {"type": "article", "url": "http://www.nytimes.com/movie/review?res=9901EEDF1131E633A25752C3A9669D946394D6CF", "suggested_link_text": "Read the New York Times Review of Coiffeur Pour Dames"}, "multimedia": null}, {"display_title": "Three on a Match", "mpaa_rating": "Not Rated", "critics_pick": 0, "byline": "M.H.", "headline": "Three on a Match", "summary_short": "Old school chums on very different paths. Uneven but often colorful.", "publication_date": "1932-10-29", "opening_date": "1932-10-29", "date_updated": "2016-03-30 07:07:24", "link": {"type": "article", "url": "http://www.nytimes.com/movie/review?res=9D01E6D61131E333A2575AC2A9669D946394D6CF", "suggested_link_text": "Read the New York Times Review of Three on a Match"}, "multimedia": null}, {"display_title": "Once in a Lifetime", "mpaa_rating": "", "critics_pick": 0, "byline": "MORDAUNT HALL.", "headline": "Once in a Lifetime", "summary_short": "", "publication_date": "1932-10-29", "opening_date": "1932-10-02", "date_updated": "2016-03-30 06:43:49", "link": {"type": "article", "url": "http://www.nytimes.com/movie/review?res=9A06E6D61131E333A2575AC2A9669D946394D6CF", "suggested_link_text": "Read the New York Times Review of Once in a Lifetime"}, "multimedia": null}, {"display_title": "Keine Feier Ohne Meier", "mpaa_rating": "", "critics_pick": 0, "byline": "H. T. S.", "headline": "Keine Feier Ohne Meyer", "summary_short": "", "publication_date": "1932-10-29", "opening_date": "1932-10-28", "date_updated": "2016-03-30 07:20:57", "link": {"type": "article", "url": "http://www.nytimes.com/movie/review?res=9E01E6D61131E333A2575AC2A9669D946394D6CF", "suggested_link_text": "Read the New York Times Review of Keine Feier Ohne Meier"}, "multimedia": null}, {"display_title": "The Old Dark House", "mpaa_rating": "", "critics_pick": 0, "byline": "M0RDAUNT HALL.", "headline": "Old Dark House, The", "summary_short": "Stranded travelers. Shipshape old spooker, good character mix.", "publication_date": "1932-10-28", "opening_date": "1932-10-20", "date_updated": "2016-03-30 07:23:31", "link": {"type": "article", "url": "http://www.nytimes.com/movie/review?res=9E07E6D71131E333A2575BC2A9669D946394D6CF", "suggested_link_text": "Read the New York Times Review of The Old Dark House"}, "multimedia": null}, {"display_title": "Gloria", "mpaa_rating": "", "critics_pick": 0, "byline": "H.T.S.", "headline": "Gloria", "summary_short": "", "publication_date": "1932-10-28", "opening_date": null, "date_updated": "2016-03-30 07:26:42", "link": {"type": "article", "url": "http://www.nytimes.com/movie/review?res=9404E6D71131E333A2575BC2A9669D946394D6CF", "suggested_link_text": "Read the New York Times Review of Gloria"}, "multimedia": null}, {"display_title": "Taenzerin von Sanssouci", "mpaa_rating": "", "critics_pick": 0, "byline": "H.T.S.", "headline": "Barberina, Die Taenzerin Von Sans-Souci", "summary_short": "", "publication_date": "1932-10-26", "opening_date": null, "date_updated": "2016-03-30 06:42:07", "link": {"type": "article", "url": "http://www.nytimes.com/movie/review?res=9903E4DF1131E633A25755C2A9669D946394D6CF", "suggested_link_text": "Read the New York Times Review of Taenzerin von Sanssouci"}, "multimedia": null}, {"display_title": "Virtue", "mpaa_rating": "", "critics_pick": 0, "byline": "A.D.S.", "headline": "Virtue", "summary_short": "Former prostitute cannot escape her past. Lombard conveys both cruelty and tenderness. ", "publication_date": "1932-10-25", "opening_date": "1932-10-25", "date_updated": "2016-03-30 07:05:14", "link": {"type": "article", "url": "http://www.nytimes.com/movie/review?res=9B0CEED61031E633A25756C2A9669D946394D6CF", "suggested_link_text": "Read the New York Times Review of Virtue"}, "multimedia": null}, {"display_title": "Blame the Woman", "mpaa_rating": "", "critics_pick": 0, "byline": "MORDAUNT HALL.", "headline": "Blame the Woman", "summary_short": "", "publication_date": "1932-10-25", "opening_date": null, "date_updated": "2016-03-30 07:19:52", "link": {"type": "article", "url": "http://www.nytimes.com/movie/review?res=9A0CEED61031E633A25756C2A9669D946394D6CF", "suggested_link_text": "Read the New York Times Review of Blame the Woman"}, "multimedia": null}, {"display_title": "Week-End im Paradies", "mpaa_rating": "", "critics_pick": 0, "byline": "H.T.S.", "headline": "Week-End Im Paradies", "summary_short": "", "publication_date": "1932-10-24", "opening_date": null, "date_updated": "2016-03-30 07:14:09", "link": {"type": "article", "url": "http://www.nytimes.com/movie/review?res=940DE3D61031E633A25757C2A9669D946394D6CF", "suggested_link_text": "Read the New York Times Review of Week-End im Paradies"}, "multimedia": null}, {"display_title": "Washington Merry-Go-Round", "mpaa_rating": "", "critics_pick": 0, "byline": "MORDAUNT HALL.", "headline": "Washington Merry-Go-Round", "summary_short": "", "publication_date": "1932-10-24", "opening_date": "1932-10-15", "date_updated": "2016-03-30 07:13:41", "link": {"type": "article", "url": "http://www.nytimes.com/movie/review?res=9A0DE3D61031E633A25757C2A9669D946394D6CF", "suggested_link_text": "Read the New York Times Review of Washington Merry-Go-Round"}, "multimedia": null}, {"display_title": "Six Hours to Live", "mpaa_rating": "", "critics_pick": 0, "byline": "MORDAUNT HALL.", "headline": "Six Hours to Live", "summary_short": "", "publication_date": "1932-10-22", "opening_date": "1932-10-16", "date_updated": "2016-03-30 06:52:19", "link": {"type": "article", "url": "http://www.nytimes.com/movie/review?res=9803E1D91131E333A25751C2A9669D946394D6CF", "suggested_link_text": "Read the New York Times Review of Six Hours to Live"}, "multimedia": null}, {"display_title": "The All American", "mpaa_rating": "", "critics_pick": 0, "byline": "A.D.S.", "headline": "All American, The", "summary_short": "", "publication_date": "1932-10-22", "opening_date": "1928-06-15", "date_updated": "2016-03-30 07:11:59", "link": {"type": "article", "url": "http://www.nytimes.com/movie/review?res=9903E1D91131E333A25751C2A9669D946394D6CF", "suggested_link_text": "Read the New York Times Review of The All American"}, "multimedia": null}, {"display_title": "They Call It Sin", "mpaa_rating": "", "critics_pick": 0, "byline": "MORDAUNT HALL.", "headline": "They Call It Sin", "summary_short": "Aspiring singer from Kansas moves to New York and falls in love with married man.", "publication_date": "1932-10-21", "opening_date": "1932-11-05", "date_updated": "2016-03-30 07:25:29", "link": {"type": "article", "url": "http://www.nytimes.com/movie/review?res=9800E7D71031E633A25752C2A9669D946394D6CF", "suggested_link_text": "Read the New York Times Review of They Call It Sin"}, "multimedia": null}, {"display_title": "Strange Justice", "mpaa_rating": "", "critics_pick": 0, "byline": "A.D.S.", "headline": "Strange Justice", "summary_short": "Young lover faces death sentence.", "publication_date": "1932-10-20", "opening_date": "1932-10-07", "date_updated": "2016-03-30 06:46:43", "link": {"type": "article", "url": "http://www.nytimes.com/movie/review?res=9806E2D81031E633A25753C2A9669D946394D6CF", "suggested_link_text": "Read the New York Times Review of Strange Justice"}, "multimedia": null}, {"display_title": "David Golder", "mpaa_rating": "", "critics_pick": 0, "byline": "MORDAUNT HALL.", "headline": "David Golder", "summary_short": "", "publication_date": "1932-10-20", "opening_date": null, "date_updated": "2016-03-30 07:20:36", "link": {"type": "article", "url": "http://www.nytimes.com/movie/review?res=9F06E2D81031E633A25753C2A9669D946394D6CF", "suggested_link_text": "Read the New York Times Review of David Golder"}, "multimedia": null}, {"display_title": "The Phantom of Crestwood", "mpaa_rating": "", "critics_pick": 0, "byline": "MORDAUNT HALL", "headline": "Phantom of Crestwood, The", "summary_short": "Slain shady woman, five male suspects.", "publication_date": "1932-10-17", "opening_date": "1932-10-14", "date_updated": "2016-03-30 07:13:40", "link": {"type": "article", "url": "http://www.nytimes.com/movie/review?res=9E02E3D91031E633A25754C1A9669D946394D6CF", "suggested_link_text": "Read the New York Times Review of The Phantom of Crestwood"}, "multimedia": null}, {"display_title": "Smilin' Through", "mpaa_rating": "", "critics_pick": 0, "byline": "MORDAUNT HALL", "headline": "Smilin' Through", "summary_short": "Beautiful orphan and the men who love her. Trenchant, tender love story back when.", "publication_date": "1932-10-15", "opening_date": "1932-09-24", "date_updated": "2016-03-30 07:29:02", "link": {"type": "article", "url": "http://www.nytimes.com/movie/review?res=9405E4DA1031E633A25756C1A9669D946394D6CF", "suggested_link_text": "Read the New York Times Review of Smilin' Through"}, "multimedia": null}, {"display_title": "One Way Passage", "mpaa_rating": "Not Rated", "critics_pick": 0, "byline": "MORDAUNT HALL.", "headline": "One Way Passage", "summary_short": "Shipboard romance of fugitive and terminally ill woman. Lovely, romantic old-timer, beautifully written and played.", "publication_date": "1932-10-14", "opening_date": "1932-10-22", "date_updated": "2016-03-30 07:21:02", "link": {"type": "article", "url": "http://www.nytimes.com/movie/review?res=9406E5DB1031E633A25757C1A9669D946394D6CF", "suggested_link_text": "Read the New York Times Review of One Way Passage"}, "multimedia": null}]}