{"status": "OK", "copyright": "Copyright (c) 2017 The New York Times Company. All Rights Reserved.", "has_more": true, "num_results": 20, "results": [{"display_title": "Laughing Irish Eyes", "mpaa_rating": "", "critics_pick": 0, "byline": "B.R.C.", "headline": "Laughing Irish Eyes", "summary_short": "", "publication_date": "1936-04-04", "opening_date": "1936-03-04", "date_updated": "2016-03-30 06:57:51", "link": {"type": "article", "url": "http://www.nytimes.com/movie/review?res=9B01EED7123FEE3BBC4C53DFB266838D629EDE", "suggested_link_text": "Read the New York Times Review of Laughing Irish Eyes"}, "multimedia": null}, {"display_title": "Little Lord Fauntleroy", "mpaa_rating": "", "critics_pick": 0, "byline": "FRANK S. NUGENT", "headline": "Little Lord Fauntleroy", "summary_short": "Tasteful, affecting version of classic about American boy turned British peer.", "publication_date": "1936-04-03", "opening_date": "1936-03-06", "date_updated": "2016-03-30 07:23:44", "link": {"type": "article", "url": "http://www.nytimes.com/movie/review?res=9E0CE7D7123FEE3BBC4B53DFB266838D629EDE", "suggested_link_text": "Read the New York Times Review of Little Lord Fauntleroy"}, "multimedia": null}, {"display_title": "The House of a Thousand Candles", "mpaa_rating": "", "critics_pick": 0, "byline": "FRANK S. NUGENT", "headline": "House of a Thousand Candles, The", "summary_short": "Espionage in Geneva.", "publication_date": "1936-04-02", "opening_date": "1936-04-03", "date_updated": "2016-03-30 07:13:06", "link": {"type": "article", "url": "http://www.nytimes.com/movie/review?res=990CE3DF1E3BE33BBC4A53DFB266838D629EDE", "suggested_link_text": "Read the New York Times Review of The House of a Thousand Candles"}, "multimedia": null}, {"display_title": "Der Hoehere Befehl", "mpaa_rating": "", "critics_pick": 0, "byline": "H.T.S.", "headline": "Hoehere Befehl, Der", "summary_short": "", "publication_date": "1936-03-31", "opening_date": "1939-10-19", "date_updated": "2016-03-30 06:47:18", "link": {"type": "article", "url": "http://www.nytimes.com/movie/review?res=950CEEDB113BE33BBC4950DFB566838D629EDE", "suggested_link_text": "Read the New York Times Review of Der Hoehere Befehl"}, "multimedia": null}, {"display_title": "Snowed Under", "mpaa_rating": "", "critics_pick": 0, "byline": "FRANK S. NUGENT", "headline": "Snowed Under", "summary_short": "Playwright cabin-bound with wife, ex-wife and girlfriend.", "publication_date": "1936-03-30", "opening_date": "1936-04-04", "date_updated": "2016-03-30 06:43:59", "link": {"type": "article", "url": "http://www.nytimes.com/movie/review?res=9A0DE3D81430E13BBC4850DFB566838D629EDE", "suggested_link_text": "Read the New York Times Review of Snowed Under"}, "multimedia": null}, {"display_title": "Dubrovsky", "mpaa_rating": "", "critics_pick": 0, "byline": "H.T.S.", "headline": "Dubrovsky", "summary_short": "", "publication_date": "1936-03-30", "opening_date": "1936-03-29", "date_updated": "2016-03-30 06:41:52", "link": {"type": "article", "url": "http://www.nytimes.com/movie/review?res=940DE3D81430E13BBC4850DFB566838D629EDE", "suggested_link_text": "Read the New York Times Review of Dubrovsky"}, "multimedia": null}, {"display_title": "Boulder Dam", "mpaa_rating": "", "critics_pick": 0, "byline": "J.T.M.", "headline": "Boulder Dam", "summary_short": "Young fugitive and saloon vocalist.", "publication_date": "1936-03-30", "opening_date": "1936-03-07", "date_updated": "2016-03-30 06:51:50", "link": {"type": "article", "url": "http://www.nytimes.com/movie/review?res=9B0DE3D81430E13BBC4850DFB566838D629EDE", "suggested_link_text": "Read the New York Times Review of Boulder Dam"}, "multimedia": null}, {"display_title": "Moonlight Murder", "mpaa_rating": "", "critics_pick": 0, "byline": "FRANK S. NUGENT", "headline": "Moonlight Murder", "summary_short": "A lead tenor's onstage murder draws an amateur sleuth's interest.", "publication_date": "1936-03-28", "opening_date": "1936-03-27", "date_updated": "2016-03-30 06:57:46", "link": {"type": "article", "url": "http://www.nytimes.com/movie/review?res=9400E3D8123FEE3BBC4051DFB566838D629EDE", "suggested_link_text": "Read the New York Times Review of Moonlight Murder"}, "multimedia": null}, {"display_title": "Dancing Feet", "mpaa_rating": "", "critics_pick": 0, "byline": "B.R.C.", "headline": "Dancing Feet", "summary_short": "", "publication_date": "1936-03-28", "opening_date": "1936-01-20", "date_updated": "2016-03-30 06:43:17", "link": {"type": "article", "url": "http://www.nytimes.com/movie/review?res=9E03E3D8123FEE3BBC4051DFB566838D629EDE", "suggested_link_text": "Read the New York Times Review of Dancing Feet"}, "multimedia": null}, {"display_title": "Il Re Burlone", "mpaa_rating": "", "critics_pick": 0, "byline": "H.T.S.", "headline": "Re Burlone, Il", "summary_short": "", "publication_date": "1936-03-28", "opening_date": "1936-03-27", "date_updated": "2016-03-30 06:43:39", "link": {"type": "article", "url": "http://www.nytimes.com/movie/review?res=9903E3D8123FEE3BBC4051DFB566838D629EDE", "suggested_link_text": "Read the New York Times Review of Il Re Burlone"}, "multimedia": null}, {"display_title": "Sutter's Gold", "mpaa_rating": "", "critics_pick": 0, "byline": "FRANK S. NUGENT", "headline": "Sutter's Gold", "summary_short": "Lavish, expansive, interesting.", "publication_date": "1936-03-27", "opening_date": "1936-03-01", "date_updated": "2016-03-30 06:45:31", "link": {"type": "article", "url": "http://www.nytimes.com/movie/review?res=9C05EED91430E13BBC4F51DFB566838D629EDE", "suggested_link_text": "Read the New York Times Review of Sutter's Gold"}, "multimedia": null}, {"display_title": "The Milky Way", "mpaa_rating": "", "critics_pick": 0, "byline": "FRANK S. NUGENT", "headline": "Milky Way, The", "summary_short": "Mousy milkman turns boxer. Bright comedy of the old school.", "publication_date": "1936-03-26", "opening_date": "1936-02-07", "date_updated": "2016-03-30 06:53:30", "link": {"type": "article", "url": "http://www.nytimes.com/movie/review?res=9F00E2D9123FEE3BBC4E51DFB566838D629EDE", "suggested_link_text": "Read the New York Times Review of The Milky Way"}, "multimedia": null}, {"display_title": "Everybody's Old Man", "mpaa_rating": "", "critics_pick": 0, "byline": "J.T.M.", "headline": "Everybody's Old Man", "summary_short": "", "publication_date": "1936-03-26", "opening_date": "1936-03-20", "date_updated": "2016-03-30 07:09:24", "link": {"type": "article", "url": "http://www.nytimes.com/movie/review?res=9B00E2D9123FEE3BBC4E51DFB566838D629EDE", "suggested_link_text": "Read the New York Times Review of Everybody's Old Man"}, "multimedia": null}, {"display_title": "La Signora Di Tutti", "mpaa_rating": "", "critics_pick": 0, "byline": "H.T.S.", "headline": "Signora di Tutti, La", "summary_short": "", "publication_date": "1936-03-26", "opening_date": "1936-03-25", "date_updated": "2016-03-30 06:56:01", "link": {"type": "article", "url": "http://www.nytimes.com/movie/review?res=9500E2D9123FEE3BBC4E51DFB566838D629EDE", "suggested_link_text": "Read the New York Times Review of La Signora Di Tutti"}, "multimedia": null}, {"display_title": "Brides Are Like That", "mpaa_rating": "", "critics_pick": 0, "byline": "FRANK S. NUGENT", "headline": "Brides are Like That", "summary_short": "Like what? Ten to one, not now.", "publication_date": "1936-03-23", "opening_date": "1936-04-18", "date_updated": "2016-03-30 06:41:47", "link": {"type": "article", "url": "http://www.nytimes.com/movie/review?res=9C04E2DA123FEE3BBC4B51DFB566838D629EDE", "suggested_link_text": "Read the New York Times Review of Brides Are Like That"}, "multimedia": null}, {"display_title": "Madonna, Wo Bist Du?", "mpaa_rating": "", "critics_pick": 0, "byline": "H.T.S.", "headline": "Madonna, Wo Bist Du?", "summary_short": "", "publication_date": "1936-03-21", "opening_date": "0000-00-00", "date_updated": "2016-03-30 07:28:56", "link": {"type": "article", "url": "http://www.nytimes.com/movie/review?res=9F00E4DB1430E13BBC4951DFB566838D629EDE", "suggested_link_text": "Read the New York Times Review of Madonna, Wo Bist Du?"}, "multimedia": null}, {"display_title": "Song of the Saddle", "mpaa_rating": "", "critics_pick": 0, "byline": "T.M.P.", "headline": "Song of the Saddle", "summary_short": "Singing cowboy seeks father's killer for 20 years. That's a lotta singing.", "publication_date": "1936-03-21", "opening_date": "1936-02-28", "date_updated": "2016-03-30 07:15:46", "link": {"type": "article", "url": "http://www.nytimes.com/movie/review?res=9E00E4DB1430E13BBC4951DFB566838D629EDE", "suggested_link_text": "Read the New York Times Review of Song of the Saddle"}, "multimedia": null}, {"display_title": "Petticoat Fever", "mpaa_rating": "", "critics_pick": 0, "byline": "FRANK S. NUGENT", "headline": "Petticoat Fever", "summary_short": "Arctic radio operator and pretty plane-crash survivor, via Broadway. Light and painless.", "publication_date": "1936-03-21", "opening_date": "1936-03-20", "date_updated": "2016-03-30 07:28:48", "link": {"type": "article", "url": "http://www.nytimes.com/movie/review?res=9C00E4DB1430E13BBC4951DFB566838D629EDE", "suggested_link_text": "Read the New York Times Review of Petticoat Fever"}, "multimedia": null}, {"display_title": "These Three", "mpaa_rating": "", "critics_pick": 1, "byline": "FRANK S. NUGENT", "headline": "These Three", "summary_short": "Powerful first filming of Hellman's ``Children's Hour,'' with slander theme triangularized.", "publication_date": "1936-03-19", "opening_date": "1936-03-18", "date_updated": "2016-03-30 06:57:25", "link": {"type": "article", "url": "http://www.nytimes.com/movie/review?res=950DEEDD1430E13BBC4152DFB566838D629EDE", "suggested_link_text": "Read the New York Times Review of These Three"}, "multimedia": null}, {"display_title": "Der Fluechtling Aus Chicago", "mpaa_rating": "", "critics_pick": 0, "byline": "H.T.S.", "headline": "Fluechtling aus Chicago, Der", "summary_short": "", "publication_date": "1936-03-16", "opening_date": "1936-03-15", "date_updated": "2016-03-30 06:52:30", "link": {"type": "article", "url": "http://www.nytimes.com/movie/review?res=9F03E4DC123FEE3BBC4E52DFB566838D629EDE", "suggested_link_text": "Read the New York Times Review of Der Fluechtling Aus Chicago"}, "multimedia": null}]}