{"status": "OK", "copyright": "Copyright (c) 2017 The New York Times Company. All Rights Reserved.", "has_more": true, "num_results": 20, "results": [{"display_title": "We Are the Marines", "mpaa_rating": "", "critics_pick": 0, "byline": "T.S.", "headline": "We Are the Marines", "summary_short": "", "publication_date": "1942-12-14", "opening_date": null, "date_updated": "2016-03-30 07:10:32", "link": {"type": "article", "url": "http://www.nytimes.com/movie/review?res=9E0CE2DD163DE13BBC4C52DFB4678389659EDE", "suggested_link_text": "Read the New York Times Review of We Are the Marines"}, "multimedia": null}, {"display_title": "The Palm Beach Story", "mpaa_rating": "", "critics_pick": 1, "byline": "BOSLEY CROWTHER", "headline": "Palm Beach Story, The", "summary_short": "Runaway wife meets millionaires. Delicious Sturges canape.", "publication_date": "1942-12-11", "opening_date": "1942-11-07", "date_updated": "2016-03-30 06:49:20", "link": {"type": "article", "url": "http://www.nytimes.com/movie/review?res=9500E4D7173FE33BBC4952DFB4678389659EDE", "suggested_link_text": "Read the New York Times Review of The Palm Beach Story"}, "multimedia": null}, {"display_title": "Seven Days Leave", "mpaa_rating": "", "critics_pick": 0, "byline": "T.S.", "headline": "Seven Days' Leave", "summary_short": "Mildly amusing romantic comedy.", "publication_date": "1942-12-11", "opening_date": "1942-11-13", "date_updated": "2016-03-30 07:22:30", "link": {"type": "article", "url": "http://www.nytimes.com/movie/review?res=9C03E4D7173FE33BBC4952DFB4678389659EDE", "suggested_link_text": "Read the New York Times Review of Seven Days Leave"}, "multimedia": null}, {"display_title": "Cat People", "mpaa_rating": "", "critics_pick": 0, "byline": "BOSLEY CROWTHER", "headline": "Cat People", "summary_short": "Lean, chilling power-of-suggestion. Best scene: the pool.", "publication_date": "1942-12-07", "opening_date": "1942-12-25", "date_updated": "2016-03-30 06:53:42", "link": {"type": "article", "url": "http://www.nytimes.com/movie/review?res=9401E1DC1039E33BBC4F53DFB4678389659EDE", "suggested_link_text": "Read the New York Times Review of Cat People"}, "multimedia": null}, {"display_title": "En Enda Natt", "mpaa_rating": "", "critics_pick": 0, "byline": "T.M.P.", "headline": "Enda Natt, En", "summary_short": "Aristocrat's illegitimate son.", "publication_date": "1942-12-07", "opening_date": null, "date_updated": "2016-03-30 06:45:50", "link": {"type": "article", "url": "http://www.nytimes.com/movie/review?res=9501E1DC1039E33BBC4F53DFB4678389659EDE", "suggested_link_text": "Read the New York Times Review of En Enda Natt"}, "multimedia": null}, {"display_title": "You Were Never Lovelier", "mpaa_rating": "", "critics_pick": 0, "byline": "BOSLEY CROWTHER", "headline": "You Were Never Lovelier", "summary_short": "Silly plot, soothing Kern, enchanting footwork.", "publication_date": "1942-12-04", "opening_date": "1942-11-19", "date_updated": "2016-03-30 06:55:10", "link": {"type": "article", "url": "http://www.nytimes.com/movie/review?res=9B05EFDB173FE33BBC4C53DFB4678389659EDE", "suggested_link_text": "Read the New York Times Review of You Were Never Lovelier"}, "multimedia": null}, {"display_title": "Nightmare", "mpaa_rating": "", "critics_pick": 0, "byline": "T.M.P.", "headline": "Nightmare", "summary_short": "Nazi spies in England. New to us.", "publication_date": "1942-12-04", "opening_date": "1942-11-13", "date_updated": "2016-03-30 06:55:10", "link": {"type": "article", "url": "http://www.nytimes.com/movie/review?res=9F04EFDB173FE33BBC4C53DFB4678389659EDE", "suggested_link_text": "Read the New York Times Review of Nightmare"}, "multimedia": null}, {"display_title": "Who Done It?", "mpaa_rating": "", "critics_pick": 0, "byline": "BOSLEY CROWTHER", "headline": "Who Done It", "summary_short": "They done it. And how. Typical.", "publication_date": "1942-12-03", "opening_date": "1942-11-06", "date_updated": "2016-03-30 06:50:15", "link": {"type": "article", "url": "http://www.nytimes.com/movie/review?res=9901E3DE1F31E53BBC4B53DFB4678389659EDE", "suggested_link_text": "Read the New York Times Review of Who Done It?"}, "multimedia": null}, {"display_title": "Night Monster", "mpaa_rating": "", "critics_pick": 0, "byline": "T.M.P", "headline": "Night Monster", "summary_short": "And a real schlepper. From hunger.", "publication_date": "1942-11-30", "opening_date": "1942-10-20", "date_updated": "2016-03-30 06:46:30", "link": {"type": "article", "url": "http://www.nytimes.com/movie/review?res=9D03E7DB173FE33BBC4850DFB7678389659EDE", "suggested_link_text": "Read the New York Times Review of Night Monster"}, "multimedia": null}, {"display_title": "Casablanca", "mpaa_rating": "PG", "critics_pick": 1, "byline": "BOSLEY CROWTHER", "headline": "Casablanca", "summary_short": "Rick's place. Still fabulous.", "publication_date": "1942-11-27", "opening_date": "1943-01-23", "date_updated": "2016-03-30 07:15:02", "link": {"type": "article", "url": "http://www.nytimes.com/movie/review?res=9C06E1DF1039E33BBC4F51DFB7678389659EDE", "suggested_link_text": "Read the New York Times Review of Casablanca"}, "multimedia": null}, {"display_title": "White Cargo", "mpaa_rating": "", "critics_pick": 0, "byline": "B.C.", "headline": "White Cargo", "summary_short": "Hedy wiggles and Africa squeaks.", "publication_date": "1942-11-27", "opening_date": "1942-12-12", "date_updated": "2016-03-30 06:52:52", "link": {"type": "article", "url": "http://www.nytimes.com/movie/review?res=9E06E1DF1039E33BBC4F51DFB7678389659EDE", "suggested_link_text": "Read the New York Times Review of White Cargo"}, "multimedia": null}, {"display_title": "The Hidden Hand", "mpaa_rating": "", "critics_pick": 0, "byline": "A.W.", "headline": "Hidden Hand, The", "summary_short": "The authorities apprehend an escaped mental patient turned serial killer.", "publication_date": "1942-11-26", "opening_date": "1942-11-07", "date_updated": "2016-03-30 07:22:24", "link": {"type": "article", "url": "http://www.nytimes.com/movie/review?res=9503EFDF1F31E53BBC4E51DFB7678389659EDE", "suggested_link_text": "Read the New York Times Review of The Hidden Hand"}, "multimedia": null}, {"display_title": "Gentleman Jim", "mpaa_rating": "", "critics_pick": 0, "byline": "T.M.P.", "headline": "Gentleman Jim", "summary_short": "Good, brisk boxing saga of Jim Corbett. A fine Flynn.", "publication_date": "1942-11-26", "opening_date": "1942-11-14", "date_updated": "2016-03-30 07:05:03", "link": {"type": "article", "url": "http://www.nytimes.com/movie/review?res=9403EFDF1F31E53BBC4E51DFB7678389659EDE", "suggested_link_text": "Read the New York Times Review of Gentleman Jim"}, "multimedia": null}, {"display_title": "Mashenka", "mpaa_rating": "", "critics_pick": 0, "byline": "BOSLEY CROWTHER", "headline": "Mashenka", "summary_short": "", "publication_date": "1942-11-21", "opening_date": "1942-11-20", "date_updated": "2016-03-30 07:24:07", "link": {"type": "article", "url": "http://www.nytimes.com/movie/review?res=9F07E7DC1738EE3BBC4951DFB7678389659EDE", "suggested_link_text": "Read the New York Times Review of Mashenka"}, "multimedia": null}, {"display_title": "I Married a Witch", "mpaa_rating": "", "critics_pick": 0, "byline": "BOSLEY CROWTHER", "headline": "I Married a Witch", "summary_short": "Love potion backfires. Sly and delicious, with Lake at her peak.", "publication_date": "1942-11-20", "opening_date": "1942-10-30", "date_updated": "2016-03-30 06:49:15", "link": {"type": "article", "url": "http://www.nytimes.com/movie/review?res=9802E1DD1738EE3BBC4851DFB7678389659EDE", "suggested_link_text": "Read the New York Times Review of I Married a Witch"}, "multimedia": null}, {"display_title": "Street of Chance", "mpaa_rating": "", "critics_pick": 0, "byline": "BOSLEY CROWTHER", "headline": "Street Of Chance", "summary_short": "Above-average drama of amnesiac wanted for murder.", "publication_date": "1942-11-19", "opening_date": "1942-10-03", "date_updated": "2016-03-30 06:55:37", "link": {"type": "article", "url": "http://www.nytimes.com/movie/review?res=9905EEDF173FE33BBC4152DFB7678389659EDE", "suggested_link_text": "Read the New York Times Review of Street of Chance"}, "multimedia": null}, {"display_title": "Seven Sweethearts", "mpaa_rating": "", "critics_pick": 0, "byline": "T.S.", "headline": "Seven Sweethearts", "summary_short": "Eligible siblings, after eldest weds.", "publication_date": "1942-11-13", "opening_date": null, "date_updated": "2016-03-30 06:45:38", "link": {"type": "article", "url": "http://www.nytimes.com/movie/review?res=9C02E6DF163DE13BBC4B52DFB7678389659EDE", "suggested_link_text": "Read the New York Times Review of Seven Sweethearts"}, "multimedia": null}, {"display_title": "Once Upon a Honeymoon", "mpaa_rating": "", "critics_pick": 0, "byline": "BOSLEY CROWTHER", "headline": "Once Upon a Honeymoon", "summary_short": "Reporter loves Nazi chief's showgirl wife. Doesn't jell, but good portions.", "publication_date": "1942-11-13", "opening_date": "1942-11-27", "date_updated": "2016-03-30 07:24:17", "link": {"type": "article", "url": "http://www.nytimes.com/movie/review?res=9403E6DF163DE13BBC4B52DFB7678389659EDE", "suggested_link_text": "Read the New York Times Review of Once Upon a Honeymoon"}, "multimedia": null}, {"display_title": "Road to Morocco", "mpaa_rating": "Not Rated", "critics_pick": 1, "byline": "BOSLEY CROWTHER", "headline": "Road to Morocco", "summary_short": "Desert castaways vie for princess's hand. Typical and frisky.", "publication_date": "1942-11-12", "opening_date": null, "date_updated": "2016-03-30 06:54:38", "link": {"type": "article", "url": "http://www.nytimes.com/movie/review?res=9805E7DE103CE03ABC4A52DFB7678389659EDE", "suggested_link_text": "Read the New York Times Review of Road to Morocco"}, "multimedia": null}, {"display_title": "Springtime in the Rockies", "mpaa_rating": "", "critics_pick": 0, "byline": "T.S.", "headline": "Springtime in the Rockies", "summary_short": "Tuneful, dated tonic. Nice diversion.", "publication_date": "1942-11-12", "opening_date": "1942-11-06", "date_updated": "2016-03-30 07:24:09", "link": {"type": "article", "url": "http://www.nytimes.com/movie/review?res=9905E7DE103CE03ABC4A52DFB7678389659EDE", "suggested_link_text": "Read the New York Times Review of Springtime in the Rockies"}, "multimedia": null}]}