{"status": "OK", "copyright": "Copyright (c) 2017 The New York Times Company. All Rights Reserved.", "has_more": true, "num_results": 20, "results": [{"display_title": "Little Friend", "mpaa_rating": "", "critics_pick": 0, "byline": "ANDRE SENNWALD.", "headline": "Little Friend", "summary_short": "", "publication_date": "1934-10-20", "opening_date": "1934-11-18", "date_updated": "2016-03-30 07:10:45", "link": {"type": "article", "url": "http://www.nytimes.com/movie/review?res=9A03EED9123FE53ABC4851DFB667838F629EDE", "suggested_link_text": "Read the New York Times Review of Little Friend"}, "multimedia": null}, {"display_title": "Have a Heart", "mpaa_rating": "", "critics_pick": 0, "byline": "F.S.N.", "headline": "Have a Heart", "summary_short": "Paralyzed dance teacher abandoned by fiance.", "publication_date": "1934-10-20", "opening_date": "1934-09-07", "date_updated": "2016-03-30 06:53:41", "link": {"type": "article", "url": "http://www.nytimes.com/movie/review?res=9B03EED9123FE53ABC4851DFB667838F629EDE", "suggested_link_text": "Read the New York Times Review of Have a Heart"}, "multimedia": null}, {"display_title": "Man of Aran", "mpaa_rating": "", "critics_pick": 0, "byline": "ANDRE SENNWALD.", "headline": "Man of Aran", "summary_short": "Flaherty's memorable documentary of island fishermen's primitive existence. Bleak and haunting.", "publication_date": "1934-10-19", "opening_date": null, "date_updated": "2016-03-30 07:21:17", "link": {"type": "article", "url": "http://www.nytimes.com/movie/review?res=940DE4DA1639EE32A2575AC1A9669D946594D6CF", "suggested_link_text": "Read the New York Times Review of Man of Aran"}, "multimedia": null}, {"display_title": "The Age of Innocence", "mpaa_rating": "", "critics_pick": 0, "byline": "A. S.", "headline": "Age of Innocence, The", "summary_short": "Wharton's 1870's New York society. Emotionally limp.", "publication_date": "1934-10-19", "opening_date": "1934-09-14", "date_updated": "2016-03-30 06:54:40", "link": {"type": "article", "url": "http://www.nytimes.com/movie/review?res=950DE4DA1639EE32A2575AC1A9669D946594D6CF", "suggested_link_text": "Read the New York Times Review of The Age of Innocence"}, "multimedia": null}, {"display_title": "The Last Gentleman", "mpaa_rating": "", "critics_pick": 0, "byline": "ANDRE SENNWALD.", "headline": "Last Gentleman, The", "summary_short": "A dying Massachusetts millionaire has the last laugh on his eager heirs.", "publication_date": "1934-10-18", "opening_date": "1934-04-28", "date_updated": "2016-03-30 06:41:57", "link": {"type": "article", "url": "http://www.nytimes.com/movie/review?res=9A00E4D9123FE53ABC4052DFB667838F629EDE", "suggested_link_text": "Read the New York Times Review of The Last Gentleman"}, "multimedia": null}, {"display_title": "The Case of the Howling Dog", "mpaa_rating": "", "critics_pick": 0, "byline": "F.S.N.", "headline": "Case of the Howling Dog, The", "summary_short": "Three murders. Early Perry Mason -- recalled fondly.", "publication_date": "1934-10-18", "opening_date": "1934-09-22", "date_updated": "2016-03-30 07:25:36", "link": {"type": "article", "url": "http://www.nytimes.com/movie/review?res=9B00E4D9123FE53ABC4052DFB667838F629EDE", "suggested_link_text": "Read the New York Times Review of The Case of the Howling Dog"}, "multimedia": null}, {"display_title": "The Man Who Changed His Name", "mpaa_rating": "", "critics_pick": 0, "byline": "ANDRE SENNWALD.", "headline": "Man Who Changed his Name, The", "summary_short": "", "publication_date": "1934-10-17", "opening_date": null, "date_updated": "2016-03-30 07:15:30", "link": {"type": "article", "url": "http://www.nytimes.com/movie/review?res=9E01E1DA1E31EE32A25754C1A9669D946594D6CF", "suggested_link_text": "Read the New York Times Review of The Man Who Changed His Name"}, "multimedia": null}, {"display_title": "Now and Forever", "mpaa_rating": "", "critics_pick": 0, "byline": "ANDRE SENNWALD.", "headline": "Now and Forever", "summary_short": "Carole Lombard. Curlytop reforms two jewel thieves. Dated and mild, but three charmers.", "publication_date": "1934-10-13", "opening_date": "1934-08-31", "date_updated": "2016-03-30 06:51:32", "link": {"type": "article", "url": "http://www.nytimes.com/movie/review?res=9D07E5DD1530E23ABC4B52DFB667838F629EDE", "suggested_link_text": "Read the New York Times Review of Now and Forever"}, "multimedia": null}, {"display_title": "Crimson Romance", "mpaa_rating": "", "critics_pick": 0, "byline": "F.S.N.", "headline": "Crimson Romance", "summary_short": "", "publication_date": "1934-10-13", "opening_date": "1934-10-12", "date_updated": "2016-03-30 06:54:21", "link": {"type": "article", "url": "http://www.nytimes.com/movie/review?res=9E07E5DD1530E23ABC4B52DFB667838F629EDE", "suggested_link_text": "Read the New York Times Review of Crimson Romance"}, "multimedia": null}, {"display_title": "Dezertir", "mpaa_rating": "", "critics_pick": 0, "byline": "H.T.S.", "headline": "Deserter", "summary_short": "", "publication_date": "1934-10-13", "opening_date": "1934-10-12", "date_updated": "2016-03-30 07:26:28", "link": {"type": "article", "url": "http://www.nytimes.com/movie/review?res=9807E5DD1530E23ABC4B52DFB667838F629EDE", "suggested_link_text": "Read the New York Times Review of Dezertir"}, "multimedia": null}, {"display_title": "The Merry Widow", "mpaa_rating": "", "critics_pick": 0, "byline": "ANDRE SENNWALD.", "headline": "Merry Widow, The", "summary_short": "Playboy prince sent to woo rich widow in Paris.", "publication_date": "1934-10-12", "opening_date": "1934-11-02", "date_updated": "2016-03-30 06:48:31", "link": {"type": "article", "url": "http://www.nytimes.com/movie/review?res=9407E2DC173CEE32A25751C1A9669D946594D6CF", "suggested_link_text": "Read the New York Times Review of The Merry Widow"}, "multimedia": null}, {"display_title": "Judge Priest", "mpaa_rating": "", "critics_pick": 0, "byline": "A. S.", "headline": "Judge Priest", "summary_short": "Walthall. Charming antique of wise Southern judge.", "publication_date": "1934-10-12", "opening_date": "1934-09-28", "date_updated": "2016-03-30 07:23:27", "link": {"type": "article", "url": "http://www.nytimes.com/movie/review?res=9507E2DC173CEE32A25751C1A9669D946594D6CF", "suggested_link_text": "Read the New York Times Review of Judge Priest"}, "multimedia": null}, {"display_title": "Wake up and Dream", "mpaa_rating": "", "critics_pick": 0, "byline": "F.S.N.", "headline": "Wake up and Dream", "summary_short": "", "publication_date": "1934-10-11", "opening_date": "1934-10-01", "date_updated": "2016-03-30 07:20:13", "link": {"type": "article", "url": "http://www.nytimes.com/movie/review?res=9502E6DF113CE23ABC4952DFB667838F629EDE", "suggested_link_text": "Read the New York Times Review of Wake up and Dream"}, "multimedia": null}, {"display_title": "Happiness Ahead", "mpaa_rating": "", "critics_pick": 0, "byline": "ANDRE SENNWALD.", "headline": "Happiness Ahead", "summary_short": "Heiress in disguise. Pleasant trifle, with songs.", "publication_date": "1934-10-11", "opening_date": "1934-10-27", "date_updated": "2016-03-30 07:12:06", "link": {"type": "article", "url": "http://www.nytimes.com/movie/review?res=9402E6DF113CE23ABC4952DFB667838F629EDE", "suggested_link_text": "Read the New York Times Review of Happiness Ahead"}, "multimedia": null}, {"display_title": "Peck's Bad Boy", "mpaa_rating": "", "critics_pick": 0, "byline": "ANDRE SENNWALD.", "headline": "Peck's bad Boy", "summary_short": "Nasty aunt and brat try to divide widower and son.", "publication_date": "1934-10-06", "opening_date": "1934-10-19", "date_updated": "2016-03-30 06:52:58", "link": {"type": "article", "url": "http://www.nytimes.com/movie/review?res=9404E3DA1F3DE33ABC4E53DFB667838F629EDE", "suggested_link_text": "Read the New York Times Review of Peck's Bad Boy"}, "multimedia": null}, {"display_title": "Power", "mpaa_rating": "", "critics_pick": 0, "byline": "ANDRE SENNWALD.", "headline": "Power", "summary_short": "", "publication_date": "1934-10-05", "opening_date": "1934-11-01", "date_updated": "2016-03-30 06:42:47", "link": {"type": "article", "url": "http://www.nytimes.com/movie/review?res=9E03E4D8103CE23ABC4D53DFB667838F629EDE", "suggested_link_text": "Read the New York Times Review of Power"}, "multimedia": null}, {"display_title": "Wagon Wheels", "mpaa_rating": "", "critics_pick": 0, "byline": "F.S.N.", "headline": "Wagon Wheels", "summary_short": "", "publication_date": "1934-10-04", "opening_date": "1934-09-15", "date_updated": "2016-03-30 06:52:00", "link": {"type": "article", "url": "http://www.nytimes.com/movie/review?res=9A00E5DA123FE53ABC4C53DFB667838F629EDE", "suggested_link_text": "Read the New York Times Review of Wagon Wheels"}, "multimedia": null}, {"display_title": "A Lost Lady", "mpaa_rating": "", "critics_pick": 0, "byline": "ANDRBE SENNWALD.", "headline": "Lost Lady, A", "summary_short": "Cather's heroine, after tragedy, marries wrong man.", "publication_date": "1934-10-04", "opening_date": "1934-09-29", "date_updated": "2016-03-30 06:46:38", "link": {"type": "article", "url": "http://www.nytimes.com/movie/review?res=9900E5DA123FE53ABC4C53DFB667838F629EDE", "suggested_link_text": "Read the New York Times Review of A Lost Lady"}, "multimedia": null}, {"display_title": "Our Daily Bread", "mpaa_rating": "Not Rated", "critics_pick": 0, "byline": "ANDRE SENNWALD.", "headline": "Our Daily Bread", "summary_short": "The hard row of a Depression laborer. Highly touted then, interesting now.", "publication_date": "1934-10-03", "opening_date": "1934-10-02", "date_updated": "2016-03-30 07:23:40", "link": {"type": "article", "url": "http://www.nytimes.com/movie/review?res=9C02EFDB123FE53ABC4B53DFB667838F629EDE", "suggested_link_text": "Read the New York Times Review of Our Daily Bread"}, "multimedia": null}, {"display_title": "The Dude Ranger", "mpaa_rating": "", "critics_pick": 0, "byline": "ANDRE SENNWALD.", "headline": "Dude Ranger, The", "summary_short": "", "publication_date": "1934-10-02", "opening_date": "1934-09-21", "date_updated": "2016-03-30 06:46:49", "link": {"type": "article", "url": "http://www.nytimes.com/movie/review?res=9900E5DB123FE53ABC4A53DFB667838F629EDE", "suggested_link_text": "Read the New York Times Review of The Dude Ranger"}, "multimedia": null}]}