{"status": "OK", "copyright": "Copyright (c) 2017 The New York Times Company. All Rights Reserved.", "has_more": true, "num_results": 20, "results": [{"display_title": "Havana Widows", "mpaa_rating": "", "critics_pick": 0, "byline": "A.D.S.", "headline": "Havana Widows", "summary_short": "Broadway chorus girls man-hunting in Cuba.", "publication_date": "1933-11-23", "opening_date": "1933-11-18", "date_updated": "2016-03-30 06:50:47", "link": {"type": "article", "url": "http://www.nytimes.com/movie/review?res=9402E5DA133FE63ABC4B51DFB7678388629EDE", "suggested_link_text": "Read the New York Times Review of Havana Widows"}, "multimedia": null}, {"display_title": "Design for Living", "mpaa_rating": "", "critics_pick": 0, "byline": "MORDAUNT HALL.", "headline": "Design for Living", "summary_short": "Only casually moored to Coward's caviar but good, blithe fun all the same, via Lubitsch. Peachy opening.", "publication_date": "1933-11-23", "opening_date": "1933-12-29", "date_updated": "2016-03-30 06:52:29", "link": {"type": "article", "url": "http://www.nytimes.com/movie/review?res=9A02E5DA133FE63ABC4B51DFB7678388629EDE", "suggested_link_text": "Read the New York Times Review of Design for Living"}, "multimedia": null}, {"display_title": "Broken Dreams", "mpaa_rating": "", "critics_pick": 0, "byline": "A.D.S.", "headline": "Broken Dreams", "summary_short": "A doctor fights relatives six years later for custody of the son he abandons at birth.", "publication_date": "1933-11-21", "opening_date": "1933-10-20", "date_updated": "2016-03-30 07:13:11", "link": {"type": "article", "url": "http://www.nytimes.com/movie/review?res=9500E6DB133FE63ABC4951DFB7678388629EDE", "suggested_link_text": "Read the New York Times Review of Broken Dreams"}, "multimedia": null}, {"display_title": "Cradle Song", "mpaa_rating": "", "critics_pick": 0, "byline": "MORDAUNT HALL.", "headline": "Cradle Song", "summary_short": "", "publication_date": "1933-11-20", "opening_date": "1933-11-19", "date_updated": "2016-03-30 07:19:31", "link": {"type": "article", "url": "http://www.nytimes.com/movie/review?res=9A0CE6DE1431E333A25753C2A9679D946294D6CF", "suggested_link_text": "Read the New York Times Review of Cradle Song"}, "multimedia": null}, {"display_title": "The Invisible Man", "mpaa_rating": "", "critics_pick": 0, "byline": "MORDAUNT HALL.", "headline": "Invisible Man, The", "summary_short": "Grand old thriller. Best part: snowy fade-in, country tavern.", "publication_date": "1933-11-18", "opening_date": "1933-11-17", "date_updated": "2016-03-30 07:12:34", "link": {"type": "article", "url": "http://www.nytimes.com/movie/review?res=9901E0D61731E333A2575BC1A9679D946294D6CF", "suggested_link_text": "Read the New York Times Review of The Invisible Man"}, "multimedia": null}, {"display_title": "Little Women", "mpaa_rating": "Not Rated", "critics_pick": 1, "byline": "MORDAUNT HALL", "headline": "Little Women", "summary_short": "The Alcott classic, served to perfection.", "publication_date": "1933-11-17", "opening_date": "1933-11-24", "date_updated": "2016-03-30 07:12:37", "link": {"type": "article", "url": "http://www.nytimes.com/movie/review?res=9B0CE5D61731E333A25754C1A9679D946294D6CF", "suggested_link_text": "Read the New York Times Review of Little Women"}, "multimedia": null}, {"display_title": "From Headquarters", "mpaa_rating": "", "critics_pick": 0, "byline": "A.P.S.", "headline": "From Headquarters", "summary_short": "", "publication_date": "1933-11-17", "opening_date": "1933-11-16", "date_updated": "2016-03-30 06:50:56", "link": {"type": "article", "url": "http://www.nytimes.com/movie/review?res=940CE5D61731E333A25754C1A9679D946294D6CF", "suggested_link_text": "Read the New York Times Review of From Headquarters"}, "multimedia": null}, {"display_title": "Blood Money", "mpaa_rating": "", "critics_pick": 0, "byline": "MORDAUNT HALL.", "headline": "Blood Money", "summary_short": "Underworld bondsman falls for beautiful society girl. Flat stuff, even of its sort.", "publication_date": "1933-11-16", "opening_date": "1933-11-17", "date_updated": "2016-03-30 06:51:52", "link": {"type": "article", "url": "http://www.nytimes.com/movie/review?res=9A00E1D71731E333A25755C1A9679D946294D6CF", "suggested_link_text": "Read the New York Times Review of Blood Money"}, "multimedia": null}, {"display_title": "Eskimo", "mpaa_rating": "", "critics_pick": 0, "byline": "MORDAUNT HALL.", "headline": "Eskimo", "summary_short": "Canadian Mountie investigates killing. Early polar region drama.", "publication_date": "1933-11-15", "opening_date": "1934-01-10", "date_updated": "2016-03-30 07:05:22", "link": {"type": "article", "url": "http://www.nytimes.com/movie/review?res=9403E6D71731E333A25756C1A9679D946294D6CF", "suggested_link_text": "Read the New York Times Review of Eskimo"}, "multimedia": null}, {"display_title": "Tillie and Gus", "mpaa_rating": "", "critics_pick": 0, "byline": "MORDAUNT HALL.", "headline": "Tillie and Gus", "summary_short": "Gamblers Bill and Skippy disguised as missionaries. Most amusing, nice team steam.", "publication_date": "1933-11-13", "opening_date": "1933-10-13", "date_updated": "2016-03-30 07:11:09", "link": {"type": "article", "url": "http://www.nytimes.com/movie/review?res=9507E0D81731E333A25750C1A9679D946294D6CF", "suggested_link_text": "Read the New York Times Review of Tillie and Gus"}, "multimedia": null}, {"display_title": "The Mad Game", "mpaa_rating": "", "critics_pick": 0, "byline": "A.D.S.", "headline": "Mad Game, The", "summary_short": "", "publication_date": "1933-11-13", "opening_date": "1933-10-27", "date_updated": "2016-03-30 06:44:30", "link": {"type": "article", "url": "http://www.nytimes.com/movie/review?res=9806E0D81731E333A25750C1A9679D946294D6CF", "suggested_link_text": "Read the New York Times Review of The Mad Game"}, "multimedia": null}, {"display_title": "Laughter Through Tears", "mpaa_rating": "", "critics_pick": 0, "byline": "H.T.S.", "headline": "Laughter Through Tears", "summary_short": "", "publication_date": "1933-11-13", "opening_date": "1933-11-12", "date_updated": "2016-03-30 06:42:54", "link": {"type": "article", "url": "http://www.nytimes.com/movie/review?res=9A07E0D81731E333A25750C1A9679D946294D6CF", "suggested_link_text": "Read the New York Times Review of Laughter Through Tears"}, "multimedia": null}, {"display_title": "Ace of Aces", "mpaa_rating": "", "critics_pick": 0, "byline": "MORDAUNT HALL", "headline": "Ace of Aces", "summary_short": "Sculptor enlists as flier in World War I France. Heavy-handed Dix barely gets off the ground.", "publication_date": "1933-11-11", "opening_date": "1933-10-20", "date_updated": "2016-03-30 07:22:23", "link": {"type": "article", "url": "http://www.nytimes.com/movie/review?res=9B00E6D91731E333A25752C1A9679D946294D6CF", "suggested_link_text": "Read the New York Times Review of Ace of Aces"}, "multimedia": null}, {"display_title": "Only Yesterday", "mpaa_rating": "", "critics_pick": 0, "byline": "MORDAUNT HALL.", "headline": "Only Yesterday", "summary_short": "", "publication_date": "1933-11-10", "opening_date": "1933-11-01", "date_updated": "2016-03-30 06:51:03", "link": {"type": "article", "url": "http://www.nytimes.com/movie/review?res=9A04EFDA1731E333A25753C1A9679D946294D6CF", "suggested_link_text": "Read the New York Times Review of Only Yesterday"}, "multimedia": null}, {"display_title": "The Sweetheart of Sigma Chi", "mpaa_rating": "", "critics_pick": 0, "byline": "MORDAUNT HALL.", "headline": "Sweetheart of Sigma Chi, The", "summary_short": "", "publication_date": "1933-11-09", "opening_date": "1933-10-26", "date_updated": "2016-03-30 06:55:54", "link": {"type": "article", "url": "http://www.nytimes.com/movie/review?res=9404E2DD133FE63ABC4153DFB7678388629EDE", "suggested_link_text": "Read the New York Times Review of The Sweetheart of Sigma Chi"}, "multimedia": null}, {"display_title": "Eat 'Em Alive", "mpaa_rating": "", "critics_pick": 0, "byline": "A.D.S.", "headline": "Eat 'Em Alive", "summary_short": "", "publication_date": "1933-11-06", "opening_date": "0000-00-00", "date_updated": "2016-03-30 06:54:15", "link": {"type": "article", "url": "http://www.nytimes.com/movie/review?res=990CE6DA1731E333A25755C0A9679D946294D6CF", "suggested_link_text": "Read the New York Times Review of Eat 'Em Alive"}, "multimedia": null}, {"display_title": "No Dejes la Puerta Abierta", "mpaa_rating": "", "critics_pick": 0, "byline": "H.T.S.", "headline": "No Dejes la Puerta Abierta", "summary_short": "", "publication_date": "1933-11-06", "opening_date": null, "date_updated": "2016-03-30 07:11:52", "link": {"type": "article", "url": "http://www.nytimes.com/movie/review?res=9A0CE6DA1731E333A25755C0A9679D946294D6CF", "suggested_link_text": "Read the New York Times Review of No Dejes la Puerta Abierta"}, "multimedia": null}, {"display_title": "My Lips Betray", "mpaa_rating": "", "critics_pick": 0, "byline": "A.D.S.", "headline": "My Lips Betray", "summary_short": "", "publication_date": "1933-11-04", "opening_date": "1933-11-04", "date_updated": "2016-03-30 06:46:17", "link": {"type": "article", "url": "http://www.nytimes.com/movie/review?res=9802E2DF133FE63ABC4C53DFB7678388629EDE", "suggested_link_text": "Read the New York Times Review of My Lips Betray"}, "multimedia": null}, {"display_title": "Female", "mpaa_rating": "Not Rated", "critics_pick": 0, "byline": "MORDAUNT HALL.", "headline": "Female", "summary_short": "Auto-company chief finds her right-hand man, and then some.", "publication_date": "1933-11-04", "opening_date": "1933-11-11", "date_updated": "2016-03-30 07:29:08", "link": {"type": "article", "url": "http://www.nytimes.com/movie/review?res=9C02E2DF133FE63ABC4C53DFB7678388629EDE", "suggested_link_text": "Read the New York Times Review of Female"}, "multimedia": null}, {"display_title": "Day of Reckoning", "mpaa_rating": "", "critics_pick": 0, "byline": "M.H.", "headline": "Day of Reckoning", "summary_short": "Luxury-loving wife drives spouse to embezzlement.", "publication_date": "1933-11-04", "opening_date": "1933-10-27", "date_updated": "2016-03-30 07:26:31", "link": {"type": "article", "url": "http://www.nytimes.com/movie/review?res=9E02E2DF133FE63ABC4C53DFB7678388629EDE", "suggested_link_text": "Read the New York Times Review of Day of Reckoning"}, "multimedia": null}]}