{"status": "OK", "copyright": "Copyright (c) 2017 The New York Times Company. All Rights Reserved.", "has_more": true, "num_results": 20, "results": [{"display_title": "The Case of the Velvet Claws", "mpaa_rating": "", "critics_pick": 0, "byline": "J. T. M.", "headline": "Case of the Velvet Claws, The", "summary_short": "Perry Mason investigates scandal-sheet publisher's murder. Reasonably charming.", "publication_date": "1936-08-29", "opening_date": "1936-08-15", "date_updated": "2016-03-30 06:47:49", "link": {"type": "article", "url": "http://www.nytimes.com/movie/review?res=9D00E5D7143CE53ABC4151DFBE66838D629EDE", "suggested_link_text": "Read the New York Times Review of The Case of the Velvet Claws"}, "multimedia": null}, {"display_title": "Swing Time", "mpaa_rating": "Not Rated", "critics_pick": 1, "byline": "FRANK S. NUGENT", "headline": "Swing Time", "summary_short": "Dancing sweethearts plus girl back home. The peerless pair close to their peak, ditto Kern.", "publication_date": "1936-08-28", "opening_date": null, "date_updated": "2016-03-30 06:46:34", "link": {"type": "article", "url": "http://www.nytimes.com/movie/review?res=9B06E7DD1F3FEE3BBC4051DFBE66838D629EDE", "suggested_link_text": "Read the New York Times Review of Swing Time"}, "multimedia": null}, {"display_title": "To Mary - with Love", "mpaa_rating": "", "critics_pick": 0, "byline": "J.T.M.", "headline": "To Mary-With Love", "summary_short": "An appealing old love story.", "publication_date": "1936-08-27", "opening_date": "1936-08-01", "date_updated": "2016-03-30 07:15:14", "link": {"type": "article", "url": "http://www.nytimes.com/movie/review?res=9406EFDF1F3FEE3BBC4F51DFBE66838D629EDE", "suggested_link_text": "Read the New York Times Review of To Mary - with Love"}, "multimedia": null}, {"display_title": "Anthony Adverse", "mpaa_rating": "", "critics_pick": 0, "byline": "FRANK S. NUGENT", "headline": "Anthony Adverse", "summary_short": "Napoleonic-era adventurer. Richly sweeping drama.", "publication_date": "1936-08-27", "opening_date": "1936-08-29", "date_updated": "2016-03-30 06:52:39", "link": {"type": "article", "url": "http://www.nytimes.com/movie/review?res=9906EFDF1F3FEE3BBC4F51DFBE66838D629EDE", "suggested_link_text": "Read the New York Times Review of Anthony Adverse"}, "multimedia": null}, {"display_title": "Two-Fisted Gentleman", "mpaa_rating": "", "critics_pick": 0, "byline": "FRANK S. NUGENT", "headline": "Two-Fisted Gentleman", "summary_short": "", "publication_date": "1936-08-24", "opening_date": "1936-08-15", "date_updated": "2016-03-30 07:19:38", "link": {"type": "article", "url": "http://www.nytimes.com/movie/review?res=9C0DE3D61E3FEE3BBC4C51DFBE66838D629EDE", "suggested_link_text": "Read the New York Times Review of Two-Fisted Gentleman"}, "multimedia": null}, {"display_title": "Pepper", "mpaa_rating": "", "critics_pick": 0, "byline": "T.M.P.", "headline": "Pepper", "summary_short": "", "publication_date": "1936-08-24", "opening_date": "1936-08-08", "date_updated": "2016-03-30 06:54:34", "link": {"type": "article", "url": "http://www.nytimes.com/movie/review?res=9E0DE3D61E3FEE3BBC4C51DFBE66838D629EDE", "suggested_link_text": "Read the New York Times Review of Pepper"}, "multimedia": null}, {"display_title": "La Mujer del Puerto", "mpaa_rating": "", "critics_pick": 0, "byline": "H.T.S.", "headline": "Mujer del Puerto, La", "summary_short": "", "publication_date": "1936-08-24", "opening_date": "1936-08-23", "date_updated": "2016-03-30 06:42:04", "link": {"type": "article", "url": "http://www.nytimes.com/movie/review?res=9A0DE3D61E3FEE3BBC4C51DFBE66838D629EDE", "suggested_link_text": "Read the New York Times Review of La Mujer del Puerto"}, "multimedia": null}, {"display_title": "Seven Sinners", "mpaa_rating": "", "critics_pick": 0, "byline": "FRANK S. NUGENT", "headline": "Seven Sinners", "summary_short": "", "publication_date": "1936-08-22", "opening_date": "1936-08-15", "date_updated": "2016-03-30 06:52:04", "link": {"type": "article", "url": "http://www.nytimes.com/movie/review?res=9400E7D61E3FEE3BBC4A51DFBE66838D629EDE", "suggested_link_text": "Read the New York Times Review of Seven Sinners"}, "multimedia": null}, {"display_title": "The Crouching Beast", "mpaa_rating": "", "critics_pick": 0, "byline": "J.T.M.", "headline": "Crouching Beast, The", "summary_short": "", "publication_date": "1936-08-22", "opening_date": "1936-08-21", "date_updated": "2016-03-30 06:41:32", "link": {"type": "article", "url": "http://www.nytimes.com/movie/review?res=9D03E7D61E3FEE3BBC4A51DFBE66838D629EDE", "suggested_link_text": "Read the New York Times Review of The Crouching Beast"}, "multimedia": null}, {"display_title": "Romeo and Juliet", "mpaa_rating": "", "critics_pick": 1, "byline": "FRANK S. NUGENT", "headline": "Romeo and Juliet", "summary_short": "Lavish and surprisingly holding, still.", "publication_date": "1936-08-21", "opening_date": "1936-09-03", "date_updated": "2016-03-30 07:29:02", "link": {"type": "article", "url": "http://www.nytimes.com/movie/review?res=9E00E0D81E3FEE3BBC4951DFBE66838D629EDE", "suggested_link_text": "Read the New York Times Review of Romeo and Juliet"}, "multimedia": null}, {"display_title": "My American Wife", "mpaa_rating": "", "critics_pick": 0, "byline": "J.T.M.", "headline": "My American Wife", "summary_short": "So-so comedy. Ann Sothern and Francis Lederer.", "publication_date": "1936-08-21", "opening_date": "1936-08-07", "date_updated": "2016-03-30 07:29:35", "link": {"type": "article", "url": "http://www.nytimes.com/movie/review?res=9900E0D81E3FEE3BBC4951DFBE66838D629EDE", "suggested_link_text": "Read the New York Times Review of My American Wife"}, "multimedia": null}, {"display_title": "Yours for the Asking", "mpaa_rating": "", "critics_pick": 0, "byline": "FRANK S. NUGENT", "headline": "Yours for the Asking", "summary_short": "Only if a gambler's tale is worth enduring listless performances by George Raft and Dolores Costello.", "publication_date": "1936-08-20", "opening_date": "1936-07-24", "date_updated": "2016-03-30 07:05:08", "link": {"type": "article", "url": "http://www.nytimes.com/movie/review?res=9B05E2DE1E30E13BBC4851DFBE66838D629EDE", "suggested_link_text": "Read the New York Times Review of Yours for the Asking"}, "multimedia": null}, {"display_title": "Shakedown", "mpaa_rating": "", "critics_pick": 0, "byline": "F.S.N.", "headline": "Shakedown", "summary_short": "", "publication_date": "1936-08-17", "opening_date": "1936-07-17", "date_updated": "2016-03-30 06:44:31", "link": {"type": "article", "url": "http://www.nytimes.com/movie/review?res=9A0DE2D8143CE53ABC4F52DFBE66838D629EDE", "suggested_link_text": "Read the New York Times Review of Shakedown"}, "multimedia": null}, {"display_title": "I'd Give My Life", "mpaa_rating": "", "critics_pick": 0, "byline": "FRANK S. NUGENT", "headline": "I'd Give my Life", "summary_short": "", "publication_date": "1936-08-17", "opening_date": "1936-08-14", "date_updated": "2016-03-30 06:45:04", "link": {"type": "article", "url": "http://www.nytimes.com/movie/review?res=990DE2D8143CE53ABC4F52DFBE66838D629EDE", "suggested_link_text": "Read the New York Times Review of I'd Give My Life"}, "multimedia": null}, {"display_title": "Serpente A Sonagli", "mpaa_rating": "", "critics_pick": 0, "byline": "H.T.S.", "headline": "Serpente a Sonagli, Il", "summary_short": "", "publication_date": "1936-08-17", "opening_date": "1936-08-16", "date_updated": "2016-03-30 07:19:06", "link": {"type": "article", "url": "http://www.nytimes.com/movie/review?res=9B0DE2D8143CE53ABC4F52DFBE66838D629EDE", "suggested_link_text": "Read the New York Times Review of Serpente A Sonagli"}, "multimedia": null}, {"display_title": "His Brother's Wife", "mpaa_rating": "", "critics_pick": 0, "byline": "FRANK S. NUGENT", "headline": "His Brother's Wife", "summary_short": "His father's mustache. Sudsy and glossy.", "publication_date": "1936-08-15", "opening_date": "1936-08-07", "date_updated": "2016-03-30 07:24:08", "link": {"type": "article", "url": "http://www.nytimes.com/movie/review?res=9403E7D91130E13BBC4D52DFBE66838D629EDE", "suggested_link_text": "Read the New York Times Review of His Brother's Wife"}, "multimedia": null}, {"display_title": "Charlie Chan at the Race Track", "mpaa_rating": "", "critics_pick": 0, "byline": "J.T.M.", "headline": "Charlie Chan at the Race Track", "summary_short": "Average sleuther.", "publication_date": "1936-08-15", "opening_date": "1936-08-07", "date_updated": "2016-03-30 07:12:38", "link": {"type": "article", "url": "http://www.nytimes.com/movie/review?res=9503E7D91130E13BBC4D52DFBE66838D629EDE", "suggested_link_text": "Read the New York Times Review of Charlie Chan at the Race Track"}, "multimedia": null}, {"display_title": "China Clipper", "mpaa_rating": "", "critics_pick": 0, "byline": "FRANK S. NUGENT", "headline": "China Clipper", "summary_short": "Commercial airline adventure. Not bad.", "publication_date": "1936-08-12", "opening_date": "1936-08-22", "date_updated": "2016-03-30 06:53:42", "link": {"type": "article", "url": "http://www.nytimes.com/movie/review?res=9905E6D9173DE33BBC4A52DFBE66838D629EDE", "suggested_link_text": "Read the New York Times Review of China Clipper"}, "multimedia": null}, {"display_title": "Crash Donovan", "mpaa_rating": "", "critics_pick": 0, "byline": "F.S.N.", "headline": "Crash Donovan", "summary_short": "", "publication_date": "1936-08-10", "opening_date": "1936-08-01", "date_updated": "2016-03-30 06:45:19", "link": {"type": "article", "url": "http://www.nytimes.com/movie/review?res=9C02E1DA1130E13BBC4852DFBE66838D629EDE", "suggested_link_text": "Read the New York Times Review of Crash Donovan"}, "multimedia": null}, {"display_title": "Ein Auto Und Kein Geld", "mpaa_rating": "", "critics_pick": 0, "byline": "H.T.S.", "headline": "Auto und Kein Geld, Ein", "summary_short": "", "publication_date": "1936-08-08", "opening_date": "1936-08-07", "date_updated": "2016-03-30 06:42:26", "link": {"type": "article", "url": "http://www.nytimes.com/movie/review?res=9401E1DC1130E13BBC4053DFBE66838D629EDE", "suggested_link_text": "Read the New York Times Review of Ein Auto Und Kein Geld"}, "multimedia": null}]}