{"status": "OK", "copyright": "Copyright (c) 2017 The New York Times Company. All Rights Reserved.", "has_more": true, "num_results": 20, "results": [{"display_title": "The Bad Man", "mpaa_rating": "", "critics_pick": 0, "byline": "T.M.P.", "headline": "Bad Man, The", "summary_short": "A Mexican bandit pays back the indebted rancher who saved his life.", "publication_date": "1941-04-04", "opening_date": "1941-03-28", "date_updated": "2016-03-30 07:13:44", "link": {"type": "article", "url": "http://www.nytimes.com/movie/review?res=9D03E5DD1E3BE33BBC4C53DFB266838A659EDE", "suggested_link_text": "Read the New York Times Review of The Bad Man"}, "multimedia": null}, {"display_title": "Free and Easy", "mpaa_rating": "", "critics_pick": 0, "byline": "BOSLEY CROWTHER", "headline": "Free and Easy", "summary_short": "Down-and-out father and son after rich wives.", "publication_date": "1941-04-03", "opening_date": "1941-02-28", "date_updated": "2016-03-30 07:11:26", "link": {"type": "article", "url": "http://www.nytimes.com/movie/review?res=9805E0DE1339E632A25750C0A9629C946093D6CF", "suggested_link_text": "Read the New York Times Review of Free and Easy"}, "multimedia": null}, {"display_title": "Horror Island", "mpaa_rating": "", "critics_pick": 0, "byline": "T.S.", "headline": "Horror Island", "summary_short": "Not Coney. Crummy.", "publication_date": "1941-03-31", "opening_date": "1941-03-28", "date_updated": "2016-03-30 06:58:43", "link": {"type": "article", "url": "http://www.nytimes.com/movie/review?res=9F04E4DC113DE33BBC4950DFB566838A659EDE", "suggested_link_text": "Read the New York Times Review of Horror Island"}, "multimedia": null}, {"display_title": "Topper Returns", "mpaa_rating": "", "critics_pick": 0, "byline": "T.S.", "headline": "Topper Returns", "summary_short": "End of series and quite perky. Joan floats it.", "publication_date": "1941-03-28", "opening_date": "1941-03-21", "date_updated": "2016-03-30 07:05:03", "link": {"type": "article", "url": "http://www.nytimes.com/movie/review?res=9A05E0DA113BE33BBC4051DFB566838A659EDE", "suggested_link_text": "Read the New York Times Review of Topper Returns"}, "multimedia": null}, {"display_title": "Flight from Destiny", "mpaa_rating": "", "critics_pick": 0, "byline": "T.M.P.", "headline": "Flight From Destiny", "summary_short": "Doomed man aids young couple. Original, interesting drama, able cast.", "publication_date": "1941-03-28", "opening_date": "1941-02-08", "date_updated": "2016-03-30 07:27:18", "link": {"type": "article", "url": "http://www.nytimes.com/movie/review?res=9B05E0DA113BE33BBC4051DFB566838A659EDE", "suggested_link_text": "Read the New York Times Review of Flight from Destiny"}, "multimedia": null}, {"display_title": "Adam Had Four Sons", "mpaa_rating": "", "critics_pick": 0, "byline": "BOSLEY CROWTHER", "headline": "Adam Had Four Sons", "summary_short": "Widower's tense household. One brightness here: a young, witchy Susan.", "publication_date": "1941-03-28", "opening_date": "1941-02-18", "date_updated": "2016-03-30 07:30:10", "link": {"type": "article", "url": "http://www.nytimes.com/movie/review?res=9905E0DA113BE33BBC4051DFB566838A659EDE", "suggested_link_text": "Read the New York Times Review of Adam Had Four Sons"}, "multimedia": null}, {"display_title": "Nice Girl?", "mpaa_rating": "", "critics_pick": 0, "byline": "T.S.", "headline": "Nice Girl", "summary_short": "Deanna sprouts, finally. Nice and light.", "publication_date": "1941-03-27", "opening_date": "1941-02-21", "date_updated": "2016-03-30 07:20:17", "link": {"type": "article", "url": "http://www.nytimes.com/movie/review?res=9D0DE3DD113BE33BBC4F51DFB566838A659EDE", "suggested_link_text": "Read the New York Times Review of Nice Girl?"}, "multimedia": null}, {"display_title": "A Man Betrayed", "mpaa_rating": "", "critics_pick": 0, "byline": "T.M.P.", "headline": "Man Betrayed, A", "summary_short": "Duke's a country lawyer. New to us.", "publication_date": "1941-03-27", "opening_date": "1941-03-07", "date_updated": "2016-03-30 07:12:47", "link": {"type": "article", "url": "http://www.nytimes.com/movie/review?res=9802E6DD113BE33BBC4F51DFB566838A659EDE", "suggested_link_text": "Read the New York Times Review of A Man Betrayed"}, "multimedia": null}, {"display_title": "I Wanted Wings", "mpaa_rating": "", "critics_pick": 0, "byline": "BOSLEY CROWTHER", "headline": "I Wanted Wings", "summary_short": "And got hair. Introducing Lake's peek-a-boo topper. Period.", "publication_date": "1941-03-27", "opening_date": "1941-03-26", "date_updated": "2016-03-30 06:56:23", "link": {"type": "article", "url": "http://www.nytimes.com/movie/review?res=9C0DE3DD113BE33BBC4F51DFB566838A659EDE", "suggested_link_text": "Read the New York Times Review of I Wanted Wings"}, "multimedia": null}, {"display_title": "The Chinese Den", "mpaa_rating": "", "critics_pick": 0, "byline": "BOSLEY CROWTHER", "headline": "Chinese Den", "summary_short": "", "publication_date": "1941-03-26", "opening_date": "1941-03-25", "date_updated": "2016-03-30 07:14:04", "link": {"type": "article", "url": "http://www.nytimes.com/movie/review?res=9F03E0D7103BE33BBC4E51DFB566838A659EDE", "suggested_link_text": "Read the New York Times Review of The Chinese Den"}, "multimedia": null}, {"display_title": "Rage in Heaven", "mpaa_rating": "", "critics_pick": 0, "byline": "BOSLEY CROWTHER", "headline": "Rage in Heaven", "summary_short": "Romantic triangle turns murderous. Good, well-played suspense.", "publication_date": "1941-03-21", "opening_date": "1941-03-07", "date_updated": "2016-03-30 07:10:31", "link": {"type": "article", "url": "http://www.nytimes.com/movie/review?res=9800E1DE103BE33BBC4951DFB566838A659EDE", "suggested_link_text": "Read the New York Times Review of Rage in Heaven"}, "multimedia": null}, {"display_title": "Sleepers West", "mpaa_rating": "", "critics_pick": 0, "byline": "T.M.P.", "headline": "Sleepers West", "summary_short": "", "publication_date": "1941-03-20", "opening_date": "1941-03-14", "date_updated": "2016-03-30 07:11:52", "link": {"type": "article", "url": "http://www.nytimes.com/movie/review?res=9802E3D7103DE33BBC4851DFB566838A659EDE", "suggested_link_text": "Read the New York Times Review of Sleepers West"}, "multimedia": null}, {"display_title": "The Monster and the Girl", "mpaa_rating": "", "critics_pick": 0, "byline": "T.S.", "headline": "Monster and the Girl, The", "summary_short": "Ape stalks the city. Close the window and dial on.", "publication_date": "1941-03-20", "opening_date": "1941-02-28", "date_updated": "2016-03-30 07:15:25", "link": {"type": "article", "url": "http://www.nytimes.com/movie/review?res=9F02E3D7103DE33BBC4851DFB566838A659EDE", "suggested_link_text": "Read the New York Times Review of The Monster and the Girl"}, "multimedia": null}, {"display_title": "Las Vegas Nights", "mpaa_rating": "", "critics_pick": 0, "byline": "BOSLEY CROWTHER", "headline": "Las Vegas Nights", "summary_short": "", "publication_date": "1941-03-20", "opening_date": "1941-03-28", "date_updated": "2016-03-30 07:15:19", "link": {"type": "article", "url": "http://www.nytimes.com/movie/review?res=9E02E3D7103DE33BBC4851DFB566838A659EDE", "suggested_link_text": "Read the New York Times Review of Las Vegas Nights"}, "multimedia": null}, {"display_title": "Man Made Monster", "mpaa_rating": "", "critics_pick": 0, "byline": "BOSLEY CR0WTHER", "headline": "Man Made Monster", "summary_short": "And looks it.", "publication_date": "1941-03-19", "opening_date": "1941-03-28", "date_updated": "2016-03-30 07:22:28", "link": {"type": "article", "url": "http://www.nytimes.com/movie/review?res=9402E0D8103DE33BBC4152DFB566838A659EDE", "suggested_link_text": "Read the New York Times Review of Man Made Monster"}, "multimedia": null}, {"display_title": "Footsteps in the Dark", "mpaa_rating": "", "critics_pick": 0, "byline": "BOSLEY CROWTHER", "headline": "Footsteps in the Dark", "summary_short": "Flynn leads double life. Coy, frail sleuthing.", "publication_date": "1941-03-15", "opening_date": "1941-03-08", "date_updated": "2016-03-30 06:52:09", "link": {"type": "article", "url": "http://www.nytimes.com/movie/review?res=9902E6DD103DE33BBC4D52DFB566838A659EDE", "suggested_link_text": "Read the New York Times Review of Footsteps in the Dark"}, "multimedia": null}, {"display_title": "Cheers for Miss Bishop", "mpaa_rating": "", "critics_pick": 0, "byline": "BOSLEY CROWTHER", "headline": "Cheers for Miss Bishop", "summary_short": "Early schoolmarm saga, still one of the best.", "publication_date": "1941-03-14", "opening_date": "1941-02-21", "date_updated": "2016-03-30 06:56:19", "link": {"type": "article", "url": "http://www.nytimes.com/movie/review?res=9B03E1D7133BE33BBC4C52DFB566838A659EDE", "suggested_link_text": "Read the New York Times Review of Cheers for Miss Bishop"}, "multimedia": null}, {"display_title": "The Roundup", "mpaa_rating": "", "critics_pick": 0, "byline": "T.S.", "headline": "Roundup, The", "summary_short": "", "publication_date": "1941-03-13", "opening_date": "1941-04-04", "date_updated": "2016-03-30 06:52:32", "link": {"type": "article", "url": "http://www.nytimes.com/movie/review?res=9F03E6DC1E38E33BBC4B52DFB566838A659EDE", "suggested_link_text": "Read the New York Times Review of The Roundup"}, "multimedia": null}, {"display_title": "Mr. Dynamite", "mpaa_rating": "", "critics_pick": 0, "byline": "T.M.P.", "headline": "Mr Dynamite", "summary_short": "", "publication_date": "1941-03-13", "opening_date": "1941-03-01", "date_updated": "2016-03-30 07:17:07", "link": {"type": "article", "url": "http://www.nytimes.com/movie/review?res=9C00EFDD1E38E33BBC4B52DFB566838A659EDE", "suggested_link_text": "Read the New York Times Review of Mr. Dynamite"}, "multimedia": null}, {"display_title": "Meet John Doe", "mpaa_rating": "", "critics_pick": 0, "byline": "BOSLEY CROWTHER", "headline": "Meet John Doe", "summary_short": "Drifter vs. fascist tycoon. Brilliant Capra Americana.", "publication_date": "1941-03-13", "opening_date": "1941-05-03", "date_updated": "2016-03-30 06:47:23", "link": {"type": "article", "url": "http://www.nytimes.com/movie/review?res=9501EFDD1E38E33BBC4B52DFB566838A659EDE", "suggested_link_text": "Read the New York Times Review of Meet John Doe"}, "multimedia": null}]}