{"status": "OK", "copyright": "Copyright (c) 2017 The New York Times Company. All Rights Reserved.", "has_more": true, "num_results": 20, "results": [{"display_title": "Millionaires in Prison", "mpaa_rating": "", "critics_pick": 0, "byline": "BOSLEY CROWTHER", "headline": "Millionaires in Prison", "summary_short": "Imprisoned doctor tries to find cure for rare disease.", "publication_date": "1940-07-16", "opening_date": "1940-07-12", "date_updated": "2016-03-30 06:46:52", "link": {"type": "article", "url": "http://www.nytimes.com/movie/review?res=9C03EFDE1E3CE73ABC4E52DFB166838B659EDE", "suggested_link_text": "Read the New York Times Review of Millionaires in Prison"}, "multimedia": null}, {"display_title": "Maryland", "mpaa_rating": "", "critics_pick": 0, "byline": "BOSLEY CROWTHER", "headline": "Maryland", "summary_short": "Fairly good horse drama.", "publication_date": "1940-07-13", "opening_date": "1940-07-19", "date_updated": "2016-03-30 07:10:50", "link": {"type": "article", "url": "http://www.nytimes.com/movie/review?res=9502E0D6123EE432A25750C1A9619C946193D6CF", "suggested_link_text": "Read the New York Times Review of Maryland"}, "multimedia": null}, {"display_title": "Susan and God", "mpaa_rating": "", "critics_pick": 0, "byline": "BOSLEY CROWTHER", "headline": "Susan and God", "summary_short": "Shallow socialite tries religion. Joan's not bad, but she's no Gertie Lawrence.", "publication_date": "1940-07-12", "opening_date": "1940-06-07", "date_updated": "2016-03-30 07:04:57", "link": {"type": "article", "url": "http://www.nytimes.com/movie/review?res=9402EFD7123EE432A25751C1A9619C946193D6CF", "suggested_link_text": "Read the New York Times Review of Susan and God"}, "multimedia": null}, {"display_title": "You're Not So Tough", "mpaa_rating": "", "critics_pick": 0, "byline": "BOSLEY CROWTHER", "headline": "You're not so Tough", "summary_short": "Obvious fable about a juvenile hoodlum.", "publication_date": "1940-07-09", "opening_date": "1940-07-26", "date_updated": "2016-03-30 06:52:39", "link": {"type": "article", "url": "http://www.nytimes.com/movie/review?res=9507E0D61F39E532A2575AC0A9619C946193D6CF", "suggested_link_text": "Read the New York Times Review of You're Not So Tough"}, "multimedia": null}, {"display_title": "All This, and Heaven Too", "mpaa_rating": "", "critics_pick": 0, "byline": "BOSLEY CROWTHER", "headline": "All This and Heaven, Too", "summary_short": "French nobleman, governess and murder. Beautifully handled costume drama.", "publication_date": "1940-07-05", "opening_date": "1940-07-13", "date_updated": "2016-03-30 06:58:58", "link": {"type": "article", "url": "http://www.nytimes.com/movie/review?res=9903EEDA123EE432A25756C0A9619C946193D6CF", "suggested_link_text": "Read the New York Times Review of All This, and Heaven Too"}, "multimedia": null}, {"display_title": "The Ghost Breakers", "mpaa_rating": "", "critics_pick": 0, "byline": "BOSLEY CROWTHER", "headline": "Ghost Breakers, The", "summary_short": "Second of two neat, punchy Hope-Goddard whodunit romps, set in Cuba. Good, creepy fun.", "publication_date": "1940-07-04", "opening_date": "1940-06-21", "date_updated": "2016-03-30 07:22:45", "link": {"type": "article", "url": "http://www.nytimes.com/movie/review?res=9D02E2DA123EE432A25757C0A9619C946193D6CF", "suggested_link_text": "Read the New York Times Review of The Ghost Breakers"}, "multimedia": null}, {"display_title": "The Man Who Talked Too Much", "mpaa_rating": "", "critics_pick": 0, "byline": "BOSLEY CROWTHER", "headline": "Man Who Talked too Much, The", "summary_short": "Contrived gangster melodrama.", "publication_date": "1940-06-29", "opening_date": "1940-07-16", "date_updated": "2016-03-30 06:41:44", "link": {"type": "article", "url": "http://www.nytimes.com/movie/review?res=9D00EEDC1E30E53ABC4151DFB066838B659EDE", "suggested_link_text": "Read the New York Times Review of The Man Who Talked Too Much"}, "multimedia": null}, {"display_title": "Tom Brown's School Days", "mpaa_rating": "", "critics_pick": 0, "byline": "BOSLEY CROWTHER", "headline": "Tom Brown's School Days", "summary_short": "English boys' school.", "publication_date": "1940-06-28", "opening_date": "1940-07-19", "date_updated": "2016-03-30 06:56:20", "link": {"type": "article", "url": "http://www.nytimes.com/movie/review?res=9F0DEEDB123EE432A2575BC2A9609C946193D6CF", "suggested_link_text": "Read the New York Times Review of Tom Brown's School Days"}, "multimedia": null}, {"display_title": "Phantom Raiders", "mpaa_rating": "", "critics_pick": 0, "byline": "DOUGLAS W. CHURCHILL Special to THE NEW YORK TIMES.", "headline": "Phantom Raiders", "summary_short": "Private eye Nick Carter nabs wartime racketeer in Panama.", "publication_date": "1940-06-24", "opening_date": "1940-06-07", "date_updated": "2016-03-30 07:29:21", "link": {"type": "article", "url": "http://www.nytimes.com/movie/review?res=9E05E4D91F39E532A25757C2A9609C946193D6CF", "suggested_link_text": "Read the New York Times Review of Phantom Raiders"}, "multimedia": null}, {"display_title": "Hot Steel", "mpaa_rating": "", "critics_pick": 0, "byline": "BOSLEY CROWTHER", "headline": "Hot Steel", "summary_short": "", "publication_date": "1940-06-21", "opening_date": "1940-05-24", "date_updated": "2016-03-30 06:43:29", "link": {"type": "article", "url": "http://www.nytimes.com/movie/review?res=9D06E3DC1E30E53ABC4951DFB066838B659EDE", "suggested_link_text": "Read the New York Times Review of Hot Steel"}, "multimedia": null}, {"display_title": "Safari", "mpaa_rating": "", "critics_pick": 0, "byline": "BOSLEY CROWTHER", "headline": "Safari", "summary_short": "Darkest Africa and the old, old story.", "publication_date": "1940-06-20", "opening_date": "1940-06-14", "date_updated": "2016-03-30 06:50:03", "link": {"type": "article", "url": "http://www.nytimes.com/movie/review?res=9C07E4DD123EE432A25753C2A9609C946193D6CF", "suggested_link_text": "Read the New York Times Review of Safari"}, "multimedia": null}, {"display_title": "The Doctor Takes a Wife", "mpaa_rating": "", "critics_pick": 0, "byline": "BOSLEY CROWTHER", "headline": "Doctor Takes a Wife, The", "summary_short": "Tartly entertaining little comedy.", "publication_date": "1940-06-15", "opening_date": null, "date_updated": "2016-03-30 06:54:13", "link": {"type": "article", "url": "http://www.nytimes.com/movie/review?res=9E0CE1DE123EE432A25756C1A9609C946193D6CF", "suggested_link_text": "Read the New York Times Review of The Doctor Takes a Wife"}, "multimedia": null}, {"display_title": "Our Town", "mpaa_rating": "Not Rated", "critics_pick": 1, "byline": "BOSLEY CROWTHER", "headline": "Our Town", "summary_short": "Wilder's Grover's Corners. Simple, real and towering.", "publication_date": "1940-06-14", "opening_date": "1940-05-24", "date_updated": "2016-03-30 07:16:43", "link": {"type": "article", "url": "http://www.nytimes.com/movie/review?res=940DE7DE123EE432A25757C1A9609C946193D6CF", "suggested_link_text": "Read the New York Times Review of Our Town"}, "multimedia": null}, {"display_title": "Gangs of Chicago", "mpaa_rating": "", "critics_pick": 0, "byline": "BOSLEY CROWTHER", "headline": "Gangs of Chicago", "summary_short": "", "publication_date": "1940-06-13", "opening_date": "1940-05-19", "date_updated": "2016-03-30 06:42:48", "link": {"type": "article", "url": "http://www.nytimes.com/movie/review?res=9E01E6DD1F39E532A25750C1A9609C946193D6CF", "suggested_link_text": "Read the New York Times Review of Gangs of Chicago"}, "multimedia": null}, {"display_title": "The Crooked Road", "mpaa_rating": "", "critics_pick": 0, "byline": "BOSLEY CROWTHER", "headline": "Crooked Road, The", "summary_short": "", "publication_date": "1940-06-11", "opening_date": "1940-05-10", "date_updated": "2016-03-30 07:07:35", "link": {"type": "article", "url": "http://www.nytimes.com/movie/review?res=9A05E0DF1F39E532A25752C1A9609C946193D6CF", "suggested_link_text": "Read the New York Times Review of The Crooked Road"}, "multimedia": null}, {"display_title": "Island of Doomed Men", "mpaa_rating": "", "critics_pick": 0, "byline": "T. S.", "headline": "Island Of Doomed Men", "summary_short": "Diamond mine, slave labor and no dice.", "publication_date": "1940-06-10", "opening_date": "1940-05-20", "date_updated": "2016-03-30 07:11:40", "link": {"type": "article", "url": "http://www.nytimes.com/movie/review?res=9D06EED61E39E532A25753C1A9609C946193D6CF", "suggested_link_text": "Read the New York Times Review of Island of Doomed Men"}, "multimedia": null}, {"display_title": "Brother Orchid", "mpaa_rating": "", "critics_pick": 0, "byline": "BOSLEY CROWTHER", "headline": "Brother Orchid", "summary_short": "Gangster hides out in monastery. Should have been better.", "publication_date": "1940-06-08", "opening_date": "1940-06-08", "date_updated": "2016-03-30 06:45:35", "link": {"type": "article", "url": "http://www.nytimes.com/movie/review?res=9F07EFDD1E30E53ABC4053DFB066838B659EDE", "suggested_link_text": "Read the New York Times Review of Brother Orchid"}, "multimedia": null}, {"display_title": "Edison, The Man", "mpaa_rating": "", "critics_pick": 0, "byline": "BOSLEY CROWTHER", "headline": "Edison the Man", "summary_short": "Young Tom, the inventor. Steady, unpretentious biodrama.", "publication_date": "1940-06-07", "opening_date": "1940-05-10", "date_updated": "2016-03-30 06:54:54", "link": {"type": "article", "url": "http://www.nytimes.com/movie/review?res=950DE6DD1E30E53ABC4F53DFB066838B659EDE", "suggested_link_text": "Read the New York Times Review of Edison, The Man"}, "multimedia": null}, {"display_title": "Florian", "mpaa_rating": "", "critics_pick": 0, "byline": "BOSLEY CROWTHER", "headline": "Florian", "summary_short": "Grooming a champ horse.", "publication_date": "1940-06-06", "opening_date": null, "date_updated": "2016-03-30 06:42:14", "link": {"type": "article", "url": "http://www.nytimes.com/movie/review?res=9801E2DE1E30E53ABC4E53DFB066838B659EDE", "suggested_link_text": "Read the New York Times Review of Florian"}, "multimedia": null}, {"display_title": "La Conga Nights", "mpaa_rating": "", "critics_pick": 0, "byline": "BOSLEY CROWTHER", "headline": "Conga Nights, La", "summary_short": "", "publication_date": "1940-06-05", "opening_date": "1940-05-31", "date_updated": "2016-03-30 07:29:28", "link": {"type": "article", "url": "http://www.nytimes.com/movie/review?res=9403EFD81E39E532A25756C0A9609C946193D6CF", "suggested_link_text": "Read the New York Times Review of La Conga Nights"}, "multimedia": null}]}