{"status": "OK", "copyright": "Copyright (c) 2017 The New York Times Company. All Rights Reserved.", "has_more": true, "num_results": 20, "results": [{"display_title": "The Navy Comes Through", "mpaa_rating": "", "critics_pick": 0, "byline": "T.M.P.", "headline": "Navy Comes Through, The", "summary_short": "Merchant Marine, wartime, and a little better than that title.", "publication_date": "1942-11-12", "opening_date": "1942-10-30", "date_updated": "2016-03-30 06:53:38", "link": {"type": "article", "url": "http://www.nytimes.com/movie/review?res=9A05E7DE103CE03ABC4A52DFB7678389659EDE", "suggested_link_text": "Read the New York Times Review of The Navy Comes Through"}, "multimedia": null}, {"display_title": "Cairo", "mpaa_rating": "", "critics_pick": 0, "byline": "BOSLEY CROWTHER", "headline": "Cairo", "summary_short": "Reporter fights Nazis. Pleasant but strained espionage spoof.", "publication_date": "1942-11-06", "opening_date": "1942-08-17", "date_updated": "2016-03-30 06:45:48", "link": {"type": "article", "url": "http://www.nytimes.com/movie/review?res=9F01E2D9163CEE3BBC4E53DFB7678389659EDE", "suggested_link_text": "Read the New York Times Review of Cairo"}, "multimedia": null}, {"display_title": "Army Surgeon", "mpaa_rating": "", "critics_pick": 0, "byline": "BOSLEY CROWTHER", "headline": "Army Surgeon", "summary_short": "WWI aviator-nurse-doctor triangle, remembered on WWII transport ship. Fair, but box-office failure.", "publication_date": "1942-11-05", "opening_date": "1942-12-04", "date_updated": "2016-03-30 07:12:21", "link": {"type": "article", "url": "http://www.nytimes.com/movie/review?res=9B07E6D91F3AE13BBC4D53DFB7678389659EDE", "suggested_link_text": "Read the New York Times Review of Army Surgeon"}, "multimedia": null}, {"display_title": "One of Our Aircraft Is Missing", "mpaa_rating": "", "critics_pick": 0, "byline": "T.S.", "headline": "One of our Aircraft Is Missing", "summary_short": "Downed R.A.F. fliers in Holland. Good and atmospheric.", "publication_date": "1942-11-02", "opening_date": null, "date_updated": "2016-03-30 07:11:40", "link": {"type": "article", "url": "http://www.nytimes.com/movie/review?res=980CEFDA163CEE3BBC4A53DFB7678389659EDE", "suggested_link_text": "Read the New York Times Review of One of Our Aircraft Is Missing"}, "multimedia": null}, {"display_title": "George Washington Slept Here", "mpaa_rating": "", "critics_pick": 0, "byline": "BOSLEY CROWTHER", "headline": "George Washington Slept Here", "summary_short": "City dwellers with a country fixer-upper. Cozy version of Kaufman-Hart's Broadway acid.", "publication_date": "1942-10-31", "opening_date": "1942-11-28", "date_updated": "2016-03-30 06:47:19", "link": {"type": "article", "url": "http://www.nytimes.com/movie/review?res=9406E2D9163FE33BBC4950DFB6678389659EDE", "suggested_link_text": "Read the New York Times Review of George Washington Slept Here"}, "multimedia": null}, {"display_title": "Thunder Birds", "mpaa_rating": "", "critics_pick": 0, "byline": "BOSLEY CROWTHER", "headline": "Thunder Birds", "summary_short": "Vet American pilot and British trainee romance Arizona ranch girl.", "publication_date": "1942-10-29", "opening_date": "1942-10-22", "date_updated": "2016-03-30 06:44:09", "link": {"type": "article", "url": "http://www.nytimes.com/movie/review?res=9406E4DA163FE33BBC4151DFB6678389659EDE", "suggested_link_text": "Read the New York Times Review of Thunder Birds"}, "multimedia": null}, {"display_title": "Destination Unknown", "mpaa_rating": "", "critics_pick": 0, "byline": "T.S.", "headline": "Destination Unknown", "summary_short": "", "publication_date": "1942-10-29", "opening_date": "1942-10-09", "date_updated": "2016-03-30 06:43:35", "link": {"type": "article", "url": "http://www.nytimes.com/movie/review?res=9506E4DA163FE33BBC4151DFB6678389659EDE", "suggested_link_text": "Read the New York Times Review of Destination Unknown"}, "multimedia": null}, {"display_title": "The Moon and Sixpence", "mpaa_rating": "", "critics_pick": 0, "byline": "BOSLEY CROWTHER", "headline": "Moon and Sixpence, The", "summary_short": "And a heel, Maugham's Gaugin-like painter. Most interesting, even with that tedious narration.", "publication_date": "1942-10-28", "opening_date": "1942-10-27", "date_updated": "2016-03-30 07:12:51", "link": {"type": "article", "url": "http://www.nytimes.com/movie/review?res=9505E0DD163FE33BBC4051DFB6678389659EDE", "suggested_link_text": "Read the New York Times Review of The Moon and Sixpence"}, "multimedia": null}, {"display_title": "The Mummy's Tomb", "mpaa_rating": "", "critics_pick": 0, "byline": "T.S.", "headline": "Mummy's Tomb, The", "summary_short": "Go ahead. Serves you right.", "publication_date": "1942-10-26", "opening_date": "1942-10-23", "date_updated": "2016-03-30 06:54:58", "link": {"type": "article", "url": "http://www.nytimes.com/movie/review?res=9D07E1DE163FE33BBC4E51DFB6678389659EDE", "suggested_link_text": "Read the New York Times Review of The Mummy's Tomb"}, "multimedia": null}, {"display_title": "Now, Voyager", "mpaa_rating": "Not Rated", "critics_pick": 1, "byline": "T.S.", "headline": "Now, Voyager", "summary_short": "Rich Boston ugly duckling turns swan, in love. One of Bette's beauties.", "publication_date": "1942-10-23", "opening_date": "1942-10-31", "date_updated": "2016-03-30 07:19:34", "link": {"type": "article", "url": "http://www.nytimes.com/movie/review?res=9D02EFD71339E33BBC4B51DFB6678389659EDE", "suggested_link_text": "Read the New York Times Review of Now, Voyager"}, "multimedia": null}, {"display_title": "My Sister Eileen", "mpaa_rating": "", "critics_pick": 0, "byline": "BOSLEY CROWTHER", "headline": "My Sister Eileen", "summary_short": "Those two lost lambs in old Greenwich Village. Funny and bright as it is dated.", "publication_date": "1942-10-23", "opening_date": "1942-09-24", "date_updated": "2016-03-30 07:30:17", "link": {"type": "article", "url": "http://www.nytimes.com/movie/review?res=9B03EFD71339E33BBC4B51DFB6678389659EDE", "suggested_link_text": "Read the New York Times Review of My Sister Eileen"}, "multimedia": null}, {"display_title": "The Man in the Trunk", "mpaa_rating": "", "critics_pick": 0, "byline": "A.W.", "headline": "Man in the Trunk, The", "summary_short": "", "publication_date": "1942-10-23", "opening_date": "1942-09-18", "date_updated": "2016-03-30 07:29:03", "link": {"type": "article", "url": "http://www.nytimes.com/movie/review?res=9403EFD71339E33BBC4B51DFB6678389659EDE", "suggested_link_text": "Read the New York Times Review of The Man in the Trunk"}, "multimedia": null}, {"display_title": "Flying Tigers", "mpaa_rating": "", "critics_pick": 0, "byline": "T.M.P.", "headline": "Flying Tigers", "summary_short": "WWII China and very well done.", "publication_date": "1942-10-23", "opening_date": "1942-10-08", "date_updated": "2016-03-30 06:52:32", "link": {"type": "article", "url": "http://www.nytimes.com/movie/review?res=9503EFD71339E33BBC4B51DFB6678389659EDE", "suggested_link_text": "Read the New York Times Review of Flying Tigers"}, "multimedia": null}, {"display_title": "The Forest Rangers", "mpaa_rating": "", "critics_pick": 0, "byline": "T.S.", "headline": "Forest Rangers, The", "summary_short": "Rangey, easygoing, often amusing.", "publication_date": "1942-10-22", "opening_date": "1942-10-21", "date_updated": "2016-03-30 07:25:29", "link": {"type": "article", "url": "http://www.nytimes.com/movie/review?res=9906E4D71339E33BBC4A51DFB6678389659EDE", "suggested_link_text": "Read the New York Times Review of The Forest Rangers"}, "multimedia": null}, {"display_title": "For Me and My Gal", "mpaa_rating": "Not Rated", "critics_pick": 0, "byline": "BOSLEY CROWTHER", "headline": "For Me and My Gal", "summary_short": "Two vaudevillians. Formula, over-the-years setup but musically ripe.", "publication_date": "1942-10-22", "opening_date": null, "date_updated": "2016-03-30 07:19:48", "link": {"type": "article", "url": "http://www.nytimes.com/movie/review?res=9B06E4D71339E33BBC4A51DFB6678389659EDE", "suggested_link_text": "Read the New York Times Review of For Me and My Gal"}, "multimedia": null}, {"display_title": "The Devil with Hitler", "mpaa_rating": "", "critics_pick": 0, "byline": "T.S.", "headline": "Devil With Hitler, The", "summary_short": "", "publication_date": "1942-10-19", "opening_date": "1942-10-22", "date_updated": "2016-03-30 07:22:03", "link": {"type": "article", "url": "http://www.nytimes.com/movie/review?res=9F04EFD91339E33BBC4152DFB6678389659EDE", "suggested_link_text": "Read the New York Times Review of The Devil with Hitler"}, "multimedia": null}, {"display_title": "You Can't Escape Forever", "mpaa_rating": "", "critics_pick": 0, "byline": "BOSLEY CROWTHER", "headline": "You Can't Escape Forever", "summary_short": "Reporter and girlfriend after crime kingpin.", "publication_date": "1942-10-17", "opening_date": "1942-10-10", "date_updated": "2016-03-30 07:21:32", "link": {"type": "article", "url": "http://www.nytimes.com/movie/review?res=9905E3DF163FE33BBC4F52DFB6678389659EDE", "suggested_link_text": "Read the New York Times Review of You Can't Escape Forever"}, "multimedia": null}, {"display_title": "Sin Town", "mpaa_rating": "", "critics_pick": 0, "byline": "A.W.", "headline": "Sin Town", "summary_short": "Heavy and slow.", "publication_date": "1942-10-17", "opening_date": "1942-09-25", "date_updated": "2016-03-30 07:20:26", "link": {"type": "article", "url": "http://www.nytimes.com/movie/review?res=9A05E3DF163FE33BBC4F52DFB6678389659EDE", "suggested_link_text": "Read the New York Times Review of Sin Town"}, "multimedia": null}, {"display_title": "A Yank at Eton", "mpaa_rating": "", "critics_pick": 0, "byline": "BOSLEY CROWTHER", "headline": "Yank at Eton, A", "summary_short": "Almost wrecks the joint, too. Some funny moments.", "publication_date": "1942-10-16", "opening_date": "1942-09-01", "date_updated": "2016-03-30 06:46:50", "link": {"type": "article", "url": "http://www.nytimes.com/movie/review?res=950DE5D91339E33BBC4E52DFB6678389659EDE", "suggested_link_text": "Read the New York Times Review of A Yank at Eton"}, "multimedia": null}, {"display_title": "Eyes in the Night", "mpaa_rating": "", "critics_pick": 0, "byline": "T.S.", "headline": "Eyes in the Night", "summary_short": "Blind detective discovers Nazi plot.  Nicely old-fashioned suspense, and everyone loves the seeing-eye dog.", "publication_date": "1942-10-16", "opening_date": null, "date_updated": "2016-03-30 07:19:43", "link": {"type": "article", "url": "http://www.nytimes.com/movie/review?res=9C0CE5D91339E33BBC4E52DFB6678389659EDE", "suggested_link_text": "Read the New York Times Review of Eyes in the Night"}, "multimedia": null}]}