{"status": "OK", "copyright": "Copyright (c) 2017 The New York Times Company. All Rights Reserved.", "has_more": true, "num_results": 20, "results": [{"display_title": "What a Woman!", "mpaa_rating": "", "critics_pick": 0, "byline": "BOSLEY CROWTHER", "headline": "What a Woman", "summary_short": "Some brightness, but overtangled story.", "publication_date": "1943-12-03", "opening_date": "1943-12-28", "date_updated": "2016-03-30 07:22:30", "link": {"type": "article", "url": "http://www.nytimes.com/movie/review?res=9C05E1D9103CE03ABC4B53DFB4678388659EDE", "suggested_link_text": "Read the New York Times Review of What a Woman!"}, "multimedia": null}, {"display_title": "Girl Crazy", "mpaa_rating": "", "critics_pick": 0, "byline": "T.S.", "headline": "Girl Crazy", "summary_short": "", "publication_date": "1943-12-03", "opening_date": "1943-11-26", "date_updated": "2016-03-30 07:10:47", "link": {"type": "article", "url": "http://www.nytimes.com/movie/review?res=9D05E1D9103CE03ABC4B53DFB4678388659EDE", "suggested_link_text": "Read the New York Times Review of Girl Crazy"}, "multimedia": null}, {"display_title": "The Cross of Lorraine", "mpaa_rating": "", "critics_pick": 0, "byline": "T.M.P.", "headline": "Cross of Lorraine, The", "summary_short": "Nazi prison camp. Interesting drama, able cast.", "publication_date": "1943-12-03", "opening_date": "1943-11-12", "date_updated": "2016-03-30 06:48:20", "link": {"type": "article", "url": "http://www.nytimes.com/movie/review?res=9E05E1D9103CE03ABC4B53DFB4678388659EDE", "suggested_link_text": "Read the New York Times Review of The Cross of Lorraine"}, "multimedia": null}, {"display_title": "No Time for Love", "mpaa_rating": "", "critics_pick": 0, "byline": "BOSLEY CROWTHER", "headline": "No Time for Love", "summary_short": "Sleek, peppery romantic comedy loses footing. Better first half.", "publication_date": "1943-12-02", "opening_date": "1943-01-01", "date_updated": "2016-03-30 06:46:47", "link": {"type": "article", "url": "http://www.nytimes.com/movie/review?res=9B0CE1DC1E3CEE3BBC4A53DFB4678388659EDE", "suggested_link_text": "Read the New York Times Review of No Time for Love"}, "multimedia": null}, {"display_title": "The Dancing Masters", "mpaa_rating": "", "critics_pick": 0, "byline": "T.S.", "headline": "Dancing Masters, The", "summary_short": "On their toes, and corns. At 'em, boys.", "publication_date": "1943-12-02", "opening_date": "1943-11-19", "date_updated": "2016-03-30 07:11:13", "link": {"type": "article", "url": "http://www.nytimes.com/movie/review?res=940CE1DC1E3CEE3BBC4A53DFB4678388659EDE", "suggested_link_text": "Read the New York Times Review of The Dancing Masters"}, "multimedia": null}, {"display_title": "Northern Pursuit", "mpaa_rating": "", "critics_pick": 0, "byline": "BOSLEY CROWTHER", "headline": "Northern Pursuit", "summary_short": "Canadian Mountie stalks downed Nazi flier. Lively but standard.", "publication_date": "1943-11-26", "opening_date": "1943-11-13", "date_updated": "2016-03-30 06:43:36", "link": {"type": "article", "url": "http://www.nytimes.com/movie/review?res=9504E7D6143DE13BBC4E51DFB7678388659EDE", "suggested_link_text": "Read the New York Times Review of Northern Pursuit"}, "multimedia": null}, {"display_title": "The Heat's On", "mpaa_rating": "", "critics_pick": 0, "byline": "T.S.", "headline": "Heat's on, The", "summary_short": "Musical comedy star caught between two scheming producers. Tepid.", "publication_date": "1943-11-26", "opening_date": "1943-12-02", "date_updated": "2016-03-30 07:26:04", "link": {"type": "article", "url": "http://www.nytimes.com/movie/review?res=9C07E7D6143DE13BBC4E51DFB7678388659EDE", "suggested_link_text": "Read the New York Times Review of The Heat's On"}, "multimedia": null}, {"display_title": "Around the World", "mpaa_rating": "", "critics_pick": 0, "byline": "BOSLEY CROWTHER", "headline": "Around the World", "summary_short": "Thin, plastic little musical.", "publication_date": "1943-11-25", "opening_date": "1943-11-27", "date_updated": "2016-03-30 06:53:32", "link": {"type": "article", "url": "http://www.nytimes.com/movie/review?res=9D00E5DB1330E53BBC4D51DFB7678388659EDE", "suggested_link_text": "Read the New York Times Review of Around the World"}, "multimedia": null}, {"display_title": "Cry Havoc", "mpaa_rating": "", "critics_pick": 0, "byline": "BOSLEY CROWTHER", "headline": "Cry Havoc", "summary_short": "American Army nurses on Japanese-battered Bataan, from the stage. Cast gives it punch.", "publication_date": "1943-11-24", "opening_date": "1944-02-01", "date_updated": "2016-03-30 06:51:05", "link": {"type": "article", "url": "http://www.nytimes.com/movie/review?res=9A02EFD91538E33BBC4C51DFB7678388659EDE", "suggested_link_text": "Read the New York Times Review of Cry Havoc"}, "multimedia": null}, {"display_title": "Guadalcanal Diary", "mpaa_rating": "", "critics_pick": 0, "byline": "BOSLEY CROWTHER", "headline": "Guadalcanal Diary", "summary_short": "Marines. Fierce and solid.", "publication_date": "1943-11-18", "opening_date": "1943-10-27", "date_updated": "2016-03-30 07:26:30", "link": {"type": "article", "url": "http://www.nytimes.com/movie/review?res=9F00E2DA1538E33BBC4052DFB7678388659EDE", "suggested_link_text": "Read the New York Times Review of Guadalcanal Diary"}, "multimedia": null}, {"display_title": "Flesh and Fantasy", "mpaa_rating": "", "critics_pick": 0, "byline": "T.M.P.", "headline": "Flesh and Fantasy", "summary_short": "Three occult tales, longer on stardust than originality and punch. But entertaining.", "publication_date": "1943-11-18", "opening_date": "1943-10-29", "date_updated": "2016-03-30 06:45:40", "link": {"type": "article", "url": "http://www.nytimes.com/movie/review?res=9C03E2DA1538E33BBC4052DFB7678388659EDE", "suggested_link_text": "Read the New York Times Review of Flesh and Fantasy"}, "multimedia": null}, {"display_title": "Gibraltar", "mpaa_rating": "", "critics_pick": 0, "byline": "BOSLEY CROWTHER", "headline": "It Happened in Gibraltar", "summary_short": "", "publication_date": "1943-11-16", "opening_date": "1943-11-15", "date_updated": "2016-03-30 07:23:51", "link": {"type": "article", "url": "http://www.nytimes.com/movie/review?res=9503EEDB1538E33BBC4E52DFB7678388659EDE", "suggested_link_text": "Read the New York Times Review of Gibraltar"}, "multimedia": null}, {"display_title": "Why We Fight", "mpaa_rating": "", "critics_pick": 0, "byline": "BOSLEY CROWTHER", "headline": "Battle of Russia, The", "summary_short": "", "publication_date": "1943-11-15", "opening_date": "1942-05-27", "date_updated": "2016-03-30 06:57:57", "link": {"type": "article", "url": "http://www.nytimes.com/movie/review?res=9401E4D6113CEE3BBC4D52DFB7678388659EDE", "suggested_link_text": "Read the New York Times Review of Why We Fight"}, "multimedia": null}, {"display_title": "Sahara", "mpaa_rating": "", "critics_pick": 1, "byline": "ROSLEY CROWTHER", "headline": "Sahara", "summary_short": "Tanks and sand, WWII North Africa. One of Bogey's best.", "publication_date": "1943-11-12", "opening_date": "1943-11-11", "date_updated": "2016-03-30 07:20:53", "link": {"type": "article", "url": "http://www.nytimes.com/movie/review?res=990CE4DD1538E33BBC4A52DFB7678388659EDE", "suggested_link_text": "Read the New York Times Review of Sahara"}, "multimedia": null}, {"display_title": "I Dood It", "mpaa_rating": "", "critics_pick": 0, "byline": "BOSLEY CROWTHER", "headline": "I Dood It", "summary_short": "He certainly did. Strictly for Red fans.", "publication_date": "1943-11-11", "opening_date": "1943-09-01", "date_updated": "2016-03-30 07:05:27", "link": {"type": "article", "url": "http://www.nytimes.com/movie/review?res=9404E0D7113CEE3BBC4952DFB7678388659EDE", "suggested_link_text": "Read the New York Times Review of I Dood It"}, "multimedia": null}, {"display_title": "El Conde de Monte Cristo", "mpaa_rating": "", "critics_pick": 0, "byline": "B.C.", "headline": "Conde de Monte Cristo, El", "summary_short": "", "publication_date": "1943-11-09", "opening_date": "1943-11-08", "date_updated": "2016-03-30 06:58:28", "link": {"type": "article", "url": "http://www.nytimes.com/movie/review?res=9400E7D7143DE13BBC4153DFB7678388659EDE", "suggested_link_text": "Read the New York Times Review of El Conde de Monte Cristo"}, "multimedia": null}, {"display_title": "Son of Dracula", "mpaa_rating": "", "critics_pick": 0, "byline": "A.W.", "headline": "Son of Dracula", "summary_short": "New plantation locale, same old teeth.", "publication_date": "1943-11-06", "opening_date": "1943-11-05", "date_updated": "2016-03-30 06:49:55", "link": {"type": "article", "url": "http://www.nytimes.com/movie/review?res=9E01E2DF1538E33BBC4E53DFB7678388659EDE", "suggested_link_text": "Read the New York Times Review of Son of Dracula"}, "multimedia": null}, {"display_title": "Princess O'Rourke", "mpaa_rating": "", "critics_pick": 0, "byline": "BOSLEY CROWTHER", "headline": "Princess O'Rourke", "summary_short": "Pilot smitten with royalty. Bright start, then loses altitude.", "publication_date": "1943-11-06", "opening_date": "1943-10-23", "date_updated": "2016-03-30 07:24:04", "link": {"type": "article", "url": "http://www.nytimes.com/movie/review?res=990CE1DF1538E33BBC4E53DFB7678388659EDE", "suggested_link_text": "Read the New York Times Review of Princess O'Rourke"}, "multimedia": null}, {"display_title": "Day After Day", "mpaa_rating": "", "critics_pick": 0, "byline": "T.S.", "headline": "Day After Day", "summary_short": "", "publication_date": "1943-11-06", "opening_date": null, "date_updated": "2016-03-30 06:45:39", "link": {"type": "article", "url": "http://www.nytimes.com/movie/review?res=9C00E0DF1538E33BBC4E53DFB7678388659EDE", "suggested_link_text": "Read the New York Times Review of Day After Day"}, "multimedia": null}, {"display_title": "The North Star", "mpaa_rating": "Not Rated", "critics_pick": 0, "byline": "BOSLEY CROWTHER", "headline": "North Star, The", "summary_short": "Lillian Hellman's brilliantly conceived, often powerful drama of Soviet hamlet under Nazis. Beware some re-editing.", "publication_date": "1943-11-05", "opening_date": null, "date_updated": "2016-03-30 07:29:45", "link": {"type": "article", "url": "http://www.nytimes.com/movie/review?res=9B03E2D8113CEE3BBC4D53DFB7678388659EDE", "suggested_link_text": "Read the New York Times Review of The North Star"}, "multimedia": null}]}