{"status": "OK", "copyright": "Copyright (c) 2017 The New York Times Company. All Rights Reserved.", "has_more": true, "num_results": 20, "results": [{"display_title": "The Red Shoes", "mpaa_rating": "Not Rated", "critics_pick": 1, "byline": "BOSLEY CROWTHER", "headline": "Red Shoes, The", "summary_short": "Most beautiful ballet film ever made.", "publication_date": "1948-10-23", "opening_date": null, "date_updated": "2016-03-30 07:30:28", "link": {"type": "article", "url": "http://www.nytimes.com/movie/review?res=9D02E2DA153DE03ABC4B51DFB6678383659EDE", "suggested_link_text": "Read the New York Times Review of The Red Shoes"}, "multimedia": null}, {"display_title": "Caccia Tragica", "mpaa_rating": "", "critics_pick": 0, "byline": "T. M. P.", "headline": "Tragic Hunt", "summary_short": "", "publication_date": "1948-10-22", "opening_date": null, "date_updated": "2016-03-30 07:19:54", "link": {"type": "article", "url": "http://www.nytimes.com/movie/review?res=9D02EFD7143DEE3ABC4A51DFB6678383659EDE", "suggested_link_text": "Read the New York Times Review of Caccia Tragica"}, "multimedia": null}, {"display_title": "Urubu", "mpaa_rating": "", "critics_pick": 0, "byline": "Thomas M. Pryor", "headline": "Urubu", "summary_short": "", "publication_date": "1948-10-21", "opening_date": "1948-09-24", "date_updated": "2016-03-30 07:14:01", "link": {"type": "article", "url": "http://www.nytimes.com/movie/review?res=940CE3D6173CE733A25752C2A9669D946993D6CF", "suggested_link_text": "Read the New York Times Review of Urubu"}, "multimedia": null}, {"display_title": "The Three Musketeers", "mpaa_rating": "Not Rated", "critics_pick": 0, "byline": "BOSLEY CROWTHER", "headline": "Three Musketeers, The", "summary_short": "Dumas via MGM. Entertaining.", "publication_date": "1948-10-21", "opening_date": "1948-10-20", "date_updated": "2016-03-30 07:27:19", "link": {"type": "article", "url": "http://www.nytimes.com/movie/review?res=9B0CE3D6173CE733A25752C2A9669D946993D6CF", "suggested_link_text": "Read the New York Times Review of The Three Musketeers"}, "multimedia": null}, {"display_title": "A Song Is Born", "mpaa_rating": "", "critics_pick": 0, "byline": "BOSLEY CROWTHER", "headline": "Song Is Born, A", "summary_short": "Eggheads research jazz. Acceptable comedy, no more.", "publication_date": "1948-10-20", "opening_date": "1948-10-19", "date_updated": "2016-03-30 06:42:55", "link": {"type": "article", "url": "http://www.nytimes.com/movie/review?res=950CE4DD163FE03ABC4851DFB6678383659EDE", "suggested_link_text": "Read the New York Times Review of A Song Is Born"}, "multimedia": null}, {"display_title": "Apartment for Peggy", "mpaa_rating": "", "critics_pick": 0, "byline": "BOSLEY CROWTHER", "headline": "Apartment for Peggy", "summary_short": "Young marrieds on postwar campus. Appealing comedy.", "publication_date": "1948-10-16", "opening_date": null, "date_updated": "2016-03-30 06:54:54", "link": {"type": "article", "url": "http://www.nytimes.com/movie/review?res=940CE6DF103CEF33A25755C1A9669D946993D6CF", "suggested_link_text": "Read the New York Times Review of Apartment for Peggy"}, "multimedia": null}, {"display_title": "Macadam", "mpaa_rating": "", "critics_pick": 0, "byline": "T. M. P.", "headline": "Back Streets of Paris", "summary_short": "", "publication_date": "1948-10-16", "opening_date": null, "date_updated": "2016-03-30 07:28:45", "link": {"type": "article", "url": "http://www.nytimes.com/movie/review?res=950CE6DF103CEF33A25755C1A9669D946993D6CF", "suggested_link_text": "Read the New York Times Review of Macadam"}, "multimedia": null}, {"display_title": "Night Has a Thousand Eyes", "mpaa_rating": "", "critics_pick": 0, "byline": "BOSLEY CROWTHER", "headline": "Night Has a Thousand Eyes", "summary_short": "Aging clairvoyant. Uneven, rambling drama. Nice title.", "publication_date": "1948-10-14", "opening_date": null, "date_updated": "2016-03-30 06:44:11", "link": {"type": "article", "url": "http://www.nytimes.com/movie/review?res=990DEFDF123CE23BBC4C52DFB6678383659EDE", "suggested_link_text": "Read the New York Times Review of Night Has a Thousand Eyes"}, "multimedia": null}, {"display_title": "Walk a Crooked Mile", "mpaa_rating": "", "critics_pick": 0, "byline": "BOSLEY CROWTHER", "headline": "Walk a Crooked Mile", "summary_short": "F.B.I. and Scotland Yard routine.", "publication_date": "1948-10-13", "opening_date": "1948-09-02", "date_updated": "2016-03-30 06:52:45", "link": {"type": "article", "url": "http://www.nytimes.com/movie/review?res=9407E0D81F3EE53ABC4B52DFB6678383659EDE", "suggested_link_text": "Read the New York Times Review of Walk a Crooked Mile"}, "multimedia": null}, {"display_title": "The Gallant Blade", "mpaa_rating": "", "critics_pick": 0, "byline": "T. M. P.", "headline": "Gallant Blade", "summary_short": "Medium, painless swashbuckler.", "publication_date": "1948-10-13", "opening_date": null, "date_updated": "2016-03-30 07:21:47", "link": {"type": "article", "url": "http://www.nytimes.com/movie/review?res=9E06E0D81F3EE53ABC4B52DFB6678383659EDE", "suggested_link_text": "Read the New York Times Review of The Gallant Blade"}, "multimedia": null}, {"display_title": "Histoire de Rire", "mpaa_rating": "", "critics_pick": 0, "byline": "A.W.", "headline": "Foolish Husbands", "summary_short": "", "publication_date": "1948-10-11", "opening_date": "1948-10-09", "date_updated": "2016-03-30 06:57:32", "link": {"type": "article", "url": "http://www.nytimes.com/movie/review?res=9801E6D91E3BE33BBC4952DFB6678383659EDE", "suggested_link_text": "Read the New York Times Review of Histoire de Rire"}, "multimedia": null}, {"display_title": "When Love Calls", "mpaa_rating": "", "critics_pick": 0, "byline": "B.C.", "headline": "When Love Calls", "summary_short": "", "publication_date": "1948-10-09", "opening_date": "1948-10-08", "date_updated": "2016-03-30 06:50:17", "link": {"type": "article", "url": "http://www.nytimes.com/movie/review?res=9D04E3D61F3BE433A2575AC0A9669D946993D6CF", "suggested_link_text": "Read the New York Times Review of When Love Calls"}, "multimedia": null}, {"display_title": "Julia Misbehaves", "mpaa_rating": "", "critics_pick": 0, "byline": "BOSLEY CROWTHER", "headline": "Julia Misbehaves", "summary_short": "Former showgirl's daughter is engaged. Pleasant milling, after perkier start.", "publication_date": "1948-10-08", "opening_date": "1948-08-08", "date_updated": "2016-03-30 06:53:47", "link": {"type": "article", "url": "http://www.nytimes.com/movie/review?res=9D0CE6DA153DE03ABC4053DFB6678383659EDE", "suggested_link_text": "Read the New York Times Review of Julia Misbehaves"}, "multimedia": null}, {"display_title": "16 Fathoms Deep", "mpaa_rating": "", "critics_pick": 0, "byline": "T.M.P.", "headline": "16 Fathoms Deep", "summary_short": "It sinks.", "publication_date": "1948-10-07", "opening_date": "1948-07-25", "date_updated": "2016-03-30 07:07:35", "link": {"type": "article", "url": "http://www.nytimes.com/movie/review?res=9B06E6DC1E3BE33BBC4F53DFB6678383659EDE", "suggested_link_text": "Read the New York Times Review of 16 Fathoms Deep"}, "multimedia": null}, {"display_title": "Isn't It Romantic?", "mpaa_rating": "", "critics_pick": 0, "byline": "BOSLEY CROWTHER", "headline": "Isn't It Romantic?", "summary_short": "No. Not in the least.", "publication_date": "1948-10-07", "opening_date": null, "date_updated": "2016-03-30 07:13:22", "link": {"type": "article", "url": "http://www.nytimes.com/movie/review?res=9406E6DC1E3BE33BBC4F53DFB6678383659EDE", "suggested_link_text": "Read the New York Times Review of Isn't It Romantic?"}, "multimedia": null}, {"display_title": "The Black Arrow", "mpaa_rating": "", "critics_pick": 0, "byline": "A.W.", "headline": "Black Arrow, The", "summary_short": "Not-bad swashbuckler about War of Roses.", "publication_date": "1948-10-04", "opening_date": "1948-06-30", "date_updated": "2016-03-30 06:49:12", "link": {"type": "article", "url": "http://www.nytimes.com/movie/review?res=9C00E2DA133EE03BBC4C53DFB6678383659EDE", "suggested_link_text": "Read the New York Times Review of The Black Arrow"}, "multimedia": null}, {"display_title": "Ruy Blas", "mpaa_rating": "", "critics_pick": 0, "byline": "BOSLEY CROWTHER", "headline": "Ruy Blas", "summary_short": "", "publication_date": "1948-10-04", "opening_date": null, "date_updated": "2016-03-30 07:22:25", "link": {"type": "article", "url": "http://www.nytimes.com/movie/review?res=9501E2DA133EE03BBC4C53DFB6678383659EDE", "suggested_link_text": "Read the New York Times Review of Ruy Blas"}, "multimedia": null}, {"display_title": "Johnny Belinda", "mpaa_rating": "Not Rated", "critics_pick": 1, "byline": "BOSLEY CROWTHER", "headline": "Johnny Belinda", "summary_short": "Victimized deaf-mute. Jane won Oscar, despite sadly slack direction.", "publication_date": "1948-10-02", "opening_date": "1948-09-14", "date_updated": "2016-03-30 06:45:16", "link": {"type": "article", "url": "http://www.nytimes.com/movie/review?res=9E05EED81E39E33ABC4A53DFB6678383659EDE", "suggested_link_text": "Read the New York Times Review of Johnny Belinda"}, "multimedia": null}, {"display_title": "Red River", "mpaa_rating": "", "critics_pick": 1, "byline": "BOSLEY CROWTHER", "headline": "Red River", "summary_short": "Father-son rift during cattle drive. Forceful.", "publication_date": "1948-10-01", "opening_date": "1948-09-17", "date_updated": "2016-03-30 07:29:58", "link": {"type": "article", "url": "http://www.nytimes.com/movie/review?res=9C06E3D61F3CE03ABC4953DFB6678383659EDE", "suggested_link_text": "Read the New York Times Review of Red River"}, "multimedia": null}, {"display_title": "Hamlet", "mpaa_rating": "Not Rated", "critics_pick": 1, "byline": "BOSLEY CROWTHER", "headline": "Hamlet", "summary_short": "Memorable interpretation. Best part last: funeral cortege, roving camera, cannon, music.", "publication_date": "1948-09-30", "opening_date": null, "date_updated": "2016-03-30 07:05:07", "link": {"type": "article", "url": "http://www.nytimes.com/movie/review?res=9E0CEFD71F3CE03ABC4850DFBF668383659EDE", "suggested_link_text": "Read the New York Times Review of Hamlet"}, "multimedia": null}]}