{"status": "OK", "copyright": "Copyright (c) 2017 The New York Times Company. All Rights Reserved.", "has_more": true, "num_results": 20, "results": [{"display_title": "Going My Way", "mpaa_rating": "", "critics_pick": 1, "byline": "BOSLEY CROWTHER", "headline": "Going my Way", "summary_short": "Big wartime hit about two ever so human priests. Bing and Barry won Oscars.", "publication_date": "1944-05-03", "opening_date": null, "date_updated": "2016-03-30 07:06:13", "link": {"type": "article", "url": "http://www.nytimes.com/movie/review?res=9407E6D8123DE13BBC4B53DFB366838F659EDE", "suggested_link_text": "Read the New York Times Review of Going My Way"}, "multimedia": null}, {"display_title": "Jam Session", "mpaa_rating": "", "critics_pick": 0, "byline": "P.P.K.", "headline": "Jam Session", "summary_short": "", "publication_date": "1944-05-03", "opening_date": "1944-04-13", "date_updated": "2016-03-30 06:50:44", "link": {"type": "article", "url": "http://www.nytimes.com/movie/review?res=9C06E6D8123DE13BBC4B53DFB366838F659EDE", "suggested_link_text": "Read the New York Times Review of Jam Session"}, "multimedia": null}, {"display_title": "Sol Over Klara", "mpaa_rating": "", "critics_pick": 0, "byline": "P.P.K.", "headline": "Sun Over Klara", "summary_short": "", "publication_date": "1944-05-01", "opening_date": "1944-04-30", "date_updated": "2016-03-30 07:14:48", "link": {"type": "article", "url": "http://www.nytimes.com/movie/review?res=980CE3DC1338E33BBC4953DFB366838F659EDE", "suggested_link_text": "Read the New York Times Review of Sol Over Klara"}, "multimedia": null}, {"display_title": "The Whistler", "mpaa_rating": "", "critics_pick": 0, "byline": "ROSLEY CROWTHER", "headline": "Whistler, The", "summary_short": "Mourning man pays a killer to slay him, then changes his mind.", "publication_date": "1944-04-29", "opening_date": "1944-03-30", "date_updated": "2016-03-30 07:22:22", "link": {"type": "article", "url": "http://www.nytimes.com/movie/review?res=9802E7D9123DE13BBC4151DFB266838F659EDE", "suggested_link_text": "Read the New York Times Review of The Whistler"}, "multimedia": null}, {"display_title": "This Is the Life", "mpaa_rating": "", "critics_pick": 0, "byline": "BOSLEY CROWTHER", "headline": "This is the Life", "summary_short": "Young singer develops crush on older man.", "publication_date": "1944-04-28", "opening_date": "1944-06-02", "date_updated": "2016-03-30 06:47:50", "link": {"type": "article", "url": "http://www.nytimes.com/movie/review?res=9B07E7D91130E53BBC4051DFB266838F659EDE", "suggested_link_text": "Read the New York Times Review of This Is the Life"}, "multimedia": null}, {"display_title": "One Inch From Victory", "mpaa_rating": "", "critics_pick": 0, "byline": "BOSLEY CROWTHER", "headline": "One Inch From Victory", "summary_short": "", "publication_date": "1944-04-27", "opening_date": null, "date_updated": "2016-03-30 06:51:51", "link": {"type": "article", "url": "http://www.nytimes.com/movie/review?res=990DEEDA123DE13BBC4F51DFB266838F659EDE", "suggested_link_text": "Read the New York Times Review of One Inch From Victory"}, "multimedia": null}, {"display_title": "Follow the Boys", "mpaa_rating": "", "critics_pick": 0, "byline": "BOSLEY CROWTHER", "headline": "Follow the Boys", "summary_short": "Typical all-star, specialty roundup as wartime entertainment. Some parts quite good.", "publication_date": "1944-04-26", "opening_date": "1944-05-05", "date_updated": "2016-03-30 06:45:30", "link": {"type": "article", "url": "http://www.nytimes.com/movie/review?res=9D04E7DC1331E03BBC4E51DFB266838F659EDE", "suggested_link_text": "Read the New York Times Review of Follow the Boys"}, "multimedia": null}, {"display_title": "Que Lindo es Michoacan", "mpaa_rating": "", "critics_pick": 0, "byline": "P.P.K.", "headline": "Que Lindo es Michoacan", "summary_short": "", "publication_date": "1944-04-22", "opening_date": "1944-04-25", "date_updated": "2016-03-30 07:05:55", "link": {"type": "article", "url": "http://www.nytimes.com/movie/review?res=9F07E6DA1130E53BBC4A51DFB266838F659EDE", "suggested_link_text": "Read the New York Times Review of Que Lindo es Michoacan"}, "multimedia": null}, {"display_title": "The Negro Soldier", "mpaa_rating": "", "critics_pick": 0, "byline": "B.C.", "headline": "Negro Soldier, The", "summary_short": "", "publication_date": "1944-04-22", "opening_date": "1944-04-10", "date_updated": "2016-03-30 07:26:31", "link": {"type": "article", "url": "http://www.nytimes.com/movie/review?res=9B04E6DA1130E53BBC4A51DFB266838F659EDE", "suggested_link_text": "Read the New York Times Review of The Negro Soldier"}, "multimedia": null}, {"display_title": "Up in Mabel's Room", "mpaa_rating": "", "critics_pick": 0, "byline": "BOSLEY CROWTHER", "headline": "Up in Mabel's Room", "summary_short": "Mabel schmabel but some broad, funny trouping.", "publication_date": "1944-04-22", "opening_date": "1944-04-07", "date_updated": "2016-03-30 07:13:52", "link": {"type": "article", "url": "http://www.nytimes.com/movie/review?res=9E07E6DA1130E53BBC4A51DFB266838F659EDE", "suggested_link_text": "Read the New York Times Review of Up in Mabel's Room"}, "multimedia": null}, {"display_title": "Knickerbocker Holiday", "mpaa_rating": "", "critics_pick": 0, "byline": "P.P.K.", "headline": "Knickerbocker Holiday", "summary_short": "Stuyvesant's Old New York, and juiceless clone of Broadway. Some Weill-Anderson music survives, including ``September Song.''", "publication_date": "1944-04-20", "opening_date": "1944-03-17", "date_updated": "2016-03-30 07:20:58", "link": {"type": "article", "url": "http://www.nytimes.com/movie/review?res=9E07E0DC143EE03BBC4851DFB266838F659EDE", "suggested_link_text": "Read the New York Times Review of Knickerbocker Holiday"}, "multimedia": null}, {"display_title": "Buffalo Bill", "mpaa_rating": "", "critics_pick": 0, "byline": "BOSLEY CROWTHER", "headline": "Buffalo Bill", "summary_short": "Steady and appealing biodrama.", "publication_date": "1944-04-20", "opening_date": "1944-04-01", "date_updated": "2016-03-30 07:21:50", "link": {"type": "article", "url": "http://www.nytimes.com/movie/review?res=9D07E0DC143EE03BBC4851DFB266838F659EDE", "suggested_link_text": "Read the New York Times Review of Buffalo Bill"}, "multimedia": null}, {"display_title": "Costal Command", "mpaa_rating": "", "critics_pick": 0, "byline": "BOSLEY CROWTHER", "headline": "Coastal Command", "summary_short": "", "publication_date": "1944-04-19", "opening_date": "1944-04-17", "date_updated": "2016-03-30 07:13:13", "link": {"type": "article", "url": "http://www.nytimes.com/movie/review?res=9E05E4DC143EE03BBC4152DFB266838F659EDE", "suggested_link_text": "Read the New York Times Review of Costal Command"}, "multimedia": null}, {"display_title": "Address Unknown", "mpaa_rating": "", "critics_pick": 0, "byline": "T.M.P.", "headline": "Address Unknown", "summary_short": "Gripping anti-Nazi drama with spine-chilling climax.", "publication_date": "1944-04-17", "opening_date": "1944-06-01", "date_updated": "2016-03-30 07:21:23", "link": {"type": "article", "url": "http://www.nytimes.com/movie/review?res=9A07E1D8113CE03ABC4F52DFB266838F659EDE", "suggested_link_text": "Read the New York Times Review of Address Unknown"}, "multimedia": null}, {"display_title": "Broadway Rhythm", "mpaa_rating": "", "critics_pick": 0, "byline": "B.C.", "headline": "Broadway Rhythm", "summary_short": "Medium musical.", "publication_date": "1944-04-14", "opening_date": "1944-01-19", "date_updated": "2016-03-30 07:05:09", "link": {"type": "article", "url": "http://www.nytimes.com/movie/review?res=9F04E3DD123DE13BBC4C52DFB266838F659EDE", "suggested_link_text": "Read the New York Times Review of Broadway Rhythm"}, "multimedia": null}, {"display_title": "The Yellow Canary", "mpaa_rating": "", "critics_pick": 0, "byline": "T.M.P.", "headline": "Yellow Canary, The", "summary_short": "British woman poses as Nazi sympathizer. Colorful, lively suspense.", "publication_date": "1944-04-14", "opening_date": null, "date_updated": "2016-03-30 06:42:28", "link": {"type": "article", "url": "http://www.nytimes.com/movie/review?res=9A04E3DD123DE13BBC4C52DFB266838F659EDE", "suggested_link_text": "Read the New York Times Review of The Yellow Canary"}, "multimedia": null}, {"display_title": "The Memphis Belle", "mpaa_rating": "", "critics_pick": 0, "byline": "BOSLEY CROWTHER", "headline": "Memphis Belle, The", "summary_short": "", "publication_date": "1944-04-14", "opening_date": "1944-04-13", "date_updated": "2016-03-30 06:46:07", "link": {"type": "article", "url": "http://www.nytimes.com/movie/review?res=9E0CE1DE123DE13BBC4C52DFB266838F659EDE", "suggested_link_text": "Read the New York Times Review of The Memphis Belle"}, "multimedia": null}, {"display_title": "Rationing", "mpaa_rating": "", "critics_pick": 0, "byline": "T.M.P.", "headline": "Rationing", "summary_short": "Comedy about gasoline shortage, World War II.", "publication_date": "1944-04-10", "opening_date": "1944-03-24", "date_updated": "2016-03-30 07:19:50", "link": {"type": "article", "url": "http://www.nytimes.com/movie/review?res=9F02E4DD1331E03BBC4852DFB266838F659EDE", "suggested_link_text": "Read the New York Times Review of Rationing"}, "multimedia": null}, {"display_title": "Lost Angel", "mpaa_rating": "Not Rated", "critics_pick": 0, "byline": "BOSLEY CROWTHER", "headline": "Lost Angel", "summary_short": "Precocious child learns about reality through reporter. Okay whimsy.", "publication_date": "1944-04-10", "opening_date": null, "date_updated": "2016-03-30 07:29:57", "link": {"type": "article", "url": "http://www.nytimes.com/movie/review?res=9E02E4DD1331E03BBC4852DFB266838F659EDE", "suggested_link_text": "Read the New York Times Review of Lost Angel"}, "multimedia": null}, {"display_title": "Uncertain Glory", "mpaa_rating": "", "critics_pick": 0, "byline": "BOSLEY CROWTHER", "headline": "Uncertain Glory", "summary_short": "Unconvincing drama of French crook turned patriot in Nazi-held France. Fine Lukas.", "publication_date": "1944-04-08", "opening_date": "1944-04-22", "date_updated": "2016-03-30 07:30:32", "link": {"type": "article", "url": "http://www.nytimes.com/movie/review?res=9407E7DB1130E53BBC4053DFB266838F659EDE", "suggested_link_text": "Read the New York Times Review of Uncertain Glory"}, "multimedia": null}]}