{"status": "OK", "copyright": "Copyright (c) 2017 The New York Times Company. All Rights Reserved.", "has_more": true, "num_results": 20, "results": [{"display_title": "Hollywood Hotel", "mpaa_rating": "", "critics_pick": 0, "byline": "FRANK S. NUGENT", "headline": "Hollywood Hotel", "summary_short": "Talent contest winner, via Busby Berkeley. Creamy old radio spoof, ripely entertaining now.", "publication_date": "1938-01-13", "opening_date": "1938-01-15", "date_updated": "2016-03-30 07:29:07", "link": {"type": "article", "url": "http://www.nytimes.com/movie/review?res=9A07E2D9113EE03ABC4B52DFB7668383629EDE", "suggested_link_text": "Read the New York Times Review of Hollywood Hotel"}, "multimedia": null}, {"display_title": "Manhattan Merry-Go-Round", "mpaa_rating": "", "critics_pick": 0, "byline": "FRANK S NUGENT", "headline": "Manhattan Merry-Go-Round", "summary_short": "Harmless musical antique.", "publication_date": "1937-12-31", "opening_date": "1937-11-26", "date_updated": "2016-03-30 07:21:29", "link": {"type": "article", "url": "http://www.nytimes.com/movie/review?res=9E00E3D91230EE35A75752C3A9649D946694D6CF", "suggested_link_text": "Read the New York Times Review of Manhattan Merry-Go-Round"}, "multimedia": null}, {"display_title": "Submarine D-1", "mpaa_rating": "", "critics_pick": 0, "byline": "FRANK S NUGENT", "headline": "Submarine D-1", "summary_short": "Standard.", "publication_date": "1937-12-30", "opening_date": "1937-11-27", "date_updated": "2016-03-30 07:25:08", "link": {"type": "article", "url": "http://www.nytimes.com/movie/review?res=9E02E1DE1230EE35A75753C3A9649D946694D6CF", "suggested_link_text": "Read the New York Times Review of Submarine D-1"}, "multimedia": null}, {"display_title": "Swing It, Sailor!", "mpaa_rating": "", "critics_pick": 0, "byline": "FRANK S. NUGENT", "headline": "Swing It, Sailor", "summary_short": "", "publication_date": "1937-12-13", "opening_date": "1938-02-04", "date_updated": "2016-03-30 06:50:49", "link": {"type": "article", "url": "http://www.nytimes.com/movie/review?res=9A05E1DA1F30EE32A25750C1A9649D946694D6CF", "suggested_link_text": "Read the New York Times Review of Swing It, Sailor!"}, "multimedia": null}, {"display_title": "Thrill of a Lifetime", "mpaa_rating": "", "critics_pick": 0, "byline": "FRANK S. NUGENT", "headline": "Thrill of a Lifetime", "summary_short": "", "publication_date": "1937-12-09", "opening_date": "1937-12-03", "date_updated": "2016-03-30 07:27:31", "link": {"type": "article", "url": "http://www.nytimes.com/movie/review?res=9807E7DC1331E033A2575AC0A9649D946694D6CF", "suggested_link_text": "Read the New York Times Review of Thrill of a Lifetime"}, "multimedia": null}, {"display_title": "Non-Stop New York", "mpaa_rating": "", "critics_pick": 0, "byline": "B. R. C.", "headline": "Non-Stop New York", "summary_short": "Early trans- Atlantic suspense.", "publication_date": "1937-11-29", "opening_date": "1937-11-28", "date_updated": "2016-03-30 06:48:37", "link": {"type": "article", "url": "http://www.nytimes.com/movie/review?res=9C01E2D8103DE23ABC4151DFB767838C629EDE", "suggested_link_text": "Read the New York Times Review of Non-Stop New York"}, "multimedia": null}, {"display_title": "River of Unrest", "mpaa_rating": "", "critics_pick": 0, "byline": "FRANK S. NUGENT", "headline": "River of Unrest", "summary_short": "", "publication_date": "1937-11-27", "opening_date": "1937-11-26", "date_updated": "2016-03-30 07:26:58", "link": {"type": "article", "url": "http://www.nytimes.com/movie/review?res=9A06E1DA1638E033A25754C2A9679D946694D6CF", "suggested_link_text": "Read the New York Times Review of River of Unrest"}, "multimedia": null}, {"display_title": "Breakfast for Two", "mpaa_rating": "", "critics_pick": 0, "byline": "FRANK S. NUGENT", "headline": "Breakfast for Two", "summary_short": "Rich Texan tries to tame playboy.", "publication_date": "1937-11-20", "opening_date": "1937-10-22", "date_updated": "2016-03-30 07:05:52", "link": {"type": "article", "url": "http://www.nytimes.com/movie/review?res=9902E6D7133EE03ABC4851DFB767838C629EDE", "suggested_link_text": "Read the New York Times Review of Breakfast for Two"}, "multimedia": null}, {"display_title": "Stand-In", "mpaa_rating": "", "critics_pick": 0, "byline": "FRANK S. NUGENT", "headline": "Stand-In", "summary_short": "Quietly amusing satire of Hollywood. Nice, forgotten diversion from the golden days.", "publication_date": "1937-11-19", "opening_date": "1937-10-29", "date_updated": "2016-03-30 06:48:54", "link": {"type": "article", "url": "http://www.nytimes.com/movie/review?res=9905E1DD103DE23ABC4152DFB767838C629EDE", "suggested_link_text": "Read the New York Times Review of Stand-In"}, "multimedia": null}, {"display_title": "Ebb Tide", "mpaa_rating": "", "critics_pick": 0, "byline": "FRANK S. NUGENT", "headline": "Ebb Tide", "summary_short": "Ebb is the word. Anemic.", "publication_date": "1937-11-18", "opening_date": null, "date_updated": "2016-03-30 06:51:53", "link": {"type": "article", "url": "http://www.nytimes.com/movie/review?res=9D00E0DE103DE23ABC4052DFB767838C629EDE", "suggested_link_text": "Read the New York Times Review of Ebb Tide"}, "multimedia": null}, {"display_title": "Hurricane", "mpaa_rating": "", "critics_pick": 0, "byline": "FRANK S. NUGENT", "headline": "Hurricane, The", "summary_short": "The life and death of a tropic isle. Memorable, including that music.", "publication_date": "1937-11-10", "opening_date": null, "date_updated": "2016-03-30 07:09:51", "link": {"type": "article", "url": "http://www.nytimes.com/movie/review?res=9805E1D9133DE23ABC4852DFB767838C629EDE", "suggested_link_text": "Read the New York Times Review of Hurricane"}, "multimedia": null}, {"display_title": "The Awful Truth", "mpaa_rating": "Not Rated", "critics_pick": 1, "byline": "B. R. Crisler", "headline": "THE AWFUL TRUTH (MOVIE)", "summary_short": "Divorcing couple with remarriage plans. Delectable old marital romp.", "publication_date": "1937-11-05", "opening_date": "1937-10-21", "date_updated": "2016-03-30 06:43:23", "link": {"type": "article", "url": "http://www.nytimes.com/movie/review?res=9D51A0C01339F932A25754C3BF67", "suggested_link_text": "Read the New York Times Review of The Awful Truth"}, "multimedia": null}, {"display_title": "Renfrew on the Great White Trail", "mpaa_rating": "", "critics_pick": 0, "byline": "FRANK S. NUGENT", "headline": "Renfrew of the Royal Mounted", "summary_short": "Singing Mountie tracks counterfeiters and courts a girl.", "publication_date": "1937-11-03", "opening_date": "1938-07-22", "date_updated": "2016-03-30 06:45:23", "link": {"type": "article", "url": "http://www.nytimes.com/movie/review?res=9F0DEEDE133DE23ABC4B53DFB767838C629EDE", "suggested_link_text": "Read the New York Times Review of Renfrew on the Great White Trail"}, "multimedia": null}, {"display_title": "Atlantic Flight", "mpaa_rating": "", "critics_pick": 0, "byline": "H. T. S.", "headline": "Atlantic Flight", "summary_short": "", "publication_date": "1937-11-01", "opening_date": "1937-08-25", "date_updated": "2016-03-30 07:27:05", "link": {"type": "article", "url": "http://www.nytimes.com/movie/review?res=9C06E1DF133DE23ABC4953DFB767838C629EDE", "suggested_link_text": "Read the New York Times Review of Atlantic Flight"}, "multimedia": null}, {"display_title": "Murder in Greenwich Village", "mpaa_rating": "", "critics_pick": 0, "byline": "FRANK S. NUGENT.", "headline": "Murder in Greenwich Village", "summary_short": "", "publication_date": "1937-10-30", "opening_date": "1937-11-03", "date_updated": "2016-03-30 07:06:06", "link": {"type": "article", "url": "http://www.nytimes.com/movie/review?res=9900E6DF133DE23ABC4850DFB667838C629EDE", "suggested_link_text": "Read the New York Times Review of Murder in Greenwich Village"}, "multimedia": null}, {"display_title": "The Perfect Specimen", "mpaa_rating": "", "critics_pick": 0, "byline": "FRANK S. NUGENT", "headline": "Perfect Specimen, The", "summary_short": "Cloistered rich youth meets earthy girl. Good perky start but levels off disappointingly. Errol tries gamely but Joan keeps it afloat.", "publication_date": "1937-10-28", "opening_date": null, "date_updated": "2016-03-30 07:22:01", "link": {"type": "article", "url": "http://www.nytimes.com/movie/review?res=9403E4D7123DE23ABC4051DFB667838C629EDE", "suggested_link_text": "Read the New York Times Review of The Perfect Specimen"}, "multimedia": null}, {"display_title": "Double Wedding", "mpaa_rating": "", "critics_pick": 0, "byline": "FRANK S. NUGENT", "headline": "Double Wedding", "summary_short": "Amusing romantic tangle. Bouncier than usual Powell-Loy fare, gamely served.", "publication_date": "1937-10-22", "opening_date": "1937-10-15", "date_updated": "2016-03-30 07:28:50", "link": {"type": "article", "url": "http://www.nytimes.com/movie/review?res=980CE3DC123DE23ABC4A51DFB667838C629EDE", "suggested_link_text": "Read the New York Times Review of Double Wedding"}, "multimedia": null}, {"display_title": "Over the Goal", "mpaa_rating": "", "critics_pick": 0, "byline": "FRANK S. NUGENT", "headline": "Over the Goal", "summary_short": "Two minutes to play. Will the injured hero break away from his jailers in time to win the big football game? Nothing to cheer.", "publication_date": "1937-10-16", "opening_date": "1937-10-16", "date_updated": "2016-03-30 07:14:02", "link": {"type": "article", "url": "http://www.nytimes.com/movie/review?res=9B02E7DB1F30EE32A25755C1A9669D946694D6CF", "suggested_link_text": "Read the New York Times Review of Over the Goal"}, "multimedia": null}, {"display_title": "Alcatraz Island", "mpaa_rating": "", "critics_pick": 0, "byline": "FRANK S. NUGENT", "headline": "Alcatraz Island", "summary_short": "Student learns her father's a criminal.", "publication_date": "1937-10-14", "opening_date": "1937-11-06", "date_updated": "2016-03-30 06:55:07", "link": {"type": "article", "url": "http://www.nytimes.com/movie/review?res=9F01E2D6153DE23ABC4C52DFB667838C629EDE", "suggested_link_text": "Read the New York Times Review of Alcatraz Island"}, "multimedia": null}, {"display_title": "Green Fields", "mpaa_rating": "", "critics_pick": 0, "byline": "FRANK S. NUGENT", "headline": "Green Fields", "summary_short": "Scholar leaves synagogue for farm. Nice adaptation of Yiddish stage classic.", "publication_date": "1937-10-12", "opening_date": "1937-10-11", "date_updated": "2016-03-30 06:48:31", "link": {"type": "article", "url": "http://www.nytimes.com/movie/review?res=9E0CE0D8153DE23ABC4A52DFB667838C629EDE", "suggested_link_text": "Read the New York Times Review of Green Fields"}, "multimedia": null}]}