{"status": "OK", "copyright": "Copyright (c) 2017 The New York Times Company. All Rights Reserved.", "has_more": true, "num_results": 20, "results": [{"display_title": "Viktor und Viktoria", "mpaa_rating": "", "critics_pick": 0, "byline": "H.T.S.", "headline": "Viktor und Viktoria", "summary_short": "", "publication_date": "1935-01-28", "opening_date": "1935-01-27", "date_updated": "2016-03-30 07:09:19", "link": {"type": "article", "url": "http://www.nytimes.com/movie/review?res=9407E7D8123DE53ABC4051DFB766838E629EDE", "suggested_link_text": "Read the New York Times Review of Viktor und Viktoria"}, "multimedia": null}, {"display_title": "Sing Sing Nights", "mpaa_rating": "", "critics_pick": 0, "byline": "F.S.N.", "headline": "Sing Sing Nights", "summary_short": "", "publication_date": "1935-01-26", "opening_date": "1934-12-15", "date_updated": "2016-03-30 07:25:08", "link": {"type": "article", "url": "http://www.nytimes.com/movie/review?res=9407E0DB123DE53ABC4E51DFB766838E629EDE", "suggested_link_text": "Read the New York Times Review of Sing Sing Nights"}, "multimedia": null}, {"display_title": "Behind the Evidence", "mpaa_rating": "", "critics_pick": 0, "byline": "ANDRE SENNWALD.", "headline": "Behind the Evidence", "summary_short": "", "publication_date": "1935-01-26", "opening_date": "1935-01-08", "date_updated": "2016-03-30 06:58:15", "link": {"type": "article", "url": "http://www.nytimes.com/movie/review?res=9B07E0DB123DE53ABC4E51DFB766838E629EDE", "suggested_link_text": "Read the New York Times Review of Behind the Evidence"}, "multimedia": null}, {"display_title": "The Iron Duke", "mpaa_rating": "", "critics_pick": 0, "byline": "ANDRE SENNWALD.", "headline": "Iron Duke, The", "summary_short": "Wellington and more a witty Arliss than history but who cares?", "publication_date": "1935-01-25", "opening_date": null, "date_updated": "2016-03-30 07:24:03", "link": {"type": "article", "url": "http://www.nytimes.com/movie/review?res=9F0CE3D7103FE53ABC4D51DFB766838E629EDE", "suggested_link_text": "Read the New York Times Review of The Iron Duke"}, "multimedia": null}, {"display_title": "Bordertown", "mpaa_rating": "", "critics_pick": 0, "byline": "ANDRE SENNWALD.", "headline": "Bordertown", "summary_short": "Two romantic triangles at casino. Good, heaving melodrama.", "publication_date": "1935-01-24", "opening_date": "1935-01-23", "date_updated": "2016-03-30 06:45:03", "link": {"type": "article", "url": "http://www.nytimes.com/movie/review?res=9500E0D81639EE32A25757C2A9679C946494D6CF", "suggested_link_text": "Read the New York Times Review of Bordertown"}, "multimedia": null}, {"display_title": "Baboona", "mpaa_rating": "", "critics_pick": 0, "byline": "ANDRE SENNWALD.", "headline": "Baboona", "summary_short": "", "publication_date": "1935-01-23", "opening_date": "1935-01-22", "date_updated": "2016-03-30 06:45:47", "link": {"type": "article", "url": "http://www.nytimes.com/movie/review?res=9F00E3D8103FE53ABC4B51DFB766838E629EDE", "suggested_link_text": "Read the New York Times Review of Baboona"}, "multimedia": null}, {"display_title": "Charlie Chan in Paris", "mpaa_rating": "", "critics_pick": 0, "byline": "ANDRE SENNWALD.", "headline": "Charlie Chan in Paris", "summary_short": "A counterfeiting ring.", "publication_date": "1935-01-22", "opening_date": "1935-01-21", "date_updated": "2016-03-30 07:10:39", "link": {"type": "article", "url": "http://www.nytimes.com/movie/review?res=990DE4DB123DE53ABC4A51DFB766838E629EDE", "suggested_link_text": "Read the New York Times Review of Charlie Chan in Paris"}, "multimedia": null}, {"display_title": "David Copperfield", "mpaa_rating": "", "critics_pick": 1, "byline": "ANDRE SENNWALD.", "headline": "David Copperfield", "summary_short": "Splendid Dickens. Model filming of a classic.", "publication_date": "1935-01-19", "opening_date": null, "date_updated": "2016-03-30 07:23:53", "link": {"type": "article", "url": "http://www.nytimes.com/movie/review?res=9403E0D9103FE53ABC4152DFB766838E629EDE", "suggested_link_text": "Read the New York Times Review of David Copperfield"}, "multimedia": null}, {"display_title": "Un Soir De Reveillon", "mpaa_rating": "", "critics_pick": 0, "byline": "H.T.S.", "headline": "Soir de Reveillon", "summary_short": "", "publication_date": "1935-01-19", "opening_date": "1935-01-18", "date_updated": "2016-03-30 07:15:04", "link": {"type": "article", "url": "http://www.nytimes.com/movie/review?res=9C02E0D9103FE53ABC4152DFB766838E629EDE", "suggested_link_text": "Read the New York Times Review of Un Soir De Reveillon"}, "multimedia": null}, {"display_title": "Clive of India", "mpaa_rating": "", "critics_pick": 0, "byline": "ANDRE SENNWALD.", "headline": "Clive of India", "summary_short": "Very good biodrama of England's great soldier-politician. Full-rigged, stately, often sweeping.", "publication_date": "1935-01-18", "opening_date": "1935-01-25", "date_updated": "2016-03-30 07:24:39", "link": {"type": "article", "url": "http://www.nytimes.com/movie/review?res=9906E6DD123DE53ABC4052DFB766838E629EDE", "suggested_link_text": "Read the New York Times Review of Clive of India"}, "multimedia": null}, {"display_title": "Romance in Manhattan", "mpaa_rating": "", "critics_pick": 0, "byline": "A.S.", "headline": "Romance in Manhattan", "summary_short": "Manhattan chorine helps Czechoslovak immigrant. Mild, genial romantic comedy.", "publication_date": "1935-01-18", "opening_date": "1935-01-11", "date_updated": "2016-03-30 06:45:33", "link": {"type": "article", "url": "http://www.nytimes.com/movie/review?res=9A06E6DD123DE53ABC4052DFB766838E629EDE", "suggested_link_text": "Read the New York Times Review of Romance in Manhattan"}, "multimedia": null}, {"display_title": "The White Cockatoo", "mpaa_rating": "", "critics_pick": 0, "byline": "F.S.N.", "headline": "White Cockatoo, The", "summary_short": "A greedy killer tries to prevent two heirs from claiming a vast fortune.", "publication_date": "1935-01-16", "opening_date": "1935-01-29", "date_updated": "2016-03-30 06:43:40", "link": {"type": "article", "url": "http://www.nytimes.com/movie/review?res=9D06E1DE123DE53ABC4E52DFB766838E629EDE", "suggested_link_text": "Read the New York Times Review of The White Cockatoo"}, "multimedia": null}, {"display_title": "The Silver Streak", "mpaa_rating": "", "critics_pick": 0, "byline": "F.S.N.", "headline": "Silver Streak, The", "summary_short": "Cross-country train with medical apparatus races to save boy's life.", "publication_date": "1935-01-16", "opening_date": "1934-12-21", "date_updated": "2016-03-30 07:21:22", "link": {"type": "article", "url": "http://www.nytimes.com/movie/review?res=9C06E1DE123DE53ABC4E52DFB766838E629EDE", "suggested_link_text": "Read the New York Times Review of The Silver Streak"}, "multimedia": null}, {"display_title": "The Night Is Young", "mpaa_rating": "", "critics_pick": 0, "byline": "ANDRE SENNWALD.", "headline": "Night is Young, The", "summary_short": "Nice old operetta about nobleman, ballerina, princess. Hoisted by lovely Romberg score.", "publication_date": "1935-01-14", "opening_date": "1935-01-11", "date_updated": "2016-03-30 06:47:51", "link": {"type": "article", "url": "http://www.nytimes.com/movie/review?res=9A07EFDA103FE53ABC4C52DFB766838E629EDE", "suggested_link_text": "Read the New York Times Review of The Night Is Young"}, "multimedia": null}, {"display_title": "The Unfinished Symphony", "mpaa_rating": "", "critics_pick": 0, "byline": "A.S.", "headline": "Unfinished Symphony", "summary_short": "", "publication_date": "1935-01-14", "opening_date": "1935-05-30", "date_updated": "2016-03-30 06:42:50", "link": {"type": "article", "url": "http://www.nytimes.com/movie/review?res=9B07EFDA103FE53ABC4C52DFB766838E629EDE", "suggested_link_text": "Read the New York Times Review of The Unfinished Symphony"}, "multimedia": null}, {"display_title": "Lives of a Bengal Lancer", "mpaa_rating": "Not Rated", "critics_pick": 1, "byline": "ANDRE SENNWALD.", "headline": "Lives of a Bengal Lancer, The", "summary_short": "Three British soldiers vs. invaders. Super-old adventure of colonial India.", "publication_date": "1935-01-12", "opening_date": null, "date_updated": "2016-03-30 06:57:47", "link": {"type": "article", "url": "http://www.nytimes.com/movie/review?res=9E00EFD61E3FE03ABC4A52DFB766838E629EDE", "suggested_link_text": "Read the New York Times Review of Lives of a Bengal Lancer"}, "multimedia": null}, {"display_title": "Enter Madame", "mpaa_rating": "", "critics_pick": 0, "byline": "F.S.N.", "headline": "Enter Madame", "summary_short": "Boudoir sophistication, dated but undull.", "publication_date": "1935-01-12", "opening_date": "1935-01-04", "date_updated": "2016-03-30 06:45:58", "link": {"type": "article", "url": "http://www.nytimes.com/movie/review?res=9F00EFD61E3FE03ABC4A52DFB766838E629EDE", "suggested_link_text": "Read the New York Times Review of Enter Madame"}, "multimedia": null}, {"display_title": "Cette Vieille Canaille", "mpaa_rating": "", "critics_pick": 0, "byline": "H.T.S.", "headline": "Cette Vielle Canaille", "summary_short": "", "publication_date": "1935-01-12", "opening_date": "1935-01-11", "date_updated": "2016-03-30 07:11:50", "link": {"type": "article", "url": "http://www.nytimes.com/movie/review?res=9800EFD61E3FE03ABC4A52DFB766838E629EDE", "suggested_link_text": "Read the New York Times Review of Cette Vieille Canaille"}, "multimedia": null}, {"display_title": "Evergreen", "mpaa_rating": "", "critics_pick": 0, "byline": "ANDRE SENNWALD.", "headline": "Evergreen", "summary_short": "Entrancing old musical from England, a rarity back then. Lovely Rodgers and Hart score. Viva Jessie!", "publication_date": "1935-01-11", "opening_date": "1934-12-31", "date_updated": "2016-03-30 06:47:03", "link": {"type": "article", "url": "http://www.nytimes.com/movie/review?res=9B02E4DA103FE53ABC4952DFB766838E629EDE", "suggested_link_text": "Read the New York Times Review of Evergreen"}, "multimedia": null}, {"display_title": "Mystery Woman", "mpaa_rating": "", "critics_pick": 0, "byline": "F.S.N.", "headline": "Mystery Woman", "summary_short": "", "publication_date": "1935-01-09", "opening_date": "1935-01-08", "date_updated": "2016-03-30 06:55:45", "link": {"type": "article", "url": "http://www.nytimes.com/movie/review?res=9401E6D7153DE53ABC4153DFB766838E629EDE", "suggested_link_text": "Read the New York Times Review of Mystery Woman"}, "multimedia": null}]}