{"status": "OK", "copyright": "Copyright (c) 2017 The New York Times Company. All Rights Reserved.", "has_more": true, "num_results": 20, "results": [{"display_title": "San Quentin", "mpaa_rating": "", "critics_pick": 0, "byline": "A.W.", "headline": "San Quentin", "summary_short": "Routine.", "publication_date": "1947-02-10", "opening_date": "1946-12-16", "date_updated": "2016-03-30 06:58:25", "link": {"type": "article", "url": "http://www.nytimes.com/movie/review?res=9D02E7DD133EEE3BBC4852DFB466838C659EDE", "suggested_link_text": "Read the New York Times Review of San Quentin"}, "multimedia": null}, {"display_title": "Bedelia", "mpaa_rating": "", "critics_pick": 0, "byline": "BOSLEY CROWTHER", "headline": "Bedelia", "summary_short": "Marries, poisons, repeatedly. Old hat.", "publication_date": "1947-02-08", "opening_date": "1947-02-01", "date_updated": "2016-03-30 06:43:59", "link": {"type": "article", "url": "http://www.nytimes.com/movie/review?res=9A0CEED8123EEE3BBC4053DFB466838C659EDE", "suggested_link_text": "Read the New York Times Review of Bedelia"}, "multimedia": null}, {"display_title": "Easy Come, Easy Go", "mpaa_rating": "", "critics_pick": 0, "byline": "BOSLEY CROWTHER", "headline": "Easy Come, Easy Go", "summary_short": "Miss Lynn is charming. The Fitzgerald blarney weighs a ton. Dial on.", "publication_date": "1947-02-06", "opening_date": "1947-03-07", "date_updated": "2016-03-30 07:10:30", "link": {"type": "article", "url": "http://www.nytimes.com/movie/review?res=9A07E2D8123EEE3BBC4E53DFB466838C659EDE", "suggested_link_text": "Read the New York Times Review of Easy Come, Easy Go"}, "multimedia": null}, {"display_title": "Swell Guy", "mpaa_rating": "", "critics_pick": 0, "byline": "BOSLEY CROWTHER", "headline": "Swell Guy", "summary_short": "", "publication_date": "1947-01-27", "opening_date": "1946-12-05", "date_updated": "2016-03-30 07:26:42", "link": {"type": "article", "url": "http://www.nytimes.com/movie/review?res=9501E7D7103BEF3ABC4F51DFB766838C659EDE", "suggested_link_text": "Read the New York Times Review of Swell Guy"}, "multimedia": null}, {"display_title": "The Man I Love", "mpaa_rating": "", "critics_pick": 0, "byline": "BOSLEY CROWTHER", "headline": "Man I Love, The", "summary_short": "Club singer and gangster. Pulp stuff but vivid and punchy. Good Ida, as usual.", "publication_date": "1947-01-25", "opening_date": "1947-01-11", "date_updated": "2016-03-30 07:14:22", "link": {"type": "article", "url": "http://www.nytimes.com/movie/review?res=9A06E1DC163CE13BBC4D51DFB766838C659EDE", "suggested_link_text": "Read the New York Times Review of The Man I Love"}, "multimedia": null}, {"display_title": "The Yearling", "mpaa_rating": "", "critics_pick": 1, "byline": "BOSLEY CROWTHER", "headline": "Yearling, The", "summary_short": "Rawlings's backwoods boy and pet fawn. Sturdy drama, wonderfully atmospheric.", "publication_date": "1947-01-24", "opening_date": "1947-05-01", "date_updated": "2016-03-30 06:52:07", "link": {"type": "article", "url": "http://www.nytimes.com/movie/review?res=9505E3DE123EEE3BBC4C51DFB766838C659EDE", "suggested_link_text": "Read the New York Times Review of The Yearling"}, "multimedia": null}, {"display_title": "Lady in the Lake", "mpaa_rating": "", "critics_pick": 0, "byline": "T.M.P.", "headline": "Lady in the Lake", "summary_short": "Philip Marlowe searches for publisher's missing wife.  Chandler whodunit, using camera as sleuth, almost works.", "publication_date": "1947-01-24", "opening_date": null, "date_updated": "2016-03-30 06:54:50", "link": {"type": "article", "url": "http://www.nytimes.com/movie/review?res=9C04E3DE123EEE3BBC4C51DFB766838C659EDE", "suggested_link_text": "Read the New York Times Review of Lady in the Lake"}, "multimedia": null}, {"display_title": "Wake up and Dream", "mpaa_rating": "", "critics_pick": 0, "byline": "A.W.", "headline": "Wake up and Dream", "summary_short": "Confused, to put it mildly.", "publication_date": "1947-01-24", "opening_date": "1946-12-02", "date_updated": "2016-03-30 07:15:06", "link": {"type": "article", "url": "http://www.nytimes.com/movie/review?res=9E04E3DE123EEE3BBC4C51DFB766838C659EDE", "suggested_link_text": "Read the New York Times Review of Wake up and Dream"}, "multimedia": null}, {"display_title": "Sinbad the Sailor", "mpaa_rating": "", "critics_pick": 0, "byline": "BOSLEY CROWTHER", "headline": "Sinbad the Sailor", "summary_short": "Seeking the treasure of Alexander the Great. Florid.", "publication_date": "1947-01-23", "opening_date": "1947-01-13", "date_updated": "2016-03-30 06:43:09", "link": {"type": "article", "url": "http://www.nytimes.com/movie/review?res=9D00E5DC163CE13BBC4B51DFB766838C659EDE", "suggested_link_text": "Read the New York Times Review of Sinbad the Sailor"}, "multimedia": null}, {"display_title": "Dead Reckoning", "mpaa_rating": "", "critics_pick": 0, "byline": "T.M.P.", "headline": "Dead Reckoning", "summary_short": "Rambling, intricate chase-whodunit.", "publication_date": "1947-01-23", "opening_date": "1947-01-16", "date_updated": "2016-03-30 06:57:19", "link": {"type": "article", "url": "http://www.nytimes.com/movie/review?res=9E00E5DC163CE13BBC4B51DFB766838C659EDE", "suggested_link_text": "Read the New York Times Review of Dead Reckoning"}, "multimedia": null}, {"display_title": "Her Sister's Secret", "mpaa_rating": "Not Rated", "critics_pick": 0, "byline": "A.W.", "headline": "Her Sister's Secret", "summary_short": "", "publication_date": "1947-01-23", "opening_date": "1946-09-23", "date_updated": "2016-03-30 06:48:12", "link": {"type": "article", "url": "http://www.nytimes.com/movie/review?res=9F00E5DC163CE13BBC4B51DFB766838C659EDE", "suggested_link_text": "Read the New York Times Review of Her Sister's Secret"}, "multimedia": null}, {"display_title": "L'Espoir", "mpaa_rating": "", "critics_pick": 0, "byline": "BOSLEY CROWTHER", "headline": "Sierra de Teruel", "summary_short": "", "publication_date": "1947-01-21", "opening_date": null, "date_updated": "2016-03-30 07:20:11", "link": {"type": "article", "url": "http://www.nytimes.com/movie/review?res=9505E4DC153AEF3ABC4951DFB766838C659EDE", "suggested_link_text": "Read the New York Times Review of L'Espoir"}, "multimedia": null}, {"display_title": "The Perfect Marriage", "mpaa_rating": "", "critics_pick": 0, "byline": "T.M.P.", "headline": "Perfect Marriage, The", "summary_short": "Like heck it is. Tedious.", "publication_date": "1947-01-16", "opening_date": "1947-01-24", "date_updated": "2016-03-30 06:52:58", "link": {"type": "article", "url": "http://www.nytimes.com/movie/review?res=9902E5DE163CE13BBC4E52DFB766838C659EDE", "suggested_link_text": "Read the New York Times Review of The Perfect Marriage"}, "multimedia": null}, {"display_title": "13 Rue Madeleine", "mpaa_rating": "", "critics_pick": 0, "byline": "BOSLEY CBOWTHER", "headline": "13 Rue Madeleine", "summary_short": "Excellent, graphic thriller of American agents infiltrating Nazi-held France.", "publication_date": "1947-01-16", "opening_date": null, "date_updated": "2016-03-30 07:15:49", "link": {"type": "article", "url": "http://www.nytimes.com/movie/review?res=9403E5DE163CE13BBC4E52DFB766838C659EDE", "suggested_link_text": "Read the New York Times Review of 13 Rue Madeleine"}, "multimedia": null}, {"display_title": "California", "mpaa_rating": "", "critics_pick": 0, "byline": "BOSLEY CROWTHER", "headline": "California", "summary_short": "Expansive, unsurprising western.", "publication_date": "1947-01-15", "opening_date": "1947-02-21", "date_updated": "2016-03-30 07:16:36", "link": {"type": "article", "url": "http://www.nytimes.com/movie/review?res=9F00E7DD1F3FE03ABC4D52DFB766838C659EDE", "suggested_link_text": "Read the New York Times Review of California"}, "multimedia": null}, {"display_title": "Ladies' Man", "mpaa_rating": "", "critics_pick": 0, "byline": "A. W.", "headline": "Ladies' Man", "summary_short": "", "publication_date": "1947-01-13", "opening_date": "1947-02-07", "date_updated": "2016-03-30 07:15:18", "link": {"type": "article", "url": "http://www.nytimes.com/movie/review?res=9C06E6D91E3EE53ABC4B52DFB766838C659EDE", "suggested_link_text": "Read the New York Times Review of Ladies' Man"}, "multimedia": null}, {"display_title": "Murder in Reverse", "mpaa_rating": "", "critics_pick": 0, "byline": "B. C.", "headline": "Murder in Reverse", "summary_short": "", "publication_date": "1947-01-11", "opening_date": null, "date_updated": "2016-03-30 06:46:49", "link": {"type": "article", "url": "http://www.nytimes.com/movie/review?res=9F02E4D9153EEE3BBC4952DFB766838C659EDE", "suggested_link_text": "Read the New York Times Review of Murder in Reverse"}, "multimedia": null}, {"display_title": "Love Laughs at Andy Hardy", "mpaa_rating": "", "critics_pick": 0, "byline": "BOSLEY CROWTHER", "headline": "Love Laughs at Andy Hardy", "summary_short": "Fresh out of Army uniform, fresher than ever.", "publication_date": "1947-01-08", "opening_date": "1947-01-16", "date_updated": "2016-03-30 06:52:27", "link": {"type": "article", "url": "http://www.nytimes.com/movie/review?res=9F04E0DD153EEE3BBC4053DFB766838C659EDE", "suggested_link_text": "Read the New York Times Review of Love Laughs at Andy Hardy"}, "multimedia": null}, {"display_title": "The Return of Monte Cristo", "mpaa_rating": "", "critics_pick": 0, "byline": "BOSLEY CROWTHER", "headline": "Return of Monte Cristo, The", "summary_short": "So-so.", "publication_date": "1947-01-03", "opening_date": "1946-12-19", "date_updated": "2016-03-30 07:28:35", "link": {"type": "article", "url": "http://www.nytimes.com/movie/review?res=9C0CE6DD143EE53ABC4B53DFB766838C659EDE", "suggested_link_text": "Read the New York Times Review of The Return of Monte Cristo"}, "multimedia": null}, {"display_title": "The Time, the Place and the Girl", "mpaa_rating": "", "critics_pick": 0, "byline": "BOSLEY CROWTHER", "headline": "Time, The Place And The Girl, The", "summary_short": "The usual.", "publication_date": "1946-12-27", "opening_date": "1946-12-28", "date_updated": "2016-03-30 06:44:36", "link": {"type": "article", "url": "http://www.nytimes.com/movie/review?res=9B07E2DC163DEE3BBC4F51DFB467838D659EDE", "suggested_link_text": "Read the New York Times Review of The Time, the Place and the Girl"}, "multimedia": null}]}