{"status": "OK", "copyright": "Copyright (c) 2017 The New York Times Company. All Rights Reserved.", "has_more": true, "num_results": 20, "results": [{"display_title": "My Favorite Wife", "mpaa_rating": "", "critics_pick": 0, "byline": "BOSLEY CROWTHER", "headline": "My Favorite Wife", "summary_short": "Light update of ``Enoch Arden'' theme. Some nimble trouping.", "publication_date": "1940-05-31", "opening_date": "1940-05-04", "date_updated": "2016-03-30 06:45:29", "link": {"type": "article", "url": "http://www.nytimes.com/movie/review?res=9E05E6D91531E23ABC4950DFB366838B659EDE", "suggested_link_text": "Read the New York Times Review of My Favorite Wife"}, "multimedia": null}, {"display_title": "Women in War", "mpaa_rating": "", "critics_pick": 0, "byline": "BOSLEY CROWTHER", "headline": "Women in War", "summary_short": "", "publication_date": "1940-05-30", "opening_date": "1940-06-06", "date_updated": "2016-03-30 06:54:28", "link": {"type": "article", "url": "http://www.nytimes.com/movie/review?res=9A02E4DB1531E23ABC4850DFB366838B659EDE", "suggested_link_text": "Read the New York Times Review of Women in War"}, "multimedia": null}, {"display_title": "The Saint Takes Over", "mpaa_rating": "", "critics_pick": 0, "byline": "BOSLEY CROWTHER", "headline": "Saint Takes Over, The", "summary_short": "Okay, for the Saint.", "publication_date": "1940-05-28", "opening_date": "1940-06-07", "date_updated": "2016-03-30 06:54:43", "link": {"type": "article", "url": "http://www.nytimes.com/movie/review?res=9D00E7DF1F30E43ABC4051DFB366838B659EDE", "suggested_link_text": "Read the New York Times Review of The Saint Takes Over"}, "multimedia": null}, {"display_title": "You Can't Fool Your Wife", "mpaa_rating": "", "critics_pick": 0, "byline": "BOSLEY CROWTHER", "headline": "You Can't Fool Your Wife", "summary_short": "Young couple finally split, as in-laws gloat.", "publication_date": "1940-05-24", "opening_date": "1940-05-21", "date_updated": "2016-03-30 06:44:51", "link": {"type": "article", "url": "http://www.nytimes.com/movie/review?res=9505E6DE1E3CE73ABC4C51DFB366838B659EDE", "suggested_link_text": "Read the New York Times Review of You Can't Fool Your Wife"}, "multimedia": null}, {"display_title": "The Biscuit Eater", "mpaa_rating": "", "critics_pick": 0, "byline": "BOSLEY CROWTHER", "headline": "Biscuit Eater, The", "summary_short": "Medium dog-boy story.", "publication_date": "1940-05-23", "opening_date": "1940-05-24", "date_updated": "2016-03-30 07:28:05", "link": {"type": "article", "url": "http://www.nytimes.com/movie/review?res=9A0CE5DA1E30E43ABC4B51DFB366838B659EDE", "suggested_link_text": "Read the New York Times Review of The Biscuit Eater"}, "multimedia": null}, {"display_title": "Ski Patrol", "mpaa_rating": "", "critics_pick": 0, "byline": "BOSLEY CROWTHER", "headline": "Ski Patrol", "summary_short": "", "publication_date": "1940-05-21", "opening_date": "1940-05-10", "date_updated": "2016-03-30 06:52:49", "link": {"type": "article", "url": "http://www.nytimes.com/movie/review?res=9503E6DF1E30E43ABC4951DFB366838B659EDE", "suggested_link_text": "Read the New York Times Review of Ski Patrol"}, "multimedia": null}, {"display_title": "Lillian Russell", "mpaa_rating": "", "critics_pick": 0, "byline": "BOSLEY CROWTHER", "headline": "Lillian Russell", "summary_short": "Tame, with music and plumes. Good bit with Weber and Fields.", "publication_date": "1940-05-18", "opening_date": "1940-05-25", "date_updated": "2016-03-30 07:16:03", "link": {"type": "article", "url": "http://www.nytimes.com/movie/review?res=9C01E0D81130E53ABC4052DFB366838B659EDE", "suggested_link_text": "Read the New York Times Review of Lillian Russell"}, "multimedia": null}, {"display_title": "Slightly Honorable", "mpaa_rating": "", "critics_pick": 0, "byline": "BOSLEY CROWTHER", "headline": "Slightly Honorable", "summary_short": "Snappy political whodunit. Few lulls.", "publication_date": "1940-05-17", "opening_date": "1939-12-22", "date_updated": "2016-03-30 07:27:01", "link": {"type": "article", "url": "http://www.nytimes.com/movie/review?res=9804E7D91130E43ABC4F52DFB366838B659EDE", "suggested_link_text": "Read the New York Times Review of Slightly Honorable"}, "multimedia": null}, {"display_title": "Alias the Deacon", "mpaa_rating": "", "critics_pick": 0, "byline": "BOSLEY CROWTHER", "headline": "Alias the Deacon", "summary_short": "", "publication_date": "1940-05-14", "opening_date": "1940-05-17", "date_updated": "2016-03-30 07:28:50", "link": {"type": "article", "url": "http://www.nytimes.com/movie/review?res=9E00EFDA1130E53ABC4C52DFB366838B659EDE", "suggested_link_text": "Read the New York Times Review of Alias the Deacon"}, "multimedia": null}, {"display_title": "Dark Command", "mpaa_rating": "", "critics_pick": 0, "byline": "BOSLEY CROWTHER", "headline": "Dark Command", "summary_short": "Quantrill's raiders. No heights but no lulls. Action aplenty.", "publication_date": "1940-05-11", "opening_date": "1940-04-15", "date_updated": "2016-03-30 07:11:40", "link": {"type": "article", "url": "http://www.nytimes.com/movie/review?res=9D00E2DC1130E43ABC4952DFB366838B659EDE", "suggested_link_text": "Read the New York Times Review of Dark Command"}, "multimedia": null}, {"display_title": "An Angel From Texas", "mpaa_rating": "", "critics_pick": 0, "byline": "BOSLEY CROWTHER", "headline": "Angel From Texas, An", "summary_short": "Genial, obvious comedy of yokel conned by producers.", "publication_date": "1940-05-10", "opening_date": "1940-04-27", "date_updated": "2016-03-30 07:16:44", "link": {"type": "article", "url": "http://www.nytimes.com/movie/review?res=9A04E3DE1431E23ABC4852DFB366838B659EDE", "suggested_link_text": "Read the New York Times Review of An Angel From Texas"}, "multimedia": null}, {"display_title": "Women Without Names", "mpaa_rating": "", "critics_pick": 0, "byline": "BOSLEY CROWTHER", "headline": "Women Without Names", "summary_short": "Innocent couple framed by district attorney.", "publication_date": "1940-05-09", "opening_date": "1940-03-15", "date_updated": "2016-03-30 06:49:49", "link": {"type": "article", "url": "http://www.nytimes.com/movie/review?res=9E02E3DE1130E43ABC4153DFB366838B659EDE", "suggested_link_text": "Read the New York Times Review of Women Without Names"}, "multimedia": null}, {"display_title": "West of Carson City", "mpaa_rating": "", "critics_pick": 0, "byline": "BOSLEY CROWTHER", "headline": "West of Carson City", "summary_short": "", "publication_date": "1940-05-07", "opening_date": null, "date_updated": "2016-03-30 07:23:18", "link": {"type": "article", "url": "http://www.nytimes.com/movie/review?res=9A07E4D81F3CE533A25754C0A9639C946193D6CF", "suggested_link_text": "Read the New York Times Review of West of Carson City"}, "multimedia": null}, {"display_title": "If I Had My Way", "mpaa_rating": "", "critics_pick": 0, "byline": "BOSLEY CROWTHER", "headline": "If I Had my Way", "summary_short": "Vaudevillians. Standard.", "publication_date": "1940-05-06", "opening_date": "1940-04-26", "date_updated": "2016-03-30 06:42:16", "link": {"type": "article", "url": "http://www.nytimes.com/movie/review?res=9C02E6D71030E43ABC4E53DFB366838B659EDE", "suggested_link_text": "Read the New York Times Review of If I Had My Way"}, "multimedia": null}, {"display_title": "Saturday's Children", "mpaa_rating": "", "critics_pick": 0, "byline": "BOSLEY CROWTHER", "headline": "Saturday's Children", "summary_short": "Dated but interesting Depression drama of young marrieds. Appealing leads.", "publication_date": "1940-05-04", "opening_date": "1940-05-11", "date_updated": "2016-03-30 07:13:53", "link": {"type": "article", "url": "http://www.nytimes.com/movie/review?res=9902E1DE1439E731A25757C0A9639C946193D6CF", "suggested_link_text": "Read the New York Times Review of Saturday's Children"}, "multimedia": null}, {"display_title": "Saps at Sea", "mpaa_rating": "", "critics_pick": 0, "byline": "B.R. CRISLER", "headline": "Saps at Sea", "summary_short": "Ahoy, boys.", "publication_date": "1940-04-29", "opening_date": "1940-05-03", "date_updated": "2016-03-30 07:24:18", "link": {"type": "article", "url": "http://www.nytimes.com/movie/review?res=9B05E5D81330E43ABC4151DFB266838B659EDE", "suggested_link_text": "Read the New York Times Review of Saps at Sea"}, "multimedia": null}, {"display_title": "One Million B.C.", "mpaa_rating": "", "critics_pick": 0, "byline": "B.R. CRISLER", "headline": "One Million BC", "summary_short": "Good, early BC-er. Nice special effects.", "publication_date": "1940-04-27", "opening_date": "1940-04-05", "date_updated": "2016-03-30 06:55:32", "link": {"type": "article", "url": "http://www.nytimes.com/movie/review?res=9E02E3DF1431E23ABC4F51DFB266838B659EDE", "suggested_link_text": "Read the New York Times Review of One Million B.C."}, "multimedia": null}, {"display_title": "Strange Cargo", "mpaa_rating": "", "critics_pick": 0, "byline": "B.R. CRISLER", "headline": "Strange Cargo", "summary_short": "Penal island escapees. Colorful and mystical-edged, from the good old days. Good cast.", "publication_date": "1940-04-26", "opening_date": "1940-03-01", "date_updated": "2016-03-30 06:48:23", "link": {"type": "article", "url": "http://www.nytimes.com/movie/review?res=9F04EFDC133AEE3ABC4E51DFB266838B659EDE", "suggested_link_text": "Read the New York Times Review of Strange Cargo"}, "multimedia": null}, {"display_title": "Buck Benny Rides Again", "mpaa_rating": "", "critics_pick": 0, "byline": "B.R. CRISLER", "headline": "Buck Benny Rides Again", "summary_short": "Uncertain detour.", "publication_date": "1940-04-25", "opening_date": "1940-05-03", "date_updated": "2016-03-30 06:49:01", "link": {"type": "article", "url": "http://www.nytimes.com/movie/review?res=9A03E5DE1330E43ABC4D51DFB266838B659EDE", "suggested_link_text": "Read the New York Times Review of Buck Benny Rides Again"}, "multimedia": null}, {"display_title": "The Four Just Men", "mpaa_rating": "", "critics_pick": 0, "byline": "B. R. CRISLER", "headline": "Secret Four, The", "summary_short": "", "publication_date": "1940-04-22", "opening_date": "1940-04-21", "date_updated": "2016-03-30 06:46:53", "link": {"type": "article", "url": "http://www.nytimes.com/movie/review?res=9D07E0D71230E43ABC4A51DFB266838B659EDE", "suggested_link_text": "Read the New York Times Review of The Four Just Men"}, "multimedia": null}]}