{"status": "OK", "copyright": "Copyright (c) 2017 The New York Times Company. All Rights Reserved.", "has_more": true, "num_results": 20, "results": [{"display_title": "Manhattan Melodrama", "mpaa_rating": "Not Rated", "critics_pick": 0, "byline": "M.H.", "headline": "Manhattan Melodrama", "summary_short": "Two street-pals become governor and gangster. Oscar-winner for best story. Vivid Slocum-disaster opening.", "publication_date": "1934-05-05", "opening_date": "1934-05-04", "date_updated": "2016-03-30 06:43:58", "link": {"type": "article", "url": "http://www.nytimes.com/movie/review?res=990DEEDE143CE23ABC4D53DFB366838F629EDE", "suggested_link_text": "Read the New York Times Review of Manhattan Melodrama"}, "multimedia": null}, {"display_title": "Double Door", "mpaa_rating": "", "critics_pick": 0, "byline": "A.D.S.", "headline": "Double Door", "summary_short": "", "publication_date": "1934-05-05", "opening_date": "1934-05-04", "date_updated": "2016-03-30 07:29:44", "link": {"type": "article", "url": "http://www.nytimes.com/movie/review?res=9A0DEEDE143CE23ABC4D53DFB366838F629EDE", "suggested_link_text": "Read the New York Times Review of Double Door"}, "multimedia": null}, {"display_title": "Twentieth Century", "mpaa_rating": "", "critics_pick": 1, "byline": "Mordaunt Hall", "headline": "twentieTH CENTURY (MOVIE)", "summary_short": "The Hecht-MacArthur Broadway farce of two show-biz egos, same train.  The cream: Oscar and Lily in the battle royal. Devastatingly funny.", "publication_date": "1934-05-04", "opening_date": "1934-05-11", "date_updated": "2016-03-30 07:15:17", "link": {"type": "article", "url": "http://www.nytimes.com/movie/review?res=EE05E7DF1738E177BC4C53DFB366838F629EDE", "suggested_link_text": "Read the New York Times Review of Twentieth Century"}, "multimedia": null}, {"display_title": "Success at Any Price", "mpaa_rating": "", "critics_pick": 0, "byline": "A.D.S.", "headline": "Success at any Price", "summary_short": "Young business climber.", "publication_date": "1934-05-04", "opening_date": "1934-03-16", "date_updated": "2016-03-30 07:22:34", "link": {"type": "article", "url": "http://www.nytimes.com/movie/review?res=9B03EEDA143FE53ABC4C53DFB366838F629EDE", "suggested_link_text": "Read the New York Times Review of Success at Any Price"}, "multimedia": null}, {"display_title": "Hitler's Reign of Terror", "mpaa_rating": "", "critics_pick": 0, "byline": "MORDAUNT HALL.", "headline": "Hitler's Reign of Terror", "summary_short": "", "publication_date": "1934-05-01", "opening_date": "1934-04-30", "date_updated": "2016-03-30 07:20:10", "link": {"type": "article", "url": "http://www.nytimes.com/movie/review?res=9504E6DF143CE23ABC4953DFB366838F629EDE", "suggested_link_text": "Read the New York Times Review of Hitler's Reign of Terror"}, "multimedia": null}, {"display_title": "Finishing School", "mpaa_rating": "", "critics_pick": 0, "byline": "MORDAUNT HALL.", "headline": "Finishing School", "summary_short": "Poor little rich girl and prankish roommate at snooty Crockett Hall.", "publication_date": "1934-04-30", "opening_date": "1934-05-04", "date_updated": "2016-03-30 07:19:09", "link": {"type": "article", "url": "http://www.nytimes.com/movie/review?res=9E03E5DA143FE53ABC4850DFB266838F629EDE", "suggested_link_text": "Read the New York Times Review of Finishing School"}, "multimedia": null}, {"display_title": "The Witching Hour", "mpaa_rating": "", "critics_pick": 0, "byline": "MORDAUNT HALL.", "headline": "Witching Hour, The", "summary_short": "", "publication_date": "1934-04-28", "opening_date": "1934-04-26", "date_updated": "2016-03-30 06:53:40", "link": {"type": "article", "url": "http://www.nytimes.com/movie/review?res=9501E3DB1239E33ABC4051DFB266838F629EDE", "suggested_link_text": "Read the New York Times Review of The Witching Hour"}, "multimedia": null}, {"display_title": "Journal of a Crime", "mpaa_rating": "", "critics_pick": 0, "byline": "B.R.C.", "headline": "Journal of a Crime", "summary_short": "Woman kills husband's lover then loses memory. Chatterton always worth watching.", "publication_date": "1934-04-28", "opening_date": "1934-03-10", "date_updated": "2016-03-30 06:48:08", "link": {"type": "article", "url": "http://www.nytimes.com/movie/review?res=9C00E3DB1239E33ABC4051DFB266838F629EDE", "suggested_link_text": "Read the New York Times Review of Journal of a Crime"}, "multimedia": null}, {"display_title": "Twenty Million Sweethearts", "mpaa_rating": "", "critics_pick": 0, "byline": "MORDAUNT HALL.", "headline": "20 Million Sweethearts", "summary_short": "Radio days, nice songs. The supporting players glue this one together.", "publication_date": "1934-04-27", "opening_date": "1934-05-26", "date_updated": "2016-03-30 06:42:41", "link": {"type": "article", "url": "http://www.nytimes.com/movie/review?res=9401E7DB1239E33ABC4F51DFB266838F629EDE", "suggested_link_text": "Read the New York Times Review of Twenty Million Sweethearts"}, "multimedia": null}, {"display_title": "She Made Her Bed", "mpaa_rating": "", "critics_pick": 0, "byline": "B.R.C.", "headline": "She Made her Bed", "summary_short": "", "publication_date": "1934-04-27", "opening_date": "1934-04-27", "date_updated": "2016-03-30 06:42:26", "link": {"type": "article", "url": "http://www.nytimes.com/movie/review?res=9501E7DB1239E33ABC4F51DFB266838F629EDE", "suggested_link_text": "Read the New York Times Review of She Made Her Bed"}, "multimedia": null}, {"display_title": "Verkaufte Braut", "mpaa_rating": "", "critics_pick": 0, "byline": "H.T.S.", "headline": "Verkaufte Braut, Die", "summary_short": "", "publication_date": "1934-04-27", "opening_date": "1934-04-26", "date_updated": "2016-03-30 07:11:34", "link": {"type": "article", "url": "http://www.nytimes.com/movie/review?res=9C00E7DB1239E33ABC4F51DFB266838F629EDE", "suggested_link_text": "Read the New York Times Review of Verkaufte Braut"}, "multimedia": null}, {"display_title": "We're Not Dressing", "mpaa_rating": "", "critics_pick": 0, "byline": "MORDAUNT HALL.", "headline": "We're not Dressing", "summary_short": "Sailor tames spoiled castaways. Dated fluff but good songs, droll Leon, zingy Ethel.", "publication_date": "1934-04-26", "opening_date": "1934-04-27", "date_updated": "2016-03-30 07:10:35", "link": {"type": "article", "url": "http://www.nytimes.com/movie/review?res=9F03E0D8173CE23ABC4E51DFB266838F629EDE", "suggested_link_text": "Read the New York Times Review of We're Not Dressing"}, "multimedia": null}, {"display_title": "Beggars in Ermine", "mpaa_rating": "", "critics_pick": 0, "byline": "MORDAUNT HALL.", "headline": "Beggars in Ermine", "summary_short": "Ousted, crippled steel magnate organizes world's beggars into unit of economic power.", "publication_date": "1934-04-25", "opening_date": "1934-02-22", "date_updated": "2016-03-30 07:12:41", "link": {"type": "article", "url": "http://www.nytimes.com/movie/review?res=9403E2D9173CE23ABC4D51DFB266838F629EDE", "suggested_link_text": "Read the New York Times Review of Beggars in Ermine"}, "multimedia": null}, {"display_title": "Unknown Blonde", "mpaa_rating": "", "critics_pick": 0, "byline": "MORDAUNT HALL.", "headline": "Unknown Blonde", "summary_short": "", "publication_date": "1934-04-24", "opening_date": "1934-04-23", "date_updated": "2016-03-30 06:48:43", "link": {"type": "article", "url": "http://www.nytimes.com/movie/review?res=9B06E3DA173CE23ABC4C51DFB266838F629EDE", "suggested_link_text": "Read the New York Times Review of Unknown Blonde"}, "multimedia": null}, {"display_title": "Adieu les Beaux Jours", "mpaa_rating": "", "critics_pick": 0, "byline": "H.T.S.", "headline": "Adieux les Beaux Jours", "summary_short": "", "publication_date": "1934-04-23", "opening_date": "1934-04-22", "date_updated": "2016-03-30 07:22:56", "link": {"type": "article", "url": "http://www.nytimes.com/movie/review?res=9C01EFDB143FE53ABC4B51DFB266838F629EDE", "suggested_link_text": "Read the New York Times Review of Adieu les Beaux Jours"}, "multimedia": null}, {"display_title": "Leave It to Smith", "mpaa_rating": "", "critics_pick": 0, "byline": "MORDAUNT HALL.", "headline": "Just Smith", "summary_short": "", "publication_date": "1934-04-23", "opening_date": null, "date_updated": "2016-03-30 07:22:22", "link": {"type": "article", "url": "http://www.nytimes.com/movie/review?res=9506EFDB143FE53ABC4B51DFB266838F629EDE", "suggested_link_text": "Read the New York Times Review of Leave It to Smith"}, "multimedia": null}, {"display_title": "The Wharf Angel", "mpaa_rating": "", "critics_pick": 0, "byline": "M.H.", "headline": "Wharf Angel", "summary_short": "", "publication_date": "1934-04-21", "opening_date": "1934-03-16", "date_updated": "2016-03-30 07:29:22", "link": {"type": "article", "url": "http://www.nytimes.com/movie/review?res=9D00EEDD173CE23ABC4951DFB266838F629EDE", "suggested_link_text": "Read the New York Times Review of The Wharf Angel"}, "multimedia": null}, {"display_title": "Tarzan and His Mate", "mpaa_rating": "Not Rated", "critics_pick": 0, "byline": "MORDAUNT HALL.", "headline": "Tarzan and his Mate", "summary_short": "Ivory trader urges Jane to return to London. Still the best Tarzan adventure of them all.", "publication_date": "1934-04-21", "opening_date": "1934-04-20", "date_updated": "2016-03-30 07:26:53", "link": {"type": "article", "url": "http://www.nytimes.com/movie/review?res=9C00EEDD173CE23ABC4951DFB266838F629EDE", "suggested_link_text": "Read the New York Times Review of Tarzan and His Mate"}, "multimedia": null}, {"display_title": "I'll Tell the World", "mpaa_rating": "", "critics_pick": 0, "byline": "A.D.S.", "headline": "I'll Tell the World", "summary_short": "", "publication_date": "1934-04-21", "opening_date": "1934-04-21", "date_updated": "2016-03-30 06:56:17", "link": {"type": "article", "url": "http://www.nytimes.com/movie/review?res=9E00EEDD173CE23ABC4951DFB266838F629EDE", "suggested_link_text": "Read the New York Times Review of I'll Tell the World"}, "multimedia": null}, {"display_title": "Stand up and Cheer", "mpaa_rating": "", "critics_pick": 0, "byline": "MORDAUNT HALL.", "headline": "Stand up and Cheer", "summary_short": "Tacky musical but little Shirley's start. Highlight: ``Baby, Take a Bow.''", "publication_date": "1934-04-20", "opening_date": "1934-05-04", "date_updated": "2016-03-30 06:44:53", "link": {"type": "article", "url": "http://www.nytimes.com/movie/review?res=9A01E6DB143FE53ABC4851DFB266838F629EDE", "suggested_link_text": "Read the New York Times Review of Stand up and Cheer"}, "multimedia": null}]}