{"status": "OK", "copyright": "Copyright (c) 2017 The New York Times Company. All Rights Reserved.", "has_more": true, "num_results": 20, "results": [{"display_title": "Guest Wife", "mpaa_rating": "", "critics_pick": 0, "byline": "BOSLEY CROWTHER", "headline": "Guest Wife", "summary_short": "Airily amusing, a bit forced.", "publication_date": "1945-10-18", "opening_date": "1945-07-27", "date_updated": "2016-03-30 07:14:16", "link": {"type": "article", "url": "http://www.nytimes.com/movie/review?res=990DE5D91439E23ABC4052DFB667838E659EDE", "suggested_link_text": "Read the New York Times Review of Guest Wife"}, "multimedia": null}, {"display_title": "The Story of G.I. Joe", "mpaa_rating": "", "critics_pick": 1, "byline": "Thomas M. Pryor", "headline": "THE STORY OF G.I. JOE (MOVIE)", "summary_short": "Ernie Pyle, war correspondent, in WWII Italy. One of the finest war movies ever made.", "publication_date": "1945-10-06", "opening_date": "1945-07-13", "date_updated": "2016-03-30 06:55:18", "link": {"type": "article", "url": "http://www.nytimes.com/movie/review?res=EE05E7DF1739EF70BC4E53DFB667838E659EDE", "suggested_link_text": "Read the New York Times Review of The Story of G.I. Joe"}, "multimedia": null}, {"display_title": "The House on 92nd Street", "mpaa_rating": "", "critics_pick": 1, "byline": "Thomas M. Pryor", "headline": "THE HOUSE ON NINETY-SECOND STREET (MOVIE)", "summary_short": "Nazis prowling Manhattan. Super docudrama.", "publication_date": "1945-09-27", "opening_date": "1945-09-10", "date_updated": "2016-03-30 07:26:36", "link": {"type": "article", "url": "http://www.nytimes.com/movie/review?res=EE05E7DF1739E26BBC4F51DFBF66838E659EDE", "suggested_link_text": "Read the New York Times Review of The House on 92nd Street"}, "multimedia": null}, {"display_title": "Lady on a Train", "mpaa_rating": "", "critics_pick": 0, "byline": "BOSLEY CROWTHER", "headline": "Lady on a Train", "summary_short": "Debutante mixed up in murder plot. Slick but entertaining whodunit-comedy.", "publication_date": "1945-09-15", "opening_date": "1945-08-17", "date_updated": "2016-03-30 06:52:23", "link": {"type": "article", "url": "http://www.nytimes.com/movie/review?res=9B06E4DC1F3BEE3BBC4D52DFBF66838E659EDE", "suggested_link_text": "Read the New York Times Review of Lady on a Train"}, "multimedia": null}, {"display_title": "Back to Bataan", "mpaa_rating": "", "critics_pick": 0, "byline": "BOSLEY CROWTHER", "headline": "Back to Bataan", "summary_short": "Sturdy war drama, little nonsense.", "publication_date": "1945-09-13", "opening_date": "1945-05-31", "date_updated": "2016-03-30 07:26:45", "link": {"type": "article", "url": "http://www.nytimes.com/movie/review?res=980DE0DD1439E23ABC4B52DFBF66838E659EDE", "suggested_link_text": "Read the New York Times Review of Back to Bataan"}, "multimedia": null}, {"display_title": "Duffy's Tavern", "mpaa_rating": "", "critics_pick": 0, "byline": "BOSLEY CROWTHER", "headline": "Duffy's Tavern", "summary_short": "All-star and awful.", "publication_date": "1945-09-06", "opening_date": "1945-09-28", "date_updated": "2016-03-30 07:29:06", "link": {"type": "article", "url": "http://www.nytimes.com/movie/review?res=9801E1DE1F3BEE3BBC4E53DFBF66838E659EDE", "suggested_link_text": "Read the New York Times Review of Duffy's Tavern"}, "multimedia": null}, {"display_title": "State Fair", "mpaa_rating": "", "critics_pick": 0, "byline": "BOSLEY CROWTHER", "headline": "State Fair", "summary_short": "Musical romance in Iowa. Middling version but charming score.", "publication_date": "1945-08-31", "opening_date": "1945-08-30", "date_updated": "2016-03-30 06:56:59", "link": {"type": "article", "url": "http://www.nytimes.com/movie/review?res=9B02E6D71E3BEE3BBC4950DFBE66838E659EDE", "suggested_link_text": "Read the New York Times Review of State Fair"}, "multimedia": null}, {"display_title": "The Southerner", "mpaa_rating": "", "critics_pick": 0, "byline": "BOSLEY CROWTHER", "headline": "Southerner, The", "summary_short": "A bleak masterpiece. Poor tenant farmer and great French director, Renoir.", "publication_date": "1945-08-27", "opening_date": "1945-04-30", "date_updated": "2016-03-30 07:11:07", "link": {"type": "article", "url": "http://www.nytimes.com/movie/review?res=9E0DE2D71E3CE333A05754C2A96E9C946493D6CF", "suggested_link_text": "Read the New York Times Review of The Southerner"}, "multimedia": null}, {"display_title": "Pride of the Marines", "mpaa_rating": "", "critics_pick": 0, "byline": "BOSLEY CROWTHER", "headline": "Pride of the Marines", "summary_short": "Probing, stirring drama about a blind Marine vet. Good cast, stellar Garfield.", "publication_date": "1945-08-25", "opening_date": "1945-08-24", "date_updated": "2016-03-30 07:12:58", "link": {"type": "article", "url": "http://www.nytimes.com/movie/review?res=9D04E5D91E3BEE3BBC4D51DFBE66838E659EDE", "suggested_link_text": "Read the New York Times Review of Pride of the Marines"}, "multimedia": null}, {"display_title": "The Strange Affair of Uncle Harry", "mpaa_rating": "", "critics_pick": 0, "byline": "BOSLEY CROWTHER", "headline": "Uncle Harry", "summary_short": "A henpecked worm turns. Yeasty, low-keyed suspense, even with that cop-out wind-up.", "publication_date": "1945-08-24", "opening_date": "1945-08-17", "date_updated": "2016-03-30 07:25:08", "link": {"type": "article", "url": "http://www.nytimes.com/movie/review?res=9900E3DA1E3BEE3BBC4C51DFBE66838E659EDE", "suggested_link_text": "Read the New York Times Review of The Strange Affair of Uncle Harry"}, "multimedia": null}, {"display_title": "Over 21", "mpaa_rating": "", "critics_pick": 0, "byline": "BOSLEY CROWTHER", "headline": "Over 21", "summary_short": "Airy but rather bland romantic comedy of wartime Army posts, via Ruth Gordon's play. Okay, no more.", "publication_date": "1945-08-17", "opening_date": "1945-08-08", "date_updated": "2016-03-30 07:13:16", "link": {"type": "article", "url": "http://www.nytimes.com/movie/review?res=9D01EFDF1E3BEE3BBC4F52DFBE66838E659EDE", "suggested_link_text": "Read the New York Times Review of Over 21"}, "multimedia": null}, {"display_title": "Captain Eddie", "mpaa_rating": "", "critics_pick": 0, "byline": "BOSLEY CROWTHER", "headline": "Captain Eddie", "summary_short": "Not genuine Rickenbacker, just a tame, nostalgic family package, airborne trimmings.", "publication_date": "1945-08-09", "opening_date": "1945-06-19", "date_updated": "2016-03-30 06:47:17", "link": {"type": "article", "url": "http://www.nytimes.com/movie/review?res=9D01E0D81438E532A2575AC0A96E9C946493D6CF", "suggested_link_text": "Read the New York Times Review of Captain Eddie"}, "multimedia": null}, {"display_title": "Anchors Aweigh", "mpaa_rating": "Not Rated", "critics_pick": 0, "byline": "BOSLEY CROWTHER", "headline": "Anchors Aweigh", "summary_short": "Sailors on wartime leave in Hollywood. Good musical numbers.", "publication_date": "1945-07-20", "opening_date": null, "date_updated": "2016-03-30 06:50:09", "link": {"type": "article", "url": "http://www.nytimes.com/movie/review?res=9F0DE3DC103BEE3BBC4851DFB166838E659EDE", "suggested_link_text": "Read the New York Times Review of Anchors Aweigh"}, "multimedia": null}, {"display_title": "Along Came Jones", "mpaa_rating": "", "critics_pick": 0, "byline": "BOSLEY CROWTHER", "headline": "Along Came Jones", "summary_short": "Cooper mistaken for outlaw. Pleasing, tongue-in-cheek western.", "publication_date": "1945-07-19", "opening_date": "1945-07-19", "date_updated": "2016-03-30 06:45:21", "link": {"type": "article", "url": "http://www.nytimes.com/movie/review?res=9A04E7DD103BEE3BBC4152DFB166838E659EDE", "suggested_link_text": "Read the New York Times Review of Along Came Jones"}, "multimedia": null}, {"display_title": "A Thousand and One Nights", "mpaa_rating": "", "critics_pick": 0, "byline": "BOSLEY CROWTHER", "headline": "Thousand and one Nights, A", "summary_short": "Doesn't seem quite that long. Aladdin with redhead genie.", "publication_date": "1945-07-12", "opening_date": "1945-07-20", "date_updated": "2016-03-30 07:06:04", "link": {"type": "article", "url": "http://www.nytimes.com/movie/review?res=9804E3D8133BEE3BBC4A52DFB166838E659EDE", "suggested_link_text": "Read the New York Times Review of A Thousand and One Nights"}, "multimedia": null}, {"display_title": "A Bell for Adano", "mpaa_rating": "", "critics_pick": 0, "byline": "BOSLEY CROWTHER", "headline": "Bell for Adano, A", "summary_short": "Pungent drama of G.I.'s in Nazi-routed Italian village, from Hersey book and a play. Reasonable job, solid Hodiak.", "publication_date": "1945-07-06", "opening_date": "1945-06-21", "date_updated": "2016-03-30 06:49:02", "link": {"type": "article", "url": "http://www.nytimes.com/movie/review?res=9B02EEDB133BEE3BBC4E53DFB166838E659EDE", "suggested_link_text": "Read the New York Times Review of A Bell for Adano"}, "multimedia": null}, {"display_title": "You Came Along", "mpaa_rating": "Not Rated", "critics_pick": 0, "byline": "BOSLEY CROWTHER", "headline": "You Came Along", "summary_short": "Army pals on war bond-selling stint. Strictly no-cal.", "publication_date": "1945-07-05", "opening_date": "1945-07-04", "date_updated": "2016-03-30 07:12:27", "link": {"type": "article", "url": "http://www.nytimes.com/movie/review?res=9C04E2DB133BEE3BBC4D53DFB166838E659EDE", "suggested_link_text": "Read the New York Times Review of You Came Along"}, "multimedia": null}, {"display_title": "Nob Hill", "mpaa_rating": "", "critics_pick": 0, "byline": "BOSLEY CROWTHER", "headline": "Nob Hill", "summary_short": "Saloon owner and socialite. Smooth, painless.", "publication_date": "1945-07-04", "opening_date": null, "date_updated": "2016-03-30 06:48:40", "link": {"type": "article", "url": "http://www.nytimes.com/movie/review?res=950DE7DB133BEE3BBC4C53DFB166838E659EDE", "suggested_link_text": "Read the New York Times Review of Nob Hill"}, "multimedia": null}, {"display_title": "Blood on the Sun", "mpaa_rating": "", "critics_pick": 0, "byline": "BOSLEY CROWTHER", "headline": "Blood on the Sun", "summary_short": "Americans in war's-eve Japan. Colorful, crackling melodrama.", "publication_date": "1945-06-29", "opening_date": null, "date_updated": "2016-03-30 06:49:50", "link": {"type": "article", "url": "http://www.nytimes.com/movie/review?res=9E00E0DB1F39E033A0575AC2A9609C946493D6CF", "suggested_link_text": "Read the New York Times Review of Blood on the Sun"}, "multimedia": null}, {"display_title": "Rhapsody in Blue", "mpaa_rating": "", "critics_pick": 0, "byline": "BOSLEY CROWTHER", "headline": "Rhapsody in Blue", "summary_short": "No more the Gershwin story than Rasputin. But ripe earful of grand melody.", "publication_date": "1945-06-28", "opening_date": "1945-09-22", "date_updated": "2016-03-30 06:43:48", "link": {"type": "article", "url": "http://www.nytimes.com/movie/review?res=9A02EEDF133BEE3BBC4051DFB066838E659EDE", "suggested_link_text": "Read the New York Times Review of Rhapsody in Blue"}, "multimedia": null}]}