{"status": "OK", "copyright": "Copyright (c) 2017 The New York Times Company. All Rights Reserved.", "has_more": true, "num_results": 20, "results": [{"display_title": "The Cowboy and the Lady", "mpaa_rating": "", "critics_pick": 0, "byline": "FRANK S. NUGENT", "headline": "Cowboy and the Lady, The", "summary_short": "Mild, harmless. And hooray for Patsy Kelly.", "publication_date": "1938-11-25", "opening_date": "1938-11-17", "date_updated": "2016-03-30 07:16:39", "link": {"type": "article", "url": "http://www.nytimes.com/movie/review?res=9805E3DD173BEE3ABC4D51DFB7678383629EDE", "suggested_link_text": "Read the New York Times Review of The Cowboy and the Lady"}, "multimedia": null}, {"display_title": "Listen, Darling", "mpaa_rating": "", "critics_pick": 0, "byline": "FRANK S. NUGENT", "headline": "Listen, Darling", "summary_short": "Two siblings try to find spouse for widowed mother. Surprisingly likable.", "publication_date": "1938-11-24", "opening_date": "1938-10-21", "date_updated": "2016-03-30 07:12:29", "link": {"type": "article", "url": "http://www.nytimes.com/movie/review?res=9B01E3DF1131EE3ABC4C51DFB7678383629EDE", "suggested_link_text": "Read the New York Times Review of Listen, Darling"}, "multimedia": null}, {"display_title": "Mr. Wong, Detective", "mpaa_rating": "", "critics_pick": 0, "byline": "FRANK S. NUGENT", "headline": "Mr Wong, Detective", "summary_short": "Cut-rate sleuther, first of six. And no Charlie Chan.", "publication_date": "1938-11-21", "opening_date": "1938-10-05", "date_updated": "2016-03-30 07:20:28", "link": {"type": "article", "url": "http://www.nytimes.com/movie/review?res=9A05E3DF173BEE3ABC4951DFB7678383629EDE", "suggested_link_text": "Read the New York Times Review of Mr. Wong, Detective"}, "multimedia": null}, {"display_title": "Eine Nacht Im Mai", "mpaa_rating": "", "critics_pick": 0, "byline": "H. T. S.H. T. S.", "headline": "Night in May, A", "summary_short": "", "publication_date": "1938-11-12", "opening_date": "1938-11-11", "date_updated": "2016-03-30 07:22:19", "link": {"type": "article", "url": "http://www.nytimes.com/movie/review?res=9E02E6D6123DE433A65751C1A9679D946994D6CF", "suggested_link_text": "Read the New York Times Review of Eine Nacht Im Mai"}, "multimedia": null}, {"display_title": "Swing That Cheer", "mpaa_rating": "", "critics_pick": 0, "byline": "FRANK S. NUGENT", "headline": "Swing That Cheer", "summary_short": "", "publication_date": "1938-11-11", "opening_date": "1938-10-14", "date_updated": "2016-03-30 07:26:44", "link": {"type": "article", "url": "http://www.nytimes.com/movie/review?res=9E0CE1DB1131E533A65752C1A9679D946994D6CF", "suggested_link_text": "Read the New York Times Review of Swing That Cheer"}, "multimedia": null}, {"display_title": "Vacation from Love", "mpaa_rating": "", "critics_pick": 0, "byline": "FRANK S. NUGENT", "headline": "Vacation From Love", "summary_short": "Workaholic and rich wife.", "publication_date": "1938-11-10", "opening_date": "1938-09-30", "date_updated": "2016-03-30 07:13:30", "link": {"type": "article", "url": "http://www.nytimes.com/movie/review?res=9D03EEDC1E31E233A75753C1A9679D946994D6CF", "suggested_link_text": "Read the New York Times Review of Vacation from Love"}, "multimedia": null}, {"display_title": "Brother Rat", "mpaa_rating": "", "critics_pick": 0, "byline": "FRANK S. NUGENT", "headline": "Brother Rat", "summary_short": "Military school hijinks, via Broadway. Spirited but dated.", "publication_date": "1938-11-05", "opening_date": "1938-10-07", "date_updated": "2016-03-30 07:09:30", "link": {"type": "article", "url": "http://www.nytimes.com/movie/review?res=9B06E6D8163BEE3ABC4D53DFB7678383629EDE", "suggested_link_text": "Read the New York Times Review of Brother Rat"}, "multimedia": null}, {"display_title": "The Citadel", "mpaa_rating": "", "critics_pick": 1, "byline": "Frank S. Nugent", "headline": "THE CITADEL (MOVIE)", "summary_short": "Steady, perceptive drama of Scottish doctor, via Cronin novel.", "publication_date": "1938-11-04", "opening_date": "1938-10-29", "date_updated": "2016-03-30 07:22:15", "link": {"type": "article", "url": "http://www.nytimes.com/movie/review?res=EE05E7DF173DE460BC4C53DFB7678383629EDE", "suggested_link_text": "Read the New York Times Review of The Citadel"}, "multimedia": null}, {"display_title": "Singing Blacksmith", "mpaa_rating": "", "critics_pick": 0, "byline": "FRANK S. NUGENT", "headline": "Singing Blacksmith, The", "summary_short": "Interloper threatens blacksmith's happy marriage.", "publication_date": "1938-11-03", "opening_date": null, "date_updated": "2016-03-30 06:48:39", "link": {"type": "article", "url": "http://www.nytimes.com/movie/review?res=9806E2D9163BEE3ABC4B53DFB7678383629EDE", "suggested_link_text": "Read the New York Times Review of Singing Blacksmith"}, "multimedia": null}, {"display_title": "This'll Make You Whistle", "mpaa_rating": "", "critics_pick": 0, "byline": "FRANK S. NUGENT", "headline": "This'll Make You Whistle", "summary_short": "", "publication_date": "1938-11-01", "opening_date": "1938-10-31", "date_updated": "2016-03-30 06:43:07", "link": {"type": "article", "url": "http://www.nytimes.com/movie/review?res=9903EEDA163BEE3ABC4953DFB7678383629EDE", "suggested_link_text": "Read the New York Times Review of This'll Make You Whistle"}, "multimedia": null}, {"display_title": "Five of a Kind", "mpaa_rating": "", "critics_pick": 0, "byline": "FRANK S. NUGENT", "headline": "Five of a Kind", "summary_short": "Real-life Dionne quintuplets sing, dance and play with puppies.", "publication_date": "1938-10-31", "opening_date": "1938-10-14", "date_updated": "2016-03-30 06:48:36", "link": {"type": "article", "url": "http://www.nytimes.com/movie/review?res=9D0CE5DA163BEE3ABC4950DFB6678383629EDE", "suggested_link_text": "Read the New York Times Review of Five of a Kind"}, "multimedia": null}, {"display_title": "Broadway Musketeers", "mpaa_rating": "", "critics_pick": 0, "byline": "FRANK S. NUGENT", "headline": "Broadway Musketeers", "summary_short": "Three orphan girls all grown up.", "publication_date": "1938-10-14", "opening_date": "1938-10-08", "date_updated": "2016-03-30 07:19:09", "link": {"type": "article", "url": "http://www.nytimes.com/movie/review?res=9C0CE7DC1231E03ABC4C52DFB6678383629EDE", "suggested_link_text": "Read the New York Times Review of Broadway Musketeers"}, "multimedia": null}, {"display_title": "The Affairs of Annabel", "mpaa_rating": "", "critics_pick": 0, "byline": "FRANK S. NUGENT", "headline": "Affairs of Annabel, The", "summary_short": "Early Lucy spoof about backfiring publicity stunts. Often quite funny.", "publication_date": "1938-10-13", "opening_date": "1938-09-09", "date_updated": "2016-03-30 06:48:53", "link": {"type": "article", "url": "http://www.nytimes.com/movie/review?res=9504E5DF163BEE3ABC4B52DFB6678383629EDE", "suggested_link_text": "Read the New York Times Review of The Affairs of Annabel"}, "multimedia": null}, {"display_title": "The Last Express", "mpaa_rating": "", "critics_pick": 0, "byline": "FRANK S. NUGENT", "headline": "Last Fxpress, The", "summary_short": "", "publication_date": "1938-10-11", "opening_date": "1938-10-28", "date_updated": "2016-03-30 06:43:10", "link": {"type": "article", "url": "http://www.nytimes.com/movie/review?res=9A01E3DE1231E03ABC4952DFB6678383629EDE", "suggested_link_text": "Read the New York Times Review of The Last Express"}, "multimedia": null}, {"display_title": "Dark Rapture", "mpaa_rating": "", "critics_pick": 0, "byline": "B. R. C.", "headline": "Dark Rapture", "summary_short": "", "publication_date": "1938-10-10", "opening_date": null, "date_updated": "2016-03-30 07:26:37", "link": {"type": "article", "url": "http://www.nytimes.com/movie/review?res=9C05E2D61F38EE3ABC4852DFB6678383629EDE", "suggested_link_text": "Read the New York Times Review of Dark Rapture"}, "multimedia": null}, {"display_title": "King of Alcatraz", "mpaa_rating": "", "critics_pick": 0, "byline": "FRANK S. NUGENT", "headline": "King of Alcatraz", "summary_short": "Escaped convicts. Offbeat and quite.", "publication_date": "1938-10-07", "opening_date": "1938-09-30", "date_updated": "2016-03-30 06:54:48", "link": {"type": "article", "url": "http://www.nytimes.com/movie/review?res=9402E3D71F38EE3ABC4F53DFB6678383629EDE", "suggested_link_text": "Read the New York Times Review of King of Alcatraz"}, "multimedia": null}, {"display_title": "Personal Secretary", "mpaa_rating": "", "critics_pick": 0, "byline": "FRANK S. NUGENT", "headline": "Personal Secretary", "summary_short": "", "publication_date": "1938-10-05", "opening_date": "1938-09-09", "date_updated": "2016-03-30 07:19:14", "link": {"type": "article", "url": "http://www.nytimes.com/movie/review?res=9507E1D91F38EE3ABC4D53DFB6678383629EDE", "suggested_link_text": "Read the New York Times Review of Personal Secretary"}, "multimedia": null}, {"display_title": "If I Were King", "mpaa_rating": "", "critics_pick": 0, "byline": "FRANK S. NUGENT", "headline": "If I Were King", "summary_short": "Royal corned beef but Colman a fine poet-rogue. We miss Friml's operetta music.", "publication_date": "1938-09-29", "opening_date": "1938-11-11", "date_updated": "2016-03-30 06:57:59", "link": {"type": "article", "url": "http://www.nytimes.com/movie/review?res=9504E4DF1231E03ABC4151DFBF668383629EDE", "suggested_link_text": "Read the New York Times Review of If I Were King"}, "multimedia": null}, {"display_title": "Mr. Doodle Kicks Off", "mpaa_rating": "", "critics_pick": 0, "byline": "FRANK S. NUGENT", "headline": "Mr Doodle Kicks Off", "summary_short": "Man bribes university personnel to ensure son's football career.", "publication_date": "1938-09-28", "opening_date": "1938-09-27", "date_updated": "2016-03-30 07:13:47", "link": {"type": "article", "url": "http://www.nytimes.com/movie/review?res=940CE1D61531E03ABC4051DFBF668383629EDE", "suggested_link_text": "Read the New York Times Review of Mr. Doodle Kicks Off"}, "multimedia": null}, {"display_title": "Le Roman d'un Tricheur", "mpaa_rating": "", "critics_pick": 0, "byline": "FRANK S. NUGENT", "headline": "Story of a Cheat, The", "summary_short": "A scoundrel recalls his years of dabbling in crime.", "publication_date": "1938-09-27", "opening_date": "1938-09-27", "date_updated": "2016-03-30 06:44:34", "link": {"type": "article", "url": "http://www.nytimes.com/movie/review?res=9C0CE4DA1031EE3ABC4F51DFBF668383629EDE", "suggested_link_text": "Read the New York Times Review of Le Roman d'un Tricheur"}, "multimedia": null}]}