{"status": "OK", "copyright": "Copyright (c) 2017 The New York Times Company. All Rights Reserved.", "has_more": true, "num_results": 20, "results": [{"display_title": "The Stranger's Return", "mpaa_rating": "", "critics_pick": 0, "byline": "A.D.S.", "headline": "Stranger's Return, The", "summary_short": "City divorcee rediscovers rural roots and love. Compelling story, able cast.", "publication_date": "1933-07-28", "opening_date": null, "date_updated": "2016-03-30 07:23:54", "link": {"type": "article", "url": "http://www.nytimes.com/movie/review?res=9A03E2DD1F39EF32A2575BC2A9619C946294D6CF", "suggested_link_text": "Read the New York Times Review of The Stranger's Return"}, "multimedia": null}, {"display_title": "Savage Gold", "mpaa_rating": "", "critics_pick": 0, "byline": "A.D.S.", "headline": "Savage Gold", "summary_short": "", "publication_date": "1933-07-25", "opening_date": "1933-07-29", "date_updated": "2016-03-30 07:13:18", "link": {"type": "article", "url": "http://www.nytimes.com/movie/review?res=9407E7D91F3CEF33A25756C2A9619C946294D6CF", "suggested_link_text": "Read the New York Times Review of Savage Gold"}, "multimedia": null}, {"display_title": "A Shriek in the Night", "mpaa_rating": "Not Rated", "critics_pick": 0, "byline": "F.S.N.", "headline": "Shriek in the Night, A", "summary_short": "Creaks, harmlessly.", "publication_date": "1933-07-24", "opening_date": null, "date_updated": "2016-03-30 07:21:53", "link": {"type": "article", "url": "http://www.nytimes.com/movie/review?res=9901E7DD163DE333A25757C2A9619C946294D6CF", "suggested_link_text": "Read the New York Times Review of A Shriek in the Night"}, "multimedia": null}, {"display_title": "Mama Loves Papa", "mpaa_rating": "", "critics_pick": 0, "byline": "A.D.S.", "headline": "Mama Loves Papa", "summary_short": "", "publication_date": "1933-07-24", "opening_date": "1933-07-14", "date_updated": "2016-03-30 06:44:51", "link": {"type": "article", "url": "http://www.nytimes.com/movie/review?res=9F01E7DD163DE333A25757C2A9619C946294D6CF", "suggested_link_text": "Read the New York Times Review of Mama Loves Papa"}, "multimedia": null}, {"display_title": "Die Grosse Attraktion", "mpaa_rating": "", "critics_pick": 0, "byline": "H.T.S.", "headline": "Grosse Attraktion, Die", "summary_short": "", "publication_date": "1933-07-24", "opening_date": "1933-07-24", "date_updated": "2016-03-30 07:26:21", "link": {"type": "article", "url": "http://www.nytimes.com/movie/review?res=9A01E7DD163DE333A25757C2A9619C946294D6CF", "suggested_link_text": "Read the New York Times Review of Die Grosse Attraktion"}, "multimedia": null}, {"display_title": "Sleepless Nights", "mpaa_rating": "", "critics_pick": 0, "byline": "A.D.S.", "headline": "Sleepless Nights", "summary_short": "", "publication_date": "1933-07-22", "opening_date": "1933-07-20", "date_updated": "2016-03-30 07:19:41", "link": {"type": "article", "url": "http://www.nytimes.com/movie/review?res=9904E2DD143EEF3ABC4A51DFB1668388629EDE", "suggested_link_text": "Read the New York Times Review of Sleepless Nights"}, "multimedia": null}, {"display_title": "Storm at Daybreak", "mpaa_rating": "", "critics_pick": 0, "byline": "A.D.S.", "headline": "Storm at Daybreak", "summary_short": "Drama about events around  the Sarajevo assassination triggering  World War I. Good title.", "publication_date": "1933-07-22", "opening_date": "1933-07-14", "date_updated": "2016-03-30 07:11:24", "link": {"type": "article", "url": "http://www.nytimes.com/movie/review?res=9F04E2DD143EEF3ABC4A51DFB1668388629EDE", "suggested_link_text": "Read the New York Times Review of Storm at Daybreak"}, "multimedia": null}, {"display_title": "Heroes for Sale", "mpaa_rating": "", "critics_pick": 0, "byline": "F.S.N.", "headline": "Heroes for Sale", "summary_short": "World War I vet becomes a morphine addict and a millionaire.", "publication_date": "1933-07-22", "opening_date": "1933-06-17", "date_updated": "2016-03-30 06:44:07", "link": {"type": "article", "url": "http://www.nytimes.com/movie/review?res=9A07E2DD143EEF3ABC4A51DFB1668388629EDE", "suggested_link_text": "Read the New York Times Review of Heroes for Sale"}, "multimedia": null}, {"display_title": "Double Harness", "mpaa_rating": "", "critics_pick": 0, "byline": "A.D.S.", "headline": "Double Harness", "summary_short": "A woman tries to win the love of her philandering husband. Structurally weak.", "publication_date": "1933-07-21", "opening_date": null, "date_updated": "2016-03-30 06:58:41", "link": {"type": "article", "url": "http://www.nytimes.com/movie/review?res=9D03E0DE163DE333A25752C2A9619C946294D6CF", "suggested_link_text": "Read the New York Times Review of Double Harness"}, "multimedia": null}, {"display_title": "Island of Doom", "mpaa_rating": "", "critics_pick": 0, "byline": "F.S.N.", "headline": "Island of Doom", "summary_short": "", "publication_date": "1933-07-17", "opening_date": null, "date_updated": "2016-03-30 06:58:27", "link": {"type": "article", "url": "http://www.nytimes.com/movie/review?res=9A04E4DB1338E333A25754C1A9619C946294D6CF", "suggested_link_text": "Read the New York Times Review of Island of Doom"}, "multimedia": null}, {"display_title": "Best of Enemies", "mpaa_rating": "", "critics_pick": 0, "byline": "A.D.S.", "headline": "Best of Enemies", "summary_short": "", "publication_date": "1933-07-17", "opening_date": "1933-06-23", "date_updated": "2016-03-30 06:42:44", "link": {"type": "article", "url": "http://www.nytimes.com/movie/review?res=9804E4DB1338E333A25754C1A9619C946294D6CF", "suggested_link_text": "Read the New York Times Review of Best of Enemies"}, "multimedia": null}, {"display_title": "Midnight Mary", "mpaa_rating": "", "critics_pick": 0, "byline": "A.D.S.", "headline": "Midnight Mary", "summary_short": "Woman on trial for murder looks back.", "publication_date": "1933-07-15", "opening_date": "1933-06-30", "date_updated": "2016-03-30 07:12:44", "link": {"type": "article", "url": "http://www.nytimes.com/movie/review?res=9506EFDC1338E333A25756C1A9619C946294D6CF", "suggested_link_text": "Read the New York Times Review of Midnight Mary"}, "multimedia": null}, {"display_title": "Laughing at Life", "mpaa_rating": "", "critics_pick": 0, "byline": "F.S.N.", "headline": "Laughing at Life", "summary_short": "", "publication_date": "1933-07-15", "opening_date": "1933-07-12", "date_updated": "2016-03-30 06:49:05", "link": {"type": "article", "url": "http://www.nytimes.com/movie/review?res=9C01EFDC1338E333A25756C1A9619C946294D6CF", "suggested_link_text": "Read the New York Times Review of Laughing at Life"}, "multimedia": null}, {"display_title": "Disgraced", "mpaa_rating": "", "critics_pick": 0, "byline": "A.D.S.", "headline": "Disgraced", "summary_short": "", "publication_date": "1933-07-15", "opening_date": "1933-07-07", "date_updated": "2016-03-30 07:06:01", "link": {"type": "article", "url": "http://www.nytimes.com/movie/review?res=9406EFDC1338E333A25756C1A9619C946294D6CF", "suggested_link_text": "Read the New York Times Review of Disgraced"}, "multimedia": null}, {"display_title": "Professional Sweetheart", "mpaa_rating": "", "critics_pick": 0, "byline": "F. S. N.", "headline": "Professional Sweetheart", "summary_short": "Radio-days satire. Strained plot but winning cast.", "publication_date": "1933-07-14", "opening_date": "1933-06-09", "date_updated": "2016-03-30 06:48:22", "link": {"type": "article", "url": "http://www.nytimes.com/movie/review?res=9C07E4D61F3AE333A25757C1A9619C946294D6CF", "suggested_link_text": "Read the New York Times Review of Professional Sweetheart"}, "multimedia": null}, {"display_title": "The Narrow Corner", "mpaa_rating": "", "critics_pick": 0, "byline": "A. D. S.", "headline": "Narrow Corner, The", "summary_short": "Maugham's young British fugitive in the South Seas.", "publication_date": "1933-07-14", "opening_date": "1933-07-08", "date_updated": "2016-03-30 06:45:09", "link": {"type": "article", "url": "http://www.nytimes.com/movie/review?res=9D04E4D61F3AE333A25757C1A9619C946294D6CF", "suggested_link_text": "Read the New York Times Review of The Narrow Corner"}, "multimedia": null}, {"display_title": "Pilgrimage", "mpaa_rating": "", "critics_pick": 0, "byline": "A.D.S.", "headline": "Pilgrimage", "summary_short": "Forgotten John Ford drama about a possessive mother who enlists her ill-fated son in the Army to part him from girlfriend.", "publication_date": "1933-07-13", "opening_date": "1933-08-18", "date_updated": "2016-03-30 06:45:07", "link": {"type": "article", "url": "http://www.nytimes.com/movie/review?res=9C07E5DC1338E333A25750C1A9619C946294D6CF", "suggested_link_text": "Read the New York Times Review of Pilgrimage"}, "multimedia": null}, {"display_title": "Gambling Ship", "mpaa_rating": "", "critics_pick": 0, "byline": "A.D.S.", "headline": "Gambling Ship", "summary_short": "", "publication_date": "1933-07-13", "opening_date": "1933-06-23", "date_updated": "2016-03-30 06:42:11", "link": {"type": "article", "url": "http://www.nytimes.com/movie/review?res=9504E5DC1338E333A25750C1A9619C946294D6CF", "suggested_link_text": "Read the New York Times Review of Gambling Ship"}, "multimedia": null}, {"display_title": "I Love That Man", "mpaa_rating": "", "critics_pick": 0, "byline": "A.D.S.", "headline": "I Love That Man", "summary_short": "", "publication_date": "1933-07-10", "opening_date": "1933-07-08", "date_updated": "2016-03-30 07:16:19", "link": {"type": "article", "url": "http://www.nytimes.com/movie/review?res=980CE6D9123DEF32A25753C1A9619C946294D6CF", "suggested_link_text": "Read the New York Times Review of I Love That Man"}, "multimedia": null}, {"display_title": "Nu Comme Un Ver", "mpaa_rating": "", "critics_pick": 0, "byline": "HERBERT L. MATTHEWS.", "headline": "Nu Comme un Ver", "summary_short": "", "publication_date": "1933-07-09", "opening_date": null, "date_updated": "2016-03-30 06:42:16", "link": {"type": "article", "url": "http://www.nytimes.com/movie/review?res=9C05E2D71F3AE333A2575AC0A9619C946294D6CF", "suggested_link_text": "Read the New York Times Review of Nu Comme Un Ver"}, "multimedia": null}]}