{"status": "OK", "copyright": "Copyright (c) 2017 The New York Times Company. All Rights Reserved.", "has_more": true, "num_results": 20, "results": [{"display_title": "The Man Who Won", "mpaa_rating": "", "critics_pick": 0, "byline": "A.D.S.", "headline": "Man Who Won, The", "summary_short": "", "publication_date": "1933-02-27", "opening_date": null, "date_updated": "2016-03-30 07:11:38", "link": {"type": "article", "url": "http://www.nytimes.com/movie/review?res=9A0CE5DD173BEF3ABC4F51DFB4668388629EDE", "suggested_link_text": "Read the New York Times Review of The Man Who Won"}, "multimedia": null}, {"display_title": "Ladies They Talk About", "mpaa_rating": "Not Rated", "critics_pick": 0, "byline": "A.D.S.", "headline": "Ladies They Talk About", "summary_short": "Woman convict plans escape from San Quentin.", "publication_date": "1933-02-25", "opening_date": "1933-02-04", "date_updated": "2016-03-30 07:05:30", "link": {"type": "article", "url": "http://www.nytimes.com/movie/review?res=9F02E7DB1531EF3ABC4D51DFB4668388629EDE", "suggested_link_text": "Read the New York Times Review of Ladies They Talk About"}, "multimedia": null}, {"display_title": "King of the Jungle", "mpaa_rating": "", "critics_pick": 0, "byline": "MORDAUNT HALL.", "headline": "King of the Jungle", "summary_short": "Charming, low-keyed Tarzan clone with appealing outlook.", "publication_date": "1933-02-25", "opening_date": "1933-03-10", "date_updated": "2016-03-30 07:26:23", "link": {"type": "article", "url": "http://www.nytimes.com/movie/review?res=9D03E7DB1531EF3ABC4D51DFB4668388629EDE", "suggested_link_text": "Read the New York Times Review of King of the Jungle"}, "multimedia": null}, {"display_title": "Our Betters", "mpaa_rating": "", "critics_pick": 0, "byline": "MORDAUNT HALL.", "headline": "Our Betters", "summary_short": "Maugham's American woman in London society. Defanged but interesting.", "publication_date": "1933-02-24", "opening_date": "1933-03-17", "date_updated": "2016-03-30 06:50:26", "link": {"type": "article", "url": "http://www.nytimes.com/movie/review?res=9E02E0DE173BEF3ABC4C51DFB4668388629EDE", "suggested_link_text": "Read the New York Times Review of Our Betters"}, "multimedia": null}, {"display_title": "Perfect Understanding", "mpaa_rating": "", "critics_pick": 0, "byline": "MORDAUNT HALL.", "headline": "Perfect Understanding", "summary_short": "", "publication_date": "1933-02-23", "opening_date": "1933-03-11", "date_updated": "2016-03-30 06:43:04", "link": {"type": "article", "url": "http://www.nytimes.com/movie/review?res=9A02EEDB1F3BEF3ABC4B51DFB4668388629EDE", "suggested_link_text": "Read the New York Times Review of Perfect Understanding"}, "multimedia": null}, {"display_title": "Dangerously Yours", "mpaa_rating": "", "critics_pick": 0, "byline": "A.D.S.", "headline": "Dangerously Yours", "summary_short": "", "publication_date": "1933-02-23", "opening_date": "1933-02-24", "date_updated": "2016-03-30 07:11:15", "link": {"type": "article", "url": "http://www.nytimes.com/movie/review?res=9E0DEEDB1F3BEF3ABC4B51DFB4668388629EDE", "suggested_link_text": "Read the New York Times Review of Dangerously Yours"}, "multimedia": null}, {"display_title": "Grand Slam", "mpaa_rating": "", "critics_pick": 0, "byline": "MORDAUNT HALL.", "headline": "Grand Slam", "summary_short": "A Russian waiter and his wife attain bridge-game fame in America.", "publication_date": "1933-02-22", "opening_date": "1933-03-18", "date_updated": "2016-03-30 07:27:26", "link": {"type": "article", "url": "http://www.nytimes.com/movie/review?res=9E06E2DA1738E333A25751C2A9649C946294D6CF", "suggested_link_text": "Read the New York Times Review of Grand Slam"}, "multimedia": null}, {"display_title": "Ein Nacht Im Paradies", "mpaa_rating": "", "critics_pick": 0, "byline": "H.T.S.", "headline": "Nacht im Paradies, Eine", "summary_short": "", "publication_date": "1933-02-20", "opening_date": null, "date_updated": "2016-03-30 06:49:34", "link": {"type": "article", "url": "http://www.nytimes.com/movie/review?res=9501E5DE173BEF3ABC4851DFB4668388629EDE", "suggested_link_text": "Read the New York Times Review of Ein Nacht Im Paradies"}, "multimedia": null}, {"display_title": "Lucky Devils", "mpaa_rating": "", "critics_pick": 0, "byline": "A.D.S.", "headline": "Lucky Devils", "summary_short": "Hollywood stunt men.", "publication_date": "1933-02-20", "opening_date": "1933-02-03", "date_updated": "2016-03-30 07:14:21", "link": {"type": "article", "url": "http://www.nytimes.com/movie/review?res=9C01E5DE173BEF3ABC4851DFB4668388629EDE", "suggested_link_text": "Read the New York Times Review of Lucky Devils"}, "multimedia": null}, {"display_title": "The Face in the Sky", "mpaa_rating": "", "critics_pick": 0, "byline": "MORDAUNT HALL.", "headline": "Face in the Sky", "summary_short": "", "publication_date": "1933-02-20", "opening_date": "1933-01-15", "date_updated": "2016-03-30 07:21:48", "link": {"type": "article", "url": "http://www.nytimes.com/movie/review?res=9506E5DE173BEF3ABC4851DFB4668388629EDE", "suggested_link_text": "Read the New York Times Review of The Face in the Sky"}, "multimedia": null}, {"display_title": "The Mystery of the Wax Museum", "mpaa_rating": "Not Rated", "critics_pick": 0, "byline": "MORDAUNT HALL.", "headline": "Mystery of the Wax Museum, The", "summary_short": "First horror talkie in color, and a crackling old honey. When Fay learned to scream. Glenda's the juice.", "publication_date": "1933-02-18", "opening_date": "1933-02-18", "date_updated": "2016-03-30 06:56:55", "link": {"type": "article", "url": "http://www.nytimes.com/movie/review?res=9E03E0DF173BEF3ABC4052DFB4668388629EDE", "suggested_link_text": "Read the New York Times Review of The Mystery of the Wax Museum"}, "multimedia": null}, {"display_title": "The Ghost Train", "mpaa_rating": "", "critics_pick": 0, "byline": "A.D.S.", "headline": "Ghost Train, The", "summary_short": "", "publication_date": "1933-02-18", "opening_date": "1933-12-01", "date_updated": "2016-03-30 06:56:53", "link": {"type": "article", "url": "http://www.nytimes.com/movie/review?res=9F02E0DF173BEF3ABC4052DFB4668388629EDE", "suggested_link_text": "Read the New York Times Review of The Ghost Train"}, "multimedia": null}, {"display_title": "The Great Jasper", "mpaa_rating": "", "critics_pick": 0, "byline": "MORDAUNT HALL.", "headline": "Great Jasper, The", "summary_short": "Atlantic City boardwalk, turn-of-the-century.", "publication_date": "1933-02-17", "opening_date": "1933-03-03", "date_updated": "2016-03-30 06:48:49", "link": {"type": "article", "url": "http://www.nytimes.com/movie/review?res=9F0DE2DC1F3BEF3ABC4F52DFB4668388629EDE", "suggested_link_text": "Read the New York Times Review of The Great Jasper"}, "multimedia": null}, {"display_title": "Nagana", "mpaa_rating": "", "critics_pick": 0, "byline": "M.H.", "headline": "Nagana", "summary_short": "", "publication_date": "1933-02-16", "opening_date": "1933-02-01", "date_updated": "2016-03-30 07:23:28", "link": {"type": "article", "url": "http://www.nytimes.com/movie/review?res=9A04E4DF173BEF3ABC4E52DFB4668388629EDE", "suggested_link_text": "Read the New York Times Review of Nagana"}, "multimedia": null}, {"display_title": "Ich Will Nicht Wissen Wer Du Bist", "mpaa_rating": "", "critics_pick": 0, "byline": "MORDAUNT HALL.", "headline": "Ich Will Nicht Wissen Wer Du Bist", "summary_short": "", "publication_date": "1933-02-16", "opening_date": null, "date_updated": "2016-03-30 07:19:54", "link": {"type": "article", "url": "http://www.nytimes.com/movie/review?res=9904E4DF173BEF3ABC4E52DFB4668388629EDE", "suggested_link_text": "Read the New York Times Review of Ich Will Nicht Wissen Wer Du Bist"}, "multimedia": null}, {"display_title": "Child of Manhattan", "mpaa_rating": "", "critics_pick": 0, "byline": "MORDAUNT HALL", "headline": "Child of Manhattan", "summary_short": "Wife runs away from husband after baby dies. Tiresome and routine.", "publication_date": "1933-02-13", "opening_date": null, "date_updated": "2016-03-30 06:44:34", "link": {"type": "article", "url": "http://www.nytimes.com/movie/review?res=9E0CE5D9103DEF3ABC4B52DFB4668388629EDE", "suggested_link_text": "Read the New York Times Review of Child of Manhattan"}, "multimedia": null}, {"display_title": "What! No Beer?", "mpaa_rating": "", "critics_pick": 0, "byline": "MORDAUNT HALL.", "headline": "What! No Beer?", "summary_short": "Prohibition farce. With these two, it couldn't be dull.", "publication_date": "1933-02-11", "opening_date": "1933-02-10", "date_updated": "2016-03-30 06:54:22", "link": {"type": "article", "url": "http://www.nytimes.com/movie/review?res=9C01E5DB1738E333A25752C1A9649C946294D6CF", "suggested_link_text": "Read the New York Times Review of What! No Beer?"}, "multimedia": null}, {"display_title": "She Done Him Wrong", "mpaa_rating": "", "critics_pick": 0, "byline": "A.D.S.", "headline": "She Done Him Wrong", "summary_short": "Mae's bygone Bowery. Tough, talky and funny.", "publication_date": "1933-02-10", "opening_date": "1933-02-09", "date_updated": "2016-03-30 07:28:08", "link": {"type": "article", "url": "http://www.nytimes.com/movie/review?res=9B0CEFDC1E3AE333A25753C1A9649C946294D6CF", "suggested_link_text": "Read the New York Times Review of She Done Him Wrong"}, "multimedia": null}, {"display_title": "Hallelujah, I'm a Bum", "mpaa_rating": "", "critics_pick": 0, "byline": "MORDAUNT HALL.", "headline": "Hallelujah, I'm a Bum", "summary_short": "Interesting Depression-era curio of Central Park hobo and mayor's girl. Some bright turns, nice Rodgers-and-Hart songs.", "publication_date": "1933-02-09", "opening_date": "1933-02-03", "date_updated": "2016-03-30 07:27:46", "link": {"type": "article", "url": "http://www.nytimes.com/movie/review?res=9406E4DC1E3AE333A2575AC0A9649C946294D6CF", "suggested_link_text": "Read the New York Times Review of Hallelujah, I'm a Bum"}, "multimedia": null}, {"display_title": "The Death Kiss", "mpaa_rating": "", "critics_pick": 0, "byline": "MORDAUNT HALL.", "headline": "Death Kiss, The", "summary_short": "Studio head and scenarist probe actor's slaying. Quite atmospheric.", "publication_date": "1933-02-05", "opening_date": "1933-01-08", "date_updated": "2016-03-30 07:27:15", "link": {"type": "article", "url": "http://www.nytimes.com/movie/review?res=950CE3DF1F39EF32A25756C0A9649C946294D6CF", "suggested_link_text": "Read the New York Times Review of The Death Kiss"}, "multimedia": null}]}