{"status": "OK", "copyright": "Copyright (c) 2017 The New York Times Company. All Rights Reserved.", "has_more": true, "num_results": 20, "results": [{"display_title": "Goldie", "mpaa_rating": "", "critics_pick": 0, "byline": "MORDAUNT HALL.", "headline": "Goldie", "summary_short": "", "publication_date": "1931-06-29", "opening_date": "1931-06-28", "date_updated": "2016-03-30 07:25:35", "link": {"type": "article", "url": "http://www.nytimes.com/movie/review?res=9B01E1DB173DEE32A2575AC2A9609C946094D6CF", "suggested_link_text": "Read the New York Times Review of Goldie"}, "multimedia": null}, {"display_title": "Gentleman's Fate", "mpaa_rating": "", "critics_pick": 0, "byline": "MORDAUNT HALL.", "headline": "Gentleman's Fate", "summary_short": "Man jolted to learn his real father's profession.", "publication_date": "1931-06-27", "opening_date": "1931-03-07", "date_updated": "2016-03-30 06:46:23", "link": {"type": "article", "url": "http://www.nytimes.com/movie/review?res=9E07E7D8123BE433A25754C2A9609C946094D6CF", "suggested_link_text": "Read the New York Times Review of Gentleman's Fate"}, "multimedia": null}, {"display_title": "Sweepstakes", "mpaa_rating": "", "critics_pick": 0, "byline": "MORDAUNT HALL.", "headline": "Sweepstakes", "summary_short": "A banned jockey makes a comeback after singing as a waiter in Tijuana.", "publication_date": "1931-06-25", "opening_date": "1931-07-10", "date_updated": "2016-03-30 06:45:18", "link": {"type": "article", "url": "http://www.nytimes.com/movie/review?res=9F01E7DB173DEE32A25756C2A9609C946094D6CF", "suggested_link_text": "Read the New York Times Review of Sweepstakes"}, "multimedia": null}, {"display_title": "Black Sea Mutiny", "mpaa_rating": "", "critics_pick": 0, "byline": "MORDAUNT HALL.", "headline": "Black Sea Mutiny, The", "summary_short": "", "publication_date": "1931-06-22", "opening_date": null, "date_updated": "2016-03-30 07:24:53", "link": {"type": "article", "url": "http://www.nytimes.com/movie/review?res=9E01E1DC123BE433A25751C2A9609C946094D6CF", "suggested_link_text": "Read the New York Times Review of Black Sea Mutiny"}, "multimedia": null}, {"display_title": "The Skin Game", "mpaa_rating": "", "critics_pick": 0, "byline": "MORDAUNT HALL.", "headline": "Skin Game, The", "summary_short": "English aristocrat's wife blackmails a progressive over a land deal, directed by Hitchcock.", "publication_date": "1931-06-20", "opening_date": "1931-06-20", "date_updated": "2016-03-30 06:57:02", "link": {"type": "article", "url": "http://www.nytimes.com/movie/review?res=9D01E0DD123BE433A25753C2A9609C946094D6CF", "suggested_link_text": "Read the New York Times Review of The Skin Game"}, "multimedia": null}, {"display_title": "Smart Money", "mpaa_rating": "", "critics_pick": 0, "byline": "MORDAUNT HALL.", "headline": "Smart Money", "summary_short": "Barber turns big time gambler. Old stuff but plenty snappy.", "publication_date": "1931-06-19", "opening_date": "1931-07-11", "date_updated": "2016-03-30 06:48:30", "link": {"type": "article", "url": "http://www.nytimes.com/movie/review?res=9C07E0DE123BE433A2575AC1A9609C946094D6CF", "suggested_link_text": "Read the New York Times Review of Smart Money"}, "multimedia": null}, {"display_title": "The Viking", "mpaa_rating": "", "critics_pick": 0, "byline": "MORDAUNT HALL.", "headline": "Viking, The", "summary_short": "Rivalry flares between a Newfoundland seal hunter and a town jinx.", "publication_date": "1931-06-17", "opening_date": "1931-06-21", "date_updated": "2016-03-30 06:56:12", "link": {"type": "article", "url": "http://www.nytimes.com/movie/review?res=9E04E6DE123BE433A25754C1A9609C946094D6CF", "suggested_link_text": "Read the New York Times Review of The Viking"}, "multimedia": null}, {"display_title": "Transgression", "mpaa_rating": "", "critics_pick": 0, "byline": "MORDAUNT HALL.", "headline": "Transgression", "summary_short": "Errant wife tries to salvage her marriage.", "publication_date": "1931-06-15", "opening_date": "1931-06-27", "date_updated": "2016-03-30 07:29:52", "link": {"type": "article", "url": "http://www.nytimes.com/movie/review?res=9C07E1D6153BE433A25756C1A9609C946094D6CF", "suggested_link_text": "Read the New York Times Review of Transgression"}, "multimedia": null}, {"display_title": "Just a Gigolo", "mpaa_rating": "", "critics_pick": 0, "byline": "MORDAUNT HALL.", "headline": "Just a Gigolo", "summary_short": "Anemic fluff about playboy posing as paid dancing partner. One survivor: that song.", "publication_date": "1931-06-13", "opening_date": "1931-06-06", "date_updated": "2016-03-30 07:26:50", "link": {"type": "article", "url": "http://www.nytimes.com/movie/review?res=9D00E2DA1331E13ABC4B52DFB066838A629EDE", "suggested_link_text": "Read the New York Times Review of Just a Gigolo"}, "multimedia": null}, {"display_title": "Big Business Girl", "mpaa_rating": "", "critics_pick": 0, "byline": "MORDAUNT HALL.", "headline": "Big Business Girl", "summary_short": "Neglected wife of jazz-band leader works at ad agency for amorous boss.", "publication_date": "1931-06-12", "opening_date": "1931-06-12", "date_updated": "2016-03-30 06:57:44", "link": {"type": "article", "url": "http://www.nytimes.com/movie/review?res=9F07E7D6153BE433A25751C1A9609C946094D6CF", "suggested_link_text": "Read the New York Times Review of Big Business Girl"}, "multimedia": null}, {"display_title": "The Night Angel", "mpaa_rating": "", "critics_pick": 0, "byline": "MORDAUNT HALL.", "headline": "Night Angel, The", "summary_short": "", "publication_date": "1931-06-11", "opening_date": "1931-07-18", "date_updated": "2016-03-30 07:13:21", "link": {"type": "article", "url": "http://www.nytimes.com/movie/review?res=9506E6D7153BE433A25752C1A9609C946094D6CF", "suggested_link_text": "Read the New York Times Review of The Night Angel"}, "multimedia": null}, {"display_title": "The Lawless Woman", "mpaa_rating": "", "critics_pick": 0, "byline": "MORDAUNT HALL.", "headline": "Lawless Woman, The", "summary_short": "", "publication_date": "1931-06-08", "opening_date": "1931-06-15", "date_updated": "2016-03-30 06:46:45", "link": {"type": "article", "url": "http://www.nytimes.com/movie/review?res=9903EED9153BE433A2575BC0A9609C946094D6CF", "suggested_link_text": "Read the New York Times Review of The Lawless Woman"}, "multimedia": null}, {"display_title": "The Outsider", "mpaa_rating": "", "critics_pick": 0, "byline": "ERNEST MARSHALL.", "headline": "Outsider, The", "summary_short": "", "publication_date": "1931-06-07", "opening_date": "1933-01-20", "date_updated": "2016-03-30 07:09:25", "link": {"type": "article", "url": "http://www.nytimes.com/movie/review?res=9E07E0DE173DEE32A25754C0A9609C946094D6CF", "suggested_link_text": "Read the New York Times Review of The Outsider"}, "multimedia": null}, {"display_title": "The Vice Squad", "mpaa_rating": "", "critics_pick": 0, "byline": "MORDAUNT HALL.", "headline": "Vice Squad, The", "summary_short": "", "publication_date": "1931-06-06", "opening_date": "1931-05-30", "date_updated": "2016-03-30 07:14:58", "link": {"type": "article", "url": "http://www.nytimes.com/movie/review?res=9A01E5DF173DEE32A25755C0A9609C946094D6CF", "suggested_link_text": "Read the New York Times Review of The Vice Squad"}, "multimedia": null}, {"display_title": "Lover Come Back", "mpaa_rating": "", "critics_pick": 0, "byline": "MORDAUNT HALL.", "headline": "Lover Come Back", "summary_short": "", "publication_date": "1931-06-05", "opening_date": "1931-06-16", "date_updated": "2016-03-30 07:10:29", "link": {"type": "article", "url": "http://www.nytimes.com/movie/review?res=9B00EED6153BE23ABC4D53DFB066838A629EDE", "suggested_link_text": "Read the New York Times Review of Lover Come Back"}, "multimedia": null}, {"display_title": "A Free Soul", "mpaa_rating": "", "critics_pick": 0, "byline": "MORDAUNT HALL.", "headline": "Free Soul, A", "summary_short": "Lawyer's rebel daughter drawn to thug. Hokey but vivified by cast. Lionel's supporting Oscar.", "publication_date": "1931-06-03", "opening_date": "1931-06-20", "date_updated": "2016-03-30 07:26:22", "link": {"type": "article", "url": "http://www.nytimes.com/movie/review?res=9B06E7D8153BE23ABC4B53DFB066838A629EDE", "suggested_link_text": "Read the New York Times Review of A Free Soul"}, "multimedia": null}, {"display_title": "The Five-Year Plan", "mpaa_rating": "", "critics_pick": 0, "byline": "MORDAUNT HALL.", "headline": "Five Year Plan, The", "summary_short": "", "publication_date": "1931-06-02", "opening_date": null, "date_updated": "2016-03-30 06:45:45", "link": {"type": "article", "url": "http://www.nytimes.com/movie/review?res=9A02E2DE163BE03ABC4A53DFB066838A629EDE", "suggested_link_text": "Read the New York Times Review of The Five-Year Plan"}, "multimedia": null}, {"display_title": "Daybreak", "mpaa_rating": "", "critics_pick": 0, "byline": "MORDAUNT HALL.", "headline": "Daybreak", "summary_short": "Austrian soldier considers suicide.", "publication_date": "1931-06-01", "opening_date": "1931-05-02", "date_updated": "2016-03-30 07:26:14", "link": {"type": "article", "url": "http://www.nytimes.com/movie/review?res=9A0DE4D9153BE433A25752C0A9609C946094D6CF", "suggested_link_text": "Read the New York Times Review of Daybreak"}, "multimedia": null}, {"display_title": "Women of All Nations", "mpaa_rating": "", "critics_pick": 0, "byline": "MORDAUNT HALL.", "headline": "Women of all Nations", "summary_short": "", "publication_date": "1931-05-30", "opening_date": "1931-05-31", "date_updated": "2016-03-30 07:27:17", "link": {"type": "article", "url": "http://www.nytimes.com/movie/review?res=9D06EFD9153AEE3ABC4850DFB366838A629EDE", "suggested_link_text": "Read the New York Times Review of Women of All Nations"}, "multimedia": null}, {"display_title": "Der Grosse Tenor", "mpaa_rating": "", "critics_pick": 0, "byline": "MORDAUNT HALL.", "headline": "Grosse Tenor, Der", "summary_short": "", "publication_date": "1931-05-29", "opening_date": null, "date_updated": "2016-03-30 06:50:07", "link": {"type": "article", "url": "http://www.nytimes.com/movie/review?res=9C00E6D9153AEE3ABC4151DFB366838A629EDE", "suggested_link_text": "Read the New York Times Review of Der Grosse Tenor"}, "multimedia": null}]}